bus_id,bus_name,operator,bus_type,reg_no,depot,origin,destination,departure_time,arrival_time,fare,total_stoppages,source,detail_url
wbbus-in-nbstc-913,NBSTC,,Government - NON AC,,Kharagpur,Kharagpur,Baharampur,5:00 AM,5:00 AM,,23,wbbus.in,https://wbbus.in/bus/nbstc-kharagpur-baharampur-1060
wbtc-gov-wbtc-3-1013,WBTC 3,WBTC,Government,,,Dahighat,Sealdah,,,,8,WBTC (govt),https://wbtconline.in
wbtc-gov-wbtc-15-1014,WBTC 15,WBTC,Government,,,Ultadanga,Howrah,,,,8,WBTC (govt),https://wbtconline.in
wbtc-gov-wbtc-33-1015,WBTC 33,WBTC,Government,,,Chetla,Paikpara,,,,13,WBTC (govt),https://wbtconline.in
wbtc-gov-wbtc-7a-1016,WBTC 7A,WBTC,Government,,,Sarsuna,Howrah,,,,12,WBTC (govt),https://wbtconline.in
wbtc-gov-wbtc-11a-1017,WBTC 11A,WBTC,Government,,,Dum Dum,Howrah,,,,7,WBTC (govt),https://wbtconline.in
wbtc-gov-wbtc-14a-1018,WBTC 14A,WBTC,Government,,,Bichalighat,Bikash Bhavan,,,,21,WBTC (govt),https://wbtconline.in
wbtc-gov-wbtc-5-n-1019,WBTC 5-N,WBTC,Government,,,Garia,Nabanna,,,,13,WBTC (govt),https://wbtconline.in
wbtc-gov-wbtc-6-n-1020,WBTC 6-N,WBTC,Government,,,Garia,Nabanna,,,,13,WBTC (govt),https://wbtconline.in
wbtc-gov-wbtc-12n-1021,WBTC 12N,WBTC,Government,,,Thakurpukur,Nabanna,,,,8,WBTC (govt),https://wbtconline.in
wbtc-gov-wbtc-ac-1-1022,WBTC AC-1,WBTC,Government,,,Jadavpore,Howrah,,,,6,WBTC (govt),https://wbtconline.in
wbtc-gov-wbtc-ac-2-1023,WBTC AC-2,WBTC,Government,,,Barasat,Howrah Station,,,,20,WBTC (govt),https://wbtconline.in
wbtc-gov-wbtc-ac-4-1024,WBTC AC-4,WBTC,Government,,,Parnasree,Howrah,,,,10,WBTC (govt),https://wbtconline.in
wbtc-gov-wbtc-ac-4a-1025,WBTC AC-4A,WBTC,Government,,,Parnashri,Sapoorji,,,,24,WBTC (govt),https://wbtconline.in
wbtc-gov-wbtc-ac-4b-1026,WBTC AC-4B,WBTC,Government,,,Joka,New Town,,,,13,WBTC (govt),https://wbtconline.in
wbtc-gov-wbtc-ac-5-1027,WBTC AC-5,WBTC,Government,,,Garia,Howrah,,,,15,WBTC (govt),https://wbtconline.in
wbtc-gov-wbtc-ac-6-1028,WBTC AC-6,WBTC,Government,,,Garia,Howrah,,,,15,WBTC (govt),https://wbtconline.in
wbtc-gov-wbtc-ac-9-1029,WBTC AC-9,WBTC,Government,,,Jadavpore,Karunamoyee,,,,5,WBTC (govt),https://wbtconline.in
wbtc-gov-wbtc-ac-9b-1030,WBTC AC-9B,WBTC,Government,,,Jadavpore,Eco Space,,,,9,WBTC (govt),https://wbtconline.in
wbtc-gov-wbtc-ac-12-1031,WBTC AC-12,WBTC,Government,,,New Town (Sapoorji),Howrah,,,,9,WBTC (govt),https://wbtconline.in
wbtc-gov-wbtc-ac-12d-1032,WBTC AC-12D,WBTC,Government,,,Joka,Howrah,,,,9,WBTC (govt),https://wbtconline.in
wbtc-gov-wbtc-ac-14-1033,WBTC AC-14,WBTC,Government,,,Baruipur New Terminus,Karunamoyee (Salt Lake),,,,15,WBTC (govt),https://wbtconline.in
wbtc-gov-wbtc-ac-20-1034,WBTC AC-20,WBTC,Government,,,Santragachi,Barrackpore,,,,8,WBTC (govt),https://wbtconline.in
wbtc-gov-wbtc-ac-23a-1035,WBTC AC-23A,WBTC,Government,,,Salt Lake Depot Gate,Rajchandrapur,,,,13,WBTC (govt),https://wbtconline.in
wbtc-gov-wbtc-ac-24-1036,WBTC AC-24,WBTC,Government,,,Patuli,Howrah,,,,6,WBTC (govt),https://wbtconline.in
wbtc-gov-wbtc-ac-30-1038,WBTC AC-30,WBTC,Government,,,Lake Town (Jaya Cinema),Howrah Station,,,,5,WBTC (govt),https://wbtconline.in
wbtc-gov-wbtc-ac-30s-it-spl-1039,WBTC AC-30S (IT Spl.),WBTC,Government,,,Ultadanga,Sapoorji,,,,7,WBTC (govt),https://wbtconline.in
wbtc-gov-wbtc-ac-31-1040,WBTC AC-31,WBTC,Government,,,Behala Chowrastha,Jadavpur,,,,6,WBTC (govt),https://wbtconline.in
wbtc-gov-wbtc-ac-37-1041,WBTC AC-37,WBTC,Government,,,Garia,Barasat,,,,10,WBTC (govt),https://wbtconline.in
wbtc-gov-wbtc-ac-37a-1042,WBTC AC-37A,WBTC,Government,,,Garia,Air Port,,,,21,WBTC (govt),https://wbtconline.in
wbtc-gov-wbtc-ac-38-1043,WBTC AC-38,WBTC,Government,,,Dum Dum 11A Stand,Karunamoyee,,,,9,WBTC (govt),https://wbtconline.in
wbtc-gov-wbtc-ac-39-1044,WBTC AC-39,WBTC,Government,,,Howrah,Air Port,,,,15,WBTC (govt),https://wbtconline.in
wbtc-gov-wbtc-ac-40-1045,WBTC AC-40,WBTC,Government,,,Airport Gate No. 1,Howrah Maidan,,,,9,WBTC (govt),https://wbtconline.in
wbtc-gov-wbtc-ac-43-1046,WBTC AC-43,WBTC,Government,,,Golf Green,Air Port,,,,20,WBTC (govt),https://wbtconline.in
wbtc-gov-wbtc-ac-47-1047,WBTC AC-47,WBTC,Government,,,Kundghat,Sapoorji,,,,11,WBTC (govt),https://wbtconline.in
wbtc-gov-wbtc-ac-50a-1048,WBTC AC-50A,WBTC,Government,,,Garia,Rajchandra- pur,,,,12,WBTC (govt),https://wbtconline.in
wbtc-gov-wbtc-ac-52-1049,WBTC AC-52,WBTC,Government,,,Amtala,Howrah,,,,8,WBTC (govt),https://wbtconline.in
wbtc-gov-wbtc-c2a-1050,WBTC C2A,WBTC,Government,,,Tollygunge,Ghatatkpukur,,,,20,WBTC (govt),https://wbtconline.in
wbtc-gov-wbtc-c7-1051,WBTC C7,WBTC,Government,,,Howrah,H M Ghosh College,,,,14,WBTC (govt),https://wbtconline.in
wbtc-gov-wbtc-c8-1052,WBTC C8,WBTC,Government,,,Barasat,Joka,,,,16,WBTC (govt),https://wbtconline.in
wbtc-gov-wbtc-c23-1053,WBTC C23,WBTC,Government,,,Park Circus,Dankuni,,,,13,WBTC (govt),https://wbtconline.in
wbtc-gov-wbtc-c24-1054,WBTC C24,WBTC,Government,,,Rajabazar,Howrah,,,,3,WBTC (govt),https://wbtconline.in
wbtc-gov-wbtc-c26-1055,WBTC C26,WBTC,Government,,,Baruipur,Howrah,,,,27,WBTC (govt),https://wbtconline.in
wbtc-gov-wbtc-c28-1056,WBTC C28,WBTC,Government,,,Barrackpur,Howrah,,,,16,WBTC (govt),https://wbtconline.in
wbtc-gov-wbtc-c29-1057,WBTC C29,WBTC,Government,,,Barrackpur,Barasat,,,,13,WBTC (govt),https://wbtconline.in
wbtc-gov-wbtc-c31-1058,WBTC C31,WBTC,Government,,,Karunamoyee,Bhattanagar,,,,11,WBTC (govt),https://wbtconline.in
wbtc-gov-wbtc-c36-1059,WBTC C36,WBTC,Government,,,Rajabazar,Hanskhali,,,,4,WBTC (govt),https://wbtconline.in
wbtc-gov-wbtc-c37-1060,WBTC C37,WBTC,Government,,,Amtala,Howrah,,,,8,WBTC (govt),https://wbtconline.in
wbtc-gov-wbtc-c42-1061,WBTC C42,WBTC,Government,,,Ganganagar,Howrah,,,,18,WBTC (govt),https://wbtconline.in
wbtc-gov-wbtc-c43-1062,WBTC C43,WBTC,Government,,,Habra,Garia,,,,18,WBTC (govt),https://wbtconline.in
wbtc-gov-wbtc-c46-1063,WBTC C46,WBTC,Government,,,Baruipur,Nabanna,,,,16,WBTC (govt),https://wbtconline.in
wbtc-gov-wbtc-c48-1064,WBTC C48,WBTC,Government,,,Barasat/ Ecospace,Baruipur,,,,19,WBTC (govt),https://wbtconline.in
wbtc-gov-wbtc-d17-1065,WBTC D17,WBTC,Government,,,Garia,KWIC,,,,9,WBTC (govt),https://wbtconline.in
wbtc-gov-wbtc-d1a-1066,WBTC D1A,WBTC,Government,,,Barasat,Tollygunge,,,,16,WBTC (govt),https://wbtconline.in
wbtc-gov-wbtc-e-1-1067,WBTC E-1,WBTC,Government,,,Jadavpore,Howrah,,,,6,WBTC (govt),https://wbtconline.in
wbtc-gov-wbtc-e-4-1068,WBTC E-4,WBTC,Government,,,Parnasree,Howrah,,,,10,WBTC (govt),https://wbtconline.in
wbtc-gov-wbtc-e-32-1069,WBTC E-32,WBTC,Government,,,Neilgunj,Howrah,,,,20,WBTC (govt),https://wbtconline.in
wbtc-gov-wbtc-e36-1070,WBTC E36,WBTC,Government,,,Habra,Santragachi,,,,22,WBTC (govt),https://wbtconline.in
wbtc-gov-wbtc-e-36-spl-1071,WBTC E 36 Spl,WBTC,Government,,,Barasat,Santragachi,,,,17,WBTC (govt),https://wbtconline.in
wbtc-gov-wbtc-e-37a-1072,WBTC E 37A,WBTC,Government,,,Barasat,Esplanade,,,,13,WBTC (govt),https://wbtconline.in
wbtc-gov-wbtc-e43a-1073,WBTC E43A,WBTC,Government,,,Howrah,Bhebia,,,,22,WBTC (govt),https://wbtconline.in
wbtc-gov-wbtc-e75-1074,WBTC E75,WBTC,Government,,,Barasat,Baruipur,,,,22,WBTC (govt),https://wbtconline.in
wbtc-gov-wbtc-e77-1075,WBTC E77,WBTC,Government,,,Esplanade,Sukanta Park,,,,16,WBTC (govt),https://wbtconline.in
wbtc-gov-wbtc-eb1-1076,WBTC EB1,WBTC,Government,,,Nabanna,Newtown,,,,12,WBTC (govt),https://wbtconline.in
wbtc-gov-wbtc-eb3-1077,WBTC EB3,WBTC,Government,,,Tollygunge,Eco space,,,,17,WBTC (govt),https://wbtconline.in
wbtc-gov-wbtc-eb-12-1078,WBTC EB-12,WBTC,Government,,,Barasat,Sapoorji,,,,11,WBTC (govt),https://wbtconline.in
wbtc-gov-wbtc-eb-14-1079,WBTC EB-14,WBTC,Government,,,Santragachi,Eco Space,,,,17,WBTC (govt),https://wbtconline.in
wbtc-gov-wbtc-m-7b-1080,WBTC M-7B,WBTC,Government,,,Shibrampur,Howrah Station,,,,10,WBTC (govt),https://wbtconline.in
wbtc-gov-wbtc-m-7c-1081,WBTC M-7C,WBTC,Government,,,Sasthir More,Howrah,,,,13,WBTC (govt),https://wbtconline.in
wbtc-gov-wbtc-m-7d-1082,WBTC M-7D,WBTC,Government,,,Sonamukhi Bazar,Kankurgachi,,,,20,WBTC (govt),https://wbtconline.in
wbtc-gov-wbtc-m-7e-1083,WBTC M-7E,WBTC,Government,,,Bagpota,Howrah,,,,12,WBTC (govt),https://wbtconline.in
wbtc-gov-wbtc-m-7k-1084,WBTC M-7K,WBTC,Government,,,Khudiram Park (Sarsuna),Sealdah (Rajabazar T.D.),,,,10,WBTC (govt),https://wbtconline.in
wbtc-gov-wbtc-m-14-1085,WBTC M-14,WBTC,Government,,,Behala,New Town,,,,12,WBTC (govt),https://wbtconline.in
wbtc-gov-wbtc-m-24-1086,WBTC M-24,WBTC,Government,,,Shibtala Math,Howrah Station,,,,7,WBTC (govt),https://wbtconline.in
wbtc-gov-wbtc-midi-1-1087,WBTC MIDI - 1,WBTC,Government,,,Howrah Maidan,Rajabazar Tram Depot,,,,6,WBTC (govt),https://wbtconline.in
wbtc-gov-wbtc-s-2-1088,WBTC S-2,WBTC,Government,,,Kundghat,Howrah,,,,11,WBTC (govt),https://wbtconline.in
wbtc-gov-wbtc-s-3a-1089,WBTC S-3A,WBTC,Government,,,Thakurpukur,Sealdah,,,,14,WBTC (govt),https://wbtconline.in
wbtc-gov-wbtc-s-3b-1090,WBTC S-3B,WBTC,Government,,,Behala,Kankurgachi,,,,10,WBTC (govt),https://wbtconline.in
wbtc-gov-wbtc-s-3w-1091,WBTC S-3W,WBTC,Government,,,Joka,Eco Space,,,,25,WBTC (govt),https://wbtconline.in
wbtc-gov-wbtc-s-4-1092,WBTC S-4,WBTC,Government,,,Parnashree,Karunamoyee,,,,10,WBTC (govt),https://wbtconline.in
wbtc-gov-wbtc-s-4c-1093,WBTC S-4C,WBTC,Government,,,Haridebpur,Howrah,,,,12,WBTC (govt),https://wbtconline.in
wbtc-gov-wbtc-s-4d-1094,WBTC S-4D,WBTC,Government,,,Parnashri,Eco Space,,,,18,WBTC (govt),https://wbtconline.in
wbtc-gov-wbtc-s-5-1095,WBTC S-5,WBTC,Government,,,Garia,Howrah,,,,15,WBTC (govt),https://wbtconline.in
wbtc-gov-wbtc-s-7-1096,WBTC S-7,WBTC,Government,,,Garia,Howrah,,,,15,WBTC (govt),https://wbtconline.in
wbtc-gov-wbtc-s-9-1097,WBTC S-9,WBTC,Government,,,Jadavpore,Karunamoyee,,,,5,WBTC (govt),https://wbtconline.in
wbtc-gov-wbtc-s-9a-1098,WBTC S-9A,WBTC,Government,,,Dunlop,Ballygunge,,,,18,WBTC (govt),https://wbtconline.in
wbtc-gov-wbtc-s-9c-1099,WBTC S-9C,WBTC,Government,,,Kamalgazi,Eco Space,,,,17,WBTC (govt),https://wbtconline.in
wbtc-gov-wbtc-s-10-1100,WBTC S-10,WBTC,Government,,,Airport,Nabanna,,,,18,WBTC (govt),https://wbtconline.in
wbtc-gov-wbtc-s-10a-1101,WBTC S-10A,WBTC,Government,,,Ballygunge,Howrah,,,,11,WBTC (govt),https://wbtconline.in
wbtc-gov-wbtc-s-11-1102,WBTC S-11,WBTC,Government,,,Neilgunj,Esplanade,,,,18,WBTC (govt),https://wbtconline.in
wbtc-gov-wbtc-s-12-1103,WBTC S-12,WBTC,Government,,,New Town,Howrah,,,,9,WBTC (govt),https://wbtconline.in
wbtc-gov-wbtc-s-12d-1104,WBTC S-12D,WBTC,Government,,,Thakurpukur,Howrah,,,,11,WBTC (govt),https://wbtconline.in
wbtc-gov-wbtc-s-12e-1105,WBTC S-12E,WBTC,Government,,,Howrah Station to,Hiland Willow/ Picnic Park,,,,18,WBTC (govt),https://wbtconline.in
wbtc-gov-wbtc-s-14-1106,WBTC S-14,WBTC,Government,,,Garia,Karunamoyee,,,,12,WBTC (govt),https://wbtconline.in
wbtc-gov-wbtc-s-16-1107,WBTC S-16,WBTC,Government,,,Thakurpukur,Salt Lake,,,,25,WBTC (govt),https://wbtconline.in
wbtc-gov-wbtc-s-17a-1108,WBTC S-17A,WBTC,Government,,,Ariadaha,Kundghat,,,,23,WBTC (govt),https://wbtconline.in
wbtc-gov-wbtc-s-21-1109,WBTC S-21,WBTC,Government,,,Garia,Baghbazar,,,,11,WBTC (govt),https://wbtconline.in
wbtc-gov-wbtc-s-22-1110,WBTC S-22,WBTC,Government,,,Karunamoyee,Sakuntala Park,,,,22,WBTC (govt),https://wbtconline.in
wbtc-gov-wbtc-s-23a-1111,WBTC S-23A,WBTC,Government,,,Rajchandrapur,Karunamoyee,,,,20,WBTC (govt),https://wbtconline.in
wbtc-gov-wbtc-s-24-1112,WBTC S-24,WBTC,Government,,,Kamalgazi,Howrah,,,,17,WBTC (govt),https://wbtconline.in
wbtc-gov-wbtc-s-24n-1113,WBTC S-24N,WBTC,Government,,,Patuli,Nabanna,,,,17,WBTC (govt),https://wbtconline.in
wbtc-gov-wbtc-s-30-it-spl-1114,WBTC S-30 (IT. Spl.),WBTC,Government,,,Ultadanga,Eco Space,,,,10,WBTC (govt),https://wbtconline.in
wbtc-gov-wbtc-s-30a-1115,WBTC S-30A,WBTC,Government,,,Ultadanga - Salt Lake-Ultadanga,Circuitous Service,,,,23,WBTC (govt),https://wbtconline.in
wbtc-gov-wbtc-s-31-1116,WBTC S-31,WBTC,Government,,,Jadavpore,Janakalyan,,,,9,WBTC (govt),https://wbtconline.in
wbtc-gov-wbtc-s-32-1117,WBTC S-32,WBTC,Government,,,Barrackpore,Howrah,,,,20,WBTC (govt),https://wbtconline.in
wbtc-gov-wbtc-s-32a-1118,WBTC S-32A,WBTC,Government,,,Dunlop,Howrah Station,,,,8,WBTC (govt),https://wbtconline.in
wbtc-gov-wbtc-s-34b-1119,WBTC S-34B,WBTC,Government,,,Barrackpur Court,W. B. State University (Barasat),,,,6,WBTC (govt),https://wbtconline.in
wbbustime-joy-baba-khetrapal-0,JOY BABA KHETRAPAL,,,,,Amlashuli,Bankura Bus Stand,,,,4,wbbustime.in,https://wbbustime.in/bus-timetable/bankura-bus-stand-to-amlashuli/
wbbustime-asansol-salar-express-0,ASANSOL-SALAR EXPRESS,,,,,Asansol,Salar,,,,14,wbbustime.in,https://wbbustime.in/bus-timetable/salar-to-asansol/
wbbustime-jinia-0,JINIA (AC Coach - Night),Jinia,Private - AC (Day-Night),WB 37H 9318 & WB 37L 1903,,Asansol,Digha Border,6:00 PM,3:40 AM,,46,wbbustime.in,https://wbbustime.in/bus-timetable/digha-border-to-asansol/
wbbustime-joy-bharat-mata-0,JOY BHARAT MATA,,,,,Balarampur,Khatra,,,,10,wbbustime.in,https://wbbustime.in/bus-timetable/khatra-to-balarampur/
wbbustime-esplanade-mahaprabhu-0,Esplanade) (MAHAPRABHU,,,,,Bandar,Kolkata,,,,0,wbbustime.in,https://wbbustime.in/bus-timetable/kolkata-esplanade-to-bandar/
wbbustime-jai-maa-durga-0,JOY MAA DURGA,Joy Maa Durga,Private,,,Bandwan,Siliguri,3:05 PM,7:00 AM,,24,wbbustime.in,https://wbbustime.in/bus-timetable/siliguri-to-bandwan/
wbbustime-debi-kamakhya-tara-ma-travels-trip-1-0,Debi Kamakhya Tara Ma Travels (Trip 1),,,,,Bandwan,Bankura Bus Stand,,,,12,wbbustime.in,https://wbbustime.in/bus-timetable/bankura-bus-stand-to-bandwan/
wbbustime-aayan-0,AAYAN,,,,,Bankura,Ramchandrapur,,,,6,wbbustime.in,https://wbbustime.in/bus-timetable/ramchandrapur-to-bankura/
wbbustime-maa-tulsi-0,MAA TULSI,,,,,Bankura,Bhutshahar,,,,8,wbbustime.in,https://wbbustime.in/bus-timetable/bhutshahar-to-bankura/
wbbustime-shubhasree-travels-ma-parbati-0,SHUBHASREE TRAVELS (MA PARBATI),,,,,Bankura,Kashipur,,,,9,wbbustime.in,https://wbbustime.in/bus-timetable/kashipur-to-bankura/
wbbustime-tirumala-bibek-0,TIRUMALA (BIBEK),,,,,Bankura,Asansol,,,,11,wbbustime.in,https://wbbustime.in/bus-timetable/asansol-to-bankura/
wbbustime-madan-mohan-trip-1-0,Madan Mohan (Trip 1),,,,,Bankura Bus Stand,Durgapur Bus Stand,,,,11,wbbustime.in,https://wbbustime.in/bus-timetable/durgapur-bus-stand-to-bankura-bus-stand/
wbbustime-tirupati-0,TIRUPATI,,,,,Bankura Bus Stand,Dhaldanga,,,,8,wbbustime.in,https://wbbustime.in/bus-timetable/dhaldanga-to-bankura-bus-stand/
wbbustime-lalparul-0,LALPARUL,,,,,Bankura Bus Stand,Durgapur,04:00 AM,,,11,wbbustime.in,https://wbbustime.in/bus-timetable/durgapur-to-bankura-bus-stand/
wbbustime-tirupati-1,Tirupati,,,,,Bankura Bus Stand,Barakar,,,,9,wbbustime.in,https://wbbustime.in/bus-timetable/barakar-to-bankura-bus-stand/
wbbustime-vinayak-0,VINAYAK,,,,,Barabazar,Durgapur Station,,,,15,wbbustime.in,https://wbbustime.in/bus-timetable/durgapur-station-to-barabazar/
wbbustime-bhagyalaxmi-0,Bhagyalaxmi,,,,,Barabazar,Bankura,,,,14,wbbustime.in,https://wbbustime.in/bus-timetable/bankura-to-barabazar/
wbbustime-debibala-travels-0,Debibala Travels,,,,,Barakar,Arambagh,,,,15,wbbustime.in,https://wbbustime.in/bus-timetable/arambagh-to-barakar/
wbbustime-sarkar-travels-0,SARKAR TRAVELS,,,,,Barasat,Digha Border Udaipur,,,,43,wbbustime.in,https://wbbustime.in/bus-timetable/digha-border-udaipur-to-barasat/
wbbustime-shika-traders-ishika-0,SHIKA TRADERS ISHIKA,,,,,Bardhaman,Mecheda,,,,19,wbbustime.in,https://wbbustime.in/bus-timetable/mecheda-to-bardhaman/
wbbustime-new-nabarupa-0,NEW NABARUPA,,,,,Bardhaman,Berhampore,,,,10,wbbustime.in,https://wbbustime.in/bus-timetable/berhampore-to-bardhaman/
wbbustime-nabaraj-mail-0,NABARAJ (MAIL),,,,,Bardhaman,Suri,,,,6,wbbustime.in,https://wbbustime.in/bus-timetable/suri-to-bardhaman/
wbbustime-ishika-traders-0,ISHIKA TRADERS,,,,,Bardhaman Alisha,Kharagpur,,,,25,wbbustime.in,https://wbbustime.in/bus-timetable/kharagpur-to-bardhaman-alisha/
wbbustime-rbn-travels-0,RBN TRAVELS,,,,,Berada,Badanganj,,,,14,wbbustime.in,https://wbbustime.in/bus-timetable/badanganj-to-berada/
wbbustime-devi-durga-0,Devi Durga,,,,,Bishnupur,Taldangra,,,,4,wbbustime.in,https://wbbustime.in/bus-timetable/taldangra-to-bishnupur/
wbbustime-mahamaya-0,MAHAMAYA,,,,,Bishnupur,Asansol,,,,13,wbbustime.in,https://wbbustime.in/bus-timetable/asansol-to-bishnupur/
wbbustime-dakshayaniria-super-0,DAKSHAYANIRIA SUPER,,,,,Bishnupur,Old Digha,,,,29,wbbustime.in,https://wbbustime.in/bus-timetable/old-digha-to-bishnupur/
wbbustime-maa-tara-alaka-travels-0,MAA TARA (ALAKA TRAVELS),,,,,Bishnupur,Digha Border,,,,12,wbbustime.in,https://wbbustime.in/bus-timetable/digha-border-to-bishnupur/
wbbustime-ishika-trip-2-0,ISHIKA (Trip 2),,,,,Bishnupur,Durgapur Station,,,,4,wbbustime.in,https://wbbustime.in/bus-timetable/durgapur-station-to-bishnupur/
wbbustime-rof-rof-0,ROF ROF,,,,,Bishnupur,Township,,,,30,wbbustime.in,https://wbbustime.in/bus-timetable/township-to-bishnupur/
wbbustime-devi-durga-1,DEVI DURGA,,,,,Bishnupur,Manbazar,,,,12,wbbustime.in,https://wbbustime.in/bus-timetable/manbazar-to-bishnupur/
wbbustime-sbstc-bolpur-digha-0,SBSTC BOLPUR-DIGHA,,,,,Bolpur,New Digha,,,,46,wbbustime.in,https://wbbustime.in/bus-timetable/new-digha-to-bolpur/
wbbustime--0,জয় বাবা লোকনাথ,,,,,Bolpur,Panchthupi,,,,19,wbbustime.in,https://wbbustime.in/bus-timetable/panchthupi-to-bolpur/
wbbustime-ambika-0,Ambika,,,,,Burdwan,Itaberia,,,,13,wbbustime.in,https://wbbustime.in/bus-timetable/itaberia-to-burdwan/
wbbustime-gitanjali-travels-0,GITANJALI TRAVELS,,,,,Burdwan Alisha,Panskura,,,,10,wbbustime.in,https://wbbustime.in/bus-timetable/panskura-to-burdwan-alisha/
wbbustime-ishika-0,ISHIKA,,,,,Burdwan Alisha,Mecheda Station,,,,26,wbbustime.in,https://wbbustime.in/bus-timetable/mecheda-station-to-burdwan-alisha/
wbbustime-ishika-traders-1,ISHIKA TRADERS,,,,,Burdwan Raj College,Old Digha,,,,3,wbbustime.in,https://wbbustime.in/bus-timetable/old-digha-to-burdwan-raj-college/
wbbustime-tirupati-2,TIRUPATI,,,,,Chandrakona Road,Durgapur Station,,,,16,wbbustime.in,https://wbbustime.in/bus-timetable/durgapur-station-to-chandrakona-road/
wbbustime-laxmi-narayan-0,LAXMI NARAYAN,,,,,Chandrakona Road,Silda,,,,12,wbbustime.in,https://wbbustime.in/bus-timetable/silda-to-chandrakona-road/
wbbustime-shreedhar-0,Shreedhar,,,,,Chandrakona Road Central Bus Stand,Howrah,,,,5,wbbustime.in,https://wbbustime.in/bus-timetable/howrah-to-chandrakona-road-central-bus-stand/
wbbustime-maa-bagala-0,MAA BAGALA,,,,,Contai Central,Medinipur Central,,,,16,wbbustime.in,https://wbbustime.in/bus-timetable/medinipur-central-to-contai-central/
wbbustime-nbstc-coochbehar-depot-0,NBSTC COOCHBEHAR DEPOT,,,,,Coochbehar Bus Stand,Dharmatala Government Bus,,,,37,wbbustime.in,https://wbbustime.in/bus-timetable/dharmatala-government-bus-to-coochbehar-bus-stand/
wbbustime-kolkata-santosh-travels-0,Kolkata) (SANTOSH TRAVELS,,,,,Dantan,Dharmatala,,,,8,wbbustime.in,https://wbbustime.in/bus-timetable/dharmatala-kolkata-to-dantan/
wbbustime-sahil-travels-0,SAHIL TRAVELS,,,,,Dhuliyan,Nababhat Bus Stand,,,,36,wbbustime.in,https://wbbustime.in/bus-timetable/nababhat-bus-stand-to-dhuliyan/
wbbustime-nilachal-0,NILACHAL,,,,,Digha,Medinipur,,,,8,wbbustime.in,https://wbbustime.in/bus-timetable/medinipur-to-digha/
wbbustime-shree-ram-0,SHREE RAM,,,,,Digha Border,Kukrahati Ferry Ghat,,,,8,wbbustime.in,https://wbbustime.in/bus-timetable/kukrahati-ferry-ghat-to-digha-border/
wbbustime-sri-ram-0,(SRI RAM),,,,,Digha Border,Jairambati,,,,23,wbbustime.in,https://wbbustime.in/bus-timetable/jairambati-to-digha-border/
wbbustime-monikanchan-0,Monikanchan,,,,,Digha Border & Bus Stand,Midnapore Central Bus Stand,,,,4,wbbustime.in,https://wbbustime.in/bus-timetable/midnapore-central-bus-stand-to-digha-border-bus-stand/
wbbustime-bura-baba-0,BURA BABA,,,,,Durgapur,Dishergarh,,,,10,wbbustime.in,https://wbbustime.in/bus-timetable/dishergarh-to-durgapur/
wbbustime-ratul-babu-0,RATUL BABU,,,,,Durgapur St.,Arambagh,,,,17,wbbustime.in,https://wbbustime.in/bus-timetable/arambagh-to-durgapur-st/
wbbustime-shyamali-0,SHYAMALI,,,,,Durgapur Station,Suri,,,,20,wbbustime.in,https://wbbustime.in/bus-timetable/suri-to-durgapur-station/
wbbustime-wasif-super-fast-0,Wasif Super Fast,,,,,Durgapur Station,Purulia,,,,8,wbbustime.in,https://wbbustime.in/bus-timetable/purulia-to-durgapur-station/
wbbustime-bakkhali-howrah-express-0,BAKKHALI-HOWRAH EXPRESS,,,,,Esplanade,Howrah Station,,,,3,wbbustime.in,https://wbbustime.in/bus-timetable/howrah-station-to-esplanade/
wbbustime-atithiparibahan-ac-0,ATITHIPARIBAHAN (AC),,,,,Esplanade,Digha Border,,,,9,wbbustime.in,https://wbbustime.in/bus-timetable/digha-border-to-esplanade/
wbbustime-lokenath-bus-service-0,Lokenath Bus Service,,,,,Esplanade (Kolkata),Siliguri Junction,,,,0,wbbustime.in,https://wbbustime.in/bus-timetable/siliguri-junction-to-esplanade-kolkata/
wbbustime-p-travels-0,P Travels,,,,,Haldia,Tarakeswar,,,,3,wbbustime.in,https://wbbustime.in/bus-timetable/tarakeswar-to-haldia/
wbbustime-ananya-0,ANANYA,,,,,Haldia,Belpahari,,,,18,wbbustime.in,https://wbbustime.in/bus-timetable/belpahari-to-haldia/
wbbustime-darshan-0,DARSHAN,,,,,Haldia,Bankura,,,,26,wbbustime.in,https://wbbustime.in/bus-timetable/bankura-to-haldia/
wbbustime-rahul-travels-0,Rahul Travels,,,,,Hetia,Burdwan,,,,7,wbbustime.in,https://wbbustime.in/bus-timetable/burdwan-to-hetia/
wbbustime-hetiya-kotulpur-burdwan-0,HETIYA - KOTULPUR - BURDWAN,,,,,Hetiya,Alisa Bus Stand,,,,39,wbbustime.in,https://wbbustime.in/bus-timetable/alisa-bus-stand-to-hetiya/
wbbustime-suparna-0,SUPARNA,,,,,Itaberia,Tarakeswar,,,,36,wbbustime.in,https://wbbustime.in/bus-timetable/tarakeswar-to-itaberia/
wbbustime-abha-0,Abha,,,,,Jajigram,Asansol,,,,19,wbbustime.in,https://wbbustime.in/bus-timetable/asansol-to-jajigram/
wbbustime-azad-0,Azad,,,,,Jangipur,Asansol Bus Stand,,,,7,wbbustime.in,https://wbbustime.in/bus-timetable/asansol-bus-stand-to-jangipur/
wbbustime-shahin-super-0,Shahin Super,,,,,Kalyani (Ishwargupta Setu),Asansol,,,,12,wbbustime.in,https://wbbustime.in/bus-timetable/asansol-to-kalyani-ishwargupta-setu/
wbbustime-shubhasree-travels-ma-parbati-1,SHUBHASREE TRAVELS (MA PARBATI),,,,,Kashipur,Bankura,,,,9,wbbustime.in,https://wbbustime.in/bus-timetable/bankura-to-kashipur/
wbbustime-maa-bhabani-0,MAA BHABANI,,,,,Kharagpur,Burdwan,,,,7,wbbustime.in,https://wbbustime.in/bus-timetable/burdwan-to-kharagpur/
wbbustime-786-nosib-0,786 Nosib,,,,,Kharagpur Bus Stand,Burdwan Alisha Bus Stand,,,,3,wbbustime.in,https://wbbustime.in/bus-timetable/burdwan-alisha-bus-stand-to-kharagpur-bus-stand/
wbbustime-mousumi-disha-travels-0,MOUSUMI DISHA TRAVELS,,,,,Khatra,Raniganj,,,,11,wbbustime.in,https://wbbustime.in/bus-timetable/raniganj-to-khatra/
wbbustime-maa-tulsi-1,Maa Tulsi,,,,,Khatra,Tarakeswar,,,,10,wbbustime.in,https://wbbustime.in/bus-timetable/tarakeswar-to-khatra/
wbbustime-tara-maa-0,TARA MAA,,,,,Khatra,Arambagh,,,,12,wbbustime.in,https://wbbustime.in/bus-timetable/arambagh-to-khatra/
wbbustime-jupiter-express-0,Jupiter Express,,,,,Khetua,Kolkata Station,,,,22,wbbustime.in,https://wbbustime.in/bus-timetable/kolkata-station-to-khetua/
wbbustime-tanushree-0,TANUSHREE,,,,,Kirnahar,Binodia,,,,10,wbbustime.in,https://wbbustime.in/bus-timetable/binodia-to-kirnahar/
wbbustime-mayer-ashirwad-dadabhai-travels-0,MAYER ASHIRWAD DADABHAI TRAVELS,,,,,Kirnahar,Bardhaman,,,,18,wbbustime.in,https://wbbustime.in/bus-timetable/bardhaman-to-kirnahar/
wbbustime-ma-babar-ashirbad-0,MA BABAR ASHIRBAD,,,,,Kirnahar,Sainthia,,,,8,wbbustime.in,https://wbbustime.in/bus-timetable/sainthia-to-kirnahar/
wbbustime-maa-saradamoyi-0,Maa Saradamoyi,,,,,Kolkata Station,Kolaghat,,,,7,wbbustime.in,https://wbbustime.in/bus-timetable/kolaghat-to-kolkata-station/
wbbustime-prashanna-0,PRASHANNA,,,,,Kukrahati,Bardhaman,,,,25,wbbustime.in,https://wbbustime.in/bus-timetable/bardhaman-to-kukrahati/
wbbustime-lalgarh-tarakeswar-service-0,LALGARH-TARAKESWAR SERVICE,,,,,Lalgarh,Tarakeswar,,,,18,wbbustime.in,https://wbbustime.in/bus-timetable/tarakeswar-to-lalgarh/
wbbustime-shaktiman-travels-0,SHAKTIMAN TRAVELS,,,,,Langalhata,Nababhat Mor,,,,25,wbbustime.in,https://wbbustime.in/bus-timetable/nababhat-mor-to-langalhata/
wbbustime-sonali-ma-durga-0,SONALI (MA DURGA),,,,,Manbazar,Medinipur,,,,14,wbbustime.in,https://wbbustime.in/bus-timetable/medinipur-to-manbazar/
wbbustime-mangrol-digha-service-0,MANGROL-DIGHA SERVICE,,,,,Mangrol,Digha,,,,7,wbbustime.in,https://wbbustime.in/bus-timetable/digha-to-mangrol/
wbbustime-barnali-0,BARNALI,,,,,Medinipur,Garhbeta,,,,5,wbbustime.in,https://wbbustime.in/bus-timetable/garhbeta-to-medinipur/
wbbustime-gobinda-majestic-0,GOBINDA (MAJESTIC),,,,,Medinipur,Digha,,,,8,wbbustime.in,https://wbbustime.in/bus-timetable/digha-to-medinipur/
wbbustime-rbn-travels-1,RBN TRAVELS,,,,,Medinipur,Tatanagar,,,,20,wbbustime.in,https://wbbustime.in/bus-timetable/tatanagar-to-medinipur/
wbbustime-maa-kamala-nandan-travels-0,Maa Kamala Nandan Travels,,,,,Midnapore Central Bus Stand,Durgachak Central Bus Stand,,,,10,wbbustime.in,https://wbbustime.in/bus-timetable/durgachak-central-bus-stand-to-midnapore-central-bus-stand/
wbbustime-tarakripa-0,Tarakripa,,,,,Midnapore Central Bus Stand,Digha,,,,4,wbbustime.in,https://wbbustime.in/bus-timetable/digha-to-midnapore-central-bus-stand/
wbbustime-gobinda-0,GOBINDA (AC Coach),Gobinda,Private - AC (3/2 Seat),,,Medinipur,Mandarmani,8:55 AM,2:05 PM,,12,wbbustime.in,https://wbbustime.in/bus-timetable/kanthi-central-bus-stand-to-midnapore-central-bus-stand/
wbbustime-charubala-0,Charubala,,,,,Nawpara,Kolkata,,,,6,wbbustime.in,https://wbbustime.in/bus-timetable/kolkata-to-nawpara/
wbbustime-palki-route-45-0,PALKI (ROUTE 45),,,,,Padmashree,Airport 1 No,,,,22,wbbustime.in,https://wbbustime.in/bus-timetable/airport-1-no-to-padmashree/
wbbustime-ramkrishna-0,Ramkrishna,,,,,Panskura Station,Burdwan,,,,0,wbbustime.in,https://wbbustime.in/bus-timetable/burdwan-to-panskura-station/
wbbustime-shefali-0,SHEFALI,,,,,Phulberia,Bankura Bus Stand,,,,22,wbbustime.in,https://wbbustime.in/bus-timetable/bankura-bus-stand-to-phulberia/
wbbustime-parthsarathi-dutta-motors-0,PARTHSARATHI (DUTTA MOTORS),,,,,Phulkusma,Tarakeswar,,,,25,wbbustime.in,https://wbbustime.in/bus-timetable/tarakeswar-to-phulkusma/
wbbustime-arya-travels-0,ARYA TRAVELS,,,,,Phulkusma,Mecheda Railway Station,,,,10,wbbustime.in,https://wbbustime.in/bus-timetable/mecheda-railway-station-to-phulkusma/
wbbustime-phulkusma-mecheda-express-0,PHULKUSMA-MECHEDA EXPRESS,,,,,Phulkusma,Mecheda,,,,9,wbbustime.in,https://wbbustime.in/bus-timetable/mecheda-to-phulkusma/
wbbustime-bullet-0,BULLET,,,,,Purulia,Chandrakona Road,,,,16,wbbustime.in,https://wbbustime.in/bus-timetable/chandrakona-road-to-purulia/
wbbustime-pushpashree-0,PUSHPASHREE,,,,,Purulia,Bankura,12:20 PM,,,14,wbbustime.in,https://wbbustime.in/bus-timetable/bankura-to-purulia/
wbbustime-challenger-0,CHALLENGER,,,,,Purulia,Asansol,,,,8,wbbustime.in,https://wbbustime.in/bus-timetable/asansol-to-purulia/
wbbustime-moniraj-0,MONIRAJ,,,,,Ramgarh,Ramjibanpur,,,,11,wbbustime.in,https://wbbustime.in/bus-timetable/ramjibanpur-to-ramgarh/
wbbustime-shreedhar-1,Shreedhar,,,,,Ramjibanpur Central Bus Stand,Howrah,,,,14,wbbustime.in,https://wbbustime.in/bus-timetable/howrah-to-ramjibanpur-central-bus-stand/
wbbustime-moonlight-0,Moonlight,,,,,Rampurhat,Salar,,,,0,wbbustime.in,https://wbbustime.in/bus-timetable/salar-to-rampurhat/
wbbustime-subarna-paribahan-0,Subarna Paribahan,,,,,Ranibandh,Siliguri,,,,18,wbbustime.in,https://wbbustime.in/bus-timetable/siliguri-to-ranibandh/
wbbustime-ishika-1,ISHIKA,,,,,Sabrakone,Durgapur Station,,,,9,wbbustime.in,https://wbbustime.in/bus-timetable/durgapur-station-to-sabrakone/
wbbustime-dharmaraj-travels-0,Dharmaraj Travels,,,,,Seharabazar,Bankura Bus Stand,,,,10,wbbustime.in,https://wbbustime.in/bus-timetable/bankura-bus-stand-to-seharabazar/
wbbustime-soumen-travels-0,Soumen Travels,,,,,Shambazar,Durgapur City Centre,,,,11,wbbustime.in,https://wbbustime.in/bus-timetable/durgapur-city-centre-to-shambazar/
wbbustime-putul-travels-0,PUTUL TRAVELS,,,,,Sonathali,Saltora,,,,10,wbbustime.in,https://wbbustime.in/bus-timetable/saltora-to-sonathali/
wbbustime-garib-nawaz-royal-0,GARIB NAWAZ ROYAL,,,,,Sonathali,Ladhurka,,,,8,wbbustime.in,https://wbbustime.in/bus-timetable/ladhurka-to-sonathali/
wbbustime-supa-howrah-station-0,SUPA - HOWRAH STATION,,,,,Supa,Howrah Station,,,,27,wbbustime.in,https://wbbustime.in/bus-timetable/howrah-station-to-supa/
wbbustime-kolkata-abir-super-0,Kolkata) (ABIR SUPER,,,,,Taldangra,Dharmatala,,,,11,wbbustime.in,https://wbbustime.in/bus-timetable/dharmatala-kolkata-to-taldangra/
wbbustime-ramkrishna-ashirwad-0,Ramkrishna Ashirwad,,,,,Tamluk,Alisha Bus Stand,,,,18,wbbustime.in,https://wbbustime.in/bus-timetable/alisha-bus-stand-to-tamluk/
wbbustime-akashbristi-0,AKASHBRISTI,,,,,Tarakeshwar,Haldia,,,,32,wbbustime.in,https://wbbustime.in/bus-timetable/haldia-to-tarakeshwar/
wbbustime-santoshi-mata-0,Santoshi Mata,,,,,Tarakeswar,Bankura,,,,11,wbbustime.in,https://wbbustime.in/bus-timetable/bankura-to-tarakeswar/
wbbustime-datababa-sakil-travels-0,Datababa Sakil Travels,,,,,Tarakeswar,Mecheda Station,,,,24,wbbustime.in,https://wbbustime.in/bus-timetable/mecheda-station-to-tarakeswar/
wbbustime-tara-ma-ac-0,TARA MA AC,,,,,Tarakeswar,Digha,,,,15,wbbustime.in,https://wbbustime.in/bus-timetable/digha-to-tarakeswar/
wbbustime-shankar-parwati-0,SHANKAR PARWATI,,,,,Tatanagar,Dharmatala,,,,21,wbbustime.in,https://wbbustime.in/bus-timetable/dharmatala-to-tatanagar/
wbbustime-jashoda-0,JASHODA,,,,,Telami,Howrah Station,,,,41,wbbustime.in,https://wbbustime.in/bus-timetable/howrah-station-to-telami/
wbbus-in-ad-express-1236,AD EXPRESS,,Private - AC,WB81C6847,Raghunathpur,Raghunathpur,Tarapith,6:15 AM,12:00 PM,,12,wbbus.in,https://wbbus.in/bus/ad-express-wb81c6847-raghunathpur-tarapith-1393
wbbus-in-amrabati-1239,AMRABATI,,Private - NON AC,WB29C3330,Kukrahati,Kukrahati,Digha,5:10 AM,12:10 PM,,10,wbbus.in,https://wbbus.in/bus/amrabati-wb29c3330-kukrahati-digha-242
wbbus-in-apsara-1246,APSARA,,Private - NON AC,WB33B4503,Panskura,Panskura,Bardhaman,6:00 AM,12:10 PM,,19,wbbus.in,https://wbbus.in/bus/apsara-wb33b4503-panskura-bardhaman-378
wbbus-in-ashirbad-1247,ASHIRBAD,,Private - AC,WB31AC3782,Deulihat,Deulihat,Howrah,3:50 AM,11:30 AM,,17,wbbus.in,https://wbbus.in/bus/ashirbad-wb31ac3782-deulihat-howrah-1157
wbbus-in-avinandan-1250,AVINANDAN,,Private - NON AC,WB33A3711,Lalgarh,Lalgarh,Tarkeshwar,6:40 AM,1:10 PM,,13,wbbus.in,https://wbbus.in/bus/avinandan-wb33a3711-lalgarh-tarkeshwar-206
wbbus-in-banhisikha-1263,BANHISIKHA,,Private - NON AC,WB55F9390,Kutni,Kutni,Purulia,,8:50 AM,,7,wbbus.in,https://wbbus.in/bus/banhisikha-wb55f9390-kutni-purulia-1299
wbbus-in-barnali-1266,BARNALI,,Private - NON AC,WB33A9797,Neradeul,Neradeul,Garhbeta,7:40 AM,2:25 PM,,4,wbbus.in,https://wbbus.in/bus/barnali-wb33a9797-neradeul-garhbeta-1070
wbbus-in-baro-babu-1267,BARO BABU,,Private - NON AC,WB67E7711,Durgapur (Station),Durgapur (Station),Arambagh,8:10 AM,1:20 PM,,15,wbbus.in,https://wbbus.in/bus/baro-babu-wb67e7711-durgapur-station-arambagh-705
wbbus-in-belal-1268,BELAL,,Private - NON AC,WB33C9785,Fulberia,Fulberia,Medinipur,6:20 AM,6:55 AM,,10,wbbus.in,https://wbbus.in/bus/belal-wb33c9785-fulberia-medinipur-1334
wbbus-in-biswa-bina-1271,BISWA BINA,,Private - NON AC,WB19G8720,Kuthighat,Kuthighat,Howrah,4:20 AM,10:30 AM,,17,wbbus.in,https://wbbus.in/bus/biswa-bina-wb19g8720-kuthighat-howrah-398
wbbus-in-biswabandita-1273,BISWABANDITA,,Private - NON AC,WB41J2035,Bardhaman,Bardhaman,Nabadwip,5:30 AM,7:55 AM,,7,wbbus.in,https://wbbus.in/bus/biswabandita-wb41j2035-bardhaman-nabadwip-1380
wbbus-in-boroma-1274,Boroma,,Private - NON AC,WB41D6278,Katwa,Katwa,Asansol,5:30 AM,10:00 AM,,11,wbbus.in,https://wbbus.in/bus/boroma-wb41d6278-katwa-asansol-1377
wbbus-in-bullet-1277,BULLET,,Private - NON AC,JH05DC3022,Tatanagar,Tatanagar,Durgapur (Station),6:25 AM,1:20 PM,,14,wbbus.in,https://wbbus.in/bus/bullet-jh05dc3022-tatanagar-durgapur-station-551
wbbus-in-bullet-1278,BULLET,,Private - NON AC,WB55D8311,Purulia,Purulia,Chandrakona Road,5:55 AM,11:00 AM,,16,wbbus.in,https://wbbus.in/bus/bullet-wb55d8311-purulia-chandrakona-road-982
wbbus-in-bulu-1279,BULU,,Private - NON AC,WB33F0690,Haldia,Haldia,Jhargram,4:10 AM,11:45 AM,,16,wbbus.in,https://wbbus.in/bus/bulu-wb33f0690-haldia-jhargram-181
wbbus-in-chiranjit-1281,CHIRANJIT,,Private - NON AC,WB433535,Asansol,Asansol,Krishnanagar,5:30 AM,11:40 AM,,18,wbbus.in,https://wbbus.in/bus/chiranjit-wb433535-asansol-krishnanagar-1373
wbbus-in-dakshayani-1283,DAKSHAYANI,,Private - AC,WB33H7161,Medinipur,Medinipur,Digha,8:25 AM,12:20 PM,,8,wbbus.in,https://wbbus.in/bus/dakshayani-wb-33h-7161-medinipur-digha-1378
wbbus-in-das-travels-1284,DAS TRAVELS,,Private - NON AC,WB33C1175,Deulihat,Deulihat,Medinipur,4:50 AM,10:30 AM,,8,wbbus.in,https://wbbus.in/bus/das-travels-wb33c1175-deulihat-medinipur-133
wbbus-in-data-baba-1285,DATA BABA,,Private - NON AC,WB459765,Rampurhat,Rampurhat,Baharampur,4:40 AM,9:00 AM,,3,wbbus.in,https://wbbus.in/bus/data-baba-wb459765-rampurhat-baharampur-1270
wbbus-in-debapriya-1286,DEBAPRIYA,,Private - NON AC,WB29C1050,Moyna,Moyna,Jhargram,7:00 AM,2:25 PM,,13,wbbus.in,https://wbbus.in/bus/debapriya-wb29c1050-moyna-jhargram-357
wbbus-in-debi-mahamaya-1287,DEBI MAHAMAYA,,Private - NON AC,WB490043,Raipur,Raipur,Jhargram,5:45 AM,6:25 AM,,7,wbbus.in,https://wbbus.in/bus/debi-mahamaya-wb490043-raipur-jhargram-774
wbbus-in-deblina-1290,DEBLINA,,Private - NON AC,WB33C3916,Ramjibanpur,Ramjibanpur,Medinipur,4:15 AM,7:45 AM,,6,wbbus.in,https://wbbus.in/bus/deblina-wb33c3916-ramjibanpur-medinipur-606
wbbus-in-dey-travels-1293,DEY TRAVELS,,Private - NON AC,WB677116,Bishnupur,Bishnupur,Bankura,6:35 AM,8:10 AM,,9,wbbus.in,https://wbbus.in/bus/dey-travels-wb677116-bishnupur-bankura-1098
wbbus-in-diamond-1295,DIAMOND,,Private - NON AC,WB41F6453,Tarkeshwar,Tarkeshwar,Chandrakona Road,8:05 AM,2:35 PM,,11,wbbus.in,https://wbbus.in/bus/diamond-wb41f6453-tarkeshwar-chandrakona-road-256
wbbus-in-diamond-1296,DIAMOND,,Private - NON AC,WB29C3934,Durgachak,Durgachak,Karunamoyee,6:30 AM,3:10 PM,,17,wbbus.in,https://wbbus.in/bus/diamond-wb29c3934-durgachak-karunamoyee-351
wbbus-in-duranta-1297,DURANTA,,Private - NON AC,WB33C4829,Krishnanagar,Krishnanagar,Benachity,5:05 AM,10:05 AM,,12,wbbus.in,https://wbbus.in/bus/duranta-wb33c4829-krishnanagar-benachity-1379
wbbus-in-durga-1299,DURGA,,Private - NON AC,WB41K1665,Bardhaman,Bardhaman,Ghatal,8:00 AM,11:50 AM,,13,wbbus.in,https://wbbus.in/bus/durga-wb41k1665-bardhaman-ghatal-409
wbbus-in-gangaram-1303,GANGARAM,,Private - NON AC,WB339069,Medinipur,Medinipur,Digha,7:05 AM,2:20 PM,,8,wbbus.in,https://wbbus.in/bus/gangaram-wb339069-medinipur-digha-205
wbbus-in-hilltop-super-1309,HILLTOP SUPER,,Private - NON AC,WB55B6775,Ajodhya Hills,Ajodhya Hills,Purulia,7:40 AM,9:30 AM,,5,wbbus.in,https://wbbus.in/bus/hilltop-super-wb55b6775-ajodhya-hills-purulia-730
wbbus-in-himaloy-1310,HIMALOY,,Private - NON AC,WB41C1844,Bardhaman,Bardhaman,Katwa,6:50 AM,,,6,wbbus.in,https://wbbus.in/bus/joy-maa-kali-wb41c1844-bardhaman-katwa-911
wbbus-in-ishika-1311,ISHIKA,,Private - AC,WB41K2452,Digha,Digha,Chittaranjan,8:00 PM,5:20 AM,,21,wbbus.in,https://wbbus.in/bus/ishika-wb41k2452-digha-chittaranjan-1372
wbbus-in-jagubabu-1315,JAGUBABU,,Private - NON AC,WB67B7502,Fulkusma,Fulkusma,Bankura,4:25 AM,,,10,wbbus.in,https://wbbus.in/bus/jagubabu-wb67b7502-fulkusma-bankura-824
wbbus-in-jio-bangla-1317,JIO BANGLA,,Private - NON AC,WB314389,Chittaranjan,Chittaranjan,Bardhaman,8:35 AM,1:05 PM,,11,wbbus.in,https://wbbus.in/bus/jio-bangla-wb314389-chittaranjan-bardhaman-1384
wbbus-in-joy-baba-lokenath-1321,JOY BABA LOKENATH,,Private - NON AC,WB49C9966,Khatra,Khatra,Kharagpur,5:50 AM,10:10 AM,,14,wbbus.in,https://wbbus.in/bus/joy-baba-lokenath-wb49c9966-khatra-kharagpur-1371
wbbus-in-joy-guru-1322,JOY GURU,,Private - NON AC,WB33A3838,Chandrakona Town,Chandrakona Town,Panskura,6:00 AM,8:55 AM,,11,wbbus.in,https://wbbus.in/bus/joy-guru-wb33a3838-chandrakona-town-panskura-125
wbbus-in-joy-guru-1323,JOY GURU,,Private - NON AC,WB18AQ2229,Panna,Panna,Nabadwip,4:40 AM,10:05 AM,,14,wbbus.in,https://wbbus.in/bus/joy-guru-wb18aq2229-panna-nabadwip-1382
wbbus-in-joy-maa-1324,JOY MAA,,Private - NON AC,WB15C0610,Bankura,Bankura,Purulia,6:00 AM,9:30 AM,,14,wbbus.in,https://wbbus.in/bus/joy-maa-wb15c0610-bankura-purulia-156
wbbus-in-joy-maa-bhabatarini-1327,JOY MAA BHABATARINI,,Private - NON AC,WB67B4889,Susunia Hill,Susunia Hill,Kolkata (Esplanade),4:40 AM,2:20 PM,,14,wbbus.in,https://wbbus.in/bus/joy-maa-bhabatarini-wb67b4889-susunia-hill-kolkata-esplanade-1025
wbbus-in-kailash-1330,KAILASH,,Private - NON AC,WB553831,Kenjakura,Kenjakura,Purulia,6:00 AM,1:40 PM,,11,wbbus.in,https://wbbus.in/bus/kailash-wb553831-kenjakura-purulia-415
wbbus-in-kalosona-1332,KALOSONA,,Private - AC,WB29J9043,Digha,Digha,Tarapith,9:20 AM,6:40 PM,,19,wbbus.in,https://wbbus.in/bus/kalosona-wb29j9043-digha-tarapith-1362
wbbus-in-kalosona-1333,KALOSONA,,Private - NON AC,WB33K9556,Baksi,Baksi,Jhargram,7:45 AM,8:15 AM,,5,wbbus.in,https://wbbus.in/bus/kalosona-wb33k9556-baksi-jhargram-1368
wbbus-in-kalyan-1334,KALYAN,,Private - NON AC,‌‍WB63B6517,Dinhata,Dinhata,Siliguri,6:00 AM,2:40 PM,,9,wbbus.in,https://wbbus.in/bus/kalyan-%E2%80%8C%E2%80%8Dwb63b6517-dinhata-siliguri-875
wbbus-in-koushiki-1337,KOUSHIKI,,Private - NON AC,WB67A9040,Kashipur,Kashipur,Bankura,6:00 AM,8:45 AM,,9,wbbus.in,https://wbbus.in/bus/koushiki-wb67a9040-kashipur-bankura-699
wbbus-in-krishna-1339,KRISHNA,,Private - NON AC,WB41J7273,Bardhaman,Bardhaman,Beldanga,3:20 AM,8:10 AM,,14,wbbus.in,https://wbbus.in/bus/krishna-wb41j7273-bardhaman-beldanga-1385
wbbus-in-krishna-kanhaiaya-1343,KRISHNA KANHAIAYA,,Private - NON AC,WB316111,Contai,Contai,Medinipur,7:55 AM,10:20 AM,,7,wbbus.in,https://wbbus.in/bus/krishna-kanhaiaya-wb316111-contai-medinipur-1367
wbbus-in-krishnagopal-1344,KRISHNAGOPAL,,Private - NON AC,WB41E3984,Bardhaman,Bardhaman,Suri,8:00 AM,12:30 PM,,6,wbbus.in,https://wbbus.in/bus/krishnagopal-wb41e3984-bardhaman-suri-1363
wbbus-in-lal-parul-1346,LAL PARUL,,Private - NON AC,WB67B7403,Bankura,Bankura,Durgapur (Station),4:30 AM,5:30 AM,,5,wbbus.in,https://wbbus.in/bus/lal-parul-wb67b7403-bankura-durgapur-station-1034
wbbus-in-laxmi-saraswati-1350,LAXMI SARASWATI,,Private - NON AC,WB33A6031,Badanganj,Badanganj,Medinipur,6:40 AM,11:15 AM,,11,wbbus.in,https://wbbus.in/bus/laxmi-saraswati-wb33a6031-badanganj-medinipur-344
wbbus-in-maa-arati-1353,MAA ARATI,,Private - NON AC,WB29A3698,Nabadwip,Nabadwip,Arambagh,7:50 AM,12:20 PM,,10,wbbus.in,https://wbbus.in/bus/maa-arati-wb29a3698-nabadwip-arambagh-1383
wbbus-in-maa-durga-1359,MAA DURGA,,Private - NON AC,WB29F1643,Egra,Egra,Garia,3:15 AM,1:50 PM,,21,wbbus.in,https://wbbus.in/bus/maa-durga-wb29f1643-egra-garia-1132
wbbus-in-maa-gita-1364,MAA GITA,,Private - NON AC,WB672222,Nadihi,Nadihi,Bankura,6:40 AM,,,11,wbbus.in,https://wbbus.in/bus/maa-gita-wb672222-nadihi-bankura-281
wbbus-in-maa-laxmi-1368,MAA LAXMI,,Private - NON AC,WB55B6782,Purulia,Purulia,Bishnupur,6:20 AM,11:50 AM,,15,wbbus.in,https://wbbus.in/bus/maa-laxmi-wb55b6782-purulia-bishnupur-279
wbbus-in-maa-laxmi-1369,MAA LAXMI,,Private - NON AC,WB11A6062,Tarkeshwar,Tarkeshwar,Bankura,5:55 AM,12:10 PM,,13,wbbus.in,https://wbbus.in/bus/maa-laxmi-wb11a6062-tarkeshwar-bankura-552
wbbus-in-maa-laxmi-1370,MAA LAXMI,,Private - NON AC,WB17N4203,Badanganj,Badanganj,Tarkeshwar,,6:30 AM,,7,wbbus.in,https://wbbus.in/bus/maa-laxmi-wb17n4203-badanganj-tarkeshwar-839
wbbus-in-maa-mitali-1372,MAA MITALI,,Private - NON AC,WB49N2348,Gopiganj,Gopiganj,Kamalgazi,5:15 AM,1:30 PM,,15,wbbus.in,https://wbbus.in/bus/maa-mitali-wb49n2348-gopiganj-kamalgazi-948
wbbus-in-maa-mrinmoyee-1373,MAA MRINMOYEE,,Private - NON AC,WB55B6704,Barabazar,Barabazar,Bankura,6:20 AM,12:10 PM,,14,wbbus.in,https://wbbus.in/bus/maa-mrinmoyee-wb55b6704-barabazar-bankura-968
wbbus-in-maa-parama-1375,MAA PARAMA,,Private - NON AC,WB67B9152,Tentulia,Tentulia,Bardhaman,5:15 AM,12:00 PM,,15,wbbus.in,https://wbbus.in/bus/maa-parama-wb67b9152-ranibandh-bardhaman-563
wbbus-in-maa-sandhya-1378,MAA SANDHYA,,Private - NON AC,WB41G0209,Kushdwip,Kushdwip,Bardhaman,6:45 AM,8:45 AM,,8,wbbus.in,https://wbbus.in/bus/maa-sandhya-wb41g0209-kushdwip-bardhaman-868
wbbus-in-maa-tara-1380,MAA TARA,,Private - NON AC,WB29B9829,Bishnupur,Bishnupur,Digha,4:00 AM,11:20 AM,,26,wbbus.in,https://wbbus.in/bus/tamralipta-wb29b9829-bishnupur-contai-32
wbbus-in-maa-tulsi-1384,MAA TULSI,,Private - NON AC,WB67C2088,Damda,Damda,Chittaranjan,4:10 AM,11:05 AM,,22,wbbus.in,https://wbbus.in/bus/maa-tulsi-wb67c2088-damda-chittaranjan-1364
wbbus-in-maa-tulsi-1385,MAA TULSI,,Private - NON AC,WB677388,Khatra,Khatra,Bankura,5:50 AM,7:50 AM,,7,wbbus.in,https://wbbus.in/bus/maa-tulsi-wb677388-khatra-bankura-1365
wbbus-in-maa-tulsi-1386,MAA TULSI,,Private - NON AC,WB37B7415,Bankura,Bankura,Bhutsahar,8:20 AM,12:30 PM,,11,wbbus.in,https://wbbus.in/bus/maa-tulsi-wb37b7415-bankura-bhutsahar-1388
wbbus-in-maa-tulsi-1387,MAA TULSI,,Private - NON AC,WB67B0888,Bankura,Bankura,Silda,7:55 AM,11:45 AM,,11,wbbus.in,https://wbbus.in/bus/maa-tulsi-wb67b0888-bankura-silda-1394
wbbus-in-madhuri-1389,MADHURI,,Private - NON AC,WB33A6210,Contai,Contai,Medinipur,8:10 AM,11:45 AM,,6,wbbus.in,https://wbbus.in/bus/madhuri-wb33a6210-contai-medinipur-399
wbbus-in-maharaja-1392,MAHARAJA,,Private - AC,WB55E1711,Purulia,Purulia,Kolkata,10:00 PM,5:30 AM,,12,wbbus.in,https://wbbus.in/bus/maharaja-wb55e1711-purulia-kolkata-1392
wbbus-in-marji-tera-1395,MARJI TERA,,Private - NON AC,WB33P0208,Balichak,Balichak,Bardhaman,4:35 AM,11:45 AM,,15,wbbus.in,https://wbbus.in/bus/marji-tera-wb33p0208-balichak-bardhaman-1386
wbbus-in-maruti-1397,MARUTI,,Private - NON AC,WB55A9819,Bishnupur,Bishnupur,Purulia,6:30 AM,12:50 PM,,13,wbbus.in,https://wbbus.in/bus/maruti-wb55a9819-bishnupur-purulia-620
wbbus-in-mayabati-1399,MAYABATI,,Private - NON AC,WB17N3896,Badanganj,Badanganj,Kolkata (Esplanade),4:40 AM,1:40 PM,,14,wbbus.in,https://wbbus.in/bus/mayabati-wb17n3896-badanganj-kolkata-esplaned-116
wbbus-in-mayabati-1400,MAYABATI,,Private - NON AC,WB15C9837,Garerghat,Garerghat,Maniktala,5:25 AM,2:50 PM,,17,wbbus.in,https://wbbus.in/bus/mayabati-wb15c9837-garerghat-maniktala-309
wbbus-in-mayabati-1401,MAYABATI,,Private - NON AC,WB29B5298,Kotulpur,Kotulpur,Kolkata (Esplanade),5:40 AM,2:00 PM,,15,wbbus.in,https://wbbus.in/bus/mayabati-wb29b5298-kotulpur-kolkata-esplaned-636
wbbus-in-mayer-ashirbad-1402,MAYER ASHIRBAD,,Private - NON AC,WGH8409,Chakta,Chakta,Bolpur,5:30 AM,6:50 AM,,7,wbbus.in,https://wbbus.in/bus/mayer-ashirbad-wgh8409-chakta-bolpur-1126
wbbus-in-mishra-1403,MISHRA,,Private - NON AC,WB55F9732,Bhagabanpur,Bhagabanpur,Purulia,,8:10 AM,,9,wbbus.in,https://wbbus.in/bus/mishra-wb55f9732-bhagabanpur-purulia-1357
wbbus-in-nandan-1411,NANDAN,,Private - NON AC,WB33D1133,Goaltore,Goaltore,Jhargram,8:20 AM,8:50 AM,,6,wbbus.in,https://wbbus.in/bus/nandan-wb33d1133-goaltore-jhargram-1240
wbbus-in-nayan-1416,NAYAN,,Private - NON AC,WB41D5253,Bardhaman,Bardhaman,Nabadwip,9:05 AM,4:30 PM,,8,wbbus.in,https://wbbus.in/bus/nayan-wb41d5253-bardhaman-nabadwip-1387
wbbus-in-nigamdut-1419,NIGAMDUT,,Private - NON AC,WB33N5918,Chandrakona Town,Chandrakona Town,Tarkeshwar,6:10 AM,1:00 PM,,12,wbbus.in,https://wbbus.in/bus/nigamdut-wb313265-chandrakona-town-tarkeshwar-426
wbbus-in-noor-travels-1422,NOOR TRAVELS,,Private - NON AC,WB15D5736,Kolkata,Kolkata,Bishnupur,4:30 AM,9:50 AM,,18,wbbus.in,https://wbbus.in/bus/noor-travels-wb15d5736-kolkata-bishnupur-113
wbbus-in-nosib-1424,NOSIB,,Private - NON AC,WB33F3135,Kharagpur,Kharagpur,Bardhaman,6:20 AM,1:45 PM,,16,wbbus.in,https://wbbus.in/bus/nosib-wb33f3135-kharagpur-bardhaman-274
wbbus-in-nosib-1425,NOSIB,,Private - NON AC,WB33F1317,Kharagpur,Kharagpur,Bardhaman,6:40 AM,2:00 PM,,17,wbbus.in,https://wbbus.in/bus/nosib-wb33f1317-kharagpur-bardhaman-544
wbbus-in-pather-dabi-1429,PATHER DABI,,Private - NON AC,WB33D1170,Bardhaman,Bardhaman,Kharagpur,4:50 AM,10:35 AM,,17,wbbus.in,https://wbbus.in/bus/patherdabi-wb33d1170-bardhaman-kharagpur-227
wbbus-in-pravati-1431,PRAVATI,,Private - NON AC,WB29D6342,Haldia,Haldia,Gidhni,2:20 AM,9:05 AM,,17,wbbus.in,https://wbbus.in/bus/pravati-wb29d6342-haldia-gidhni-679
wbbus-in-puspak-1433,PUSPAK,,Private - NON AC,WB37E2489,Asansol,Asansol,Bardhaman,6:50 AM,11:20 AM,,9,wbbus.in,https://wbbus.in/bus/puspak-wb37e2489-asansol-bardhaman-980
whereismybus-amit-0,Amit,,Private Bus [Non-AC],WB41K3223,,,,,,,0,whereismybus.in,https://whereismybus.in/all_buses/amit-wb41k3223/
whereismybus-anushka-0,Anushka,,Private Bus [Non-AC],WB41E0946,,,,,,,0,whereismybus.in,https://whereismybus.in/all_buses/anushka-wb41e0946/
whereismybus-aditya-smriti-0,Aditya Smriti,,Private Bus [Non-AC],WB53A1516,,,,,,,0,whereismybus.in,https://whereismybus.in/all_buses/aditya-smriti-wb53a1516/
whereismybus-argha-0,Argha,,Private Bus [Non-AC],WB435075,,,,,,,0,whereismybus.in,https://whereismybus.in/all_buses/argha-wb435075/
whereismybus-abhi-0,Abhi,,Private Bus [Non-AC],WB57F1435,,,,,,,0,whereismybus.in,https://whereismybus.in/all_buses/abhi-wb57f1435/
whereismybus-agantuk-wb41g9264-or-0,Agantuk Wb41G9264 Or,,Private Bus [Non-AC],WB41J4584KRISHNAGOPAL,,,,,,,0,whereismybus.in,https://whereismybus.in/all_buses/agantuk-wb41g9264-or-wb41j4584krishnagopal/
whereismybus-agni-0,Agni,,Private Bus [Non-AC],WB29A3745,,,,,,,0,whereismybus.in,https://whereismybus.in/all_buses/agni-wb29a3745/
whereismybus-abhishek-0,Abhishek,,Private Bus [Non-AC],WB41J5151,,,,,,,0,whereismybus.in,https://whereismybus.in/all_buses/abhishek-wb41j5151/
whereismybus-ariyan-wb41f5048-or-sahil-0,Ariyan Wb41F5048 Or Sahil,,Private Bus [Non-AC],WB57A5253,,,,,,,0,whereismybus.in,https://whereismybus.in/all_buses/ariyan-wb41f5048-or-sahil-wb57a5253/
bussathi-aaditri-1,AADITRI,AADITRI TRAVEL'S,Private - NON AC,WB49C7440,Gopiballabpur,Gopiballabpur,Khatra,5:25 AM,10:45 AM,,13,bussathi.in,https://bussathi.in/bus/1
bussathi-aadrika-5,AADRIKA (KARGIL),Aadrika,Private,WB29F6903,Durgachak,Durgachak,Jhargram,6:55 AM,1:00 PM,,30,bussathi.in,https://bussathi.in/bus/2
bussathi-aani-4,AANI,,Private - NON AC,WB37D6281,Chittaranjan,Chittaranjan,Kandi,4:50 AM,11:15 AM,,17,bussathi.in,https://bussathi.in/bus/3
bussathi-aayan-2,AAYAN,AYAN TRAVELS,Private - NON AC,WB15B5564,Jamtora,Jamtora,Manbazar,6:40 AM,9:20 AM,,14,bussathi.in,https://bussathi.in/bus/4
bussathi-aayan-0,AAYAN,AAYAN TRAVELS,Private - NON AC,WB33D0882,Bankura,Bankura,Durgapur (Station),1:10 PM,2:40 PM,,5,bussathi.in,https://bussathi.in/bus/5
bussathi-abha-6,ABHA,,Private - NON AC,WB41K3592,Natunhat,Natunhat,Asansol,5:25 AM,9:10 AM,,9,bussathi.in,https://bussathi.in/bus/7
bussathi-abhijan-7,ABHIJAN,,Private - NON AC,WB41C1304,Sarenga,Sarenga,Medinipur,7:30 AM,10:20 AM,,9,bussathi.in,https://bussathi.in/bus/8
bussathi-abhisek-8,ABHISEK,,Private - NON AC,WB29B8386,Haldia,Haldia,Bankura,12:55 AM,7:35 AM,,26,bussathi.in,https://bussathi.in/bus/9
bussathi-abhishek-9,ABHISHEK,,Private - NON AC,WB41J5258,Nabadwip,Nabadwip,Asansol,7:20 AM,12:55 PM,,14,bussathi.in,https://bussathi.in/bus/10
bussathi-abhishek-11,ABHISHEK,ABHISHEK BUS SERVICE,Private - NON AC,WB41G9349,Benachity,Benachity,Nabadwip,6:00 AM,10:50 AM,,12,bussathi.in,https://bussathi.in/bus/11
bussathi-abir-super-12,ABIR SUPER,,Private - NON AC,WB05C4556,Taldangra,Taldangra,Kolkata (Esplanade),4:25 AM,9:15 AM,,19,bussathi.in,https://bussathi.in/bus/12
bussathi-addya-shakti-10,ADDYA SHAKTI,,Private - NON AC,WB531693,Bolpur,Bolpur,Baharampur,7:00 AM,10:40 AM,,11,bussathi.in,https://bussathi.in/bus/13
bussathi-addya-shakti-0,ADDYA SHAKTI,,Private - NON AC,WB31A7525,Digha,Digha,Arambagh,4:00 AM,11:00 AM,,23,bussathi.in,https://bussathi.in/bus/14
bussathi-addya-shakti-13,ADDYA SHAKTI,ADDYA SHAKTI TRAVELS,Private - NON AC,WB53A4193,Bolpur,Bolpur,Salar,8:55 AM,11:45 AM,,6,bussathi.in,https://bussathi.in/bus/15
bussathi-agantuk-16,AGANTUK,,Private - NON AC,WB41G9264,Arambagh,Arambagh,Asansol,7:00 AM,11:30 AM,,13,bussathi.in,https://bussathi.in/bus/18
bussathi-ahalya-bhumi-17,AHALYA BHUMI,,Private - NON AC,WB55B6677,Kalabani,Kalabani,Manihara,6:10 AM,11:00 AM,,8,bussathi.in,https://bussathi.in/bus/19
bussathi-aishini-18,AISHINI,,Private - NON AC,WB55B6699,Bandwan,Bandwan,Tarkeshwar,4:10 AM,10:35 AM,,17,bussathi.in,https://bussathi.in/bus/20
bussathi-akash-bangla-19,AKASH BANGLA,,Private - NON AC,WB41E4147,Chittaranjan,Chittaranjan,Bardhaman,6:30 AM,11:10 AM,,11,bussathi.in,https://bussathi.in/bus/21
bussathi-akash-bristi-21,AKASH BRISTI,,Private - NON AC,WB15C1616,Tarkeshwar,Tarkeshwar,Durgachak,6:30 AM,12:45 PM,,20,bussathi.in,https://bussathi.in/bus/23
bussathi-amarnath-24,AMARNATH,AMARNATH TRAVELS,Private - NON AC,WB496776,Gopiballabpur,Gopiballabpur,Bandwan,6:35 AM,10:40 AM,,11,bussathi.in,https://bussathi.in/bus/24
bussathi-ambika-22,AMBIKA,,Private - NON AC,WB679341,Khatra,Khatra,Bankura,12:40 PM,2:40 PM,,8,bussathi.in,https://bussathi.in/bus/25
bussathi-ambika-26,AMBIKA,,Private - NON AC,WB33D3751,Itaberia,Itaberia,Bardhaman,6:10 AM,1:20 PM,,27,bussathi.in,https://bussathi.in/bus/26
bussathi-amit-25,AMIT,,Private - NON AC,WB41Q5314,Bankura,Bankura,Bardhaman,7:50 AM,12:00 PM,,12,bussathi.in,https://bussathi.in/bus/27
bussathi-amit-23,AMIT,,Private - NON AC,WB41H5018,Bardhaman,Bardhaman,Asansol,6:20 AM,8:50 AM,,9,bussathi.in,https://bussathi.in/bus/28
bussathi-amit-0,AMIT,AMIT TRAVELS,Private - NON AC,WB41N1213,Bardhaman,Bardhaman,Shikarpur,4:55 AM,11:00 AM,,12,bussathi.in,https://bussathi.in/bus/29
bussathi-ananya-30,ANANYA,,Private - NON AC,WB29C3680,Haldia,Haldia,Belpahari,3:10 AM,10:00 AM,,18,bussathi.in,https://bussathi.in/bus/32
bussathi-aniket-29,ANIKET,DEBIBALA TRAVELS,Private - NON AC,WB41H1000,Kalna,Kalna,Asansol,6:45 AM,11:30 AM,,12,bussathi.in,https://bussathi.in/bus/33
bussathi-aniket-28,ANIKET,DEBIBALA TRAVELS,Private - NON AC,WB41G0280,Barakar,Barakar,Arambagh,5:30 AM,10:40 AM,,15,bussathi.in,https://bussathi.in/bus/34
bussathi-animesh-31,ANIMESH,ANIMESH BUS TRANSPORT,Private - NON AC,WB67A7976,Jhargram,Jhargram,Bankura,7:40 AM,11:50 AM,,14,bussathi.in,https://bussathi.in/bus/35
bussathi-animesh-32,ANIMESH,,Private - NON AC,WB67B3795,Pairachali,Pairachali,Silda,7:00 AM,12:50 PM,,15,bussathi.in,https://bussathi.in/bus/36
bussathi-animesh-33,ANIMESH,A. B. T. BUS SERVICE,Private - NON AC,WB679376,Lalgarh,Lalgarh,Bankura,6:45 AM,10:50 AM,,14,bussathi.in,https://bussathi.in/bus/37
bussathi-pathan-34,PATHAN,,Private - NON AC,WB318580,Contai,Contai,Medinipur,8:15 AM,11:00 AM,,6,bussathi.in,https://bussathi.in/bus/38
bussathi-anindita-36,ANINDITA,,Private - NON AC,WB29A3632,Contai,Contai,Medinipur,9:35 AM,12:20 PM,,6,bussathi.in,https://bussathi.in/bus/40
bussathi-anindita-37,ANINDITA,,Private - NON AC,WB318224,Contai,Contai,Ramgarh,8:05 AM,1:00 PM,,14,bussathi.in,https://bussathi.in/bus/41
bussathi-anjali-0,ANJALI,,Private - NON AC,WB67B7568,Silda,Silda,Bankura,10:15 AM,1:20 PM,,11,bussathi.in,https://bussathi.in/bus/45
bussathi-anjali-1,ANJALI,ANJALI TRAVELS,Private - NON AC,WB29F2367,Garchakraberia,Garchakraberia,Nabadwip,2:20 AM,10:55 AM,,25,bussathi.in,https://bussathi.in/bus/46
bussathi-ankit-0,ANKIT,ANKIT TRAVEL'S,Private - NON AC,WB67J5792,Durgapur (Station),Durgapur (Station),Purulia,6:20 AM,10:20 AM,,10,bussathi.in,https://bussathi.in/bus/47
bussathi-ankur-0,ANKUR,,Private - NON AC,WB29A4745,Binpur,Binpur,Ghatal,6:40 AM,11:05 AM,,12,bussathi.in,https://bussathi.in/bus/48
bussathi-ankush-0,ANKUSH,CHANGDAR TRAVELS,Private - NON AC,WB49N2212,Amlasuli,Amlasuli,Howrah,4:30 AM,10:15 AM,,14,bussathi.in,https://bussathi.in/bus/49
bussathi-ankush-41,ANKUSH,CHANGDAR TRAVELS,Private - NON AC,WB49N2496,Garhbeta,Garhbeta,Howrah,6:50 AM,11:40 AM,,17,bussathi.in,https://bussathi.in/bus/50
bussathi-annapurna-43,ANNAPURNA,,Private - NON AC,WB55A2658,Purulia,Purulia,Medinipur,3:30 AM,9:50 AM,,19,bussathi.in,https://bussathi.in/bus/52
bussathi-annapurna-44,ANNAPURNA,ANNAPURNA TRAVELS,Private - NON AC,WB675996,Jhargram,Jhargram,Bankura,5:40 AM,10:30 AM,,15,bussathi.in,https://bussathi.in/bus/53
bussathi-annesha-46,ANNESWA TRAVELS,Anneswa Travels,Private,WB 51L 8889,Majhdia,Majhdia,Bardhaman,7:10 AM,11:45 AM,,19,bussathi.in,https://bussathi.in/bus/54
bussathi-antara-45,ANTARA,,Private - NON AC,WB673279,Chirkunda,Chirkunda,Bankura,6:00 AM,9:30 AM,,15,bussathi.in,https://bussathi.in/bus/55
bussathi-anupam-48,ANUPAM,,Private - NON AC,WB41J9765,Kharagpur,Kharagpur,Bishnupur,6:40 AM,10:10 AM,,10,bussathi.in,https://bussathi.in/bus/57
bussathi-anuska-50,ANUSKA,ANUSKA TRAVELS,Private - AC,WB29B6016,Digha,Digha,Kolkata (Esplanade),8:10 AM,1:15 PM,,16,bussathi.in,https://bussathi.in/bus/58
bussathi-apanjan-49,APANJAN,APANJAN TRAVELS,Private - AC,WB67D5949,Raniganj,Raniganj,Bankura,8:25 AM,10:40 AM,,10,bussathi.in,https://bussathi.in/bus/59
bussathi-apanjan-51,APANJAN,,Private - NON AC,WB15A0564,Tarkeshwar,Tarkeshwar,Fulkusma,4:40 AM,10:35 AM,,19,bussathi.in,https://bussathi.in/bus/60
bussathi-aparajita-0,APARAJITA,,Private - NON AC,WB29B6266,Baharagora,Baharagora,Haldia,6:30 AM,1:00 PM,,14,bussathi.in,https://bussathi.in/bus/62
bussathi-aranyak-55,ARANYAK,RINA TRAVELS,Private - AC,WB494375,Raipur,Raipur,Kolkata (Esplanade),5:15 AM,10:30 AM,,17,bussathi.in,https://bussathi.in/bus/66
bussathi-aranyak-56,ARANYAK,,Private - NON AC,WB33M8901,Sarenga,Sarenga,Haldia,5:10 AM,12:00 PM,,20,bussathi.in,https://bussathi.in/bus/67
bussathi-arati-57,ARATI,ARATI TRAVELS,Private - NON AC,WB67B0250,Bishnupur,Bishnupur,Arambagh,3:00 PM,4:55 PM,,6,bussathi.in,https://bussathi.in/bus/68
bussathi-argha-58,ARGHA,ARGHA TRAVELS,Private - NON AC,WB432825,Nabadwip,Nabadwip,Benachity,7:30 AM,12:00 PM,,12,bussathi.in,https://bussathi.in/bus/69
bussathi-arghadeep-59,ARGHADEEP,,Private - NON AC,WB53A0055,Bankura,Bankura,Asansol,6:50 AM,9:30 AM,,11,bussathi.in,https://bussathi.in/bus/70
bussathi-arman-60,ARMAN,,Private - NON AC,WB33D4137,Purulia,Purulia,Digha,4:40 AM,3:25 PM,,20,bussathi.in,https://bussathi.in/bus/71
bussathi-arman-64,ARMAN,,Private - NON AC,WB33F3406,Ranibandh,Ranibandh,Kolkata,4:55 AM,11:20 AM,,22,bussathi.in,https://bussathi.in/bus/72
bussathi-arya-63,ARYA,,Private - NON AC,WB67G7111,Fulkusma,Fulkusma,Mecheda,3:40 AM,8:55 AM,,19,bussathi.in,https://bussathi.in/bus/74
bussathi-ayesha-62,AYESHA,,Private - NON AC,WB67B5662,Bankura,Bankura,Jhargram,8:40 AM,12:40 PM,,14,bussathi.in,https://bussathi.in/bus/75
bussathi-asha-65,ASHA,,Private - NON AC,WB41K3294,Barakar,Barakar,Krishnanagar,3:45 AM,9:50 AM,,18,bussathi.in,https://bussathi.in/bus/76
bussathi-ayesha-0,AYESHA,,Private - NON AC,WB33E3430,Chandrakona Road,Chandrakona Road,Durgachak,6:10 AM,11:40 AM,,19,bussathi.in,https://bussathi.in/bus/77
bussathi-ayesha-1,AYESHA,AYESHA TRAVEL'S,Private - NON AC,WB67B7563,Kenjakura,Kenjakura,Suri,5:35 AM,11:45 AM,,14,bussathi.in,https://bussathi.in/bus/79
bussathi-ashirvad-0,ASHIRVAD,,Private - NON AC,WB41K1521,Kotulpur,Kotulpur,Nabadwip,6:25 AM,11:45 AM,,14,bussathi.in,https://bussathi.in/bus/80
bussathi-ashirvad-66,ASHIRVAD,ASHIRVAD TRAVEL'S,Private - NON AC,WB41N7861,Tamluk,Tamluk,Bardhaman,2:00 AM,7:10 AM,,22,bussathi.in,https://bussathi.in/bus/82
bussathi-ayushi-68,AYUSHI,,Private - NON AC,WB67B1254,Santasram,Santasram,Kolkata (Esplanade),5:10 AM,9:20 AM,,14,bussathi.in,https://bussathi.in/bus/83
bussathi-azad-hind-70,AZAD HIND,,Private - NON AC,WB675445,Durgapur (Station),Durgapur (Station),Kashipur,9:50 AM,2:00 PM,,13,bussathi.in,https://bussathi.in/bus/84
bussathi-asirwad-69,ASIRWAD,,Private - NON AC,WB55D4463,Manbazar,Manbazar,Suisa,7:10 AM,11:05 AM,,8,bussathi.in,https://bussathi.in/bus/85
bussathi-asoke-71,ASOKE,,Private - NON AC,WB55D1521,Purulia,Purulia,Barabazar,9:50 AM,11:20 AM,,5,bussathi.in,https://bussathi.in/bus/86
bussathi-azad-hind-73,AZAD HIND,,Private - NON AC,WB67B5799,Bankura,Bankura,Medinipur,10:05 AM,2:35 PM,,13,bussathi.in,https://bussathi.in/bus/89
bussathi-astha-75,ASTHA,ASTHA TRAVELS,Private - NON AC,WB51B1888,Bangaon,Bangaon,Bardhaman,5:15 AM,10:40 AM,,12,bussathi.in,https://bussathi.in/bus/90
bussathi-azam-76,AZAM,,Private - NON AC,WB37C4174,Jangipur,Jangipur,Asansol,6:15 AM,11:50 AM,,14,bussathi.in,https://bussathi.in/bus/91
bussathi-baba-baidyanath-77,BABA BAIDYANATH,BABA BAIDYANATH BUS SERVICE,Private - NON AC,WGD1738,Bolpur,Bolpur,Krishnanagar,7:15 AM,11:30 AM,,12,bussathi.in,https://bussathi.in/bus/92
bussathi-atithi-78,ATITHI,,Private - NON AC,WB67C1767,Kharagpur,Kharagpur,Manbazar,5:00 AM,9:50 AM,,16,bussathi.in,https://bussathi.in/bus/93
bussathi-baba-basanta-roy-79,BABA BASANTA ROY,,Private - NON AC,WB33A7743,Fulkusma,Fulkusma,Jhargram,2:05 PM,3:30 PM,,6,bussathi.in,https://bussathi.in/bus/94
bussathi-baba-basukinath-80,BABA BASUKINATH,,Private - NON AC,WB71C1020,Chalauni,Chalauni,Siliguri,7:30 AM,10:20 AM,,9,bussathi.in,https://bussathi.in/bus/95
bussathi-baba-bhairav-0,BABA BHAIRAV,,Private - NON AC,WB67A5938,Fulkusma,Fulkusma,Bankura,5:20 AM,7:50 AM,,9,bussathi.in,https://bussathi.in/bus/96
bussathi-atithi-0,ATITHI,,Private - NON AC,WB67B1167,Sarenga,Sarenga,Howrah,3:40 AM,8:50 AM,,18,bussathi.in,https://bussathi.in/bus/97
bussathi-baba-bholanath-81,BABA BHOLANATH,,Private - NON AC,WB676815,Gobindapur,Gobindapur,Bankura,5:30 AM,8:20 AM,,11,bussathi.in,https://bussathi.in/bus/99
bussathi-atithi-84,ATITHI,,Private - NON AC,WB672909,Medinipur,Medinipur,Bankura,5:30 AM,10:15 AM,,16,bussathi.in,https://bussathi.in/bus/100
bussathi-atithi-86,ATITHI,ATITHI TRAVEL'S,Private - NON AC,WB41H4789,Kharagpur,Kharagpur,Tarkeshwar,7:25 AM,12:50 PM,,18,bussathi.in,https://bussathi.in/bus/103
bussathi-baba-bholanath-88,BABA BHOLANATH,,Private - NON AC,WB679909,Gobindapur,Gobindapur,Bankura,8:30 AM,11:05 AM,,11,bussathi.in,https://bussathi.in/bus/104
bussathi-baba-biharinath-89,BABA BIHARINATH,,Private - NON AC,WB37B2307,Biharinath,Biharinath,Ranibandh,5:25 AM,10:20 AM,,18,bussathi.in,https://bussathi.in/bus/106
bussathi-avijan-90,AVIJAN,,Private - NON AC,WB33C0266,Tarkeshwar,Tarkeshwar,Medinipur,4:50 AM,8:45 AM,,14,bussathi.in,https://bussathi.in/bus/107
bussathi-baba-ekteswar-91,BABA EKTESWAR,,Private - NON AC,WB554835,Bandwan,Bandwan,Bankura,6:00 AM,9:45 AM,,12,bussathi.in,https://bussathi.in/bus/108
bussathi-baba-lokenath-93,BABA LOKENATH,,Private - NON AC,WB29B0646,Binpur,Binpur,Medinipur,12:50 PM,3:40 PM,,13,bussathi.in,https://bussathi.in/bus/110
bussathi-avinandan-94,AVINANDAN,AVINANDAN TRAVELS,Private - NON AC,WB33D3494,Chandrakona Road,Chandrakona Road,Howrah,4:10 AM,8:40 AM,,16,bussathi.in,https://bussathi.in/bus/111
bussathi-baba-lokenath-0,BABA LOKENATH,,Private - NON AC,WB674422,Durgapur (Station),Durgapur (Station),Lalgarh,7:20 AM,12:45 PM,,13,bussathi.in,https://bussathi.in/bus/113
bussathi-avinandan-0,AVINANDAN,AVINANDAN TRAVELS,Private - NON AC,WB33B8617,Chandrakona Road,Chandrakona Road,Durgachak,6:25 AM,11:20 AM,,19,bussathi.in,https://bussathi.in/bus/114
bussathi-baba-lokenath-1,BABA LOKENATH,,Private - NON AC,WB33D4067,Jhargram,Jhargram,Bankura,9:00 AM,12:50 PM,,14,bussathi.in,https://bussathi.in/bus/115
bussathi-avinandan-1,AVINANDAN,,Private - NON AC,WB33J9879,Ramsagar,Ramsagar,Haldia,4:15 AM,10:15 AM,,21,bussathi.in,https://bussathi.in/bus/116
bussathi-baba-lokenath-2,BABA LOKENATH,,Private - NON AC,WB67A6152,Bankura,Bankura,Tatanagar,4:10 AM,9:50 AM,,15,bussathi.in,https://bussathi.in/bus/117
bussathi-avinandan-95,AVINANDAN,SUJATA TRAVEL'S,Private - NON AC,WB33A4568,Ukhradihi,Ukhradihi,Durgapur (Station),6:00 AM,10:15 AM,,18,bussathi.in,https://bussathi.in/bus/118
bussathi-avishek-100,AVISHEK,,Private - NON AC,WB37D1825,Benachity,Benachity,Krishnanagar,6:55 AM,12:10 PM,,16,bussathi.in,https://bussathi.in/bus/121
bussathi-baba-lokenath-99,BABA LOKENATH,,Private - NON AC,WB159436,Bankura,Bankura,Asansol,6:10 AM,10:20 AM,,8,bussathi.in,https://bussathi.in/bus/122
bussathi-avishek-97,AVISHEK,,Private - NON AC,WB41H3458,Benachity,Benachity,Krishnanagar,4:55 AM,9:40 AM,,15,bussathi.in,https://bussathi.in/bus/123
bussathi-ayan-express-101,AYAN EXPRESS,,Private - NON AC,WB492900,Raipur,Raipur,Digha,4:00 AM,10:25 AM,,15,bussathi.in,https://bussathi.in/bus/124
bussathi-baba-loknath-102,BABA LOKNATH,LOKNATH TRAVELS,Private - NON AC,WGW0341,Purulia,Purulia,Chirkunda,9:00 AM,11:20 AM,,7,bussathi.in,https://bussathi.in/bus/125
bussathi-baba-taraknath-103,BABA TARAKNATH,MANOKA TRAVEL'S,Private - NON AC,WB15D6662,Tarkeshwar,Tarkeshwar,Medinipur,8:25 AM,12:45 PM,,16,bussathi.in,https://bussathi.in/bus/127
bussathi-babua-105,BABUA,BABUA TRAVEL'S,Private - NON AC,WB51H8712,Domkal,Domkal,Kolkata (Esplanade),1:30 AM,9:00 AM,,18,bussathi.in,https://bussathi.in/bus/128
bussathi-badsha-106,BADSHA,KALPANA TRAVELS,Private - NON AC,WB490036,Jhargram,Jhargram,Manbazar,4:50 AM,9:00 AM,,14,bussathi.in,https://bussathi.in/bus/129
bussathi-balaji-107,BALAJI,,Private - NON AC,WB29B5612,Egra,Egra,Howrah,4:45 AM,9:45 AM,,16,bussathi.in,https://bussathi.in/bus/130
bussathi-balaji-109,BALAJI,,Private - NON AC,WB55D2432,Kuilapal,Kuilapal,Purulia,5:20 AM,8:25 AM,,9,bussathi.in,https://bussathi.in/bus/132
bussathi-balaji-110,BALAJI,,Private - NON AC,WB29H3021,Egra,Egra,Garia,3:05 AM,8:15 AM,,21,bussathi.in,https://bussathi.in/bus/133
bussathi-banalata-111,BANALATA,,Private - NON AC,WB67A5056,Durgapur (Station),Durgapur (Station),Bandwan,7:00 AM,12:40 PM,,17,bussathi.in,https://bussathi.in/bus/134
bussathi-bandana-112,BANDANA,,Private - NON AC,WB17N2884,Bankura,Bankura,Chuchura,5:50 AM,12:35 PM,,18,bussathi.in,https://bussathi.in/bus/135
bussathi-bandel-113,BANDEL,MAHAPRABHU TRAVELS,Private - NON AC,WB33D5580,Tarkeshwar,Tarkeshwar,Kharagpur,7:50 AM,12:40 PM,,15,bussathi.in,https://bussathi.in/bus/136
bussathi-baneswar-116,BANESWAR,,Private - NON AC,WB33F3150,Kantore,Kantore,Kantakhali,5:55 AM,12:10 PM,,17,bussathi.in,https://bussathi.in/bus/139
bussathi-banhisikha-0,BANHISIKHA,,Private - NON AC,WB55A2816,Balarampur,Balarampur,Bankura,5:40 AM,11:15 AM,,14,bussathi.in,https://bussathi.in/bus/141
bussathi-banki-bihari-0,BANKI BIHARI,,Private - NON AC,WB31A6632,Dantan,Dantan,Howrah,2:40 AM,8:00 AM,,20,bussathi.in,https://bussathi.in/bus/142
bussathi-bappa-0,BAPPA,BAMAKHYAPA,Private - NON AC,WB51A0139,Krishnanagar,Krishnanagar,Shikarpur,8:50 AM,11:40 AM,,5,bussathi.in,https://bussathi.in/bus/143
bussathi-baroma-117,BAROMA,BAROMA TRANSPORT,Private - AC,WB09C1848,Garia,Garia,Digha,6:30 AM,12:30 PM,,19,bussathi.in,https://bussathi.in/bus/147
bussathi-bartaman-118,BARTAMAN,,Private - AC,WB55B6653,Arsha,Arsha,Bandwan,6:00 AM,11:30 AM,,9,bussathi.in,https://bussathi.in/bus/148
bussathi-basundhara-120,BASUNDHARA,,Private - NON AC,WB178192,Shyambazar,Shyambazar,Bishnupur,7:30 AM,12:25 PM,,16,bussathi.in,https://bussathi.in/bus/150
bussathi-bengal-tiger-123,BENGAL TIGER,,Private - NON AC,WB67C1133,Bishnupur,Bishnupur,Asansol,5:30 AM,10:15 AM,,13,bussathi.in,https://bussathi.in/bus/154
bussathi-bhagyalaxmi-124,BHAGYALAXMI,,Private - NON AC,WB55B7227,Barabazar,Barabazar,Bankura,5:10 AM,9:00 AM,,11,bussathi.in,https://bussathi.in/bus/155
bussathi-bhagyalaxmi-125,BHAGYALAXMI,,Private - NON AC,WB55A4911,Balarampur,Balarampur,Bankura,5:00 AM,10:10 AM,,15,bussathi.in,https://bussathi.in/bus/157
bussathi-bhagyalaxmi-126,BHAGYALAXMI,,Private - NON AC,WB55A8927,Tatanagar,Tatanagar,Barabazar,9:50 AM,11:30 AM,,5,bussathi.in,https://bussathi.in/bus/159
bussathi-bhagyalaxmi-0,BHAGYALAXMI,,Private - NON AC,WB55A0454,Raipur,Raipur,Purulia,6:20 AM,11:20 AM,,14,bussathi.in,https://bussathi.in/bus/161
bussathi-bharat-laxmi-0,BHARAT LAXMI,,Private - NON AC,WB67C2286,Manihara,Manihara,Ranibandh,9:00 AM,2:20 PM,,12,bussathi.in,https://bussathi.in/bus/162
bussathi-bhole-baba-128,BHOLE BABA,BHOLE BABA TRAVELS,Private - NON AC,WB33E2925,Jhargram,Jhargram,Bankura,6:35 AM,10:40 AM,,15,bussathi.in,https://bussathi.in/bus/165
bussathi-bhutu-130,BHUTU,,Private - NON AC,WB41H1441,Bardhaman,Bardhaman,Nabadwip,12:45 PM,3:15 PM,,7,bussathi.in,https://bussathi.in/bus/167
bussathi-bibek-131,BIBEK,,Private - NON AC,WB67B1534,Ranibandh,Ranibandh,Asansol,5:35 AM,10:35 AM,,16,bussathi.in,https://bussathi.in/bus/168
bussathi-bijaya-134,BIJAYA,,Private - NON AC,WB33E4848,Lalgarh,Lalgarh,Tarkeshwar,8:20 AM,1:10 PM,,13,bussathi.in,https://bussathi.in/bus/170
bussathi-bijoy-krishna-132,BIJOY KRISHNA,,Private - NON AC,WB430655,Kalna,Kalna,Benachity,7:10 AM,11:20 AM,,11,bussathi.in,https://bussathi.in/bus/171
bussathi-bijoy-laxmi-136,BIJOY LAXMI,,Private - NON AC,WB496161,Jhargram,Jhargram,Bankura,7:25 AM,11:30 AM,,13,bussathi.in,https://bussathi.in/bus/172
bussathi-bijoy-laxmi-137,BIJOY LAXMI,,Private - NON AC,WB49C6162,Jhargram,Jhargram,Baripada,5:40 AM,11:15 AM,,7,bussathi.in,https://bussathi.in/bus/173
bussathi-bijoyjatra-135,BIJOYJATRA,,Private - NON AC,WB37D0141,Rupnarayanpur,Rupnarayanpur,Katwa,3:40 AM,9:00 AM,,13,bussathi.in,https://bussathi.in/bus/174
bussathi-biswa-bina-140,BISWA BINA,,Private - NON AC,WB29B9911,Kolkata,Kolkata,Chandrakona Road,4:30 AM,9:00 AM,,23,bussathi.in,https://bussathi.in/bus/177
bussathi-biswa-bina-0,BISWA BINA,,Private - NON AC,WB11F7820,Goaltore,Goaltore,Howrah,3:10 AM,7:50 AM,,21,bussathi.in,https://bussathi.in/bus/179
bussathi-biswa-bina-141,BISWA BINA,,Private - NON AC,WB29E6062,Kolkata,Kolkata,Garhbeta,5:25 AM,10:35 AM,,25,bussathi.in,https://bussathi.in/bus/180
bussathi-biswakabi-142,BISWAKABI,,Private - NON AC,WB51A0617,Krishnanagar,Krishnanagar,Suri,5:20 AM,11:55 AM,,13,bussathi.in,https://bussathi.in/bus/182
bussathi-biswanath-143,BISWANATH,BISWANATH TRAVEL'S,Private - NON AC,WB37A3459,Kamalpur,Kamalpur,Khatra,6:30 AM,10:00 AM,,8,bussathi.in,https://bussathi.in/bus/183
bussathi-biswarup-144,BISWARUP,,Private - NON AC,WB33D4365,Khatra,Khatra,Medinipur,5:55 AM,11:10 AM,,14,bussathi.in,https://bussathi.in/bus/185
bussathi-biswarup-145,BISWARUP,,Private - NON AC,WB33L2234,Bandwan,Bandwan,Chandrakona Road,6:50 AM,11:10 AM,,11,bussathi.in,https://bussathi.in/bus/186
bussathi-biswarup-146,BISWARUP,,Private - NON AC,WB33C2481,Ranibandh,Ranibandh,Medinipur,5:15 AM,9:40 AM,,12,bussathi.in,https://bussathi.in/bus/187
bussathi-biswarup-148,BISWARUP,,Private - NON AC,WB33F2692,Medinipur,Medinipur,Lalgarh,9:35 AM,12:15 PM,,10,bussathi.in,https://bussathi.in/bus/188
bussathi-biswarup-147,BISWARUP,,Private - NON AC,WB33K6458,Anandapur,Anandapur,Khatra,5:30 AM,10:00 AM,,9,bussathi.in,https://bussathi.in/bus/189
bussathi-biswas-149,BISWAS,BISWAS TOURS & TRAVELS,Private - NON AC,WB432201,Illambazar,Illambazar,Krishnanagar,7:30 AM,12:50 PM,,9,bussathi.in,https://bussathi.in/bus/190
bussathi-black-panther-151,BLACK PANTHER,,Private - NON AC,WB33B8343,Chandrakona Road,Chandrakona Road,Jhargram,5:45 AM,11:15 AM,,16,bussathi.in,https://bussathi.in/bus/192
bussathi-boxer-0,BOXER,SITARAM PARIBAHAN,Private - NON AC,WB29C3318,Panskura,Panskura,Karunamoyee,5:55 AM,9:05 AM,,14,bussathi.in,https://bussathi.in/bus/195
bussathi-bubai-0,BUBAI,,Private - NON AC,WB673581,Khatra,Khatra,Bankura,8:15 AM,11:10 AM,,9,bussathi.in,https://bussathi.in/bus/196
bussathi-bura-baba-0,BURA BABA,,Private - NON AC,WB67C1887,Durgapur (Station),Durgapur (Station),Bankura,4:20 AM,11:00 AM,,17,bussathi.in,https://bussathi.in/bus/200
bussathi-carwan-154,CARWAN,CARWAN BUS SERVICE,Private - AC,WB55E9417,Tatanagar,Tatanagar,Baharampur,6:05 PM,4:40 AM,,17,bussathi.in,https://bussathi.in/bus/201
bussathi-chaitanya-156,CHAITANYA,SAYANTI PARIBAHAN,Private - NON AC,WB67A9662,Nabadwip,Nabadwip,Asansol,4:00 AM,8:50 AM,,12,bussathi.in,https://bussathi.in/bus/203
bussathi-chandra-157,CHANDRA,,Private - NON AC,WB37C9176,Asansol,Asansol,Salar,4:45 AM,10:30 AM,,14,bussathi.in,https://bussathi.in/bus/204
bussathi-changdar-158,CHANGDAR,,Private - NON AC,WB49N1045,Hoomgarh,Hoomgarh,Barasat,4:10 AM,10:20 AM,,26,bussathi.in,https://bussathi.in/bus/205
bussathi-changdar-161,CHANGDAR,CHANGDAR TRAVELS,Private - NON AC,WB49N2396,Goaltore,Goaltore,Karunamoyee,5:10 AM,11:25 AM,,25,bussathi.in,https://bussathi.in/bus/206
bussathi-changdar-160,CHANGDAR,CHANGDAR TRAVELS,Private - NON AC,WB33B7501,Kolkata (Esplanade),Kolkata (Esplanade),Chandrakona Road,6:45 AM,11:30 AM,,24,bussathi.in,https://bussathi.in/bus/207
bussathi-charubala-159,CHARUBALA,,Private - NON AC,WB673151,Gopalpur,Gopalpur,Bankura,1:40 PM,3:30 PM,,9,bussathi.in,https://bussathi.in/bus/208
bussathi-charubala-162,CHARUBALA,,Private - NON AC,WB67G3472,Bankura,Bankura,Silda,9:05 AM,12:05 PM,,10,bussathi.in,https://bussathi.in/bus/209
bussathi-charubala-163,CHARUBALA,,Private - NON AC,WB67D2497,Napara,Napara,Kolkata (Esplanade),4:10 AM,10:50 AM,,26,bussathi.in,https://bussathi.in/bus/210
bussathi-charubala-164,CHARUBALA,,Private - NON AC,WB67A4294,Belut,Belut,Silda,5:50 AM,10:50 AM,,17,bussathi.in,https://bussathi.in/bus/211
bussathi-chennai-express-165,CHENNAI EXPRESS (Maa Bipattarini / Asha Travels),Chennai Express,Private,WB 29G 2073,Egra,Egra,Karunamoyee,7:10 AM,5:10 PM,,28,bussathi.in,https://bussathi.in/bus/212
bussathi-chiranjit-168,CHIRANJIT,,Private - NON AC,WB41H6608,Nabadwip,Nabadwip,Bishnupur,4:10 AM,10:40 AM,,19,bussathi.in,https://bussathi.in/bus/215
bussathi-city-link-170,CITY LINK,,Private - NON AC,WB29A2716,Raipur,Raipur,Digha,3:00 AM,9:50 AM,,11,bussathi.in,https://bussathi.in/bus/216
bussathi-city-queen-173,CITY QUEEN,,Private - NON AC,WB55D2765,Purulia,Purulia,Kolkata (Esplanade),8:05 PM,5:00 AM,,26,bussathi.in,https://bussathi.in/bus/217
bussathi-commando-172,COMMANDO,,Private - NON AC,JH05AM2275,Tatanagar,Tatanagar,Bankura,5:10 AM,10:50 AM,,15,bussathi.in,https://bussathi.in/bus/218
bussathi-dakshayani-169,DAKSHAYANI,,Private - AC,WB33F2768,Medinipur,Medinipur,Digha,6:10 AM,9:30 AM,,8,bussathi.in,https://bussathi.in/bus/221
bussathi-dakshayani-175,DAKSHAYANI,RIA SUPER,Private - AC,WB35B2754,Bishnupur,Bishnupur,Digha,5:40 AM,11:20 AM,,17,bussathi.in,https://bussathi.in/bus/222
bussathi-damodar-176,DAMODAR,,Private - NON AC,WB67C2227,Bajitpur,Bajitpur,Khatra,5:30 AM,10:15 AM,,15,bussathi.in,https://bussathi.in/bus/223
bussathi-darshan-177,DARSHAN,,Private - NON AC,WB676226,Haldia,Haldia,Bankura,3:30 AM,11:00 AM,,25,bussathi.in,https://bussathi.in/bus/224
bussathi-debayanti-178,DEBAYANTI,,Private - NON AC,WB490806,Kharagpur,Kharagpur,Manbazar,7:25 AM,12:45 PM,,14,bussathi.in,https://bussathi.in/bus/228
bussathi-debayanti-179,DEBAYANTI,MAA GUPTOMONI TRAVEL'S,Private - NON AC,WB49B8386,Jhilimili,Jhilimili,Contai,3:10 AM,9:45 AM,,16,bussathi.in,https://bussathi.in/bus/229
bussathi-debayanti-180,DEBAYANTI,MAA KAMAKHYA,Private - NON AC,WB67B8156,Jhargram,Jhargram,Medinipur,2:10 PM,3:35 PM,,4,bussathi.in,https://bussathi.in/bus/230
bussathi-debdhani-181,DEBDHANI,,Private - NON AC,WB41K4109,Dhabani,Dhabani,Kalna,6:05 AM,2:35 PM,,25,bussathi.in,https://bussathi.in/bus/231
bussathi-debi-chandi-184,DEBI CHANDI,,Private - NON AC,WB678219,Khatra,Khatra,Raniganj,7:00 AM,11:50 AM,,11,bussathi.in,https://bussathi.in/bus/237
bussathi-debi-kamakhya-186,DEBI KAMAKHYA,,Private - NON AC,WB67B0869,Bandwan,Bandwan,Bankura,5:10 AM,9:20 AM,,11,bussathi.in,https://bussathi.in/bus/238
bussathi-debi-laxmi-185,DEBI LAXMI,,Private - NON AC,WB41J5178,Bandwan,Bandwan,Bardhaman,4:20 AM,10:35 AM,,18,bussathi.in,https://bussathi.in/bus/239
bussathi-debi-laxmi-187,DEBI LAXMI,,Private - NON AC,WB41H7078,Kutni,Kutni,Bardhaman,3:40 AM,9:20 AM,,19,bussathi.in,https://bussathi.in/bus/240
bussathi-debi-mahamaya-0,DEBI MAHAMAYA,,Private - NON AC,WB490043,Raipur,Raipur,Jhargram,11:45 AM,1:40 PM,,7,bussathi.in,https://bussathi.in/bus/241
bussathi-debi-parul-0,DEBI PARUL,,Private - NON AC,WB41M5978,Ranibandh,Ranibandh,Bardhaman,4:40 AM,10:15 AM,,19,bussathi.in,https://bussathi.in/bus/242
bussathi-debjit-0,DEBJIT (OLISHA),Debjit,Private,WB558013,Keshargarh,Keshargarh,Santaldih,6:00 AM,12:40 PM,,16,bussathi.in,https://bussathi.in/bus/243
bussathi-deblina-0,DEBLINA,DEBLINA TRAVELS,Private - NON AC,WB33E5563,Ghatal,Ghatal,Gopiballabpur,7:20 AM,1:15 PM,,15,bussathi.in,https://bussathi.in/bus/245
bussathi-debraj-188,DEBRAJ,,Private - NON AC,WB67C1759,Amlasuli,Amlasuli,Bankura,1:50 PM,3:25 PM,,7,bussathi.in,https://bussathi.in/bus/246
bussathi-deshbandhu-189,DESHBANDHU,,Private - NON AC,WB67A4432,Silda,Silda,Bankura,8:00 AM,11:15 AM,,11,bussathi.in,https://bussathi.in/bus/247
bussathi-devi-bagala-190,DEVI BAGALA,,Private - NON AC,WB67A7219,Khatra,Khatra,Adra,6:00 AM,9:50 AM,,10,bussathi.in,https://bussathi.in/bus/248
bussathi-devi-durga-191,DEVI DURGA,,Private - NON AC,WB55B6801,Manbazar,Manbazar,Jhargram,6:45 AM,10:40 AM,,14,bussathi.in,https://bussathi.in/bus/249
bussathi-devi-durga-192,DEVI DURGA,,Private - NON AC,WB678501,Bishnupur,Bishnupur,Manbazar,6:00 AM,10:50 AM,,12,bussathi.in,https://bussathi.in/bus/250
bussathi-devi-durga-193,DEVI DURGA,,Private - NON AC,WB55B6583,Fulkusma,Fulkusma,Purulia,5:00 AM,10:20 AM,,13,bussathi.in,https://bussathi.in/bus/252
bussathi-devi-durga-194,DEVI DURGA,,Private - NON AC,WB41E9148,Patrasayer,Patrasayer,Bankura,6:40 AM,8:50 AM,,9,bussathi.in,https://bussathi.in/bus/254
bussathi-devi-durga-196,DEVI DURGA,,Private - NON AC,WB555552,Patrasayer,Patrasayer,Khatra,4:50 AM,8:45 AM,,13,bussathi.in,https://bussathi.in/bus/255
bussathi-devi-parul-197,DEVI PARUL,DEVI PARUL TRAVELS,Private - NON AC,WB67C2325,Chendapathar,Chendapathar,Bankura,8:00 AM,11:00 AM,,11,bussathi.in,https://bussathi.in/bus/256
bussathi-devi-parul-198,DEVI PARUL,,Private - NON AC,WB67H9626,Jhilimili,Jhilimili,Bankura,7:35 AM,11:00 AM,,10,bussathi.in,https://bussathi.in/bus/257
bussathi-dey-travels-0,DEY TRAVELS,DEY TRAVEL'S,Private - NON AC,WB677116,Bishnupur,Bishnupur,Bankura,1:10 PM,4:10 PM,,9,bussathi.in,https://bussathi.in/bus/258
bussathi-dharmaraj-0,DHARMARAJ,DHARMARAJ TRAVELS,Private - NON AC,WB19A3696,Sehara Bazar,Sehara Bazar,Bankura,6:45 AM,10:45 AM,,12,bussathi.in,https://bussathi.in/bus/259
bussathi-dinabandhu-199,DINABANDHU,MAMONI TRAVEL'S,Private - NON AC,WB49C2416,Dhumsai,Dhumsai,Belpahari,6:00 AM,10:45 AM,,9,bussathi.in,https://bussathi.in/bus/264
bussathi-dolphin-202,DOLPHIN,,Private - NON AC,WB551712,Purulia,Purulia,Raniganj,8:20 AM,12:00 PM,,10,bussathi.in,https://bussathi.in/bus/268
bussathi-dool-203,DOOL,,Private - NON AC,WB41E4552,Nabadwip,Nabadwip,Benachity,5:20 AM,10:15 AM,,14,bussathi.in,https://bussathi.in/bus/269
bussathi-dp-travels-204,DP TRAVELS,DP TRAVEL'S,Private - NON AC,WB31A7782,Kolkata (Esplanade),Kolkata (Esplanade),Beta,6:05 AM,11:00 AM,,16,bussathi.in,https://bussathi.in/bus/270
bussathi-dulhan-205,DULHAN,,Private - NON AC,WB41K1492,Bankura,Bankura,Nabadwip,4:10 AM,10:00 AM,,18,bussathi.in,https://bussathi.in/bus/271
bussathi-duranta-206,DURANTA,,Private - NON AC,WB33D3786,Kharagpur,Kharagpur,Bankura,5:00 AM,9:50 AM,,15,bussathi.in,https://bussathi.in/bus/272
bussathi-duranta-207,DURANTA,,Private - NON AC,WB19G1816,Kalna,Kalna,Dhabani,6:10 AM,2:45 PM,,25,bussathi.in,https://bussathi.in/bus/274
bussathi-duranta-208,DURANTA,MAA TARINI TRAVELS,Private - NON AC,WB532315,Bejra,Bejra,Durgapur (Station),8:20 AM,12:40 PM,,7,bussathi.in,https://bussathi.in/bus/275
bussathi-duranta-express-209,DURANTA EXPRESS,,Private - NON AC,WB33D0149,Raipur,Raipur,Contai,5:10 AM,10:50 AM,,15,bussathi.in,https://bussathi.in/bus/276
bussathi-duranta-gati-210,DURANTA GATI,RANI TRAVELS,Private - NON AC,WB472446,Baharampur,Baharampur,Asansol,4:30 AM,10:45 AM,,18,bussathi.in,https://bussathi.in/bus/277
bussathi-duranto-211,DURANTO,,Private - NON AC,WB51C6819,Krishnanagar,Krishnanagar,Karimpur,8:20 AM,11:35 AM,,13,bussathi.in,https://bussathi.in/bus/278
bussathi-durdar-gati-212,DURDAR GATI,,Private - NON AC,WB41E4246,Salar,Salar,Asansol,4:50 AM,10:15 AM,,13,bussathi.in,https://bussathi.in/bus/279
bussathi-durga-0,DURGA,,Private - NON AC,WB17N2838,Badanganj,Badanganj,Kolkata,9:20 AM,2:00 PM,,15,bussathi.in,https://bussathi.in/bus/281
bussathi-durga-pratima-213,DURGA PRATIMA,,Private - NON AC,WB294254,Joyrampur,Joyrampur,Bankura,6:20 AM,8:35 AM,,5,bussathi.in,https://bussathi.in/bus/283
bussathi-durgesh-215,DURGESH,DAS TRAVEL'S,Private - AC,OD11AK1114,P More,P More,Bhubaneswar,5:30 PM,3:30 AM,,13,bussathi.in,https://bussathi.in/bus/284
bussathi-duronto-214,DURONTO,MAA TARINI TRAVELS,Private - NON AC,WB534964,Bolpur,Bolpur,Bankura,5:45 AM,9:30 AM,,10,bussathi.in,https://bussathi.in/bus/285
bussathi-eagle-217,EAGLE,,Private - NON AC,WB67D4433,Bishnupur,Bishnupur,Asansol,6:25 AM,10:15 AM,,12,bussathi.in,https://bussathi.in/bus/287
bussathi-firoz-218,FIROZ,,Private - NON AC,WB33C0638,Trilochanpur,Trilochanpur,Medinipur,3:10 PM,5:15 PM,,4,bussathi.in,https://bussathi.in/bus/288
bussathi-friends-219,FRIENDS,,&nbsp; Ac seater (2/2),WBC672280,Bishnupur,Bishnupur,Kolkata (Esplanade),6:20 AM,9:35 AM,,16,bussathi.in,https://bussathi.in/bus/289
bussathi-ganga-0,GANGA,,Private - NON AC,WB37D9825,Asansol,Asansol,Purulia,6:50 AM,9:30 AM,,8,bussathi.in,https://bussathi.in/bus/291
bussathi-ganga-221,GANGA,,Private - NON AC,WB37D3111,Asansol,Asansol,Purulia,7:45 AM,11:20 AM,,9,bussathi.in,https://bussathi.in/bus/292
bussathi-gangaram-0,GANGARAM,GANGARAM TRAVEL'S,Private - NON AC,WB33A3939,Digha,Digha,Medinipur,3:05 AM,7:00 AM,,8,bussathi.in,https://bussathi.in/bus/294
bussathi-gangaram-1,GANGARAM,GANGARAM TRAVEL'S,Private - NON AC,WB33C3477,Digha,Digha,Goaltore,5:55 AM,11:35 AM,,12,bussathi.in,https://bussathi.in/bus/295
bussathi-gangaram-2,GANGARAM,GANGARAM TRAVEL'S,Private - NON AC,WB33D2554,Contai,Contai,Jhargram,7:10 AM,11:10 AM,,9,bussathi.in,https://bussathi.in/bus/296
bussathi-garib-nawaz-222,GARIB NAWAZ,,Private - NON AC,WB55A7755,Sonathali,Sonathali,Bandwan,5:45 AM,10:30 AM,,9,bussathi.in,https://bussathi.in/bus/298
bussathi-garib-nawaz-224,GARIB NAWAZ,,Private - NON AC,WB55A2052,Purulia,Purulia,Jhargram,6:20 AM,12:00 PM,,16,bussathi.in,https://bussathi.in/bus/300
bussathi-ghare-baire-225,GHARE BAIRE,,Private - NON AC,WB67B1852,Bankura,Bankura,Jhargram,4:50 AM,8:40 AM,,14,bussathi.in,https://bussathi.in/bus/301
bussathi-ghosh-226,GHOSH,,Private - NON AC,WB51C1324,Shikarpur,Shikarpur,Bardhaman,4:20 AM,10:55 AM,,18,bussathi.in,https://bussathi.in/bus/302
bussathi-gitanjali-229,GITANJALI,,Private - NON AC,WB41K4141,Bardhaman,Bardhaman,Panskura,5:50 AM,10:00 AM,,21,bussathi.in,https://bussathi.in/bus/305
bussathi-gitanjali-230,GITANJALI,GITANJALI TRAVEL'S,Private - NON AC,WB512488,Chapra,Chapra,Baharampur,7:20 AM,10:45 AM,,7,bussathi.in,https://bussathi.in/bus/306
bussathi-gopinath-234,GOPINATH,,Private - NON AC,WB51B3307,Krishnanagar,Krishnanagar,Asansol,6:05 AM,12:05 PM,,18,bussathi.in,https://bussathi.in/bus/311
bussathi-gopinath-235,GOPINATH,SUDHAMOY TRAVEL'S,Private - NON AC,WB430066,Krishnanagar,Krishnanagar,Malda,6:10 AM,12:10 PM,,8,bussathi.in,https://bussathi.in/bus/312
bussathi-goutam-236,GOUTAM,GOUTAM TRAVEL'S,Private - NON AC,WB557677,Purulia,Purulia,Ajodhya Hills,10:30 AM,12:30 PM,,5,bussathi.in,https://bussathi.in/bus/313
bussathi-gram-bangla-237,GRAM BANGLA,,Private - NON AC,WB49N0837,Santasram,Santasram,Benachity,6:15 AM,10:05 AM,,18,bussathi.in,https://bussathi.in/bus/314
bussathi-green-valley-238,GREEN VALLEY,,Private - NON AC,WB33F2235,Mukutmanipur,Medinipur,Contai,10:00 AM,1:25 PM,,7,bussathi.in,https://bussathi.in/bus/316
bussathi-green-valley-240,GREEN VALLEY,,Private - AC,WB33M0982,Ramgarh,Ramgarh,Digha,7:35 AM,1:10 PM,,8,bussathi.in,https://bussathi.in/bus/318
bussathi-guddi-241,GUDDI,,Private - NON AC,WB677989,Bandwan,Bandwan,Bankura,6:40 AM,10:30 AM,,13,bussathi.in,https://bussathi.in/bus/319
bussathi-guddi-242,GUDDI,GUDDI TRAVELS,Private - NON AC,WB67B3351,Bishnupur,Bishnupur,Bankura,8:45 AM,11:10 AM,,9,bussathi.in,https://bussathi.in/bus/320
bussathi-gurjot-243,GURJOT,,Private - NON AC,WB41H6208,Nabadwip,Nabadwip,Asansol,5:10 AM,10:20 AM,,14,bussathi.in,https://bussathi.in/bus/321
bussathi-gurukripa-244,GURUKRIPA,,Private - NON AC,WB37D1548,Barakar,Barakar,Katwa,4:40 AM,10:15 AM,,14,bussathi.in,https://bussathi.in/bus/322
bussathi-gurunanak-245,GURUNANAK,,Private - AC,WB37E6817,Bankura,Bankura,Siliguri,6:00 PM,6:30 AM,,16,bussathi.in,https://bussathi.in/bus/323
bussathi-hamim-247,HAMIM,,Private - NON AC,WB67A9183,Bankura,Bankura,Jhargram,6:15 AM,10:40 AM,,15,bussathi.in,https://bussathi.in/bus/324
bussathi-hamim-246,HAMIM,,Private - NON AC,WB67A7107,Majuria,Majuria,Bankura,6:20 AM,9:20 AM,,10,bussathi.in,https://bussathi.in/bus/325
bussathi-hare-krishna-248,HARE KRISHNA,,Private - NON AC,WB11C1827,Ramgarh,Ramgarh,Medinipur,11:35 AM,2:00 PM,,8,bussathi.in,https://bussathi.in/bus/326
bussathi-hello-bangla-0,HELLO BANGLA,,Private - NON AC,WB37D9247,Bardhaman,Bardhaman,Asansol,9:25 AM,11:50 AM,,9,bussathi.in,https://bussathi.in/bus/327
bussathi-hilltop-super-0,HILLTOP SUPER,GOUTAM TRAVELS,Private - NON AC,WB55B6775,Purulia,Purulia,Baghmundi,11:05 AM,1:40 PM,,6,bussathi.in,https://bussathi.in/bus/328
bussathi-hira-mukta-249,HIRA MUKTA,,Private - NON AC,WB67C2031,Bankura,Bankura,Manbazar,1:00 PM,3:50 PM,,11,bussathi.in,https://bussathi.in/bus/330
bussathi-hitlar-250,HITLAR,,Private - NON AC,WB316982,Digha,Digha,Medinipur,7:10 AM,11:25 AM,,8,bussathi.in,https://bussathi.in/bus/331
bussathi-indira-252,INDIRA,INDRA TRAVELS,Private - NON AC,WB41B2819,Bankura,Bankura,Chelyama,5:40 AM,10:00 AM,,15,bussathi.in,https://bussathi.in/bus/333
bussathi-insat-253,INSAT,INSAT TRAVELS,Private - NON AC,WB57B3943,Jangipur,Jangipur,Kolkata (Esplanade),7:30 AM,3:00 PM,,13,bussathi.in,https://bussathi.in/bus/334
bussathi-ishan-254,ISHAN,,Private - NON AC,WB67C1858,Durgapur (Station),Durgapur (Station),Manbazar,7:00 AM,12:00 PM,,14,bussathi.in,https://bussathi.in/bus/335
bussathi-ishan-255,ISHAN,JAGUBABU TRAVELS,Private - NON AC,WB675218,Kutni,Kutni,Bankura,4:50 AM,8:40 AM,,10,bussathi.in,https://bussathi.in/bus/336
bussathi-ishika-256,ISHIKA,,Private - AC,WB41K2500,Chittaranjan,Chittaranjan,Digha,7:00 PM,5:00 AM,,20,bussathi.in,https://bussathi.in/bus/337
bussathi-ishika-257,ISHIKA,ISHIKA TRADERS,Private - NON AC,WB41G8198,Bardhaman,Bardhaman,Manbazar,5:10 AM,9:35 AM,,20,bussathi.in,https://bussathi.in/bus/338
bussathi-ishika-258,ISHIKA,ISHIKA TRAVELS,Private - NON AC,WB67C3233,Bankura,Bankura,Kalyani,6:30 AM,11:45 AM,,16,bussathi.in,https://bussathi.in/bus/339
bussathi-ishika-259,ISHIKA,ISHIKA TRAVEL'S,Private - NON AC,WB41D1237,Jhargram,Jhargram,Bardhaman,5:35 AM,11:40 AM,,21,bussathi.in,https://bussathi.in/bus/341
bussathi-ishika-260,ISHIKA,ISHIKA TRAVEL'S,Private - NON AC,WB67E3233,Durgapur (Station),Durgapur (Station),Bishnupur,9:40 AM,11:40 AM,,9,bussathi.in,https://bussathi.in/bus/342
bussathi-ishika-261,ISHIKA,ISHIKA TRADERS,Private - AC,WB41N2749,Durgapur (Station),Durgapur (Station),Kharagpur,8:30 AM,1:10 PM,,17,bussathi.in,https://bussathi.in/bus/343
bussathi-iswarchandra-0,ISWARCHANDRA,,Private - NON AC,WB33H8471,Kharagpur,Kharagpur,Durgapur (City Center),5:50 AM,11:00 AM,,18,bussathi.in,https://bussathi.in/bus/345
bussathi-jackson-0,JACKSON,,Private - AC,WB29H4299,Kolkata (Esplanade),Kolkata (Esplanade),Digha,8:00 AM,12:30 PM,,16,bussathi.in,https://bussathi.in/bus/346
bussathi-jagannath-travels-0,JAGANNATH TRAVELS,JAGANNATH TRAVELS,Private - NON AC,WB50AA6970,Khetua,Khetua,Kolkata,8:30 AM,1:30 PM,,25,bussathi.in,https://bussathi.in/bus/347
bussathi-jagubabu-0,JAGUBABU,,Private - NON AC,WB67B7502,Fulkusma,Fulkusma,Bankura,1:25 PM,4:10 PM,,10,bussathi.in,https://bussathi.in/bus/348
bussathi-jai-maa-durga-262,JAI MAA DURGA,,Private - NON AC,WB55B2323,Bandwan,Bandwan,Kolkata (Esplanade),5:00 AM,10:40 AM,,22,bussathi.in,https://bussathi.in/bus/350
bussathi-jai-maa-durga-264,JAI MAA DURGA,,Private - NON AC,WB55B1765,Manbazar,Manbazar,Kolkata (Esplanade),4:10 AM,10:40 AM,,23,bussathi.in,https://bussathi.in/bus/351
bussathi-jai-maa-durga-263,JAI MAA DURGA,,Private - NON AC,WB55B5471,Bandwan,Bandwan,Asansol,5:15 AM,10:40 AM,,16,bussathi.in,https://bussathi.in/bus/352
bussathi-janaki-268,JANAKI,,Private - NON AC,WB170057,Chandrakona Town,Chandrakona Town,Howrah,3:35 AM,7:45 AM,,19,bussathi.in,https://bussathi.in/bus/358
bussathi-jay-maa-durga-0,JAY MAA DURGA,JAY MAA DURGA TRAVELS,Private - NON AC,WB55A7283,Bankura,Bankura,Tatanagar,4:50 AM,9:30 AM,,13,bussathi.in,https://bussathi.in/bus/362
bussathi-jinia-272,JINIA,,Private - NON AC,WB39D0748,Asansol,Asansol,Digha,6:10 AM,4:40 PM,,25,bussathi.in,https://bussathi.in/bus/365
bussathi-jinia-275,JINIA,,Private - NON AC,WB39B7718,Durgapur (City Center),Durgapur (City Center),Digha,7:50 AM,5:00 PM,,22,bussathi.in,https://bussathi.in/bus/367
bussathi-jinia-276,JINIA,,Private - NON AC,WB39B8959,Name : Durgapur (Station),Durgapur (Station),Purulia,7:15 AM,11:40 AM,,15,bussathi.in,https://bussathi.in/bus/368
bussathi-jinia-277,JINIA,JINIA TRAVEL'S,Private - NON AC,WB37H1264,Asansol,Asansol,Digha,6:30 PM,3:05 AM,,28,bussathi.in,https://bussathi.in/bus/369
bussathi-jinia-278,JINIA,JINIA TRAVEL'S,Private - AC,WB37L2157,Asansol,Asansol,Digha,7:50 PM,5:15 AM,,16,bussathi.in,https://bussathi.in/bus/370
bussathi-jinia-279,JINIA,JINIA TRAVEL'S,Private - AC,WB37L1903,Durgapur (City Center),Durgapur (City Center),Digha,7:05 PM,3:40 AM,,19,bussathi.in,https://bussathi.in/bus/371
bussathi-joy-baba-khetrapal-281,JOY BABA KHETRAPAL,JOY BABA KHETRAPAL TRAVELS,Private - NON AC,WB33C8448,Patharpara,Patharpara,Durgapur (Station),5:15 AM,11:35 AM,,17,bussathi.in,https://bussathi.in/bus/372
bussathi-joy-baba-khetrapal-280,JOY BABA KHETRAPAL,JOY BABA KHETRAPAL TRAVELS,Private - NON AC,WB33D3996,Amlasuli,Amlasuli,Bankura,11:45 AM,1:50 PM,,8,bussathi.in,https://bussathi.in/bus/373
bussathi-joy-baba-khetrapal-282,JOY BABA KHETRAPAL,JOY BABA KHETRAPAL TRAVELS,Private - NON AC,WB33A8549,Kharkushma,Kharkushma,Sarenga,11:30 AM,1:55 PM,,6,bussathi.in,https://bussathi.in/bus/374
bussathi-joy-baba-khetrapal-283,JOY BABA KHETRAPAL,JOY BABA KHETRAPAL TRAVELS,Private - NON AC,WB33B0191,Patharpara,Patharpara,Medinipur,7:20 AM,11:00 PM,,11,bussathi.in,https://bussathi.in/bus/376
bussathi-joy-baba-khetrapal-284,JOY BABA KHETRAPAL,JOY BABA KHETRAPAL TRAVELS,Private - NON AC,WB25C2394,Amlasuli,Amlasuli,Medinipur,6:45 AM,10:05 AM,,8,bussathi.in,https://bussathi.in/bus/377
bussathi-joy-baba-khetrapal-0,JOY BABA KHETRAPAL,JOY BABA KHETRAPAL TRAVELS,Private - NON AC,WB33B3932,Amlasuli,Amlasuli,Jhargram,7:30 AM,10:50 AM,,7,bussathi.in,https://bussathi.in/bus/378
bussathi-joy-baba-khetrapal-1,JOY BABA KHETRAPAL,JOY SRI KRISHNA TRAVELS,Private - NON AC,WB33F2448,Bishnupur,Bishnupur,Tatanagar,5:30 AM,10:45 AM,,19,bussathi.in,https://bussathi.in/bus/379
bussathi-joy-baba-lokenath-0,JOY BABA LOKENATH,,Private - NON AC,WB49N2226,Gadiara,Gadiara,Bishnupur,4:50 AM,11:30 AM,,24,bussathi.in,https://bussathi.in/bus/381
bussathi-joy-baba-sannyasi-285,JOY BABA SANNYASI,,Private - NON AC,WB676140,Bankura,Bankura,Jhargram,7:15 AM,12:40 PM,,12,bussathi.in,https://bussathi.in/bus/382
bussathi-joy-bangla-287,JOY BANGLA,,Private - NON AC,WB37E5447,Asansol,Asansol,Krishnanagar,6:25 AM,12:15 PM,,17,bussathi.in,https://bussathi.in/bus/384
bussathi-joy-bharat-mata-288,JOY BHARAT MATA,,Private - NON AC,WB55B2460,Jhargram,Jhargram,Purulia,5:15 AM,9:40 AM,,12,bussathi.in,https://bussathi.in/bus/385
bussathi-joy-bharat-mata-289,JOY BHARAT MATA,,Private - NON AC,WB55A3080,Balarampur,Balarampur,Khatra,6:20 AM,10:20 AM,,10,bussathi.in,https://bussathi.in/bus/387
bussathi-joy-bharat-mata-290,JOY BHARAT MATA,,Private - NON AC,WB554568,Purulia,Purulia,Barabazar,11:20 AM,12:35 PM,,5,bussathi.in,https://bussathi.in/bus/388
bussathi-joy-gopal-291,JOY GOPAL,,Private - NON AC,WB33A4569,Bankura,Bankura,Jhargram,6:30 AM,10:50 AM,,14,bussathi.in,https://bussathi.in/bus/390
bussathi-joy-goram-293,JOY GORAM,KALYAN TRAVEL'S,Private - NON AC,WB55A8004,Purulia,Purulia,Medinipur,4:50 AM,10:40 AM,,18,bussathi.in,https://bussathi.in/bus/392
bussathi-joy-jishu-294,JOY JISHU,Tanveer Line,Private - NON AC,WB51C7231,Bardhaman,Bardhaman,Manbazar,6:25 AM,11:05 AM,,19,bussathi.in,https://bussathi.in/bus/394
bussathi-joy-maa-0,JOY MAA,,Private - NON AC,WB15C0610,Bankura,Bankura,Durgapur (Station),3:00 PM,4:25 PM,,5,bussathi.in,https://bussathi.in/bus/396
bussathi-joy-maa-1,JOY MAA,,Private - NON AC,WB675786,Bankura,Bankura,Chandrakona Road,6:50 AM,11:10 AM,,12,bussathi.in,https://bussathi.in/bus/397
bussathi-joy-maa-2,JOY MAA,KHAN TRAVELS,Private - NON AC,WB11C7140,Bankura,Bankura,Tarkeshwar,5:45 AM,10:10 AM,,13,bussathi.in,https://bussathi.in/bus/398
bussathi-joy-maa-chandi-295,JOY MAA CHANDI,,Private - NON AC,WB67A7259,Bankura,Bankura,Tarkeshwar,9:35 AM,2:10 PM,,13,bussathi.in,https://bussathi.in/bus/400
bussathi-joy-maa-tara-296,JOY MAA TARA,,Private - NON AC,WB41B8613,Jamtoria,Jamtoria,Bankura,6:50 AM,10:30 AM,,11,bussathi.in,https://bussathi.in/bus/401
bussathi-joy-maa-tara-297,JOY MAA TARA,,Private - NON AC,WB67C1196,Jorda,Jorda,Bankura,6:40 AM,10:20 AM,,9,bussathi.in,https://bussathi.in/bus/402
bussathi-joy-mahaprabhu-298,JOY MAHAPRABHU,,Private - NON AC,WB29C3343,Mundumari,Mundumari,Karunamoyee,4:40 AM,9:10 AM,,18,bussathi.in,https://bussathi.in/bus/403
bussathi-joy-mata-di-299,JOY MATA DI,,Private - NON AC,WB37D3015,Chittaranjan,Chittaranjan,Kalna,6:00 AM,12:30 PM,,13,bussathi.in,https://bussathi.in/bus/404
bussathi-joy-srikrishna-300,JOY SRIKRISHNA,,Private - NON AC,WB67B5278,Gopiballabpur,Gopiballabpur,Bankura,4:35 AM,9:20 AM,,14,bussathi.in,https://bussathi.in/bus/405
bussathi-joydev-301,JOYDEV,JOYDEV TRAVELS,Private - NON AC,WB554321,Khatra,Khatra,Purulia,6:00 AM,9:50 AM,,9,bussathi.in,https://bussathi.in/bus/406
bussathi-jugal-chakra-302,JUGAL CHAKRA,,Private - NON AC,WB55A3959,Purulia,Purulia,Simlapal,8:00 AM,12:10 PM,,17,bussathi.in,https://bussathi.in/bus/407
bussathi-jugal-chakra-303,JUGAL CHAKRA,,Private - NON AC,WB33D3687,Purulia,Purulia,Bankura,8:15 AM,10:30 AM,,9,bussathi.in,https://bussathi.in/bus/408
bussathi-jugalsmriti-304,JUGALSMRITI,,Private - NON AC,WB531988,Bolpur,Bolpur,Krishnanagar,5:10 AM,9:30 AM,,12,bussathi.in,https://bussathi.in/bus/409
bussathi-k-g-n-306,K.G.N.,,Private - NON AC,WB29A8176,Howrah,Howrah,Egra,6:00 AM,11:10 AM,,16,bussathi.in,https://bussathi.in/bus/411
bussathi-kaberi-307,KABERI,KABERI TRAVELS,Private - NON AC,WB33D4039,Anandapur,Anandapur,Kamalgazi,4:35 AM,10:25 AM,,17,bussathi.in,https://bussathi.in/bus/412
bussathi-kabita-308,KABITA,KABITA TRAVELS,Private - NON AC,WB39B8849,Gopiballabpur,Gopiballabpur,Durgapur (Station),3:40 AM,8:35 AM,,20,bussathi.in,https://bussathi.in/bus/413
bussathi-kailash-0,KAILASH,,Private - NON AC,WB33C8899,Kharagpur,Kharagpur,Tarkeshwar,4:10 AM,8:30 AM,,15,bussathi.in,https://bussathi.in/bus/414
bussathi-kailash-1,KAILASH,,Private - NON AC,WB55B2398,Jhantipahari,Jhantipahari,Purulia,6:10 AM,10:00 AM,,11,bussathi.in,https://bussathi.in/bus/415
bussathi-kailaspati-309,KAILASPATI,,Private - NON AC,WB15B8657,Chandrakona Road,Chandrakona Road,Bardhaman,5:50 AM,10:00 AM,,13,bussathi.in,https://bussathi.in/bus/417
bussathi-kakatua-310,KAKATUA,,Private - NON AC,WB39B8008,Pandaveswar,Pandaveswar,Purulia,7:40 AM,1:10 PM,,11,bussathi.in,https://bussathi.in/bus/418
bussathi-kali-shankar-312,KALI SHANKAR,,Private - NON AC,WB55D1411,Ranchi,Ranchi,Tatanagar,5:40 AM,11:45 AM,,7,bussathi.in,https://bussathi.in/bus/420
bussathi-kalika-313,KALIKA,KALIKA TRAVELS,Private - NON AC,WB55A1329,Purulia,Purulia,Sarenga,5:00 AM,10:10 AM,,13,bussathi.in,https://bussathi.in/bus/421
bussathi-kalimata-314,KALIMATA,KALIMATA TRAVELS,Private - NON AC,WB53C1178,Babuijore,Babuijore,Bardhaman,4:50 AM,8:50 AM,,11,bussathi.in,https://bussathi.in/bus/422
bussathi-kalpana-318,KALPANA,KALPANA TRAVELS,Private - NON AC,WB33C8103,Jayrambati,Jayrambati,Bankura,4:45 AM,8:00 AM,,8,bussathi.in,https://bussathi.in/bus/426
bussathi-kalpana-320,KALPANA,KALPANA TRAVEL'S,Private - NON AC,WB676084,Bankura,Bankura,Tarkeshwar,7:55 AM,12:30 PM,,13,bussathi.in,https://bussathi.in/bus/428
bussathi-kalpataru-319,KALPATARU,KALPATARU TRAVELS,Private - NON AC,WB492695,Jhargram,Jhargram,Medinipur,3:30 PM,4:55 PM,,4,bussathi.in,https://bussathi.in/bus/429
bussathi-kalyan-322,KALYAN TRAVELS,Kalyan Travels,Private - NON AC,WB 55B 9666,Jhalda,Jhalda,Jhargram,4:00 AM,10:00 AM,,25,bussathi.in,https://bussathi.in/bus/430
bussathi-kalyan-323,KALYAN,,Private - NON AC,WB55B8822,Jhargram,Jhargram,Purulia,5:00 AM,10:40 AM,,15,bussathi.in,https://bussathi.in/bus/431
bussathi-kalyan-324,KALYAN,KALYAN TRAVEL'S,Private - NON AC,WB55B9662,Jhargram,Jhargram,Purulia,6:50 AM,1:00 PM,,12,bussathi.in,https://bussathi.in/bus/433
bussathi-kalyan-325,KALYAN,KALYAN TRAVEL'S,Private - NON AC,WB55B1459,Purulia,Purulia,Ajodhya Hills,2:05 PM,3:40 PM,,5,bussathi.in,https://bussathi.in/bus/435
bussathi-kandari-326,KANDARI,,Private - NON AC,WB41F9293,Bardhaman,Bardhaman,Baharampur,4:35 AM,9:30 AM,,10,bussathi.in,https://bussathi.in/bus/436
bussathi-kangsabati-327,KANGSABATI,,Private - NON AC,WB55A4949,Ranchi,Ranchi,Bardhaman,6:25 AM,3:00 PM,,21,bussathi.in,https://bussathi.in/bus/437
bussathi-kangsabati-328,KANGSABATI,,Private - NON AC,WB55A4296,Bardhaman,Bardhaman,Ranchi,5:40 AM,3:00 PM,,21,bussathi.in,https://bussathi.in/bus/438
bussathi-kangshaboti-329,KANGSHABOTI,,Private - NON AC,MP66ZD3330,Ranibandh,Ranibandh,Kolkata (Esplanade),4:55 AM,10:40 AM,,17,bussathi.in,https://bussathi.in/bus/439
bussathi-karunamoyee-330,KARUNAMOYEE,,Private - NON AC,WB67C1441,Raniganj,Raniganj,Kashipur,5:25 AM,9:50 AM,,18,bussathi.in,https://bussathi.in/bus/440
bussathi-kathakoli-331,KATHAKOLI,,Private - NON AC,WB972945,Raipur,Raipur,Belda,5:35 AM,10:50 AM,,13,bussathi.in,https://bussathi.in/bus/441
bussathi-khagraj-333,KHAGRAJ,,Private - NON AC,WB33F1774,Hoomgarh,Hoomgarh,Medinipur,10:55 AM,1:00 PM,,7,bussathi.in,https://bussathi.in/bus/443
bussathi-kojagari-334,KOJAGARI,,Private - AC,WB33M2343,Keshpur,Keshpur,Digha,5:30 AM,10:50 AM,,10,bussathi.in,https://bussathi.in/bus/444
bussathi-kojagari-0,KOJAGARI,,Private - AC,WB33M4796,Medinipur,Medinipur,Digha,5:55 AM,8:55 AM,,9,bussathi.in,https://bussathi.in/bus/446
bussathi-putul-0,PUTUL,,Private - NON AC,WB67A9040,Bankura,Bankura,Purulia,5:45 AM,12:00 PM,,18,bussathi.in,https://bussathi.in/bus/447
bussathi-krishna-0,KRISHNA,,Private - NON AC,WB336326,Molian,Molian,Kashipur,6:30 AM,12:00 PM,,15,bussathi.in,https://bussathi.in/bus/448
bussathi-krishna-gopal-0,KRISHNA GOPAL,,Private - NON AC,WB41D8684,Bardhaman,Bardhaman,Bankura,6:00 AM,10:50 AM,,17,bussathi.in,https://bussathi.in/bus/449
bussathi-krishna-gopal-1,KRISHNA GOPAL,DUTTA MOTORS,Private - NON AC,WB496696,Fulkusma,Fulkusma,Tarkeshwar,6:40 AM,12:20 PM,,17,bussathi.in,https://bussathi.in/bus/450
bussathi-krishna-gopal-335,KRISHNA GOPAL,,Private - NON AC,WB41J4584,Arambagh,Arambagh,Asansol,5:30 AM,9:30 AM,,13,bussathi.in,https://bussathi.in/bus/451
bussathi-krishnachura-338,KRISHNACHURA,MAA SANAKA TRAVEL'S,Private - NON AC,WB11C5875,Goaltore,Goaltore,Medinipur,2:00 PM,4:20 PM,,6,bussathi.in,https://bussathi.in/bus/454
bussathi-kuhelika-340,KUHELIKA,KUHELIKA PARIBAHAN,Private - NON AC,WB41G5115,Bardhaman,Bardhaman,Kharagpur,6:05 AM,10:50 AM,,16,bussathi.in,https://bussathi.in/bus/456
bussathi-lal-kamal-342,LAL KAMAL,,Private - NON AC,WB29C1146,Hura,Hura,Kharagpur,4:45 AM,11:30 AM,,16,bussathi.in,https://bussathi.in/bus/457
bussathi-lal-parul-343,LAL PARUL,,Private - NON AC,WB67B1994,Bankura,Bankura,Barabazar,8:15 AM,12:00 PM,,12,bussathi.in,https://bussathi.in/bus/460
bussathi-lal-parul-344,LAL PARUL,,Private - NON AC,WB67G9535,Bankura,Bankura,Medinipur,6:10 AM,10:30 AM,,14,bussathi.in,https://bussathi.in/bus/461
bussathi-lal-parul-0,LAL PARUL,,Private - NON AC,WB67C1598,Bankura,Bankura,Medinipur,7:15 AM,11:30 AM,,14,bussathi.in,https://bussathi.in/bus/463
bussathi-lal-parul-1,LAL PARUL,,Private - NON AC,WB67B7403,Bankura,Bankura,Durgapur (Station),12:35 PM,2:00 PM,,5,bussathi.in,https://bussathi.in/bus/465
bussathi-lalkamal-346,LALKAMAL,,Private - NON AC,WB33C1916,Medinipur,Medinipur,Ghatal,6:05 AM,11:15 AM,,17,bussathi.in,https://bussathi.in/bus/466
bussathi-lalkamal-347,LALKAMAL,,Private - NON AC,WB319067,Harinarayanpur,Harinarayanpur,Medinipur,7:00 AM,11:00 AM,,13,bussathi.in,https://bussathi.in/bus/468
bussathi-lalkamal-348,LALKAMAL,,Private - NON AC,WB33L8127,Kharagpur,Kharagpur,Manbazar,4:20 AM,9:00 AM,,18,bussathi.in,https://bussathi.in/bus/469
bussathi-laxmi-janardan-349,LAXMI JANARDAN,,Private - NON AC,WB33E1199,Trilochanpur,Trilochanpur,Bandwan,5:10 AM,10:45 AM,,19,bussathi.in,https://bussathi.in/bus/471
bussathi-laxmi-janardan-352,LAXMI JANARDAN,,Private - NON AC,WB55A7758,Manbazar,Manbazar,Jhargram,8:05 AM,11:05 AM,,9,bussathi.in,https://bussathi.in/bus/474
bussathi-laxmi-narayan-353,LAXMI NARAYAN,,Private - NON AC,WB33A9341,Srinagar,Srinagar,Fulkusma,6:45 AM,11:10 AM,,13,bussathi.in,https://bussathi.in/bus/476
bussathi-laxmi-narayan-0,LAXMI NARAYAN,,Private - NON AC,WB31AC1498,Digha,Digha,Raipur,4:20 AM,10:30 AM,,16,bussathi.in,https://bussathi.in/bus/478
bussathi-laxmi-narayan-1,LAXMI NARAYAN,,Private - NON AC,WB29B6676,Chandrakona Road,Chandrakona Road,Silda,5:55 AM,12:00 PM,,12,bussathi.in,https://bussathi.in/bus/479
bussathi-laxmi-priya-0,LAXMI PRIYA,,Private - NON AC,WB33A2338,Bishnupur,Bishnupur,Medinipur,8:30 AM,11:30 AM,,10,bussathi.in,https://bussathi.in/bus/480
bussathi-laxmipriya-0,LAXMIPRIYA,,Private - NON AC,WB67A0036,Lakshmisagar,Lakshmisagar,Bankura,6:40 AM,8:50 AM,,7,bussathi.in,https://bussathi.in/bus/482
bussathi-laxmipriya-1,LAXMIPRIYA,LAXMIPRIYA TRAVELS,Private - NON AC,WB33A9065,Lakshmisagar,Lakshmisagar,Bankura,6:00 AM,8:10 AM,,6,bussathi.in,https://bussathi.in/bus/483
bussathi-love-express-355,LOVE EXPRESS,,Private - NON AC,WB49N2161,Ranichak,Ranichak,Sonarpur,5:40 AM,10:50 AM,,14,bussathi.in,https://bussathi.in/bus/484
bussathi-maa-anandamoyee-356,MAA ANANDAMOYEE,,Private - NON AC,WB33D9706,Kantakhali,Kantakhali,Amlasuli,4:50 AM,10:50 AM,,15,bussathi.in,https://bussathi.in/bus/485
bussathi-maa-aparna-358,MAA APARNA,JOY BABA SANYASI,Private - NON AC,WB673945,Bankura,Bankura,Jhargram,10:20 AM,1:55 PM,,14,bussathi.in,https://bussathi.in/bus/488
bussathi-maa-arati-359,MAA ARATI,,Private - NON AC,WB41P6364,Nabadwip,Nabadwip,Bankura,4:55 AM,11:10 AM,,16,bussathi.in,https://bussathi.in/bus/489
bussathi-maa-bagala-360,MAA BAGALA,,Private - NON AC,WB33A5329,Contai,Contai,Fulkusma,7:25 AM,10:25 AM,,13,bussathi.in,https://bussathi.in/bus/491
bussathi-maa-bagala-361,MAA BAGALA,,Private - NON AC,WB33A6969,Khatra,Khatra,Contai,4:00 AM,10:15 AM,,17,bussathi.in,https://bussathi.in/bus/493
bussathi-maa-bargabhima-0,MAA BARGABHIMA,,Private - NON AC,WB67C1592,Bankura,Bankura,Barakar,5:45 AM,10:10 AM,,15,bussathi.in,https://bussathi.in/bus/496
bussathi-maa-bargabhima-1,MAA BARGABHIMA,,Private - NON AC,WB67C2129,Manbazar,Manbazar,Bankura,7:40 AM,10:15 AM,,10,bussathi.in,https://bussathi.in/bus/497
bussathi-maa-basanti-0,MAA BASANTI,TRISHIT TRAVELS,Private - NON AC,WB55B5653,Manbazar,Manbazar,Purulia,8:50 AM,11:45 AM,,7,bussathi.in,https://bussathi.in/bus/499
bussathi-maa-basuli-0,MAA BASULI,,Private - NON AC,WB67C1476,Patharmora,Patharmora,Bankura,5:25 AM,8:30 AM,,7,bussathi.in,https://bussathi.in/bus/500
bussathi-maa-bejale-0,MAA BEJALE,MAA BEJALE TRAVEL'S,Private - NON AC,WB50AB1379,Balaipanda,Balaipanda,Bardhaman,3:35 AM,9:50 AM,,24,bussathi.in,https://bussathi.in/bus/501
bussathi-maa-bela-363,MAA BELA,,Private - NON AC,WB25F6207,Boga,Boga,Bankura,7:00 AM,9:50 AM,,12,bussathi.in,https://bussathi.in/bus/502
bussathi-maa-belyamoni-364,MAA BELYAMONI,,Private - NON AC,WB31A7714,Jaleswar,Jaleswar,Kukrahati,5:35 AM,9:40 AM,,12,bussathi.in,https://bussathi.in/bus/503
bussathi-maa-bhabani-365,MAA BHABANI,,Private - NON AC,WB33A5689,Kharagpur,Kharagpur,Tarkeshwar,4:40 AM,9:30 AM,,20,bussathi.in,https://bussathi.in/bus/504
bussathi-maa-bhawani-368,MAA BHAWANI,,Private - NON AC,WB33D5389,Kharagpur,Kharagpur,Bardhaman,5:40 AM,10:50 AM,,17,bussathi.in,https://bussathi.in/bus/505
bussathi-maa-chandi-369,MAA CHANDI,,Private - NON AC,WB67A1199,Gopalnagar,Gopalnagar,Bankura,5:20 AM,8:30 AM,,12,bussathi.in,https://bussathi.in/bus/507
bussathi-maa-chandi-370,MAA CHANDI,MAA SARADA BUS SERVICE,Private - NON AC,WB67B5415,Boga,Boga,Bankura,6:00 AM,10:10 AM,,9,bussathi.in,https://bussathi.in/bus/511
bussathi-maa-chandi-372,MAA CHANDI,,Private - NON AC,WB33D5432,Guniada,Guniada,Bankura,4:40 AM,6:50 AM,,11,bussathi.in,https://bussathi.in/bus/513
bussathi-maa-chinnamasta-373,MAA CHINNAMASTA,,Private - NON AC,WB55A2590,Manbazar,Manbazar,Purulia,11:10 AM,1:10 PM,,6,bussathi.in,https://bussathi.in/bus/514
bussathi-maa-dangarkali-374,MAA DANGARKALI,,Private - NON AC,WB67C1849,Budbud,Budbud,Manbazar,3:45 AM,10:20 AM,,19,bussathi.in,https://bussathi.in/bus/515
bussathi-maa-dulali-377,MAA DULALI,,Private - NON AC,WB67C0600,Kashipur,Kashipur,Budbud,5:00 AM,10:00 AM,,22,bussathi.in,https://bussathi.in/bus/517
bussathi-maa-dulali-376,MAA DULALI,MAA DULALI TRAVELS,Private - NON AC,WB676805,Bankura,Bankura,Saltora,10:15 AM,11:40 AM,,10,bussathi.in,https://bussathi.in/bus/518
bussathi-maa-durga-378,MAA DURGA,,Private - NON AC,WB673278,Bankura,Bankura,Manbazar,7:05 AM,10:30 AM,,9,bussathi.in,https://bussathi.in/bus/520
bussathi-maa-durga-379,MAA DURGA,,Private - NON AC,WB33B5942,Khatra,Khatra,Contai,4:30 AM,10:45 AM,,14,bussathi.in,https://bussathi.in/bus/522
bussathi-maa-durga-380,MAA DURGA,,Private - NON AC,WB37A9721,Durgapur (Station),Durgapur (Station),Manbazar,7:00 AM,12:00 PM,,14,bussathi.in,https://bussathi.in/bus/523
bussathi-maa-durga-382,MAA DURGA,MAA DURGA TRAVELS,Private - NON AC,WB67A1120,Manbazar,Manbazar,Bankura,11:00 AM,1:30 PM,,12,bussathi.in,https://bussathi.in/bus/524
bussathi-maa-durga-381,MAA DURGA,MAA DURGA TRAVELS,Private - NON AC,WB67D0094,Pairachali,Pairachali,Barakar,7:00 AM,10:15 AM,,11,bussathi.in,https://bussathi.in/bus/525
bussathi-maa-gandheswari-0,MAA GANDHESWARI,,Private - NON AC,WB33D6120,Bankura,Bankura,Hatibari,5:10 AM,10:05 AM,,16,bussathi.in,https://bussathi.in/bus/528
bussathi-maa-ganga-0,MAA GANGA,,Private - NON AC,WB673402,Chichra,Chichra,Bankura,5:45 AM,10:30 AM,,14,bussathi.in,https://bussathi.in/bus/529
bussathi-maa-ghagarburi-0,MAA GHAGARBURI,SWAPAN TRAVELS,Private - NON AC,WB37K7161,Asansol,Asansol,Katwa,6:10 AM,10:50 AM,,12,bussathi.in,https://bussathi.in/bus/530
bussathi-maa-ghangar-buri-0,MAA GHANGAR BURI,,Private - NON AC,WB37E2838,Runakuraghat,Runakuraghat,Bankura,6:20 AM,10:50 AM,,15,bussathi.in,https://bussathi.in/bus/531
bussathi-maa-gita-0,MAA GITA,,Private - NON AC,WB672222,Nadihi,Nadihi,Bankura,1:30 PM,3:40 PM,,11,bussathi.in,https://bussathi.in/bus/532
bussathi-maa-harimoti-385,MAA HARIMOTI,,Private - NON AC,WB55A3159,Chittaranjan,Chittaranjan,Purulia,7:10 AM,11:20 AM,,6,bussathi.in,https://bussathi.in/bus/535
bussathi-maa-jagaddhatri-388,MAA JAGADDHATRI,MAA JOGODDHATRI BUS SERVICE,Private - NON AC,WB41G8623,Dainhat,Dainhat,Asansol,5:15 AM,10:40 AM,,12,bussathi.in,https://bussathi.in/bus/539
bussathi-maa-jagatgouri-387,MAA JAGATGOURI,,Private - NON AC,WB37E3393,Chhirudi,Chhirudi,Bankura,6:00 AM,7:55 AM,,6,bussathi.in,https://bussathi.in/bus/540
bussathi-maa-kalyani-396,MAA KALYANI,,Private - NON AC,WB55B0815,Bandwan,Bandwan,Purulia,8:40 AM,12:10 PM,,8,bussathi.in,https://bussathi.in/bus/548
bussathi-maa-kalyani-0,MAA KALYANI,,Private - NON AC,WB554287,Bandwan,Bandwan,Dishergarh,6:15 AM,11:30 AM,,14,bussathi.in,https://bussathi.in/bus/549
bussathi-maa-kamakhya-0,MAA KAMAKHYA,,Private - NON AC,WB678911,Kamarpukur,Kamarpukur,Saltora,6:00 AM,11:25 AM,,18,bussathi.in,https://bussathi.in/bus/550
bussathi-maa-karunamoyee-400,MAA KARUNAMOYEE,,Private - NON AC,WB37D9563,Asansol,Asansol,Khatra,6:10 AM,11:15 AM,,18,bussathi.in,https://bussathi.in/bus/554
bussathi-maa-kokondeshwari-402,MAA KOKONDESHWARI,,Private - NON AC,WB49N2163,Mecheda,Mecheda,Bardhaman,9:15 AM,2:15 PM,,19,bussathi.in,https://bussathi.in/bus/558
bussathi-maa-lakshmi-403,MAA LAKSHMI,,Private - NON AC,WB37E1703,Belpahari,Belpahari,Kolkata (Esplanade),6:00 PM,3:45 AM,,28,bussathi.in,https://bussathi.in/bus/560
bussathi-maa-laxmi-0,MAA LAXMI,,Private - NON AC,WB67A5683,Madanmohanpur,Madanmohanpur,Asansol,5:00 AM,11:20 AM,,15,bussathi.in,https://bussathi.in/bus/562
bussathi-maa-laxmi-1,MAA LAXMI,MAA LAXMI TRAVELS,Private - NON AC,WB17N4203,Badanganj,Badanganj,Tarkeshwar,12:30 PM,2:35 PM,,7,bussathi.in,https://bussathi.in/bus/565
bussathi-maa-laxmi-405,MAA LAXMI,,Private - AC,WB29H2171,Solpatta,Solpatta,Barasat,3:05 AM,8:50 AM,,23,bussathi.in,https://bussathi.in/bus/567
bussathi-maa-manasa-409,MAA MANASA,,Private - NON AC,WB41H3201,Bardhaman,Bardhaman,Purulia,4:50 AM,10:05 AM,,20,bussathi.in,https://bussathi.in/bus/571
bussathi-maa-manasa-408,MAA MANASA,,Private - NON AC,WB33C6926,Fulkusma,Fulkusma,Bankura,5:50 AM,8:30 AM,,10,bussathi.in,https://bussathi.in/bus/572
bussathi-maa-manasa-410,MAA MANASA,,Private - NON AC,WB675995,Mayta,Mayta,Bankura,5:40 AM,9:40 AM,,11,bussathi.in,https://bussathi.in/bus/573
bussathi-maa-manasa-413,MAA MANASA,PARAMANASHA TTRAVELS,Private - NON AC,WB41G0834,Benachity,Benachity,Krishnanagar,5:45 AM,10:45 AM,,12,bussathi.in,https://bussathi.in/bus/576
bussathi-maa-manasa-414,MAA MANASA,,Private - NON AC,WB67B4318,Bankura,Bankura,Bishnupur,9:40 AM,12:30 PM,,9,bussathi.in,https://bussathi.in/bus/578
bussathi-maa-manasa-debi-0,MAA MANASA DEBI,,Private - NON AC,WB55B7174,Balarampur,Balarampur,Bankura,7:00 AM,11:40 AM,,13,bussathi.in,https://bussathi.in/bus/579
bussathi-maa-nachinda-0,MAA NACHINDA,,Private - NON AC,WB29A5143,Haldia,Haldia,Bankura,4:10 AM,11:10 AM,,30,bussathi.in,https://bussathi.in/bus/582
bussathi-maa-parameswari-415,MAA PARAMESWARI,,Private - NON AC,WB673983,Manihara,Manihara,Bankura,1:20 PM,3:00 PM,,7,bussathi.in,https://bussathi.in/bus/584
bussathi-maa-parbati-417,MAA PARBATI,,Private - NON AC,WB55A4939,Kashipur,Kashipur,Bankura,10:40 AM,12:35 PM,,9,bussathi.in,https://bussathi.in/bus/586
bussathi-maa-parbati-418,MAA PARBATI,MURMU TRAVELS,Private - NON AC,WB39B2707,Durgapur (City Center),Durgapur (City Center),Manbazar,5:20 AM,11:20 AM,,17,bussathi.in,https://bussathi.in/bus/587
bussathi-maa-parul-419,MAA PARUL (Maa Santoshi),Maa Parul,Private,WB 67 3747 & WB 67C 2099,Jayrambati,Jayrambati,Durgapur (Station),4:30 AM,9:55 AM,,17,bussathi.in,https://bussathi.in/bus/588
bussathi-maa-parul-420,MAA PARUL,,Private - NON AC,WB679467,Bankura,Bankura,Khatra,2:40 PM,4:30 PM,,8,bussathi.in,https://bussathi.in/bus/589
bussathi-maa-parwati-421,MAA PARWATI,MAA PARWATI TRAVEL'S,Private - NON AC,JH05EA6792,Tatanagar,Tatanagar,Bankura,8:30 AM,1:00 PM,,16,bussathi.in,https://bussathi.in/bus/590
bussathi-maa-rakshakali-423,MAA RAKSHAKALI,,Private - NON AC,WB33C4915,Jhargram,Jhargram,Bankura,6:00 AM,10:10 AM,,14,bussathi.in,https://bussathi.in/bus/592
bussathi-maa-sabitri-425,MAA SABITRI,,Private - NON AC,WB29E9974,Nandigram,Nandigram,Bankura,3:20 AM,10:00 AM,,23,bussathi.in,https://bussathi.in/bus/594
bussathi-maa-sabitri-426,MAA SABITRI,,Private - NON AC,WB29C5760,Haldia,Haldia,Bankura,1:30 AM,8:30 AM,,28,bussathi.in,https://bussathi.in/bus/595
bussathi-maa-sanaka-0,MAA SANAKA,,Private - NON AC,WB11D1177,Khatra,Khatra,Medinipur,5:55 AM,11:00 AM,,13,bussathi.in,https://bussathi.in/bus/596
bussathi-maa-sandhya-0,MAA SANDHYA,,Private - NON AC,WB41J4016,Tatarpur,Tatarpur,Bardhaman,5:50 AM,9:30 AM,,11,bussathi.in,https://bussathi.in/bus/597
bussathi-maa-sandhya-1,MAA SANDHYA,,Private - NON AC,WB41G0209,Kushdwip,Kushdwip,Bardhaman,12:50 PM,3:20 PM,,8,bussathi.in,https://bussathi.in/bus/598
bussathi-maa-sarada-427,MAA SARADA,,Private - NON AC,WB33D5786,Raipur,Raipur,Howrah,3:40 AM,9:50 AM,,21,bussathi.in,https://bussathi.in/bus/599
bussathi-maa-sarada-428,MAA SARADA,RAHUL TRAVELS,Private - NON AC,WB67C2341,Hetia,Hetia,Bardhaman,5:50 AM,9:05 AM,,9,bussathi.in,https://bussathi.in/bus/600
bussathi-maa-sarada-429,MAA SARADA,,Private - NON AC,WB55B8329,Digha,Digha,Purulia,7:30 PM,5:35 AM,,26,bussathi.in,https://bussathi.in/bus/601
bussathi-maa-sarada-430,MAA SARADA,,Private - NON AC,WB41H0113,Ketugram,Ketugram,Asansol,4:50 AM,9:50 AM,,14,bussathi.in,https://bussathi.in/bus/602
bussathi-maa-sarbajoya-432,MAA SARBAJOYA,,Private - NON AC,WB17N2881,Khatra,Khatra,Medinipur,5:10 AM,9:50 AM,,14,bussathi.in,https://bussathi.in/bus/604
bussathi-maa-sharada-434,MAA SHARADA,,Private - NON AC,WB41H3747,Bardhaman,Bardhaman,Hoomgarh,7:05 AM,11:50 AM,,17,bussathi.in,https://bussathi.in/bus/605
bussathi-maa-sherawali-435,MAA SHERAWALI,SINGH TRAVEL'S,Private - NON AC,JH05DF9372,Tatanagar,Tatanagar,Kharagpur,5:05 AM,9:30 AM,,10,bussathi.in,https://bussathi.in/bus/607
bussathi-maa-shitala-436,MAA SHITALA,,Private - NON AC,WB55B8424,Tarkeshwar,Tarkeshwar,Mangrul,8:45 AM,11:05 AM,,9,bussathi.in,https://bussathi.in/bus/609
bussathi-maa-talandamoyee-440,MAA TALANDAMOYEE,,Private - NON AC,WB29B8312,Trilochanpur,Trilochanpur,Silda,6:30 AM,11:40 AM,,19,bussathi.in,https://bussathi.in/bus/612
bussathi-maa-tara-0,MAA TARA,ALAKA TRAVEL'S,Private - NON AC,WB29B9829,Bishnupur,Bishnupur,Digha,4:45 AM,11:40 AM,,26,bussathi.in,https://bussathi.in/bus/613
bussathi-maa-tara-1,MAA TARA,MAA TARA TRAVELS,Private - NON AC,WB33F2745,Medinipur,Medinipur,Kalyani,5:50 AM,10:15 AM,,13,bussathi.in,https://bussathi.in/bus/614
bussathi-maa-tara-2,MAA TARA,,Private - NON AC,WB15A0092,Tarkeshwar,Tarkeshwar,Bankura,9:15 AM,1:50 PM,,13,bussathi.in,https://bussathi.in/bus/615
bussathi-maa-tara-3,MAA TARA,,Private - NON AC,WB31AB7969,Hijli Sorif,Hijli Sorif,Karunamoyee,5:00 AM,10:35 AM,,19,bussathi.in,https://bussathi.in/bus/616
bussathi-maa-tara-441,MAA TARA / MAA RUDRAYANI (AC),Maa Tara / Maa Rudrayani,Private - AC,WB 35E 2745 & WB 35E 2746,Medinipur,Medinipur,Mayapur,7:10 AM,1:10 PM,,33,bussathi.in,https://bussathi.in/bus/617
bussathi-maa-tulsi-442,MAA TULSI,,Private - NON AC,WB67B8988,Jamtoria,Jamtoria,Tarkeshwar,4:40 AM,11:15 AM,,20,bussathi.in,https://bussathi.in/bus/618
bussathi-maa-tulsi-444,MAA TULSI,,Private - NON AC,WB67A0328,Dhanara,Dhanara,Durgapur (Station),6:15 AM,10:45 AM,,16,bussathi.in,https://bussathi.in/bus/620
bussathi-maa-tulsi-445,MAA TULSI,,Private - NON AC,WB67A1688,Chendapathar,Chendapathar,Bankura,12:00 PM,3:45 PM,,10,bussathi.in,https://bussathi.in/bus/621
bussathi-maa-usha-447,MAA USHA,MAA USHA TRAVELS,Private - NON AC,WB495718,Digha,Digha,Jhargram,6:20 AM,11:20 AM,,11,bussathi.in,https://bussathi.in/bus/622
bussathi-maa-vaishnodevi-446,MAA VAISHNODEVI,,Private - NON AC,WB29A0933,Banspahari,Banspahari,Medinipur,8:00 AM,11:30 AM,,5,bussathi.in,https://bussathi.in/bus/623
bussathi-madan-mohan-450,MADAN MOHAN,,Private - NON AC,WB29C5225,Haldia,Haldia,Hoomgarh,6:20 AM,1:10 PM,,19,bussathi.in,https://bussathi.in/bus/625
bussathi-madan-mohan-451,MADAN MOHAN,SUPER TRAVELS,Private - NON AC,WB41F8904,Durgapur (Station),Durgapur (Station),Ambika Nagar,6:25 AM,10:35 AM,,14,bussathi.in,https://bussathi.in/bus/627
bussathi-madanmohan-452,MADANMOHAN,,Private - NON AC,WB67B4671,Durgapur (Station),Durgapur (Station),Bandwan,6:05 AM,10:20 AM,,14,bussathi.in,https://bussathi.in/bus/628
bussathi-madhu-mira-453,MADHU MIRA,,Private - NON AC,WB41G9155,Kalna,Kalna,Bolpur,4:50 AM,10:50 AM,,11,bussathi.in,https://bussathi.in/bus/630
bussathi-madhuri-0,MADHURI,,Private - NON AC,WB67A5967,Kharagpur,Kharagpur,Manbazar,4:20 AM,10:15 AM,,16,bussathi.in,https://bussathi.in/bus/631
bussathi-mafuzar-454,MAFUZAR,ISRAIL TRAVELS,Private - NON AC,WB37D6341,Mougram,Mougram,Asansol,5:25 AM,11:15 AM,,15,bussathi.in,https://bussathi.in/bus/634
bussathi-mafuzar-455,MAFUZAR,ISRAIL TRAVELS,Private - NON AC,WB39F1832,Benachity,Benachity,Mougram,5:00 AM,10:25 AM,,12,bussathi.in,https://bussathi.in/bus/636
bussathi-mahamaya-456,MAHAMAYA,,Private - NON AC,WB55A6177,Jorda,Jorda,Purulia,1:30 PM,4:20 PM,,9,bussathi.in,https://bussathi.in/bus/637
bussathi-mahamaya-458,MAHAMAYA (STA Super Fast),Mahamaya,Private,WB 29E 4991 & WB 29E 4954,Kolkata,Kolkata,Manbazar,4:30 AM,12:10 PM,,36,bussathi.in,https://bussathi.in/bus/639
bussathi-mahaprabhu-461,MAHAPRABHU,MAHAPRABHU TRAVELS,Private - AC,WB432763,Bardhaman,Bardhaman,Karimpur,4:10 AM,9:15 AM,,13,bussathi.in,https://bussathi.in/bus/641
bussathi-mahaprabhu-463,MAHAPRABHU,MANDAL TRAVEL'S,Private - NON AC,WB49B3774,Raipur,Raipur,Medinipur,5:25 AM,9:45 AM,,12,bussathi.in,https://bussathi.in/bus/644
bussathi-maharaj-464,MAHARAJ,MAHARAJ BUS SERVICE,Private - NON AC,WB11B4571,Bardhaman,Bardhaman,Jangipur,4:10 AM,9:15 AM,,13,bussathi.in,https://bussathi.in/bus/646
bussathi-maharaja-0,MAHARAJA,,Private - NON AC,WB55B8111,Tatanagar,Tatanagar,Dhanbad,8:50 AM,1:30 PM,,6,bussathi.in,https://bussathi.in/bus/648
bussathi-maharaja-1,MAHARAJA (AC),Maharaja,Private - AC Pushback (3x2),WB 55E 8111,Purulia,Purulia,Durgapur (City Center),4:35 AM,8:15 AM,,21,bussathi.in,https://bussathi.in/bus/650
bussathi-maharshi-0,MAHARSHI,PUSHPANJALI TRAVELS,Private - NON AC,WB51G2776,Sagarpara,Sagarpara,Bardhaman,5:30 AM,11:50 AM,,18,bussathi.in,https://bussathi.in/bus/651
bussathi-mainak-0,MAINAK,,Private - NON AC,WB519592,Krishnanagar,Krishnanagar,Bolpur,6:45 AM,11:55 AM,,12,bussathi.in,https://bussathi.in/bus/652
bussathi-majhi-baba-466,MAJHI BABA,,Private - NON AC,WB33B1863,Sarenga,Sarenga,Medinipur,1:40 PM,4:00 PM,,8,bussathi.in,https://bussathi.in/bus/654
bussathi-major-467,MAJOR,Major,Private - Interstate,WB37H5392,Durgapur (Station),Durgapur (Station),Bokaro,5:50 AM,10:30 AM,,17,bussathi.in,https://bussathi.in/bus/656
bussathi-mallick-brothers-468,MALLICK BROTHERS,PRIYANKA TRAVELS,Private - NON AC,WB11C3375,Tarkeshwar,Tarkeshwar,Bankura,5:35 AM,9:50 AM,,13,bussathi.in,https://bussathi.in/bus/657
bussathi-mallika-472,MALLIKA,,Private - NON AC,WB33C6051,Bishnupur,Bishnupur,Kolkata (Esplanade),6:30 AM,11:40 AM,,16,bussathi.in,https://bussathi.in/bus/658
bussathi-mallika-470,MALLIKA,,Private - NON AC,WB67A6619,Bishnupur,Bishnupur,Purulia,5:00 AM,10:25 AM,,12,bussathi.in,https://bussathi.in/bus/659
bussathi-mama-bhagna-471,MAMA BHAGNA,,Private - NON AC,WB67D8405,Bardhaman,Bardhaman,Chandrakona Road,6:20 AM,11:15 AM,,14,bussathi.in,https://bussathi.in/bus/660
bussathi-mamatamayee-473,MAMATAMAYEE,,Private - NON AC,WB49N2136,Khirpai,Khirpai,Howrah,8:50 AM,12:10 PM,,17,bussathi.in,https://bussathi.in/bus/663
bussathi-mamatamoye-474,MAMATAMOYE,,Private - NON AC,WB33C7786,Ghatal,Ghatal,Raipur,7:45 AM,11:45 AM,,10,bussathi.in,https://bussathi.in/bus/664
bussathi-mamoni-475,MAMONI,,Private - AC,WB57Q9518,Kandi,Kandi,Digha,10:30 PM,8:10 AM,,23,bussathi.in,https://bussathi.in/bus/665
bussathi-manasi-476,MANASI,,Private - NON AC,WB672936,Bankura,Bankura,Gidhni,6:10 AM,11:10 AM,,14,bussathi.in,https://bussathi.in/bus/666
bussathi-manasi-477,MANASI,,Private - NON AC,WB67C0632,Bankura,Bankura,Jhargram,4:20 AM,9:10 AM,,17,bussathi.in,https://bussathi.in/bus/668
bussathi-mandira-478,MANDIRA,,Private - NON AC,WB67A1835,Chelyama,Chelyama,Bankura,6:00 AM,11:30 AM,,15,bussathi.in,https://bussathi.in/bus/669
bussathi-mangalik-479,MANGALIK,MANGALIK TRAVELS,Private - NON AC,WB51A8737,Nazipur,Nazipur,Tarapith,7:10 AM,12:30 PM,,7,bussathi.in,https://bussathi.in/bus/670
bussathi-maniraj-480,MANIRAJ,,Private - NON AC,WB33K4075,Ramgarh,Ramgarh,Ramjibanpur,6:50 AM,11:45 AM,,11,bussathi.in,https://bussathi.in/bus/671
bussathi-manumonu-481,MANUMONU,,Private - NON AC,WB870589,Rasulpur,Rasulpur,Chandrakona Road,7:20 AM,11:20 AM,,13,bussathi.in,https://bussathi.in/bus/672
bussathi-manumun-482,MANUMUN,,Private - NON AC,WB33A9672,Bishnupur,Bishnupur,Arambagh,7:35 AM,10:00 AM,,7,bussathi.in,https://bussathi.in/bus/674
bussathi-manumun-483,MANUMUN,MANUMUN TRAVEL'S,Private - NON AC,WB67B8594,Bishnupur,Bishnupur,Sarenga,6:00 AM,12:20 PM,,12,bussathi.in,https://bussathi.in/bus/676
bussathi-maruti-0,MARUTI,,Private - NON AC,WB55B7116,Bishnupur,Bishnupur,Purulia,5:45 AM,10:40 AM,,13,bussathi.in,https://bussathi.in/bus/678
bussathi-masti-0,MASTI,,Private - NON AC,WB41H8966,Benachity,Benachity,Kotulpur,6:20 AM,11:20 AM,,14,bussathi.in,https://bussathi.in/bus/680
bussathi-mayer-anchol-487,MAYER ANCHOL,SREE DHAR TRAVELS,Private - NON AC,WB15A4447,Chakta,Chakta,Bardhaman,8:10 AM,12:00 PM,,10,bussathi.in,https://bussathi.in/bus/686
bussathi-mayer-ashirbad-488,MAYER ASHIRBAD,DADA BHAI TRAVEL'S,Private - NON AC,WGH8409,Chakta,Chakta,Bolpur,12:25 PM,2:45 PM,,7,bussathi.in,https://bussathi.in/bus/688
bussathi-mayer-asish-490,MAYER ASISH,RAHI TRAVELS,Private - NON AC,WB33E3148,Chandrakona Road,Chandrakona Road,Bandwan,7:20 AM,1:00 PM,,14,bussathi.in,https://bussathi.in/bus/689
bussathi-mayer-asish-496,MAYER ASISH,,Private - NON AC,WB11B5269,Chandrakona Road,Chandrakona Road,Bandwan,7:50 AM,12:20 PM,,13,bussathi.in,https://bussathi.in/bus/691
bussathi-mayer-asish-491,MAYER ASISH,,Private - NON AC,WB33M0341,Chandrakona Road,Chandrakona Road,Manbazar,7:35 AM,12:40 PM,,12,bussathi.in,https://bussathi.in/bus/692
bussathi-mayer-dan-492,MAYER DAN,,Private - NON AC,WB29B4110,Kantakhali,Kantakhali,Haldia,3:35 AM,9:00 AM,,13,bussathi.in,https://bussathi.in/bus/693
bussathi-mayer-dowa-495,MAYER DOWA,MAYER DOWA TRAVEL'S,Private - NON AC,WB53B9828,Rampurhat,Rampurhat,Bardhaman,6:15 AM,11:55 AM,,13,bussathi.in,https://bussathi.in/bus/695
bussathi-mdg-494,MDG,,Private - NON AC,WB17N4117,Bishnupur,Bishnupur,Kolkata (Esplanade),4:40 AM,9:30 AM,,17,bussathi.in,https://bussathi.in/bus/696
bussathi-miss-india-497,MISS INDIA,,Private - NON AC,WB33C3786,Medinipur,Medinipur,Howrah,5:40 AM,8:40 AM,,12,bussathi.in,https://bussathi.in/bus/697
bussathi-mithu-498,MITHU,,Private - NON AC,WBU2583,Suri,Suri,Katwa,7:50 AM,11:45 AM,,11,bussathi.in,https://bussathi.in/bus/698
bussathi-mitra-0,MITRA,,Private - NON AC,WB31A7496,Contai,Contai,Raipur,6:15 AM,11:50 AM,,14,bussathi.in,https://bussathi.in/bus/699
bussathi-mitra-499,MITRA,MITRA TRAVELS,Private - NON AC,WB31B4669,Contai,Contai,Bankura,4:30 AM,10:30 AM,,18,bussathi.in,https://bussathi.in/bus/700
bussathi-mitra-500,MITRA,,Private - NON AC,WB318969,Asansol,Asansol,Contai,7:20 AM,4:15 PM,,25,bussathi.in,https://bussathi.in/bus/702
bussathi-mitra-502,MITRA (Super Fast),Mitra,Private,WB31AA9969,Asansol,Asansol,Contai (Kanthi),6:15 AM,3:40 PM,,23,bussathi.in,https://bussathi.in/bus/703
bussathi-mitra-501,MITRA,MITRA TRAVEL'S,Private - NON AC,WB31A0196,Contai,Contai,Asansol,5:30 AM,2:30 PM,,25,bussathi.in,https://bussathi.in/bus/704
bussathi-monalisha-503,MONALISHA,MONALISHA TRAVELS,Private - NON AC,WB55A3759,Barabazar,Barabazar,Kolkata (Esplanade),3:40 AM,11:45 AM,,26,bussathi.in,https://bussathi.in/bus/706
bussathi-monalisha-504,MONALISHA,,Private - NON AC,WB55A6764,Manbazar,Manbazar,Purulia,1:50 PM,3:50 PM,,7,bussathi.in,https://bussathi.in/bus/707
bussathi-monalisha-505,MONALISHA,MONALISHA TRAVELS,Private - NON AC,WB55A2254,Bandwan,Bandwan,Kolkata (Esplanade),7:20 PM,3:30 AM,,26,bussathi.in,https://bussathi.in/bus/708
bussathi-monalisha-506,MONALISHA,,Private - NON AC,WB55A5078,Manbazar,Manbazar,Tatanagar,2:00 PM,4:30 PM,,5,bussathi.in,https://bussathi.in/bus/709
bussathi-monami-507,MONAMI TRAVELS,Monami Travels,Private,WB 39F 2442,Jhargram,Jhargram,Manbazar,5:00 AM,8:45 AM,,11,bussathi.in,https://bussathi.in/bus/710
bussathi-monikanchan-0,MONIKANCHAN,,Private - NON AC,WB29C4457,Solpatta,Solpatta,Karunamoyee,3:20 AM,9:45 AM,,21,bussathi.in,https://bussathi.in/bus/713
bussathi-monikanchan-1,MONIKANCHAN,,Private - AC,WB67E4911,Jhargram,Jhargram,Manbazar,5:30 AM,10:10 AM,,10,bussathi.in,https://bussathi.in/bus/714
bussathi-monikanchan-2,MONIKANCHAN,,Private - NON AC,WB674911,Baksi,Baksi,Bankura,6:10 AM,9:40 AM,,11,bussathi.in,https://bussathi.in/bus/715
bussathi-mou-royal-0,MOU ROYAL,,Private - NON AC,WB67B3486,Chandrakona Road,Chandrakona Road,Nabadwip,5:30 AM,12:10 PM,,18,bussathi.in,https://bussathi.in/bus/716
bussathi-mousumi-0,MOUSUMI,DISHA TRAVELS,Private - NON AC,WB67A6902,Bandwan,Bandwan,Durgapur (Station),6:05 AM,10:50 AM,,14,bussathi.in,https://bussathi.in/bus/718
bussathi-mousumi-509,MOUSUMI,,Private - NON AC,WB67B5428,Baidyanathpur,Baidyanathpur,Purulia,6:50 AM,10:50 AM,,10,bussathi.in,https://bussathi.in/bus/719
bussathi-mousumi-510,MOUSUMI,DISHA TRAVELS,Private - NON AC,WB67C2556,Khatra,Khatra,Bardhaman,6:50 AM,11:00 AM,,16,bussathi.in,https://bussathi.in/bus/720
bussathi-mukherjee-511,MUKHERJEE,,Private - NON AC,WB67B5777,Fulkusma,Fulkusma,Bankura,10:55 AM,1:40 PM,,9,bussathi.in,https://bussathi.in/bus/721
bussathi-mukta-bihanga-513,MUKTA BIHANGA,,Private - NON AC,WB677447,Bankura,Bankura,Tarkeshwar,10:15 AM,2:45 PM,,13,bussathi.in,https://bussathi.in/bus/724
bussathi-mukta-bihanga-514,MUKTA BIHANGA,,Private - NON AC,WB676918,Bishnupur,Bishnupur,Purulia,7:30 AM,12:20 PM,,13,bussathi.in,https://bussathi.in/bus/725
bussathi-munmun-515,MUNMUN,,Private - NON AC,WB67D8472,Bankura,Bankura,Bishnupur,8:00 AM,10:10 AM,,7,bussathi.in,https://bussathi.in/bus/726
bussathi-musafir-516,MUSAFIR,,Private - NON AC,WB50AB9111,Arambagh,Arambagh,Digha,3:20 AM,10:10 AM,,18,bussathi.in,https://bussathi.in/bus/727
bussathi-nagina-519,NAGINA,NAGINA BUS SERVICE,Private - NON AC,WB372381,Babuijore,Babuijore,Bardhaman,6:45 AM,10:35 AM,,11,bussathi.in,https://bussathi.in/bus/731
bussathi-nandan-520,NANDAN,,Private - NON AC,WB496633,Jhargram,Jhargram,Chandrakona Road,8:20 AM,10:30 AM,,7,bussathi.in,https://bussathi.in/bus/733
bussathi-nandan-0,NANDAN,,Private - NON AC,WB33D1133,Goaltore,Goaltore,Jhargram,1:30 PM,3:45 PM,,6,bussathi.in,https://bussathi.in/bus/734
bussathi-nandini-0,NANDINI,,Private - NON AC,WB471660,Panchthupi,Panchthupi,Asansol,7:20 AM,12:35 PM,,14,bussathi.in,https://bussathi.in/bus/736
bussathi-narayan-0,NARAYAN,,Private - NON AC,WB11G3262,Howrah,Howrah,Chandrakona Road,8:40 AM,1:00 PM,,20,bussathi.in,https://bussathi.in/bus/737
bussathi-narayani-0,NARAYANI,,Private - AC,WB31A6686,Digha,Digha,Howrah,10:30 AM,4:00 PM,,17,bussathi.in,https://bussathi.in/bus/738
bussathi-nasrin-nargis-521,NASRIN NARGIS,,Private - NON AC,WB532193,Bolpur,Bolpur,Hematpur,6:20 AM,10:15 AM,,10,bussathi.in,https://bussathi.in/bus/740
bussathi-national-522,NATIONAL,,Private - NON AC,WB556188,Purulia,Purulia,Simlapal,6:00 AM,11:00 AM,,13,bussathi.in,https://bussathi.in/bus/742
bussathi-national-523,NATIONAL,,Private - NON AC,WB37K6279,Barakar,Barakar,Magra,4:15 AM,10:00 AM,,16,bussathi.in,https://bussathi.in/bus/743
bussathi-nayak-524,NAYAK,,Private - NON AC,WB67B2398,Gogra,Gogra,Khatra,6:10 AM,11:30 AM,,13,bussathi.in,https://bussathi.in/bus/745
bussathi-nayanmoni-525,NAYANMONI,,Private - NON AC,WB33F3297,Kharagpur,Kharagpur,Bardhaman,8:30 AM,2:00 PM,,17,bussathi.in,https://bussathi.in/bus/746
bussathi-neel-madhav-526,NEEL MADHAV,,Private - AC,WB33K1152,Jhargram,Jhargram,Digha,5:40 AM,10:50 AM,,12,bussathi.in,https://bussathi.in/bus/747
bussathi-neha-528,NEHA,,Private - NON AC,WB536392,Patharchapuri,Patharchapuri,Bardhaman,6:05 AM,9:45 AM,,11,bussathi.in,https://bussathi.in/bus/748
bussathi-neha-travels-527,NEHA TRAVELS,,Private - NON AC,WB33F3306,Kharagpur,Kharagpur,Bardhaman,8:15 AM,1:25 PM,,17,bussathi.in,https://bussathi.in/bus/749
bussathi-new-ahan-529,NEW AHAN,AHAN TRAVEL'S,Private - NON AC,WB50AB9284,Brahmandiha,Brahmandiha,Kukrahati,5:10 AM,11:30 AM,,22,bussathi.in,https://bussathi.in/bus/750
bussathi-new-biswanath-530,NEW BISWANATH,,Private - NON AC,WB55A3559,Rajgram,Rajgram,Purulia,6:00 AM,10:30 AM,,9,bussathi.in,https://bussathi.in/bus/751
bussathi-newton-0,NEWTON,,Private - NON AC,WB33A4292,Ghatal,Ghatal,Jhargram,6:40 AM,11:30 AM,,8,bussathi.in,https://bussathi.in/bus/753
bussathi-nigamdut-0,NIGAMDUT,,Private - NON AC,WB33F2449,Belpahari,Belpahari,Tarkeshwar,4:40 AM,11:00 AM,,17,bussathi.in,https://bussathi.in/bus/755
bussathi-nilachal-0,NILACHAL,,Private - NON AC,WB11C3680,Durgapur (Station),Durgapur (Station),Purulia,4:25 AM,8:50 AM,,12,bussathi.in,https://bussathi.in/bus/757
bussathi-nilkantha-535,NILKANTHA,,Private - NON AC,WB33C6656,Tarkeshwar,Tarkeshwar,Kharagpur,8:35 AM,1:40 PM,,15,bussathi.in,https://bussathi.in/bus/762
bussathi-nilkantha-536,NILKANTHA,,Private - NON AC,WB67C2423,Raniganj,Raniganj,Bankura,9:05 AM,11:05 AM,,10,bussathi.in,https://bussathi.in/bus/765
bussathi-nilkantha-538,NILKANTHA,DEBI KAMAKHYA TRAVELS,Private - NON AC,WB67A9652,Dumurtore,Dumurtore,Bankura,5:20 AM,8:50 AM,,10,bussathi.in,https://bussathi.in/bus/767
bussathi-nirankar-540,NIRANKAR,,Private - NON AC,WB67A0652,Barakar,Barakar,Bankura,7:15 AM,10:40 AM,,12,bussathi.in,https://bussathi.in/bus/770
bussathi-non-stop-0,NON STOP,,Private - AC,WB19F1740,Bankura,Bankura,Durgapur (Station),2:35 PM,3:50 PM,,4,bussathi.in,https://bussathi.in/bus/771
bussathi-noor-travels-0,NOOR TRAVELS,NOOR TRAVEL'S,Private - NON AC,WB41H3454,Shyambazar,Shyambazar,Bankura,5:15 AM,10:40 AM,,20,bussathi.in,https://bussathi.in/bus/773
bussathi-pabanputra-543,PABANPUTRA,SATPATHY TRAVEL'S,Private - NON AC,WB495690,Dhumsai,Dhumsai,Gidhni,8:10 AM,12:50 PM,,7,bussathi.in,https://bussathi.in/bus/779
bussathi-padma-544,PADMA,PADMA TRAVELS,Private - NON AC,WB67D2282,Bishnupur,Bishnupur,Bankura,12:10 PM,1:40 PM,,5,bussathi.in,https://bussathi.in/bus/780
bussathi-palki-547,PALKI,PALKI TRAVELS,Private - NON AC,WB89B1120,Domkal,Domkal,Kolkata (Esplanade),3:30 AM,11:10 AM,,20,bussathi.in,https://bussathi.in/bus/782
bussathi-pally-duth-548,PALLY DUTH,,Private - NON AC,WB41K2522,Rasulpur,Rasulpur,Karunamoyee,5:40 AM,9:50 AM,,19,bussathi.in,https://bussathi.in/bus/784
bussathi-pally-duth-546,PALLY DUTH,,Private - AC,WB41K3344,Sonamukhi,Sonamukhi,Karunamoyee,5:30 AM,10:30 AM,,14,bussathi.in,https://bussathi.in/bus/786
bussathi-pallydoot-549,PALLYDOOT,,Private - NON AC,WB67A8266,Bankura,Bankura,Durgapur (Station),3:20 PM,4:50 PM,,5,bussathi.in,https://bussathi.in/bus/787
bussathi-pallydoot-550,PALLYDOOT,,Private - NON AC,WB67B9065,Dheko,Dheko,Bankura,7:00 AM,11:45 AM,,12,bussathi.in,https://bussathi.in/bus/789
bussathi-pamela-551,PAMELA,,Private - NON AC,WB37D1358,Chittaranjan,Chittaranjan,Bankura,7:25 AM,11:45 AM,,9,bussathi.in,https://bussathi.in/bus/790
bussathi-papai-552,PAPAI,PAPAI TRAVEL'S,Private - NON AC,WGD1172,Bolpur,Bolpur,Rampurhat,7:55 AM,10:50 AM,,7,bussathi.in,https://bussathi.in/bus/792
bussathi-parama-554,PARAMA,,Private - NON AC,WB67A3460,Durgapur (Station),Durgapur (Station),Purulia,7:40 AM,11:50 AM,,12,bussathi.in,https://bussathi.in/bus/793
bussathi-parama-553,PARAMA,PARAMA TRAVELS,Private - NON AC,WB67E0352,Kankardanga,Kankardanga,Medinipur,4:40 AM,8:50 AM,,15,bussathi.in,https://bussathi.in/bus/794
bussathi-partha-sarathi-558,PARTHA SARATHI,DUTTA MOTORS,Private - NON AC,WB33E4696,Fulkusma,Fulkusma,Tarkeshwar,6:40 AM,12:20 PM,,17,bussathi.in,https://bussathi.in/bus/798
bussathi-partha-sarathi-559,PARTHA SARATHI,,Private - NON AC,WB55A5297,Purulia,Purulia,Bandwan,9:10 AM,12:30 PM,,8,bussathi.in,https://bussathi.in/bus/799
bussathi-pasupatinath-560,PASUPATINATH,,Private - NON AC,WB33C8050,Bankura,Bankura,Baripada,5:30 AM,11:10 AM,,18,bussathi.in,https://bussathi.in/bus/800
bussathi-pasupatinath-561,PASUPATINATH,,Private - NON AC,WB49B6485,Fulkusma,Fulkusma,Medinipur,1:25 PM,3:55 PM,,8,bussathi.in,https://bussathi.in/bus/801
bussathi-pathajatri-0,PATHAJATRI,PATHAJATRI TRAVEL'S,Private - NON AC,WB18AQ4008,Tarkeshwar,Tarkeshwar,Kharagpur,6:35 AM,11:20 AM,,17,bussathi.in,https://bussathi.in/bus/802
bussathi-pathan-0,PATHAN,,Private - AC,WB33J4046,Medinipur,Medinipur,Digha,4:30 AM,8:30 AM,,8,bussathi.in,https://bussathi.in/bus/803
bussathi-pather-dabi-0,PATHER DABI,,Private - NON AC,WB41J6996,Ghatal,Ghatal,Nabadwip,4:10 AM,10:50 AM,,16,bussathi.in,https://bussathi.in/bus/805
bussathi-payel-563,PAYEL,,Private - NON AC,WB41D4687,Bankura,Bankura,Asansol,8:15 AM,11:05 AM,,9,bussathi.in,https://bussathi.in/bus/807
bussathi-pekham-564,PEKHAM,,Private - NON AC,WB33D3955,Jhilimili,Jhilimili,Digha,5:15 AM,11:45 AM,,13,bussathi.in,https://bussathi.in/bus/808
bussathi-pekham-565,PEKHAM,RANA MOTORS,Private - NON AC,WB49B9857,Khatra,Khatra,Contai,5:10 AM,11:50 AM,,17,bussathi.in,https://bussathi.in/bus/809
bussathi-pekham-566,PEKHAM,RANA MOTORS,Private - NON AC,WB33B9857,P More,P More,Contai,5:55 AM,11:10 AM,,16,bussathi.in,https://bussathi.in/bus/810
bussathi-pekham-567,PEKHAM,RANA MOTORS,Private - AC,WB49C9857,Jhargram,Jhargram,Digha,6:45 AM,11:20 AM,,11,bussathi.in,https://bussathi.in/bus/811
bussathi-prashanna-569,PRASHANNA,,Private - NON AC,WB17N1692,Kukrahati,Kukrahati,Bardhaman,3:10 AM,9:15 AM,,25,bussathi.in,https://bussathi.in/bus/814
bussathi-pratidin-570,PRATIDIN,,Private - NON AC,WB319082,Digha,Digha,Arambagh,2:50 AM,9:45 AM,,23,bussathi.in,https://bussathi.in/bus/816
bussathi-pratidin-571,PRATIDIN,,Private - NON AC,WB29A3038,Itaberia,Itaberia,Bardhaman,3:15 AM,10:30 AM,,24,bussathi.in,https://bussathi.in/bus/817
bussathi-pratidin-572,PRATIDIN,PRATIDIN PARIBAHAN,Private - NON AC,WB11D4819,Howrah,Howrah,Chandrakona Town,8:10 AM,12:10 PM,,19,bussathi.in,https://bussathi.in/bus/818
bussathi-pratiksha-574,PRATIKSHA,,Private - NON AC,WB41G0104,Bardhaman,Bardhaman,Manbazar,6:50 AM,11:35 AM,,20,bussathi.in,https://bussathi.in/bus/819
bussathi-pratiksha-573,PRATIKSHA,,Private - NON AC,WB41H7004,Bardhaman,Bardhaman,Tatanagar,7:30 AM,3:30 PM,,25,bussathi.in,https://bussathi.in/bus/820
bussathi-pratiksha-575,PRATIKSHA,,Private - NON AC,WB41K3204,Tatanagar,Tatanagar,Bardhaman,6:30 AM,2:40 PM,,25,bussathi.in,https://bussathi.in/bus/821
bussathi-pratima-0,PRATIMA,,Private - NON AC,WB67B8770,Raniganj,Raniganj,Kashipur,5:50 AM,9:25 AM,,15,bussathi.in,https://bussathi.in/bus/822
bussathi-prince-576,PRINCE,BHARASHA TRAVELS,Private - NON AC,WB57B3775,Lalgola,Lalgola,Bardhaman,3:15 AM,8:50 AM,,10,bussathi.in,https://bussathi.in/bus/824
bussathi-priya-578,PRIYA,PRIYA BUS SERVICE,Private - NON AC,WB41C9478,Katwa,Katwa,Asansol,5:00 AM,9:20 AM,,11,bussathi.in,https://bussathi.in/bus/826
bussathi-priya-579,PRIYA,PRIYA BUS SERVICE,Private - NON AC,WB517348,Katwa,Katwa,Asansol,7:40 AM,12:00 PM,,11,bussathi.in,https://bussathi.in/bus/827
bussathi-priya-rano-580,PRIYA RANO,,Private - NON AC,WB534718,Bolpur,Bolpur,Baharampur,6:40 AM,11:00 AM,,9,bussathi.in,https://bussathi.in/bus/828
bussathi-priyajit-586,PRIYAJIT,,Private - NON AC,WB49N0795,Howrah,Howrah,Chandrakona Town,7:40 AM,11:30 AM,,19,bussathi.in,https://bussathi.in/bus/831
bussathi-priyanka-582,PRIYANKA,,Private - NON AC,WB15C1722,Tarkeshwar,Tarkeshwar,Bankura,6:40 AM,11:05 AM,,10,bussathi.in,https://bussathi.in/bus/832
bussathi-priyanka-584,PRIYANKA,,Private - NON AC,WB17N4048,Chuchura,Chuchura,Bankura,5:10 AM,11:20 AM,,17,bussathi.in,https://bussathi.in/bus/833
bussathi-promila-585,PROMILA,,Private - NON AC,WB53C1375,Bolpur,Bolpur,Bankura,6:50 AM,10:35 AM,,10,bussathi.in,https://bussathi.in/bus/834
bussathi-purushottam-587,PURUSHOTTAM,,Private - NON AC,WB33F2139,Panskura,Panskura,Bankura,5:25 AM,10:40 AM,,21,bussathi.in,https://bussathi.in/bus/835
bussathi-purushottam-588,PURUSHOTTAM,,Private - NON AC,WB67B3166,Shyamnagar,Shyamnagar,Gopiballabpur,5:45 AM,10:10 AM,,13,bussathi.in,https://bussathi.in/bus/836
bussathi-pushpashree-589,PUSHPASHREE,,Private - NON AC,WB55B7451,Purulia,Purulia,Bishnupur,7:00 AM,10:50 AM,,14,bussathi.in,https://bussathi.in/bus/837
bussathi-pushpashree-0,PUSHPASHREE,PUSHPASHREE TRAVELS,Private - NON AC,WB55A3110,Chandankyari,Chandankyari,Purulia,9:30 AM,11:40 AM,,7,bussathi.in,https://bussathi.in/bus/838
bussathi-puspak-0,PUSPAK,PUSPAK BUS SERVICE,Private - NON AC,WB41H5249,Asansol,Asansol,Katwa,5:00 AM,9:30 AM,,11,bussathi.in,https://bussathi.in/bus/840
bussathi-puspanjali-0,PUSPANJALI,PUSPANJALI TRAVELS,Private - NON AC,WB50AB1703,Chandrakona Town,Chandrakona Town,Karunamoyee,3:10 AM,7:20 AM,,23,bussathi.in,https://bussathi.in/bus/842
bussathi-putul-591,PUTUL,,Private - NON AC,WB67C1646,Sindurpeti,Sindurpeti,Asansol,5:40 AM,11:45 AM,,15,bussathi.in,https://bussathi.in/bus/844
bussathi-putul-592,PUTUL,,Private - NON AC,WB67B1995,Rudra,Rudra,Chittaranjan,4:05 AM,9:30 AM,,19,bussathi.in,https://bussathi.in/bus/845
bussathi-putul-596,PUTUL,,Private - NON AC,WB67B4993,Jamtoria,Jamtoria,Kolkata (Esplanade),3:20 AM,10:20 AM,,26,bussathi.in,https://bussathi.in/bus/846
bussathi-putul-593,PUTUL,,Private - NON AC,WB67C2540,Lachhipur,Lachhipur,Bankura,5:30 AM,9:30 AM,,11,bussathi.in,https://bussathi.in/bus/847
bussathi-putul-595,PUTUL,PUTUL TRAVELS,Private - NON AC,WB677575,Bankura,Bankura,Saltora,9:15 AM,10:55 AM,,10,bussathi.in,https://bussathi.in/bus/848
bussathi-putul-594,PUTUL,,Private - NON AC,WB67A7151,Parasidanga,Parasidanga,Asansol,7:30 AM,1:10 PM,,18,bussathi.in,https://bussathi.in/bus/849
bussathi-putul-597,PUTUL,PUTUL TRAVELS,Private - NON AC,WB67B9019,Bankura,Bankura,Purulia,2:15 PM,4:20 PM,,9,bussathi.in,https://bussathi.in/bus/850
bussathi-putul-598,PUTUL,NOSIB,Private - NON AC,WB47B2057,Durgapur (Station),Durgapur (Station),Bolpur,1:30 PM,4:00 PM,,7,bussathi.in,https://bussathi.in/bus/851
bussathi-radha-damodar-599,RADHA DAMODAR,,Private - NON AC,WB297565,Bardhaman,Bardhaman,Mecheda,5:10 AM,10:10 AM,,19,bussathi.in,https://bussathi.in/bus/852
bussathi-radha-gobinda-600,RADHA GOBINDA,,Private - NON AC,WB67A4996,Bankura,Bankura,Tarkeshwar,9:05 AM,1:20 PM,,13,bussathi.in,https://bussathi.in/bus/853
bussathi-radha-gobinda-0,RADHA GOBINDA,,Private - NON AC,WB67A1121,Bankura,Bankura,Tarkeshwar,6:40 AM,11:10 AM,,13,bussathi.in,https://bussathi.in/bus/854
bussathi-radha-gobinda-1,RADHA GOBINDA,DAS TRAVELS,Private - NON AC,WB29C4691,Boga,Boga,Kalyani,4:00 AM,9:55 AM,,18,bussathi.in,https://bussathi.in/bus/855
bussathi-radha-krishna-0,RADHA KRISHNA,,Private - NON AC,WB33E2509,Ghatal,Ghatal,Digha,4:20 AM,9:30 AM,,16,bussathi.in,https://bussathi.in/bus/857
bussathi-radhakrishna-601,RADHAKRISHNA,,Private - NON AC,WB11C4896,Mahara,Mahara,Bankura,7:00 AM,10:15 AM,,11,bussathi.in,https://bussathi.in/bus/859
bussathi-radharani-604,RADHARANI,,Private - NON AC,WB11A1811,Parsola,Parsola,Bankura,8:30 AM,11:00 AM,,7,bussathi.in,https://bussathi.in/bus/864
bussathi-radharani-606,RADHARANI,RADHARANI PARIBAHAN,Private - NON AC,WB33M7249,Amlasuli,Amlasuli,Karunamoyee,3:20 AM,10:05 AM,,15,bussathi.in,https://bussathi.in/bus/866
bussathi-raghunath-609,RAGHUNATH,RAGHUNATH TRAVELS,Private - NON AC,WB55B2111,Kenjakura,Kenjakura,Purulia,6:55 AM,11:25 AM,,11,bussathi.in,https://bussathi.in/bus/870
bussathi-raghunath-0,RAGHUNATH,RAGHUNATH TRAVELS,Private - NON AC,WB55B2525,Balarampur,Balarampur,Asansol,9:20 AM,2:20 PM,,12,bussathi.in,https://bussathi.in/bus/871
bussathi-raghunath-jiu-611,RAGHUNATH JIU,,Private - NON AC,WB67A9472,Jhargram,Jhargram,Bankura,5:10 AM,9:10 AM,,14,bussathi.in,https://bussathi.in/bus/872
bussathi-raidul-0,RAIDUL,,Private - NON AC,WB 33F 3096,Moyna,Moyna,Bishnupur,6:45 AM,12:40 PM,,17,bussathi.in,https://bussathi.in/bus/874
bussathi-raj-0,RAJ,,Private - NON AC,WB67A5391,Dumurtore,Dumurtore,Bankura,4:40 AM,8:20 AM,,11,bussathi.in,https://bussathi.in/bus/876
bussathi-raj-travels-612,RAJ TRAVELS,RAJ TRAVELS,Private - NON AC,WB11B0566,Simlabandh,Simlabandh,Durgapur (Station),7:10 AM,11:30 AM,,14,bussathi.in,https://bussathi.in/bus/877
bussathi-raja-613,RAJA,,Private - NON AC,WB41B9711,Chittaranjan,Chittaranjan,Bankura,5:25 AM,9:25 AM,,10,bussathi.in,https://bussathi.in/bus/878
bussathi-raja-bappa-614,RAJA BAPPA,RAJA BAPPA TRAVELS,Private - NON AC,WB67C2123,Bankura,Bankura,Lalpur,10:40 AM,12:50 PM,,10,bussathi.in,https://bussathi.in/bus/879
bussathi-raja-coach-615,RAJA COACH,,Private - NON AC,WB67A0999,Sonamukhi,Sonamukhi,Kolkata (Esplanade),5:00 AM,8:50 AM,,12,bussathi.in,https://bussathi.in/bus/880
bussathi-rajaram-616,RAJARAM,RAJARAM BUS SERVICE,Private - NON AC,WB41D0011,Bandwan,Bandwan,Bardhaman,4:50 AM,11:10 AM,,19,bussathi.in,https://bussathi.in/bus/881
bussathi-rajaram-617,RAJARAM,RAJARAM BUS SERVICE,Private - NON AC,WB41H0047,Bardhaman,Bardhaman,Bandwan,9:15 AM,3:50 PM,,19,bussathi.in,https://bussathi.in/bus/882
bussathi-rajaram-619,RAJARAM,PARUL TRANSPORT SERVICE,Private - NON AC,WB41J0557,Kalna,Kalna,Bankura,5:10 AM,10:50 AM,,14,bussathi.in,https://bussathi.in/bus/883
bussathi-rajdhani-620,RAJDHANI,,Private - NON AC,WB17N3738,Bankura,Bankura,Kolkata (Esplanade),3:40 AM,9:30 AM,,21,bussathi.in,https://bussathi.in/bus/884
bussathi-rajdhani-618,RAJDHANI,,Private - NON AC,WB33J9091,Haldia,Haldia,Medinipur,6:25 AM,10:30 AM,,12,bussathi.in,https://bussathi.in/bus/885
bussathi-rajdhani-express-622,RAJDHANI EXPRESS,SATYANARAYAN TRAVELS,Private - NON AC,WB49N2199,Ranichak,Ranichak,Karunamoyee,4:45 AM,9:00 AM,,19,bussathi.in,https://bussathi.in/bus/886
bussathi-rajdhani-express-621,RAJDHANI EXPRESS,,Private - NON AC,WB49N2499,Karunamoyee,Karunamoyee,Ramjibanpur,7:10 AM,12:05 PM,,22,bussathi.in,https://bussathi.in/bus/887
bussathi-rajmahal-625,RAJMAHAL,,Private - NON AC,WB55B6574,Durgapur (City Center),Durgapur (City Center),Jhargram,5:40 AM,10:10 AM,,18,bussathi.in,https://bussathi.in/bus/890
bussathi-rajnandini-626,RAJNANDINI,,Private - NON AC,WB492282,Fulkusma,Fulkusma,Kolkata (Esplanade),3:30 AM,8:35 AM,,17,bussathi.in,https://bussathi.in/bus/891
bussathi-rajpath-627,RAJPATH,,Private - NON AC,WB67B8736,Khatra,Khatra,Tarkeshwar,6:45 AM,12:20 PM,,12,bussathi.in,https://bussathi.in/bus/892
bussathi-rajput-629,RAJPUT,,Private - NON AC,WB55B6747,Manbazar,Manbazar,Purulia,12:15 PM,2:20 PM,,6,bussathi.in,https://bussathi.in/bus/893
bussathi-rajput-628,RAJPUT,RAJPUT TRAVEL'S,Private - NON AC,WB554547,Manbazar,Manbazar,Purulia,5:40 AM,7:50 AM,,6,bussathi.in,https://bussathi.in/bus/894
bussathi-rakhal-raja-630,RAKHAL RAJA,,Private - NON AC,WB291268,Buglidih,Buglidih,Bankura,5:50 AM,8:10 AM,,12,bussathi.in,https://bussathi.in/bus/895
bussathi-rakhal-sokha-631,RAKHAL SOKHA,,Private - NON AC,WB674899,Guniada,Guniada,Bankura,6:30 AM,9:30 AM,,11,bussathi.in,https://bussathi.in/bus/896
bussathi-rakhalraja-632,RAKHALRAJA,,Private - NON AC,WB33B2331,Manbazar,Manbazar,Chandrakona Road,5:40 AM,10:20 AM,,12,bussathi.in,https://bussathi.in/bus/898
bussathi-rakhalraja-0,RAKHALRAJA,DUTTA MOTORS,Private - NON AC,WB33C5796,Khatra,Khatra,Chandrakona Road,8:30 AM,11:40 AM,,11,bussathi.in,https://bussathi.in/bus/902
bussathi-ramananda-0,RAMANANDA,,Private - NON AC,WB29A5504,Argoal,Argoal,Howrah,4:00 AM,8:45 AM,,16,bussathi.in,https://bussathi.in/bus/904
bussathi-ramkrishna-0,RAMKRISHNA,,Private - NON AC,WB33B3939,Contai,Contai,Jhargram,6:20 AM,11:00 AM,,9,bussathi.in,https://bussathi.in/bus/905
bussathi-ramkrishna-1,RAMKRISHNA,RAMKRISHNA TRAVEL'S,Private - NON AC,WB33J5829,Sarenga,Sarenga,Medinipur,4:10 PM,6:30 PM,,11,bussathi.in,https://bussathi.in/bus/906
bussathi-rana-636,RANA,RANA TRAVELS,Private - NON AC,WB499891,Madansole,Madansole,Digha,5:30 AM,11:50 AM,,14,bussathi.in,https://bussathi.in/bus/910
bussathi-rana-637,RANA,RANA TRAVELS,Private - NON AC,WB499791,Hatibari,Hatibari,Kolkata (Esplanade),4:10 AM,9:00 AM,,17,bussathi.in,https://bussathi.in/bus/911
bussathi-ratul-babu-640,RATUL BABU,,Private - NON AC,WB67B8441,Bankura,Bankura,Tarkeshwar,8:45 AM,12:55 PM,,13,bussathi.in,https://bussathi.in/bus/913
bussathi-ravi-641,RAVI,,Private - NON AC,WB41H5161,Krishnanagar,Krishnanagar,Asansol,4:35 AM,10:25 AM,,15,bussathi.in,https://bussathi.in/bus/914
bussathi-rbn-travels-639,RBN TRAVELS,RBN TRAVELS,Private - NON AC,WB55B8418,Berada,Berada,Badanganj,6:30 AM,11:50 AM,,14,bussathi.in,https://bussathi.in/bus/915
bussathi-rbn-travels-642,RBN TRAVELS,RBN TRAVELS,Private - NON AC,WB55B9065,Medinipur,Medinipur,Tatanagar,4:20 AM,10:40 AM,,20,bussathi.in,https://bussathi.in/bus/916
bussathi-reyansh-643,REYANSH,.,Private - AC,WB37L0778,Suri,Suri,Digha,7:20 AM,7:15 PM,,28,bussathi.in,https://bussathi.in/bus/917
bussathi-rinku-didi-0,RINKU DIDI,,Private - NON AC,WB55A4652,Bandwan,Bandwan,Bankura,7:50 AM,11:00 AM,,10,bussathi.in,https://bussathi.in/bus/920
bussathi-rof-rof-645,ROF ROF,,Private - NON AC,WB33F3262,Garhbeta,Garhbeta,Durgachak,5:05 AM,10:30 AM,,16,bussathi.in,https://bussathi.in/bus/923
bussathi-rof-rof-646,ROF ROF,,Private - NON AC,WB33K5234,Bishnupur,Bishnupur,Haldia,7:20 AM,12:25 PM,,18,bussathi.in,https://bussathi.in/bus/924
bussathi-rohan-647,ROHAN,ROHAN TRAVEL'S,Private - NON AC,WB57E1001,Domkal,Domkal,Kolkata (Esplanade),4:50 AM,12:10 AM,,20,bussathi.in,https://bussathi.in/bus/925
bussathi-roshni-650,ROSHNI,,Private - NON AC,WB33F1792,Egra,Egra,Chandrakona Road,4:30 AM,10:00 AM,,21,bussathi.in,https://bussathi.in/bus/928
bussathi-rubina-654,RUBINA,RUBINA PARIBAHAN,Private - NON AC,WB511234,Mayapur,Mayapur,Bardhaman,5:30 AM,10:20 AM,,10,bussathi.in,https://bussathi.in/bus/935
bussathi-rudra-super-0,RUDRA SUPER,,Private - NON AC,WB55D3240,Manbazar,Manbazar,Kharagpur,5:10 AM,11:50 AM,,15,bussathi.in,https://bussathi.in/bus/936
bussathi-rudrani-0,RUDRANI,,Private - NON AC,WB33D3454,Purulia,Purulia,Digha,4:40 AM,3:25 PM,,21,bussathi.in,https://bussathi.in/bus/937
bussathi-rudrani-1,RUDRANI,,Private - NON AC,WB33B1830,Kharagpur,Kharagpur,Manbazar,5:25 AM,10:40 AM,,15,bussathi.in,https://bussathi.in/bus/938
bussathi-rumi-rik-656,RUMI RIK,SUDHA TRAVELS,Private - NON AC,WB41D9781,Karimpur,Karimpur,Bardhaman,5:50 AM,11:00 AM,,17,bussathi.in,https://bussathi.in/bus/940
bussathi-rupkatha-659,RUPKATHA,SUMITRA TRAVELS,Private - NON AC,WB494546,Rohini,Rohini,Kolkata (Esplanade),4:20 AM,8:40 AM,,16,bussathi.in,https://bussathi.in/bus/943
bussathi-rupkatha-660,RUPKATHA,,Private - NON AC,WB33E4185,Rohini,Rohini,Raipur,8:00 AM,11:10 AM,,10,bussathi.in,https://bussathi.in/bus/944
bussathi-s-travels-661,S TRAVELS,S TRAVELS,Private - NON AC,WB55E6130,Jhalda,Jhalda,Bankura,4:30 AM,8:50 AM,,11,bussathi.in,https://bussathi.in/bus/945
bussathi-sadhana-665,SADHANA,,Private - NON AC,WB67H0674,Bankura,Bankura,Dhanbad,5:10 AM,10:40 AM,,15,bussathi.in,https://bussathi.in/bus/949
bussathi-safar-667,SAFAR,,Private - NON AC,WB55B6933,Khatra,Khatra,Kolkata (Esplanade),3:35 AM,10:20 AM,,21,bussathi.in,https://bussathi.in/bus/950
bussathi-sagar-0,SAGAR,Sagar Travels,Private - NON AC,WB33D4176,Raskundu,Raskundu,Medinipur,2:35 PM,4:55 PM,,7,bussathi.in,https://bussathi.in/bus/951
bussathi-sagar-666,SAGAR,,Private - NON AC,WB33C7476,Raskundu,Raskundu,Medinipur,1:30 PM,3:30 PM,,6,bussathi.in,https://bussathi.in/bus/952
bussathi-sagar-1,SAGAR,,Private - NON AC,WB33C3057,Raskundu,Raskundu,Medinipur,4:50 AM,6:30 AM,,8,bussathi.in,https://bussathi.in/bus/953
bussathi-sagarika-0,SAGARIKA,,Private - NON AC,WB41B4992,Jangipur,Jangipur,Arambagh,5:40 AM,11:10 AM,,13,bussathi.in,https://bussathi.in/bus/954
bussathi-sahana-1,SAHANA,,Private - NON AC,WB555504,Gopalpur,Gopalpur,Purulia,6:20 AM,9:20 AM,,10,bussathi.in,https://bussathi.in/bus/956
bussathi-sahana-2,SAHANA,,Private - NON AC,WB554799,Simlapal,Simlapal,Purulia,4:40 AM,9:40 AM,,12,bussathi.in,https://bussathi.in/bus/957
bussathi-sahana-668,SAHANA,SAHANA TRAVELS,Private - NON AC,WB55B7228,Kotshila,Kotshila,Bankura,10:10 AM,2:20 PM,,12,bussathi.in,https://bussathi.in/bus/958
bussathi-sahin-670,SAHIN,SAHIN TRAVEL'S,Private - NON AC,WB432806,Mecheda,Mecheda,Bardhaman,5:15 AM,10:25 AM,,20,bussathi.in,https://bussathi.in/bus/961
bussathi-sahin-671,SAHIN,SAHIN TRAVELS,Private - NON AC,WB41Q4268,Bardhaman,Bardhaman,Kharagpur,6:50 AM,11:50 PM,,16,bussathi.in,https://bussathi.in/bus/962
bussathi-sahoo-super-672,SAHOO SUPER,,Private - NON AC,WB29H0434,Egra,Egra,Kalyani,5:30 AM,11:30 AM,,22,bussathi.in,https://bussathi.in/bus/963
bussathi-saklin-674,SAKLIN,,Private - NON AC,WB15C3349,Tarkeshwar,Tarkeshwar,Ramgarh,8:50 AM,1:35 PM,,12,bussathi.in,https://bussathi.in/bus/964
bussathi-sampa-675,SAMPA,,Private - NON AC,WB04G1390,Medinipur,Medinipur,Chandrakona Road,1:50 PM,3:15 PM,,5,bussathi.in,https://bussathi.in/bus/966
bussathi-sampa-676,SAMPA,SAMPA TRAVLE'S,Private - NON AC,WB33F3132,Medinipur,Medinipur,Digha,6:40 AM,10:00 AM,,9,bussathi.in,https://bussathi.in/bus/967
bussathi-samrat-677,SAMRAT,,Private - NON AC,WB41E1212,Benachity,Benachity,Tarkeshwar,7:20 AM,12:15 PM,,13,bussathi.in,https://bussathi.in/bus/968
bussathi-sanchita-678,SANCHITA,,Private - NON AC,WB33B0346,Mohanpur,Mohanpur,Medinipur,7:30 AM,10:30 AM,,8,bussathi.in,https://bussathi.in/bus/969
bussathi-sandhu-0,SANDHU,SANDHU TRAVELS,Private - AC,WB55E5225,Kharagpur,Kharagpur,Ranchi,5:30 AM,11:15 AM,,9,bussathi.in,https://bussathi.in/bus/971
bussathi-sandhu-1,SANDHU,SANDHU TRAVEL'S,Private - AC,WB55E5325,Gopiballabpur,Gopiballabpur,Ranchi,4:00 AM,9:15 AM,,7,bussathi.in,https://bussathi.in/bus/972
bussathi-sandhu-2,SANDHU,SANDHU TRAVEL'S,Private - NON AC,WB55E0311,Medinipur,Medinipur,Tatanagar,4:45 AM,9:20 AM,,8,bussathi.in,https://bussathi.in/bus/973
bussathi-sangeeta-0,SANGEETA,,Private - NON AC,WB67C1590,Barabazar,Barabazar,Durgapur (Station),5:40 AM,10:40 AM,,17,bussathi.in,https://bussathi.in/bus/974
bussathi-sanghamitra-0,SANGHAMITRA,,Private - NON AC,WB29B7899,Haldia,Haldia,Hoomgarh,4:50 AM,12:10 PM,,18,bussathi.in,https://bussathi.in/bus/975
bussathi-sanghati-679,SANGHATI,,Private - AC,WB29E5301,Tarkeshwar,Tarkeshwar,Digha,5:40 AM,11:00 AM,,12,bussathi.in,https://bussathi.in/bus/977
bussathi-sangita-680,SANGITA,SANGITA TRAVEL'S,Private - NON AC,WB55B9155,Begunkodor,Begunkodor,Manbazar,4:40 AM,10:00 AM,,8,bussathi.in,https://bussathi.in/bus/978
bussathi-sanju-681,SANJU,SANJU TRAVELS AGENCY,Private - NON AC,WB29A7009,Nabadwip,Nabadwip,Benachity,6:35 AM,11:25 AM,,11,bussathi.in,https://bussathi.in/bus/979
bussathi-sankhababa-682,SANKHABABA,,Private - NON AC,WB317120,Medinipur,Medinipur,Jhargram,3:05 PM,4:30 PM,,4,bussathi.in,https://bussathi.in/bus/980
bussathi-sannyasi-684,SANNYASI,Sannyasi,Private,WB67J5268,Kultikri,Kultikri,Bishnupur,5:20 AM,11:35 AM,,22,bussathi.in,https://bussathi.in/bus/981
bussathi-santanu-683,SANTANU,,Private - NON AC,WB53B1519,Durgapur (City Center),Durgapur (City Center),Kuli,6:05 AM,11:10 AM,,11,bussathi.in,https://bussathi.in/bus/982
bussathi-sany-687,SANY,,Private - NON AC,WB29B9748,Egra,Egra,Karunamoyee,4:15 AM,9:30 AM,,20,bussathi.in,https://bussathi.in/bus/985
bussathi-sany-688,SANY,,Private - NON AC,WB29E5436,Solpatta,Solpatta,Karunamoyee,3:00 AM,8:50 AM,,20,bussathi.in,https://bussathi.in/bus/986
bussathi-saradia-690,SARADIA,,Private - NON AC,WB29E1828,Haldia,Haldia,Belpahari,5:20 AM,12:30 PM,,18,bussathi.in,https://bussathi.in/bus/992
bussathi-saraju-691,SARAJU,,Private - NON AC,WB559561,Purulia,Purulia,Khatra,7:35 AM,11:40 AM,,10,bussathi.in,https://bussathi.in/bus/993
bussathi-sarama-692,SARAMA,,Private - NON AC,WB41N1209,Bardhaman,Bardhaman,Samaspur,2:30 PM,4:45 PM,,7,bussathi.in,https://bussathi.in/bus/994
bussathi-sarbojoya-694,SARBOJOYA,,Private - NON AC,WB67B1067,Durgapur (Station),Durgapur (Station),Sarenga,7:55 AM,12:05 PM,,11,bussathi.in,https://bussathi.in/bus/998
bussathi-satabdi-695,SATABDI,,Private - NON AC,WB37C0111,Asansol,Asansol,Baharampur,5:50 AM,12:00 PM,,9,bussathi.in,https://bussathi.in/bus/1000
bussathi-satellite-697,SATELLITE,,Private - NON AC,WB67B1577,Sarenga,Sarenga,Asansol,7:00 AM,12:10 PM,,16,bussathi.in,https://bussathi.in/bus/1003
bussathi-sathi-698,SATHI,SATHI TRAVELS,Private - NON AC,WB67C1663,Rasulpur,Rasulpur,Mukutmanipur,6:00 AM,11:00 AM,,13,bussathi.in,https://bussathi.in/bus/1004
bussathi-sathi-700,SATHI,,Private - NON AC,WB674261,Tarkeshwar,Tarkeshwar,Bankura,6:10 AM,10:20 AM,,13,bussathi.in,https://bussathi.in/bus/1005
bussathi-sathi-699,SATHI,SATHI TRAVELS,Private - NON AC,WB67B3612,Bankura,Bankura,Tarkeshwar,7:10 AM,11:40 AM,,13,bussathi.in,https://bussathi.in/bus/1006
bussathi-sathi-701,SATHI,,Private - NON AC,WB67A0542,Birsingha,Birsingha,Tarkeshwar,5:40 AM,11:35 AM,,11,bussathi.in,https://bussathi.in/bus/1007
bussathi-sayan-702,SAYAN,,Private - NON AC,WB55A4103,Purulia,Purulia,Khatra,7:30 AM,12:30 PM,,13,bussathi.in,https://bussathi.in/bus/1008
bussathi-sayandip-703,SAYANDIP,,Private - NON AC,WB33D3936,Kantakhali,Kantakhali,Jhargram,5:30 AM,11:20 AM,,13,bussathi.in,https://bussathi.in/bus/1009
bussathi-sbstc-704,SBSTC,South Bengal State Transport Corporation,Government - NON AC,WB39B4712,Purulia,Purulia,Kolkata (Esplanade),4:45 AM,12:00 PM,,18,bussathi.in,https://bussathi.in/bus/1011
bussathi-sera-bangla-706,SERA BANGLA,,Private - NON AC,WB41G9547,Chittaranjan,Chittaranjan,Bardhaman,6:50 AM,10:35 AM,,11,bussathi.in,https://bussathi.in/bus/1013
bussathi-serma-epil-708,SERMA EPIL,,Private - NON AC,WB55A6535,Sonathali,Sonathali,Purulia,2:50 PM,4:30 PM,,6,bussathi.in,https://bussathi.in/bus/1014
bussathi-shakambari-707,SHAKAMBARI,,Private - NON AC,WB29B8889,Jhargram,Jhargram,Haldia,6:30 AM,12:00 PM,,13,bussathi.in,https://bussathi.in/bus/1015
bussathi-shakti-sree-709,SHAKTI SREE,MANORANJAN TRAVEL'S,Private - NON AC,WB29B1394,Bankura,Bankura,Asansol,7:30 AM,11:45 PM,,16,bussathi.in,https://bussathi.in/bus/1017
bussathi-shankari-711,SHANKARI,,Private - NON AC,JH05EA1334,Tatanagar,Tatanagar,Bankura,6:50 AM,11:50 AM,,16,bussathi.in,https://bussathi.in/bus/1019
bussathi-shankari-0,SHANKARI,,Private - NON AC,JH05DR2044,Tatanagar,Tatanagar,Bishnupur,5:55 AM,11:00 AM,,16,bussathi.in,https://bussathi.in/bus/1020
bussathi-shanti-0,SHANTI,SHANTI TRAVELS,Private - NON AC,WB53A1101,Patharchapuri,Patharchapuri,Bardhaman,5:10 AM,8:30 AM,,11,bussathi.in,https://bussathi.in/bus/1022
bussathi-shanti-1,SHANTI,SHANTI TRAVELS,Private - NON AC,WB47B6229,Bolpur,Bolpur,Bishnupur,6:20 AM,11:05 AM,,16,bussathi.in,https://bussathi.in/bus/1023
bussathi-sharadamoyee-0,SHARADAMOYEE,,Private - NON AC,WB49N2167,Kolkata,Kolkata,Garhbeta,7:55 AM,1:25 PM,,21,bussathi.in,https://bussathi.in/bus/1024
bussathi-sharmin-0,SHARMIN,,Private - NON AC,WB50AA9718,Chandrakona Road,Chandrakona Road,Kukrahati,5:35 AM,9:50 AM,,19,bussathi.in,https://bussathi.in/bus/1025
bussathi-shefali-712,SHEFALI,,Private - NON AC,WB67B9155,Majuria,Majuria,Bankura,5:00 AM,8:15 AM,,11,bussathi.in,https://bussathi.in/bus/1026
bussathi-shefali-714,SHEFALI,,Private - NON AC,WB67B4455,Sarenga,Sarenga,Bankura,11:40 AM,2:00 PM,,8,bussathi.in,https://bussathi.in/bus/1029
bussathi-shibam-717,SHIBAM,SHIBAM TRAVELS,Private - NON AC,WB67D7441,Hoomgarh,Hoomgarh,Durgapur (Station),5:40 AM,10:20 AM,,11,bussathi.in,https://bussathi.in/bus/1031
bussathi-shibam-716,SHIBAM,,Private - NON AC,WB67A6013,Bhutsahar,Bhutsahar,Bankura,7:50 AM,11:50 AM,,11,bussathi.in,https://bussathi.in/bus/1032
bussathi-shibani-internationa-718,SHIBANI INTERNATIONAL,,Private - NON AC,WB29B7413,Howrah,Howrah,Chandrakona Road,5:30 AM,9:50 AM,,12,bussathi.in,https://bussathi.in/bus/1033
bussathi-shiv-durga-719,SHIV DURGA,,Private - NON AC,WB37E5686,Dumka,Dumka,Asansol,5:45 AM,9:45 AM,,5,bussathi.in,https://bussathi.in/bus/1034
bussathi-shiv-durga-0,SHIV DURGA,,Private - NON AC,WB677214,Bandwan,Bandwan,Purulia,7:00 AM,9:30 AM,,8,bussathi.in,https://bussathi.in/bus/1035
bussathi-shiv-shakti-0,SHIV SHAKTI,,Private - NON AC,WB67B9011,Bishnupur,Bishnupur,Tatanagar,6:45 AM,12:05 PM,,15,bussathi.in,https://bussathi.in/bus/1036
bussathi-shiv-shakti-1,SHIV SHAKTI,,Private - NON AC,JH05BE0969,Tatanagar,Tatanagar,Durgapur (Station),5:30 AM,10:50 PM,,17,bussathi.in,https://bussathi.in/bus/1037
bussathi-shiv-shakti-2,SHIV SHAKTI,,Private - NON AC,WB496777,Baksi,Baksi,Kultikri,9:00 AM,12:15 PM,,10,bussathi.in,https://bussathi.in/bus/1038
bussathi-shiv-shakti-720,SHIV SHAKTI,,Private - AC,JH05DM0069,Tatanagar,Tatanagar,Dhanbad,6:40 AM,10:50 AM,,3,bussathi.in,https://bussathi.in/bus/1039
bussathi-shivadurga-721,SHIVADURGA,,Private - NON AC,WB496329,Raipur,Raipur,Jhargram,2:00 PM,4:10 PM,,8,bussathi.in,https://bussathi.in/bus/1040
bussathi-shivaji-722,SHIVAJI,SHIVAJI TRAVELS,Private - NON AC,WB29D7792,Nandigram,Nandigram,Karunamoyee,3:45 AM,7:50 AM,,17,bussathi.in,https://bussathi.in/bus/1042
bussathi-shivam-723,SHIVAM,,Private - NON AC,WB41C5918,Khatra,Khatra,Arambagh,6:15 AM,11:05 AM,,12,bussathi.in,https://bussathi.in/bus/1043
bussathi-shivam-724,SHIVAM,SHIVAM TRAVEL'S,Private - NON AC,WB49C6232,Medinipur,Medinipur,Bandwan,6:50 AM,12:00 PM,,18,bussathi.in,https://bussathi.in/bus/1045
bussathi-shivshakti-728,SHIVSHAKTI,SHIVSHAKTI TRAVEL'S,Private - NON AC,WB31A9899,Bajkul,Bajkul,Baleshwar,5:50 AM,10:15 AM,,11,bussathi.in,https://bussathi.in/bus/1048
bussathi-shradhanjali-727,SHRADHANJALI,,Private - NON AC,WB33F2197,Medinipur,Medinipur,Khatra,5:40 AM,11:15 AM,,15,bussathi.in,https://bussathi.in/bus/1049
bussathi-shree-durga-729,SHREE DURGA,,Private - NON AC,WB555863,Bandwan,Bandwan,Purulia,6:30 AM,10:10 AM,,7,bussathi.in,https://bussathi.in/bus/1050
bussathi-shree-madhusudhan-730,SHREE MADHUSUDHAN,,Private - NON AC,WB67A9423,Bankura,Bankura,Jhargram,8:20 AM,12:00 PM,,14,bussathi.in,https://bussathi.in/bus/1051
bussathi-shree-madhusudhan-731,SHREE MADHUSUDHAN,,Private - NON AC,WB676639,Bankura,Bankura,Silda,5:25 AM,8:35 AM,,11,bussathi.in,https://bussathi.in/bus/1052
bussathi-shreemaa-0,SHREEMAA,SHREEMAA BUS SERVICE,Private - NON AC,WB674439,Simlabandh,Simlabandh,Bankura,2:30 PM,5:15 PM,,9,bussathi.in,https://bussathi.in/bus/1056
bussathi-shreemaa-express-733,SHREEMAA EXPRESS,,Private - NON AC,WB33E1344,Digha,Digha,Medinipur,7:40 AM,12:00 AM,,9,bussathi.in,https://bussathi.in/bus/1058
bussathi-shreyan-734,SHREYAN,SHREYAN TRAVEL'S,Private - NON AC,WB29F2852,Baruipur,Baruipur,Nandigram,6:05 AM,10:50 AM,,15,bussathi.in,https://bussathi.in/bus/1059
bussathi-shri-ganesh-736,SHRI GANESH,,Private - NON AC,WB29C1748,Kharagpur,Kharagpur,Bardhaman,3:50 AM,8:40 AM,,16,bussathi.in,https://bussathi.in/bus/1060
bussathi-shri-krishna-735,SHRI KRISHNA,,Private - NON AC,WB676591,Bajitpur,Bajitpur,Asansol,5:20 AM,9:45 AM,,16,bussathi.in,https://bussathi.in/bus/1061
bussathi-shri-shyam-737,SHRI SHYAM,,Private - NON AC,WB55E9386,Manbazar,Manbazar,Purulia,8:25 AM,11:50 AM,,12,bussathi.in,https://bussathi.in/bus/1062
bussathi-shyama-maa-738,SHYAMA MAA,,Private - NON AC,WB19F7398,Garhbeta,Garhbeta,Jhargram,7:55 AM,11:55 AM,,10,bussathi.in,https://bussathi.in/bus/1063
bussathi-shyamali-740,SHYAMALI,,Private - NON AC,WB41B6525,Durgapur (Station),Durgapur (Station),Suri,6:40 AM,10:15 AM,,9,bussathi.in,https://bussathi.in/bus/1064
bussathi-silverjet-741,SILVERJET,,Private - NON AC,WB339799,Medinipur,Medinipur,Bankura,6:50 AM,12:00 PM,,15,bussathi.in,https://bussathi.in/bus/1065
bussathi-sital-742,SITAL,,Private - NON AC,WB55A5343,Purulia,Purulia,Jhargram,5:25 AM,10:50 AM,,15,bussathi.in,https://bussathi.in/bus/1066
bussathi-sixer-744,SIXER,,Private - NON AC,WB55B7112,Durgapur (Station),Durgapur (Station),Tatanagar,6:00 AM,12:30 PM,,16,bussathi.in,https://bussathi.in/bus/1068
bussathi-sixer-743,SIXER,,Private - NON AC,WB37E1356,Durgapur (Station),Durgapur (Station),Bokaro,5:10 AM,10:00 AM,,10,bussathi.in,https://bussathi.in/bus/1069
bussathi-sixer-745,SIXER,,Private - NON AC,WB55B6112,Nirsa,Nirsa,Tatanagar,5:30 AM,10:40 AM,,13,bussathi.in,https://bussathi.in/bus/1070
bussathi-sixer-0,SIXER,,Private - NON AC,WB37J5772,Asansol,Asansol,Ranchi,6:00 AM,1:40 PM,,10,bussathi.in,https://bussathi.in/bus/1071
bussathi-snemita-746,SNEMITA,,Private - NON AC,WB11C6824,Digha,Digha,Bardhaman,3:25 AM,11:25 AM,,27,bussathi.in,https://bussathi.in/bus/1072
bussathi-sohail-748,SOHAIL,,Private - NON AC,WB67A1855,Bankura,Bankura,Purulia,6:30 AM,10:40 AM,,15,bussathi.in,https://bussathi.in/bus/1074
bussathi-sohana-749,SOHANA PARIBAHAN,Sohana Paribahan,Private - AC,WB 29C 4818,Digha,Digha,Barasat,6:20 AM,11:00 AM,,31,bussathi.in,https://bussathi.in/bus/1075
bussathi-somu-750,SOMU,BABA BASANTA ROY TRAVELS,Private - NON AC,WB495990,Medinipur,Medinipur,Belpahari,8:40 AM,11:40 AM,,8,bussathi.in,https://bussathi.in/bus/1076
bussathi-sonai-751,SONAI,SONAI TRAVEL'S,Private - NON AC,WB471781,Bolpur,Bolpur,Benachity,1:05 PM,2:35 PM,,7,bussathi.in,https://bussathi.in/bus/1077
bussathi-sonali-752,SONALI,,Private - NON AC,WB67F0719,Manbazar,Manbazar,Medinipur,4:45 AM,9:50 AM,,14,bussathi.in,https://bussathi.in/bus/1078
bussathi-sonar-tori-753,SONAR TORI,,Private - NON AC,WB51B4939,Krishnanagar,Krishnanagar,Benachity,5:25 AM,10:40 AM,,13,bussathi.in,https://bussathi.in/bus/1079
bussathi-sonar-tori-754,SONAR TORI,,Private - NON AC,WB41J7004,Krishnanagar,Krishnanagar,Benachity,7:10 AM,12:20 PM,,12,bussathi.in,https://bussathi.in/bus/1080
bussathi-soumen-755,SOUMEN,,Private - NON AC,WB29B5781,Baidyanathpur,Baidyanathpur,Raniganj,7:00 AM,11:50 AM,,18,bussathi.in,https://bussathi.in/bus/1081
bussathi-soumen-756,SOUMEN,ISHA TRAVELS,Private - NON AC,WB674219,Bankura,Bankura,Ambika Nagar,12:00 PM,2:30 PM,,10,bussathi.in,https://bussathi.in/bus/1082
bussathi-soumen-757,SOUMEN,SOUMEN TRAVEL'S,Private - NON AC,WB67D6869,Shyambazar,Shyambazar,Durgapur (City Center),6:50 AM,10:40 AM,,15,bussathi.in,https://bussathi.in/bus/1083
bussathi-sourav-758,SOURAV,BADAL MOTORS,Private - NON AC,WB29B2061,Contai,Contai,Jhargram,7:00 AM,11:30 AM,,9,bussathi.in,https://bussathi.in/bus/1084
bussathi-sourav-0,SOURAV,,Private - NON AC,WB55A5293,Manbazar,Manbazar,Purulia,6:40 AM,9:50 AM,,7,bussathi.in,https://bussathi.in/bus/1086
bussathi-sourik-0,SOURIK,,Private - NON AC,WB33F2550,Nandakumar,Nandakumar,Medinipur,7:00 AM,11:35 AM,,13,bussathi.in,https://bussathi.in/bus/1087
bussathi-souvik-0,SOUVIK,SOUVIK TRAVELS,Private - NON AC,WB31AC6435,Digha,Digha,Jayrambati,4:50 AM,8:45 AM,,18,bussathi.in,https://bussathi.in/bus/1089
bussathi-srabani-0,SRABANI,ABIR TRAVELS,Private - AC,WB05A4253,Anandapur,Anandapur,Bishnupur,6:10 AM,11:35 AM,,15,bussathi.in,https://bussathi.in/bus/1090
bussathi-srabani-labani-0,SRABANI LABANI,,Private - NON AC,WB33C8131,Chandrakona Town,Chandrakona Town,Kolkata,5:05 AM,9:30 AM,,23,bussathi.in,https://bussathi.in/bus/1091
bussathi-sree-guru-760,SREE GURU,,Private - NON AC,WB531202,Bolpur,Bolpur,Baharampur,5:30 AM,9:40 AM,,9,bussathi.in,https://bussathi.in/bus/1092
bussathi-sreema-761,SREEMA,,Private - NON AC,WB530586,Bolpur,Bolpur,Asansol,6:00 AM,9:10 AM,,9,bussathi.in,https://bussathi.in/bus/1094
bussathi-sri-balaji-763,SRI BALAJI,,Private - NON AC,WB37E5964,Bankura,Bankura,Dhanbad,6:10 AM,11:05 AM,,13,bussathi.in,https://bussathi.in/bus/1095
bussathi-sri-bishnu-762,SRI BISHNU,,Private - NON AC,WB33C5130,Khatra,Khatra,Ghatal,6:30 AM,10:20 AM,,15,bussathi.in,https://bussathi.in/bus/1096
bussathi-sri-krishna-764,SRI KRISHNA,,Private - NON AC,WB33D3716,Amlasuli,Amlasuli,Contai,6:20 AM,11:45 AM,,10,bussathi.in,https://bussathi.in/bus/1097
bussathi-sri-krishna-767,SRI KRISHNA,,Private - NON AC,WB33F3444,Khatra,Khatra,Medinipur,5:20 AM,9:40 AM,,12,bussathi.in,https://bussathi.in/bus/1101
bussathi-sri-krishna-768,SRI KRISHNA,,Private - NON AC,WB33C4709,Khatra,Khatra,Medinipur,5:40 AM,10:30 AM,,14,bussathi.in,https://bussathi.in/bus/1103
bussathi-sri-krishna-770,SRI KRISHNA,,Private - NON AC,WB33F2131,Medinipur,Medinipur,Bankura,7:25 AM,11:45 AM,,14,bussathi.in,https://bussathi.in/bus/1104
bussathi-sri-krishna-0,SRI KRISHNA,,Private - NON AC,WB33J7893,Khatra,Khatra,Kharagpur,5:45 AM,10:45 AM,,15,bussathi.in,https://bussathi.in/bus/1105
bussathi-sri-ramkrishna-0,SRI RAMKRISHNA,,Private - NON AC,WB49N0540,Bardhaman,Bardhaman,Mecheda,7:35 AM,12:50 PM,,20,bussathi.in,https://bussathi.in/bus/1106
bussathi-srre-jagannath-expre-772,SRRE JAGANNATH EXPRESS,,Private - NON AC,WB33F1527,Chaitanyapur,Chaitanyapur,Jhargram,5:20 AM,11:30 AM,,17,bussathi.in,https://bussathi.in/bus/1108
bussathi-srt-travels-771,SRT Travels,S.R.T. TRAVELS,Private - NON AC,WB55B2345,Purulia,Purulia,Jhargram,4:25 AM,11:45 AM,,11,bussathi.in,https://bussathi.in/bus/1109
bussathi-subarna-773,SUBARNA,,Private - NON AC,WB091802,Bishnupur,Bishnupur,Kolkata (Esplanade),4:10 AM,8:30 AM,,17,bussathi.in,https://bussathi.in/bus/1110
bussathi-subarna-774,SUBARNA,SUBARNA PARIBAHAN,Private - AC,WB45C2369,Jhargram,Jhargram,Siliguri,1:55 PM,7:35 AM,,20,bussathi.in,https://bussathi.in/bus/1112
bussathi-subarnarekha-775,SUBARNAREKHA,,Private - NON AC,WB55E3663,Asansol,Asansol,Tatanagar,5:20 AM,11:30 AM,,12,bussathi.in,https://bussathi.in/bus/1114
bussathi-subha-sandhya-777,SUBHA SANDHYA,,Private - NON AC,WB33F3729,Panskura,Panskura,Contai,4:55 AM,9:45 AM,,9,bussathi.in,https://bussathi.in/bus/1115
bussathi-subhadeep-778,SUBHADEEP,,Private - NON AC,WB679788,Manbazar,Manbazar,Bankura,7:20 AM,11:40 AM,,13,bussathi.in,https://bussathi.in/bus/1116
bussathi-subhadra-776,SUBHADRA,SUBHADRA TRAVELS,Private - NON AC,WB47B2600,Bolpur,Bolpur,Asansol,9:00 AM,11:50 AM,,9,bussathi.in,https://bussathi.in/bus/1117
bussathi-subhasree-779,SUBHASREE,,Private - NON AC,WB674033,Kashipur,Kashipur,Bankura,1:30 PM,3:30 PM,,9,bussathi.in,https://bussathi.in/bus/1118
bussathi-subhodeep-780,SUBHODEEP,SHIB NARAYAN TRAVELS,Private - NON AC,WB57C0696,Purulia,Purulia,Siliguri,2:30 PM,7:00 AM,,26,bussathi.in,https://bussathi.in/bus/1119
bussathi-subhodeep-0,SUBHODEEP,SHIB NARAYAN TRAVEL'S,Private - AC,WB57F3096,Purulia,Purulia,Siliguri,3:30 PM,7:30 AM,,13,bussathi.in,https://bussathi.in/bus/1121
bussathi-sujoy-kumar-0,SUJOY KUMAR,,Private - NON AC,WB33D7196,Kotulpur,Kotulpur,Medinipur,7:05 AM,11:20 AM,,13,bussathi.in,https://bussathi.in/bus/1123
bussathi-sulochona-0,SULOCHONA,,Private - NON AC,WB67C1990,Lalpur,Lalpur,Durgapur (Station),4:40 AM,8:45 AM,,18,bussathi.in,https://bussathi.in/bus/1124
bussathi-sulochona-781,SULOCHONA,,Private - NON AC,WB67B4332,Bankura,Bankura,Raniganj,8:40 AM,11:20 AM,,13,bussathi.in,https://bussathi.in/bus/1125
bussathi-sulochona-782,SULOCHONA,,Private - NON AC,WB673235,Bankura,Bankura,Raniganj,10:25 AM,12:40 PM,,13,bussathi.in,https://bussathi.in/bus/1126
bussathi-sulochona-783,SULOCHONA,,Private - NON AC,WB676899,Raghunathpur,Raghunathpur,Bankura,7:00 AM,9:40 AM,,12,bussathi.in,https://bussathi.in/bus/1127
bussathi-sulochona-784,SULOCHONA,,Private - NON AC,WB41A7481,Santaldih,Santaldih,Bankura,6:30 AM,10:25 AM,,15,bussathi.in,https://bussathi.in/bus/1128
bussathi-sultan-785,SULTAN,SULTAN TRAVELS,Private - NON AC,WB67A9247,Kashipur,Kashipur,Durgapur (Station),6:55 AM,10:50 AM,,13,bussathi.in,https://bussathi.in/bus/1129
bussathi-suman-788,SUMAN,SUMAN TRAVELS,Private - NON AC,WB554682,Purulia,Purulia,Manbazar,7:00 AM,11:10 AM,,8,bussathi.in,https://bussathi.in/bus/1132
bussathi-sumana-789,SUMANA,SUMANA TRAVELS,Private - NON AC,WB29E8362,Boga,Boga,Kalyani,4:50 AM,10:50 AM,,18,bussathi.in,https://bussathi.in/bus/1133
bussathi-sunrise-791,SUNRISE,,Private - NON AC,WB67A8356,Bankura,Bankura,Medinipur,5:45 AM,10:40 AM,,13,bussathi.in,https://bussathi.in/bus/1135
bussathi-sunrise-792,SUNRISE,,Private - NON AC,WB67B1456,Dheko,Dheko,Bankura,6:20 AM,10:00 AM,,12,bussathi.in,https://bussathi.in/bus/1136
bussathi-supriya-794,SUPRIYA,SRI KRISHNA BUS SERVICE,Private - NON AC,WB29B9835,Haldia,Haldia,Durgapur (City Center),2:05 AM,11:00 AM,,29,bussathi.in,https://bussathi.in/bus/1140
bussathi-supriya-795,SUPRIYA,BORO MAA TRAVELS,Private - NON AC,WB67A5413,Bidyanagar,Bidyanagar,Bardhaman,1:10 PM,3:45 PM,,7,bussathi.in,https://bussathi.in/bus/1141
bussathi-sutrishna-797,SUTRISHNA,,Private - NON AC,WB33F1639,Mecheda,Mecheda,Medinipur,5:40 AM,11:50 AM,,17,bussathi.in,https://bussathi.in/bus/1143
bussathi-sweety-801,SWEETY,,Private - NON AC,WB19F8865,Krishnanagar,Krishnanagar,Benachity,7:30 AM,1:05 PM,,12,bussathi.in,https://bussathi.in/bus/1148
bussathi-sweety-800,SWEETY,,Private - NON AC,WB37E4545,Nabadwip,Nabadwip,Bankura,2:55 AM,8:15 AM,,17,bussathi.in,https://bussathi.in/bus/1149
bussathi-sweety-802,SWEETY,,Private - NON AC,WB41J9888,Nabadwip,Nabadwip,Asansol,5:40 AM,11:00 AM,,17,bussathi.in,https://bussathi.in/bus/1150
bussathi-krishna-803,KRISHNA,,Private - NON AC,WB39B2435,Durgapur (Station),Asansol,Nabadwip,6:30 AM,11:50 AM,,14,bussathi.in,https://bussathi.in/bus/1151
bussathi-sweety-804,SWEETY,,Private - NON AC,WB39A8207,Bankura,Bankura,Nabadwip,9:15 AM,2:45 PM,,16,bussathi.in,https://bussathi.in/bus/1152
bussathi-sweety-805,SWEETY,,Private - NON AC,WB39B6338,Durgapur (Station),Durgapur (Station),Bandwan,5:35 AM,11:00 AM,,17,bussathi.in,https://bussathi.in/bus/1153
bussathi-sweety-807,SWEETY,,Private - NON AC,WB491460,Nabadwip,Nabadwip,Asansol,5:05 AM,9:50 AM,,16,bussathi.in,https://bussathi.in/bus/1155
bussathi-sweety-0,SWEETY,,Private - NON AC,WB41H3500,Durgapur (Station),Durgapur (Station),Bandwan,5:05 AM,10:10 AM,,16,bussathi.in,https://bussathi.in/bus/1156
bussathi-tamralipta-express-808,TAMRALIPTA EXPRESS,,Private - NON AC,WB31A7576,Bishnupur,Bishnupur,Contai,6:00 AM,11:20 AM,,12,bussathi.in,https://bussathi.in/bus/1160
bussathi-tamralipta-express-809,TAMRALIPTA EXPRESS,,Private - NON AC,WB319959,Bishnupur,Bishnupur,Asansol,5:20 AM,9:25 AM,,17,bussathi.in,https://bussathi.in/bus/1161
bussathi-tamralipta-express-811,TAMRALIPTA EXPRESS,,Private - AC,WB31AC9959,Bishnupur,Bishnupur,Digha,5:00 AM,11:10 AM,,18,bussathi.in,https://bussathi.in/bus/1163
bussathi-tanima-810,TANIMA,GHOSH MOTORS,Private - NON AC,WB490684,Rohini,Kolkata (Chandpal),Contai,8:35 AM,12:45 PM,,8,bussathi.in,https://bussathi.in/bus/1164
bussathi-tanveer-812,TANVEER,TANVEER LINE,Private - NON AC,WB41K2039,Kharagpur,Kharagpur,Bardhaman,7:10 AM,12:20 PM,,16,bussathi.in,https://bussathi.in/bus/1166
bussathi-tara-maa-814,TARA MAA,,Private - NON AC,WB33C0696,Binpur,Binpur,Arambagh,7:50 AM,1:05 PM,,13,bussathi.in,https://bussathi.in/bus/1168
bussathi-tara-maa-816,TARA MAA,,Private - NON AC,WB15C2847,Tarkeshwar,Tarkeshwar,Silda,3:40 AM,9:25 AM,,19,bussathi.in,https://bussathi.in/bus/1169
bussathi-tara-maa-817,TARA MAA,,Private - NON AC,WB07J0180,Tarkeshwar,Tarkeshwar,Fulkusma,4:00 AM,9:25 AM,,19,bussathi.in,https://bussathi.in/bus/1171
bussathi-tara-maa-0,TARA MAA,,Private - NON AC,WB17P2630,Jamtoria,Jamtoria,Tarkeshwar,4:00 AM,10:45 AM,,19,bussathi.in,https://bussathi.in/bus/1174
bussathi-tara-maa-1,TARA MAA,,Private - NON AC,WB18AP5207,Tarkeshwar,Tarkeshwar,Manbazar,5:40 AM,11:10 AM,,13,bussathi.in,https://bussathi.in/bus/1176
bussathi-taraknath-819,TARAKNATH,MANOKA TRAVELS,Private - NON AC,WB15D7062,Tarkeshwar,Tarkeshwar,Mecheda,7:50 AM,12:20 PM,,18,bussathi.in,https://bussathi.in/bus/1180
bussathi-taraknath-821,TARAKNATH,,Private - NON AC,WB41H0035,Nabadwip,Nabadwip,Asansol,4:20 AM,9:20 AM,,15,bussathi.in,https://bussathi.in/bus/1181
bussathi-tarakripa-820,TARAKRIPA,,Private - NON AC,WB31A4531,Medinipur,Medinipur,Digha,9:40 AM,2:20 PM,,8,bussathi.in,https://bussathi.in/bus/1182
bussathi-tarakripa-822,TARAKRIPA,TARAKRIPA TRAVEL'S,Private - NON AC,WB33F2776,Medinipur,Medinipur,Contai,9:30 AM,12:50 AM,,7,bussathi.in,https://bussathi.in/bus/1183
bussathi-tarama-824,TARAMA,TARAMA PARIBAHAN,Private - AC,WB41K3147,Tarkeshwar,Tarkeshwar,Digha,5:35 AM,12:10 PM,,17,bussathi.in,https://bussathi.in/bus/1184
bussathi-tirumala-825,TIRUMALA,,Private - NON AC,WB67A6696,Silda,Silda,Asansol,3:40 AM,9:20 AM,,19,bussathi.in,https://bussathi.in/bus/1186
bussathi-tirumala-826,TIRUMALA,,Private - NON AC,WB67A7559,Bankura,Bankura,Asansol,5:30 AM,8:20 AM,,11,bussathi.in,https://bussathi.in/bus/1187
bussathi-tirupati-827,TIRUPATI,,Private - NON AC,WB675678,Kashipur,Kashipur,Bankura,7:35 AM,10:00 AM,,9,bussathi.in,https://bussathi.in/bus/1189
bussathi-tirupati-829,TIRUPATI,,Private - NON AC,WB67B2222,Kenjakura,Kenjakura,Bankura,3:40 PM,4:30 PM,,3,bussathi.in,https://bussathi.in/bus/1191
bussathi-tirupati-830,TIRUPATI,,Private - NON AC,WB673765,Bankura,Bankura,Barakar,7:00 AM,10:35 AM,,10,bussathi.in,https://bussathi.in/bus/1192
bussathi-tirupati-831,TIRUPATI,,Private - NON AC,WB55A5411,Simlapal,Simlapal,Purulia,5:20 AM,10:20 AM,,12,bussathi.in,https://bussathi.in/bus/1194
bussathi-tirupati-832,TIRUPATI,,Private - NON AC,WB67A2222,Chandrakona Road,Chandrakona Road,Bankura,6:40 AM,10:00 AM,,11,bussathi.in,https://bussathi.in/bus/1195
bussathi-tirupati-833,TIRUPATI,,Private - NON AC,WB67B7272,Durgapur (Station),Durgapur (Station),Molian,5:50 AM,9:50 AM,,10,bussathi.in,https://bussathi.in/bus/1196
bussathi-tithy-834,TITHY,,Private - NON AC,WB67B8707,Belpahari,Bardhaman,Chandrakona Town,8:10 AM,12:50 PM,,14,bussathi.in,https://bussathi.in/bus/1197
bussathi-tithy-835,TITHY,,Private - NON AC,WB67A7337,Patrasayer,Patrasayer,Khatra,6:40 AM,11:40 AM,,14,bussathi.in,https://bussathi.in/bus/1198
bussathi-avijan-838,AVIJAN,,Private - NON AC,WB67D7337,Bardhaman,Sarenga,Medinipur,3:20 PM,6:00 PM,,9,bussathi.in,https://bussathi.in/bus/1200
bussathi-tribeni-836,TRIBENI,,Private - NON AC,WB33D3770,Manbazar,Manbazar,Kharagpur,5:45 AM,11:00 AM,,10,bussathi.in,https://bussathi.in/bus/1202
bussathi-tribeni-0,TRIBENI,,Private - NON AC,WB39B7739,Manbazar,Manbazar,Medinipur,6:40 AM,11:50 AM,,10,bussathi.in,https://bussathi.in/bus/1203
bussathi-tribeni-1,TRIBENI,TRIBENI TRAVEL'S,Private - NON AC,WB67B7484,Barabazar,Barabazar,Gopiballabpur,4:30 AM,10:55 AM,,14,bussathi.in,https://bussathi.in/bus/1204
bussathi-trilochan-0,TRILOCHAN,,Private - NON AC,WB67C2339,Parsola,Parsola,Raniganj,6:40 AM,11:20 AM,,15,bussathi.in,https://bussathi.in/bus/1205
bussathi-trilochan-1,TRILOCHAN,,Private - NON AC,WB67F8214,Simlapal,Simlapal,Bankura,9:20 AM,11:40 AM,,7,bussathi.in,https://bussathi.in/bus/1206
bussathi-trisul-0,TRISUL,,Private - NON AC,WB49C3008,Balarampur,Balarampur,Medinipur,4:50 AM,10:25 AM,,15,bussathi.in,https://bussathi.in/bus/1207
bussathi-tufan-839,TUFAN,TUFAN TRAVELS,Private - NON AC,WB870613,Arambagh,Arambagh,Manbazar,6:25 AM,10:55 AM,,14,bussathi.in,https://bussathi.in/bus/1209
bussathi-tumpa-sona-841,TUMPA SONA,,Private - NON AC,WB55B7838,Purulia,Purulia,Digha,6:30 PM,4:35 AM,,26,bussathi.in,https://bussathi.in/bus/1212
bussathi-umesh-844,UMESH,UMESH BUS SERVICE,Private - NON AC,WB41G8497,Asansol,Asansol,Krishnanagar,7:10 AM,1:00 PM,,17,bussathi.in,https://bussathi.in/bus/1213
bussathi-unicron-express-846,UNICRON EXPRESS,,Private - NON AC,WB43C3799,Rampurhat,Rampurhat,Digha,8:40 PM,6:25 AM,,15,bussathi.in,https://bussathi.in/bus/1214
bussathi-upasana-843,UPASANA,,Private - NON AC,WB118216,Jhargram,Jhargram,Bhubaneswar,5:50 PM,4:00 AM,,12,bussathi.in,https://bussathi.in/bus/1215
bussathi-upasana-845,UPASANA,,Private - NON AC,OD01BC7143,Bhubaneswar,Bhubaneswar,Jhargram,7:00 PM,5:00 AM,,12,bussathi.in,https://bussathi.in/bus/1216
bussathi-usha-motors-847,USHA MOTORS,USHA MOTORS,Private - NON AC,WB31A2755,Contai,Contai,Hatibari,3:20 AM,8:40 AM,,10,bussathi.in,https://bussathi.in/bus/1218
bussathi-utsav-848,UTSAV,,Private - NON AC,WB55B7186,Dhadka,Dhadka,Purulia,5:40 AM,9:20 AM,,8,bussathi.in,https://bussathi.in/bus/1219
bussathi-veer-849,VEER,,Private - NON AC,WB41H6638,Krishnanagar,Krishnanagar,Asansol,4:55 AM,10:40 AM,,15,bussathi.in,https://bussathi.in/bus/1220
bussathi-vijay-851,VIJAY,VIJAY ROADWAYS,Private - NON AC,WB55A3324,Bankura,Bankura,Hazaribagh,6:55 AM,1:40 PM,,14,bussathi.in,https://bussathi.in/bus/1222
bussathi-vinayak-853,VINAYAK,VINAYAK PARIBAHAN,Private - AC,WB55B9573,Barabazar,Barabazar,Durgapur (City Center),6:50 AM,11:15 AM,,16,bussathi.in,https://bussathi.in/bus/1223
bussathi-wasif-852,WASIF,,Private - NON AC,WB39B0782,Durgapur (Station),Durgapur (Station),Purulia,8:35 AM,12:20 PM,,12,bussathi.in,https://bussathi.in/bus/1224
bussathi-wasif-854,WASIF,,Private - NON AC,WB67A7331,Bankura,Bankura,Durgapur (Station),3:10 PM,4:40 PM,,5,bussathi.in,https://bussathi.in/bus/1225
bussathi-western-diamond-855,WESTERN DIAMOND,,Private - NON AC,WB33C4836,Medinipur,Medinipur,Bankura,6:20 AM,11:20 AM,,15,bussathi.in,https://bussathi.in/bus/1226
bussathi-western-diamond-856,WESTERN DIAMOND,,Private - NON AC,WB33A9774,Bhalukbasa,Bhalukbasa,Medinipur,5:50 AM,9:20 AM,,12,bussathi.in,https://bussathi.in/bus/1228
bussathi-western-diamond-857,WESTERN DIAMOND,,Private - NON AC,WB335436,Amlasuli,Amlasuli,Kantakhali,5:20 AM,11:10 AM,,16,bussathi.in,https://bussathi.in/bus/1230
bussathi-western-diamond-858,WESTERN DIAMOND,WESTERN DIAMOND TRAVEL'S,Private - NON AC,WB33A0414,Chandrakona Road,Chandrakona Road,Jhargram,9:05 AM,11:45 AM,,7,bussathi.in,https://bussathi.in/bus/1232
bussathi-yaman-860,YAMAN,,Private - NON AC,WB33H5378,Chandrakona Road,Chandrakona Road,Haldia,4:30 AM,9:45 AM,,20,bussathi.in,https://bussathi.in/bus/1233
bussathi-abhishek-registration-wb55f6221-type-op-0,ABHISHEK,,,WB55F6221,,Khatra,Purulia,5:40 AM,10:50 AM,,9,bussathi.in,https://bussathi.in/bus/1236
bussathi-kalosona-registration-wb29g9687-type-op-0,KALOSONA,,,WB29G9687,,Asansol,Digha,8:15 PM,5:35 AM,,25,bussathi.in,https://bussathi.in/bus/1237
bussathi-maa-satyadevi-registration-wb55b7564-type-0,MAA SATYADEVI,,,WB55B7564,,Purulia,Pandaveswar,6:45 AM,12:20 PM,,11,bussathi.in,https://bussathi.in/bus/1238
bussathi-pallirani-861,PALLIRANI,,,WB55B9276,,Danrikadoba,Purulia,5:00 AM,8:50 AM,,6,bussathi.in,https://bussathi.in/bus/1239
bussathi-krishna-gopal-862,KRISHNA GOPAL,,,,,Silda,Tarkeshwar,3:40 AM,9:30 AM,,19,bussathi.in,https://bussathi.in/bus/1241
bussathi-radha-damodar-864,RADHA DAMODAR,,,WB39B0662,,Bajitpur,Nabadwip,5:25 AM,10:55 AM,,12,bussathi.in,https://bussathi.in/bus/1242
bussathi-sahin-865,SAHIN,,,WB41G3535,,Guskara,Benachity,2:35 PM,5:00 PM,,4,bussathi.in,https://bussathi.in/bus/1243
bussathi-narayani-866,NARAYANI,,,,,Bishnupur,Purulia,8:30 AM,1:30 PM,,15,bussathi.in,https://bussathi.in/bus/1244
bussathi-western-diamond-869,WESTERN DIAMOND,,,WB33P3897,,Ramgarh,Medinipur,5:30 AM,10:45 AM,,8,bussathi.in,https://bussathi.in/bus/1246
bussathi-krishna-sarathi-868,KRISHNA SARATHI,,,WB39D0880,,Joydeb,Nabadwip,7:50 AM,12:40 PM,,8,bussathi.in,https://bussathi.in/bus/1247
bussathi-sbstc-870,SBSTC,,,,,Jhargram,Durgapur (Station),9:00 AM,1:15 PM,,11,bussathi.in,https://bussathi.in/bus/1248
bussathi-sbstc-871,SBSTC,,,,,Bankura,Chittaranjan,6:25 AM,10:30 AM,,9,bussathi.in,https://bussathi.in/bus/1249
bussathi-sbstc-872,SBSTC,,,,,Durgapur (City Center),Tatanagar,5:00 AM,11:30 AM,,12,bussathi.in,https://bussathi.in/bus/1250
bussathi-sbstc-873,SBSTC Asansol-Digha,SBSTC,Government - SBSTC,,,Asansol,Digha,5:45 AM,3:30 PM,,48,bussathi.in,https://bussathi.in/bus/1251
bussathi-sbstc-875,SBSTC,,,,,Bardhaman,Karimpur,6:10 AM,11:30 AM,,13,bussathi.in,https://bussathi.in/bus/1252
bussathi-sbstc-874,SBSTC,,,,,Karunamoyee,Jhalda,7:00 AM,4:00 PM,,12,bussathi.in,https://bussathi.in/bus/1253
bussathi-sonar-bangla-registration-wb41c6565-type-0,SONAR BANGLA,,,WB41C6565,,Benachity,Nabadwip,7:35 AM,12:50 PM,,12,bussathi.in,https://bussathi.in/bus/1254
bussathi-banhisikha-registration-wb55f9390-type-0,BANHISIKHA,,,WB55F9390,,Purulia,Barabazar,9:05 AM,10:30 AM,,5,bussathi.in,https://bussathi.in/bus/1257
bussathi-rakhalraja-registration-wb33p6696-type-0,RAKHALRAJA,,,WB33P6696,,Khatra,Medinipur,7:50 AM,12:50 PM,,14,bussathi.in,https://bussathi.in/bus/1259
bussathi-soumyajeet-876,SOUMYAJEET,,,WB49N1227,,Durgapur (Station),Molian,4:50 AM,10:40 AM,,10,bussathi.in,https://bussathi.in/bus/1260
bussathi-utsav-877,UTSAV,,,WB55D9963,,Kutni,Purulia,10:00 AM,12:50 PM,,8,bussathi.in,https://bussathi.in/bus/1261
bussathi-adorini-879,ADORINI,,,WB513095,,Baharampur,Bardhaman,9:00 AM,2:00 PM,,10,bussathi.in,https://bussathi.in/bus/1262
bussathi-bhagyalaxmi-878,BHAGYALAXMI,,,WB55F6227,,Manbazar,Purulia,8:20 AM,11:40 AM,,7,bussathi.in,https://bussathi.in/bus/1263
bussathi-krishna-kanhaiaya-881,KRISHNA KANHAIAYA,,,WB29A7002,,Contai,Medinipur,8:50 AM,11:50 AM,,8,bussathi.in,https://bussathi.in/bus/1265
bussathi-arman-884,ARMAN,,,WB33F0743,,Digha,Khatra,5:00 AM,12:00 PM,,33,bussathi.in,https://bussathi.in/bus/1268
bussathi-belal-registration-wb33c9785-type-opera-0,BELAL,,,WB33C9785,,Fulberia,Medinipur,12:15 PM,3:00 PM,,4,bussathi.in,https://bussathi.in/bus/1269
bussathi-dakshayani-registration-wb35d2754-type-0,DAKSHAYANI,,,WB35D2754,,Medinipur,Digha,7:40 AM,11:20 AM,,8,bussathi.in,https://bussathi.in/bus/1270
bussathi-devi-laxmi-registration-wb67g9555-type-0,DEVI LAXMI,,,WB67G9555,,Bardhaman,Garhbeta,7:15 AM,11:30 AM,,12,bussathi.in,https://bussathi.in/bus/1271
bussathi-duronto-registration-wb55e9765-type-ope-0,DURONTO,,,WB55E9765,,Balarampur,Bolpur,4:20 AM,11:35 AM,,18,bussathi.in,https://bussathi.in/bus/1272
bussathi-gangaram-registration-wb33a6649-type-op-0,GANGARAM,,,WB33A6649,,Medinipur,Contai,9:25 AM,12:15 PM,,7,bussathi.in,https://bussathi.in/bus/1273
bussathi-green-valley-885,GREEN VALLEY,,,WB33C3120,,Medinipur,Digha,5:25 AM,9:10 AM,,8,bussathi.in,https://bussathi.in/bus/1274
bussathi-gurjot-886,GURJOT,,,WB41R5567,,Samaspur,Bardhaman,2:40 PM,4:45 PM,,7,bussathi.in,https://bussathi.in/bus/1275
bussathi-kojagori-889,KOJAGORI,,,WB33C6445,,Medinipur,Digha,6:50 AM,11:10 AM,,8,bussathi.in,https://bussathi.in/bus/1278
bussathi-laxmi-narayan-890,LAXMI NARAYAN,,,WB67B6593,,Chandrakona Road,Bandwan,5:00 AM,10:00 AM,,11,bussathi.in,https://bussathi.in/bus/1279
bussathi-maa-bhabani-891,MAA BHABANI,,,WB33C6832,,Kharagpur,Bardhaman,5:40 AM,10:50 AM,,20,bussathi.in,https://bussathi.in/bus/1280
bussathi-maa-kali-893,MAA KALI,,,WB50AB8597,,Panskura,Jhargram,7:40 AM,12:35 PM,,19,bussathi.in,https://bussathi.in/bus/1281
bussathi-maa-laxmi-892,MAA LAXMI,Maa Laxmi Travels,Private - Non AC,WB 41S 6980,,Indas,Bardhaman,9:40 AM,11:05 AM,,9,facebook (community report),
bussathi-maa-nayandevi-894,MAA NAYANDEVI,,,WB11C0144,,Dantol,Kantakhali,6:10 AM,11:10 AM,,10,bussathi.in,https://bussathi.in/bus/1283
bussathi-maa-sarada-895,MAA SARADA,,,WB23D5724,,Kolkata,Ranibandh,5:50 AM,1:30 PM,,22,bussathi.in,https://bussathi.in/bus/1284
bussathi-maa-saradamayee-896,MAA SARADAMAYEE,,,WB50AB3369,,Kolkata,Chandrakona Road,7:55 AM,12:55 PM,,23,bussathi.in,https://bussathi.in/bus/1285
bussathi-madan-mohan-897,MADAN MOHAN,,,WB67A8830,,Bankura,Dishergarh,6:30 AM,9:40 AM,,7,bussathi.in,https://bussathi.in/bus/1286
bussathi-magnetic-898,MAGNETIC,,,WB33C4997,,Medinipur,Contai,8:05 AM,11:35 AM,,7,bussathi.in,https://bussathi.in/bus/1287
bussathi-mintu-899,MINTU,,,WB41H6209,,Bardhaman,Chittaranjan,8:45 AM,12:40 PM,,11,bussathi.in,https://bussathi.in/bus/1288
bussathi-mishra-registration-wb55f9732-type-oper-0,MISHRA,,,WB55F9732,,Bhagabanpur,Purulia,1:00 PM,3:10 PM,,5,bussathi.in,https://bussathi.in/bus/1289
bussathi-monalisha-registration-wb55a8224-type-o-0,MONALISHA,,,WB55A8224,,Bandwan,Kolkata (Esplanade),3:50 AM,11:10 AM,,22,bussathi.in,https://bussathi.in/bus/1290
bussathi-nusrat-900,NUSRAT,,,WB11C1746,,Nadanghat,Bardhaman,12:10 PM,2:30 PM,,3,bussathi.in,https://bussathi.in/bus/1292
bussathi-pally-duth-901,PALLY DUTH,,,WB131628,,Bainchi,Taldangra,5:10 AM,11:55 AM,,13,bussathi.in,https://bussathi.in/bus/1293
bussathi-parama-902,PARAMA,,,WB67E5152,,Indus,Medinipur,5:00 AM,10:00 AM,,15,bussathi.in,https://bussathi.in/bus/1294
bussathi-puspak-904,PUSPAK,,,WB37M2489,,Barakar,Bardhaman,9:25 AM,12:50 PM,,2,bussathi.in,https://bussathi.in/bus/1296
bussathi-raja-coach-905,RAJA COACH,,,WB67D1827,,Sonamukhi,Kolkata (Esplanade),5:45 AM,9:30 AM,,12,bussathi.in,https://bussathi.in/bus/1297
bussathi-raju-906,RAJU,,,WB51A1165,,Nabadwip,Tarapith,4:40 AM,10:50 AM,,23,bussathi.in,https://bussathi.in/bus/1298
bussathi-rudrapriya-907,RUDRAPRIYA (Super Fast),Rudrapriya,Private,WB 29B 3642,,Chandipur,Medinipur,5:00 AM,10:20 AM,,11,bussathi.in,https://bussathi.in/bus/1299
sbstc-burdwan-kolkata-0,SBSTC Burdwan-Kolkata,SBSTC,Government - SBSTC,,Burdwan,Burdwan,Kolkata,4:50 AM,,Rs. 75,2,SBSTC (govt),https://transport.wb.gov.in/wp-content/uploads/2016/09/RouteTimeTableFareSBSTC.pdf
sbstc-burdwan-kolkata-1,SBSTC Burdwan-Kolkata,SBSTC,Government - SBSTC,,Burdwan,Burdwan,Kolkata,5:45 AM,,Rs. 75,2,SBSTC (govt),https://transport.wb.gov.in/wp-content/uploads/2016/09/RouteTimeTableFareSBSTC.pdf
sbstc-burdwan-kolkata-2,SBSTC Burdwan-Kolkata,SBSTC,Government - SBSTC,,Burdwan,Burdwan,Kolkata,6:15 AM,,Rs. 75,2,SBSTC (govt),https://transport.wb.gov.in/wp-content/uploads/2016/09/RouteTimeTableFareSBSTC.pdf
sbstc-burdwan-kolkata-3,SBSTC Burdwan-Kolkata,SBSTC,Government - SBSTC,,Burdwan,Burdwan,Kolkata,6:40 AM,,Rs. 75,2,SBSTC (govt),https://transport.wb.gov.in/wp-content/uploads/2016/09/RouteTimeTableFareSBSTC.pdf
sbstc-burdwan-kolkata-4,SBSTC Burdwan-Kolkata,SBSTC,Government - SBSTC,,Burdwan,Burdwan,Kolkata,7:00 AM,,Rs. 75,2,SBSTC (govt),https://transport.wb.gov.in/wp-content/uploads/2016/09/RouteTimeTableFareSBSTC.pdf
sbstc-burdwan-kolkata-5,SBSTC Burdwan-Kolkata,SBSTC,Government - SBSTC,,Burdwan,Burdwan,Kolkata,7:45 AM,,Rs. 75,2,SBSTC (govt),https://transport.wb.gov.in/wp-content/uploads/2016/09/RouteTimeTableFareSBSTC.pdf
sbstc-burdwan-kolkata-6,SBSTC Burdwan-Kolkata,SBSTC,Government - SBSTC,,Burdwan,Burdwan,Kolkata,8:15 AM,,Rs. 75,2,SBSTC (govt),https://transport.wb.gov.in/wp-content/uploads/2016/09/RouteTimeTableFareSBSTC.pdf
sbstc-burdwan-kolkata-7,SBSTC Burdwan-Kolkata,SBSTC,Government - SBSTC,,Burdwan,Burdwan,Kolkata,8:35 AM,,Rs. 75,2,SBSTC (govt),https://transport.wb.gov.in/wp-content/uploads/2016/09/RouteTimeTableFareSBSTC.pdf
sbstc-burdwan-kolkata-8,SBSTC Burdwan-Kolkata,SBSTC,Government - SBSTC,,Burdwan,Burdwan,Kolkata,9:00 AM,,Rs. 75,2,SBSTC (govt),https://transport.wb.gov.in/wp-content/uploads/2016/09/RouteTimeTableFareSBSTC.pdf
sbstc-burdwan-kolkata-9,SBSTC Burdwan-Kolkata,SBSTC,Government - SBSTC,,Burdwan,Burdwan,Kolkata,9:30 AM,,Rs. 75,2,SBSTC (govt),https://transport.wb.gov.in/wp-content/uploads/2016/09/RouteTimeTableFareSBSTC.pdf
sbstc-burdwan-kolkata-10,SBSTC Burdwan-Kolkata,SBSTC,Government - SBSTC,,Burdwan,Burdwan,Kolkata,10:30 AM,,Rs. 75,2,SBSTC (govt),https://transport.wb.gov.in/wp-content/uploads/2016/09/RouteTimeTableFareSBSTC.pdf
sbstc-burdwan-kolkata-11,SBSTC Burdwan-Kolkata,SBSTC,Government - SBSTC,,Burdwan,Burdwan,Kolkata,11:00 AM,,Rs. 75,2,SBSTC (govt),https://transport.wb.gov.in/wp-content/uploads/2016/09/RouteTimeTableFareSBSTC.pdf
sbstc-burdwan-kolkata-12,SBSTC Burdwan-Kolkata,SBSTC,Government - SBSTC,,Burdwan,Burdwan,Kolkata,11:30 AM,,Rs. 75,2,SBSTC (govt),https://transport.wb.gov.in/wp-content/uploads/2016/09/RouteTimeTableFareSBSTC.pdf
sbstc-burdwan-kolkata-13,SBSTC Burdwan-Kolkata,SBSTC,Government - SBSTC,,Burdwan,Burdwan,Kolkata,12:30 PM,,Rs. 75,2,SBSTC (govt),https://transport.wb.gov.in/wp-content/uploads/2016/09/RouteTimeTableFareSBSTC.pdf
sbstc-burdwan-kolkata-14,SBSTC Burdwan-Kolkata,SBSTC,Government - SBSTC,,Burdwan,Burdwan,Kolkata,1:00 PM,,Rs. 75,2,SBSTC (govt),https://transport.wb.gov.in/wp-content/uploads/2016/09/RouteTimeTableFareSBSTC.pdf
sbstc-burdwan-kolkata-15,SBSTC Burdwan-Kolkata,SBSTC,Government - SBSTC,,Burdwan,Burdwan,Kolkata,1:30 PM,,Rs. 75,2,SBSTC (govt),https://transport.wb.gov.in/wp-content/uploads/2016/09/RouteTimeTableFareSBSTC.pdf
sbstc-burdwan-kolkata-16,SBSTC Burdwan-Kolkata,SBSTC,Government - SBSTC,,Burdwan,Burdwan,Kolkata,2:30 PM,,Rs. 75,2,SBSTC (govt),https://transport.wb.gov.in/wp-content/uploads/2016/09/RouteTimeTableFareSBSTC.pdf
sbstc-burdwan-kolkata-17,SBSTC Burdwan-Kolkata,SBSTC,Government - SBSTC,,Burdwan,Burdwan,Kolkata,3:25 PM,,Rs. 75,2,SBSTC (govt),https://transport.wb.gov.in/wp-content/uploads/2016/09/RouteTimeTableFareSBSTC.pdf
sbstc-burdwan-kolkata-18,SBSTC Burdwan-Kolkata,SBSTC,Government - SBSTC,,Burdwan,Burdwan,Kolkata,4:10 PM,,Rs. 75,2,SBSTC (govt),https://transport.wb.gov.in/wp-content/uploads/2016/09/RouteTimeTableFareSBSTC.pdf
sbstc-burdwan-kolkata-19,SBSTC Burdwan-Kolkata,SBSTC,Government - SBSTC,,Burdwan,Burdwan,Kolkata,4:30 PM,,Rs. 75,2,SBSTC (govt),https://transport.wb.gov.in/wp-content/uploads/2016/09/RouteTimeTableFareSBSTC.pdf
sbstc-burdwan-kolkata-20,SBSTC Burdwan-Kolkata,SBSTC,Government - SBSTC,,Burdwan,Burdwan,Kolkata,5:00 PM,,Rs. 75,2,SBSTC (govt),https://transport.wb.gov.in/wp-content/uploads/2016/09/RouteTimeTableFareSBSTC.pdf
sbstc-burdwan-kolkata-21,SBSTC Burdwan-Kolkata,SBSTC,Government - SBSTC,,Burdwan,Burdwan,Kolkata,5:30 PM,,Rs. 75,2,SBSTC (govt),https://transport.wb.gov.in/wp-content/uploads/2016/09/RouteTimeTableFareSBSTC.pdf
sbstc-burdwan-kolkata-22,SBSTC Burdwan-Kolkata,SBSTC,Government - SBSTC,,Burdwan,Burdwan,Kolkata,6:00 PM,,Rs. 75,2,SBSTC (govt),https://transport.wb.gov.in/wp-content/uploads/2016/09/RouteTimeTableFareSBSTC.pdf
sbstc-burdwan-kolkata-23,SBSTC Burdwan-Kolkata,SBSTC,Government - SBSTC,,Burdwan,Burdwan,Kolkata,6:45 PM,,Rs. 75,2,SBSTC (govt),https://transport.wb.gov.in/wp-content/uploads/2016/09/RouteTimeTableFareSBSTC.pdf
sbstc-kolkata-burdwan-0,SBSTC Kolkata-Burdwan,SBSTC,Government - SBSTC,,Kolkata,Kolkata,Burdwan,6:30 AM,,Rs. 75,2,SBSTC (govt),https://transport.wb.gov.in/wp-content/uploads/2016/09/RouteTimeTableFareSBSTC.pdf
sbstc-kolkata-burdwan-1,SBSTC Kolkata-Burdwan,SBSTC,Government - SBSTC,,Kolkata,Kolkata,Burdwan,7:15 AM,,Rs. 75,2,SBSTC (govt),https://transport.wb.gov.in/wp-content/uploads/2016/09/RouteTimeTableFareSBSTC.pdf
sbstc-kolkata-burdwan-2,SBSTC Kolkata-Burdwan,SBSTC,Government - SBSTC,,Kolkata,Kolkata,Burdwan,7:40 AM,,Rs. 75,2,SBSTC (govt),https://transport.wb.gov.in/wp-content/uploads/2016/09/RouteTimeTableFareSBSTC.pdf
sbstc-kolkata-burdwan-3,SBSTC Kolkata-Burdwan,SBSTC,Government - SBSTC,,Kolkata,Kolkata,Burdwan,8:15 AM,,Rs. 75,2,SBSTC (govt),https://transport.wb.gov.in/wp-content/uploads/2016/09/RouteTimeTableFareSBSTC.pdf
sbstc-kolkata-burdwan-4,SBSTC Kolkata-Burdwan,SBSTC,Government - SBSTC,,Kolkata,Kolkata,Burdwan,8:45 AM,,Rs. 75,2,SBSTC (govt),https://transport.wb.gov.in/wp-content/uploads/2016/09/RouteTimeTableFareSBSTC.pdf
sbstc-kolkata-burdwan-5,SBSTC Kolkata-Burdwan,SBSTC,Government - SBSTC,,Kolkata,Kolkata,Burdwan,9:10 AM,,Rs. 75,2,SBSTC (govt),https://transport.wb.gov.in/wp-content/uploads/2016/09/RouteTimeTableFareSBSTC.pdf
sbstc-kolkata-burdwan-6,SBSTC Kolkata-Burdwan,SBSTC,Government - SBSTC,,Kolkata,Kolkata,Burdwan,9:45 AM,,Rs. 75,2,SBSTC (govt),https://transport.wb.gov.in/wp-content/uploads/2016/09/RouteTimeTableFareSBSTC.pdf
sbstc-kolkata-burdwan-7,SBSTC Kolkata-Burdwan,SBSTC,Government - SBSTC,,Kolkata,Kolkata,Burdwan,10:45 AM,,Rs. 75,2,SBSTC (govt),https://transport.wb.gov.in/wp-content/uploads/2016/09/RouteTimeTableFareSBSTC.pdf
sbstc-kolkata-burdwan-8,SBSTC Kolkata-Burdwan,SBSTC,Government - SBSTC,,Kolkata,Kolkata,Burdwan,11:40 AM,,Rs. 75,2,SBSTC (govt),https://transport.wb.gov.in/wp-content/uploads/2016/09/RouteTimeTableFareSBSTC.pdf
sbstc-kolkata-burdwan-9,SBSTC Kolkata-Burdwan,SBSTC,Government - SBSTC,,Kolkata,Kolkata,Burdwan,12:30 PM,,Rs. 75,2,SBSTC (govt),https://transport.wb.gov.in/wp-content/uploads/2016/09/RouteTimeTableFareSBSTC.pdf
sbstc-kolkata-burdwan-10,SBSTC Kolkata-Burdwan,SBSTC,Government - SBSTC,,Kolkata,Kolkata,Burdwan,1:00 PM,,Rs. 75,2,SBSTC (govt),https://transport.wb.gov.in/wp-content/uploads/2016/09/RouteTimeTableFareSBSTC.pdf
sbstc-kolkata-burdwan-11,SBSTC Kolkata-Burdwan,SBSTC,Government - SBSTC,,Kolkata,Kolkata,Burdwan,1:30 PM,,Rs. 75,2,SBSTC (govt),https://transport.wb.gov.in/wp-content/uploads/2016/09/RouteTimeTableFareSBSTC.pdf
sbstc-kolkata-burdwan-12,SBSTC Kolkata-Burdwan,SBSTC,Government - SBSTC,,Kolkata,Kolkata,Burdwan,2:00 PM,,Rs. 75,2,SBSTC (govt),https://transport.wb.gov.in/wp-content/uploads/2016/09/RouteTimeTableFareSBSTC.pdf
sbstc-kolkata-burdwan-13,SBSTC Kolkata-Burdwan,SBSTC,Government - SBSTC,,Kolkata,Kolkata,Burdwan,2:30 PM,,Rs. 75,2,SBSTC (govt),https://transport.wb.gov.in/wp-content/uploads/2016/09/RouteTimeTableFareSBSTC.pdf
sbstc-kolkata-burdwan-14,SBSTC Kolkata-Burdwan,SBSTC,Government - SBSTC,,Kolkata,Kolkata,Burdwan,3:00 PM,,Rs. 75,2,SBSTC (govt),https://transport.wb.gov.in/wp-content/uploads/2016/09/RouteTimeTableFareSBSTC.pdf
sbstc-burdwan-karunamoyee-0,SBSTC Burdwan-Karunamoyee,SBSTC,Government - SBSTC,,Burdwan,Burdwan,Karunamoyee,5:50 AM,,Rs. 80,2,SBSTC (govt),https://transport.wb.gov.in/wp-content/uploads/2016/09/RouteTimeTableFareSBSTC.pdf
sbstc-burdwan-karunamoyee-1,SBSTC Burdwan-Karunamoyee,SBSTC,Government - SBSTC,,Burdwan,Burdwan,Karunamoyee,6:25 AM,,Rs. 80,2,SBSTC (govt),https://transport.wb.gov.in/wp-content/uploads/2016/09/RouteTimeTableFareSBSTC.pdf
sbstc-burdwan-karunamoyee-2,SBSTC Burdwan-Karunamoyee,SBSTC,Government - SBSTC,,Burdwan,Burdwan,Karunamoyee,6:50 AM,,Rs. 80,2,SBSTC (govt),https://transport.wb.gov.in/wp-content/uploads/2016/09/RouteTimeTableFareSBSTC.pdf
sbstc-burdwan-karunamoyee-3,SBSTC Burdwan-Karunamoyee,SBSTC,Government - SBSTC,,Burdwan,Burdwan,Karunamoyee,7:10 AM,,Rs. 80,2,SBSTC (govt),https://transport.wb.gov.in/wp-content/uploads/2016/09/RouteTimeTableFareSBSTC.pdf
sbstc-burdwan-karunamoyee-4,SBSTC Burdwan-Karunamoyee,SBSTC,Government - SBSTC,,Burdwan,Burdwan,Karunamoyee,7:30 AM,,Rs. 80,2,SBSTC (govt),https://transport.wb.gov.in/wp-content/uploads/2016/09/RouteTimeTableFareSBSTC.pdf
sbstc-burdwan-karunamoyee-5,SBSTC Burdwan-Karunamoyee,SBSTC,Government - SBSTC,,Burdwan,Burdwan,Karunamoyee,8:00 AM,,Rs. 80,2,SBSTC (govt),https://transport.wb.gov.in/wp-content/uploads/2016/09/RouteTimeTableFareSBSTC.pdf
sbstc-burdwan-karunamoyee-6,SBSTC Burdwan-Karunamoyee,SBSTC,Government - SBSTC,,Burdwan,Burdwan,Karunamoyee,9:00 AM,,Rs. 80,2,SBSTC (govt),https://transport.wb.gov.in/wp-content/uploads/2016/09/RouteTimeTableFareSBSTC.pdf
sbstc-burdwan-karunamoyee-7,SBSTC Burdwan-Karunamoyee,SBSTC,Government - SBSTC,,Burdwan,Burdwan,Karunamoyee,9:30 AM,,Rs. 80,2,SBSTC (govt),https://transport.wb.gov.in/wp-content/uploads/2016/09/RouteTimeTableFareSBSTC.pdf
sbstc-burdwan-karunamoyee-8,SBSTC Burdwan-Karunamoyee,SBSTC,Government - SBSTC,,Burdwan,Burdwan,Karunamoyee,10:15 AM,,Rs. 80,2,SBSTC (govt),https://transport.wb.gov.in/wp-content/uploads/2016/09/RouteTimeTableFareSBSTC.pdf
sbstc-burdwan-karunamoyee-9,SBSTC Burdwan-Karunamoyee,SBSTC,Government - SBSTC,,Burdwan,Burdwan,Karunamoyee,11:00 AM,,Rs. 80,2,SBSTC (govt),https://transport.wb.gov.in/wp-content/uploads/2016/09/RouteTimeTableFareSBSTC.pdf
sbstc-burdwan-karunamoyee-10,SBSTC Burdwan-Karunamoyee,SBSTC,Government - SBSTC,,Burdwan,Burdwan,Karunamoyee,11:30 AM,,Rs. 80,2,SBSTC (govt),https://transport.wb.gov.in/wp-content/uploads/2016/09/RouteTimeTableFareSBSTC.pdf
sbstc-burdwan-karunamoyee-11,SBSTC Burdwan-Karunamoyee,SBSTC,Government - SBSTC,,Burdwan,Burdwan,Karunamoyee,12:30 PM,,Rs. 80,2,SBSTC (govt),https://transport.wb.gov.in/wp-content/uploads/2016/09/RouteTimeTableFareSBSTC.pdf
sbstc-burdwan-karunamoyee-12,SBSTC Burdwan-Karunamoyee,SBSTC,Government - SBSTC,,Burdwan,Burdwan,Karunamoyee,1:00 PM,,Rs. 80,2,SBSTC (govt),https://transport.wb.gov.in/wp-content/uploads/2016/09/RouteTimeTableFareSBSTC.pdf
sbstc-burdwan-karunamoyee-13,SBSTC Burdwan-Karunamoyee,SBSTC,Government - SBSTC,,Burdwan,Burdwan,Karunamoyee,1:30 PM,,Rs. 80,2,SBSTC (govt),https://transport.wb.gov.in/wp-content/uploads/2016/09/RouteTimeTableFareSBSTC.pdf
sbstc-burdwan-karunamoyee-14,SBSTC Burdwan-Karunamoyee,SBSTC,Government - SBSTC,,Burdwan,Burdwan,Karunamoyee,2:10 PM,,Rs. 80,2,SBSTC (govt),https://transport.wb.gov.in/wp-content/uploads/2016/09/RouteTimeTableFareSBSTC.pdf
sbstc-burdwan-karunamoyee-15,SBSTC Burdwan-Karunamoyee,SBSTC,Government - SBSTC,,Burdwan,Burdwan,Karunamoyee,3:10 PM,,Rs. 80,2,SBSTC (govt),https://transport.wb.gov.in/wp-content/uploads/2016/09/RouteTimeTableFareSBSTC.pdf
sbstc-burdwan-karunamoyee-16,SBSTC Burdwan-Karunamoyee,SBSTC,Government - SBSTC,,Burdwan,Burdwan,Karunamoyee,4:10 PM,,Rs. 80,2,SBSTC (govt),https://transport.wb.gov.in/wp-content/uploads/2016/09/RouteTimeTableFareSBSTC.pdf
sbstc-burdwan-karunamoyee-17,SBSTC Burdwan-Karunamoyee,SBSTC,Government - SBSTC,,Burdwan,Burdwan,Karunamoyee,4:45 PM,,Rs. 80,2,SBSTC (govt),https://transport.wb.gov.in/wp-content/uploads/2016/09/RouteTimeTableFareSBSTC.pdf
sbstc-burdwan-karunamoyee-18,SBSTC Burdwan-Karunamoyee,SBSTC,Government - SBSTC,,Burdwan,Burdwan,Karunamoyee,5:30 PM,,Rs. 80,2,SBSTC (govt),https://transport.wb.gov.in/wp-content/uploads/2016/09/RouteTimeTableFareSBSTC.pdf
sbstc-burdwan-karunamoyee-19,SBSTC Burdwan-Karunamoyee,SBSTC,Government - SBSTC,,Burdwan,Burdwan,Karunamoyee,6:30 PM,,Rs. 80,2,SBSTC (govt),https://transport.wb.gov.in/wp-content/uploads/2016/09/RouteTimeTableFareSBSTC.pdf
sbstc-karunamoyee-burdwan-0,SBSTC Karunamoyee-Burdwan,SBSTC,Government - SBSTC,,Karunamoyee,Karunamoyee,Burdwan,6:30 AM,,Rs. 80,2,SBSTC (govt),https://transport.wb.gov.in/wp-content/uploads/2016/09/RouteTimeTableFareSBSTC.pdf
sbstc-karunamoyee-burdwan-1,SBSTC Karunamoyee-Burdwan,SBSTC,Government - SBSTC,,Karunamoyee,Karunamoyee,Burdwan,7:15 AM,,Rs. 80,2,SBSTC (govt),https://transport.wb.gov.in/wp-content/uploads/2016/09/RouteTimeTableFareSBSTC.pdf
sbstc-karunamoyee-burdwan-2,SBSTC Karunamoyee-Burdwan,SBSTC,Government - SBSTC,,Karunamoyee,Karunamoyee,Burdwan,7:45 AM,,Rs. 80,2,SBSTC (govt),https://transport.wb.gov.in/wp-content/uploads/2016/09/RouteTimeTableFareSBSTC.pdf
sbstc-karunamoyee-burdwan-3,SBSTC Karunamoyee-Burdwan,SBSTC,Government - SBSTC,,Karunamoyee,Karunamoyee,Burdwan,8:30 AM,,Rs. 80,2,SBSTC (govt),https://transport.wb.gov.in/wp-content/uploads/2016/09/RouteTimeTableFareSBSTC.pdf
sbstc-karunamoyee-burdwan-4,SBSTC Karunamoyee-Burdwan,SBSTC,Government - SBSTC,,Karunamoyee,Karunamoyee,Burdwan,9:00 AM,,Rs. 80,2,SBSTC (govt),https://transport.wb.gov.in/wp-content/uploads/2016/09/RouteTimeTableFareSBSTC.pdf
sbstc-karunamoyee-burdwan-5,SBSTC Karunamoyee-Burdwan,SBSTC,Government - SBSTC,,Karunamoyee,Karunamoyee,Burdwan,9:45 AM,,Rs. 80,2,SBSTC (govt),https://transport.wb.gov.in/wp-content/uploads/2016/09/RouteTimeTableFareSBSTC.pdf
sbstc-karunamoyee-burdwan-6,SBSTC Karunamoyee-Burdwan,SBSTC,Government - SBSTC,,Karunamoyee,Karunamoyee,Burdwan,10:15 AM,,Rs. 80,2,SBSTC (govt),https://transport.wb.gov.in/wp-content/uploads/2016/09/RouteTimeTableFareSBSTC.pdf
sbstc-karunamoyee-burdwan-7,SBSTC Karunamoyee-Burdwan,SBSTC,Government - SBSTC,,Karunamoyee,Karunamoyee,Burdwan,10:45 AM,,Rs. 80,2,SBSTC (govt),https://transport.wb.gov.in/wp-content/uploads/2016/09/RouteTimeTableFareSBSTC.pdf
sbstc-karunamoyee-burdwan-8,SBSTC Karunamoyee-Burdwan,SBSTC,Government - SBSTC,,Karunamoyee,Karunamoyee,Burdwan,11:30 AM,,Rs. 80,2,SBSTC (govt),https://transport.wb.gov.in/wp-content/uploads/2016/09/RouteTimeTableFareSBSTC.pdf
sbstc-karunamoyee-burdwan-9,SBSTC Karunamoyee-Burdwan,SBSTC,Government - SBSTC,,Karunamoyee,Karunamoyee,Burdwan,12:30 PM,,Rs. 80,2,SBSTC (govt),https://transport.wb.gov.in/wp-content/uploads/2016/09/RouteTimeTableFareSBSTC.pdf
sbstc-karunamoyee-burdwan-10,SBSTC Karunamoyee-Burdwan,SBSTC,Government - SBSTC,,Karunamoyee,Karunamoyee,Burdwan,1:00 PM,,Rs. 80,2,SBSTC (govt),https://transport.wb.gov.in/wp-content/uploads/2016/09/RouteTimeTableFareSBSTC.pdf
sbstc-karunamoyee-burdwan-11,SBSTC Karunamoyee-Burdwan,SBSTC,Government - SBSTC,,Karunamoyee,Karunamoyee,Burdwan,1:30 PM,,Rs. 80,2,SBSTC (govt),https://transport.wb.gov.in/wp-content/uploads/2016/09/RouteTimeTableFareSBSTC.pdf
sbstc-karunamoyee-burdwan-12,SBSTC Karunamoyee-Burdwan,SBSTC,Government - SBSTC,,Karunamoyee,Karunamoyee,Burdwan,2:00 PM,,Rs. 80,2,SBSTC (govt),https://transport.wb.gov.in/wp-content/uploads/2016/09/RouteTimeTableFareSBSTC.pdf
sbstc-karunamoyee-burdwan-13,SBSTC Karunamoyee-Burdwan,SBSTC,Government - SBSTC,,Karunamoyee,Karunamoyee,Burdwan,3:00 PM,,Rs. 80,2,SBSTC (govt),https://transport.wb.gov.in/wp-content/uploads/2016/09/RouteTimeTableFareSBSTC.pdf
sbstc-burdwan-kolkata-a-c-0,SBSTC Burdwan-Kolkata A.C (AC),SBSTC,Government - SBSTC AC,,Burdwan,Burdwan,Kolkata A.C,7:15 AM,,Rs. 170,2,SBSTC (govt),https://transport.wb.gov.in/wp-content/uploads/2016/09/RouteTimeTableFareSBSTC.pdf
sbstc-burdwan-kolkata-a-c-1,SBSTC Burdwan-Kolkata A.C (AC),SBSTC,Government - SBSTC AC,,Burdwan,Burdwan,Kolkata A.C,8:00 AM,,Rs. 170,2,SBSTC (govt),https://transport.wb.gov.in/wp-content/uploads/2016/09/RouteTimeTableFareSBSTC.pdf
sbstc-burdwan-kolkata-a-c-2,SBSTC Burdwan-Kolkata A.C (AC),SBSTC,Government - SBSTC AC,,Burdwan,Burdwan,Kolkata A.C,9:45 AM,,Rs. 170,2,SBSTC (govt),https://transport.wb.gov.in/wp-content/uploads/2016/09/RouteTimeTableFareSBSTC.pdf
sbstc-burdwan-kolkata-a-c-3,SBSTC Burdwan-Kolkata A.C (AC),SBSTC,Government - SBSTC AC,,Burdwan,Burdwan,Kolkata A.C,1:15 PM,,Rs. 170,2,SBSTC (govt),https://transport.wb.gov.in/wp-content/uploads/2016/09/RouteTimeTableFareSBSTC.pdf
sbstc-burdwan-kolkata-a-c-4,SBSTC Burdwan-Kolkata A.C (AC),SBSTC,Government - SBSTC AC,,Burdwan,Burdwan,Kolkata A.C,3:00 PM,,Rs. 170,2,SBSTC (govt),https://transport.wb.gov.in/wp-content/uploads/2016/09/RouteTimeTableFareSBSTC.pdf
sbstc-burdwan-kolkata-a-c-5,SBSTC Burdwan-Kolkata A.C (AC),SBSTC,Government - SBSTC AC,,Burdwan,Burdwan,Kolkata A.C,3:45 PM,,Rs. 170,2,SBSTC (govt),https://transport.wb.gov.in/wp-content/uploads/2016/09/RouteTimeTableFareSBSTC.pdf
sbstc-kolkata-a-c-burdwan-0,SBSTC Kolkata A.C-Burdwan (AC),SBSTC,Government - SBSTC AC,,Kolkata A.C,Kolkata A.C,Burdwan,9:45 AM,,Rs. 170,2,SBSTC (govt),https://transport.wb.gov.in/wp-content/uploads/2016/09/RouteTimeTableFareSBSTC.pdf
sbstc-kolkata-a-c-burdwan-1,SBSTC Kolkata A.C-Burdwan (AC),SBSTC,Government - SBSTC AC,,Kolkata A.C,Kolkata A.C,Burdwan,11:00 AM,,Rs. 170,2,SBSTC (govt),https://transport.wb.gov.in/wp-content/uploads/2016/09/RouteTimeTableFareSBSTC.pdf
sbstc-kolkata-a-c-burdwan-2,SBSTC Kolkata A.C-Burdwan (AC),SBSTC,Government - SBSTC AC,,Kolkata A.C,Kolkata A.C,Burdwan,12:15 PM,,Rs. 170,2,SBSTC (govt),https://transport.wb.gov.in/wp-content/uploads/2016/09/RouteTimeTableFareSBSTC.pdf
sbstc-kolkata-a-c-burdwan-3,SBSTC Kolkata A.C-Burdwan (AC),SBSTC,Government - SBSTC AC,,Kolkata A.C,Kolkata A.C,Burdwan,4:50 PM,,Rs. 170,2,SBSTC (govt),https://transport.wb.gov.in/wp-content/uploads/2016/09/RouteTimeTableFareSBSTC.pdf
sbstc-kolkata-a-c-burdwan-4,SBSTC Kolkata A.C-Burdwan (AC),SBSTC,Government - SBSTC AC,,Kolkata A.C,Kolkata A.C,Burdwan,5:50 PM,,Rs. 170,2,SBSTC (govt),https://transport.wb.gov.in/wp-content/uploads/2016/09/RouteTimeTableFareSBSTC.pdf
sbstc-kolkata-a-c-burdwan-5,SBSTC Kolkata A.C-Burdwan (AC),SBSTC,Government - SBSTC AC,,Kolkata A.C,Kolkata A.C,Burdwan,6:45 PM,,Rs. 170,2,SBSTC (govt),https://transport.wb.gov.in/wp-content/uploads/2016/09/RouteTimeTableFareSBSTC.pdf
sbstc-burdwan-kandra-0,SBSTC Burdwan-Kandra,SBSTC,Government - SBSTC,,Burdwan,Burdwan,Kandra,7:25 AM,,Rs. 48,3,SBSTC (govt),https://transport.wb.gov.in/wp-content/uploads/2016/09/RouteTimeTableFareSBSTC.pdf
sbstc-burdwan-kandra-1,SBSTC Burdwan-Kandra,SBSTC,Government - SBSTC,,Burdwan,Burdwan,Kandra,6:45 AM,,Rs. 48,3,SBSTC (govt),https://transport.wb.gov.in/wp-content/uploads/2016/09/RouteTimeTableFareSBSTC.pdf
sbstc-kandra-burdwan-0,SBSTC Kandra-Burdwan,SBSTC,Government - SBSTC,,Kandra,Kandra,Burdwan,10:15 AM,,Rs. 48,3,SBSTC (govt),https://transport.wb.gov.in/wp-content/uploads/2016/09/RouteTimeTableFareSBSTC.pdf
sbstc-kandra-burdwan-1,SBSTC Kandra-Burdwan,SBSTC,Government - SBSTC,,Kandra,Kandra,Burdwan,11:20 AM,,Rs. 48,3,SBSTC (govt),https://transport.wb.gov.in/wp-content/uploads/2016/09/RouteTimeTableFareSBSTC.pdf
sbstc-burdwan-nagar-0,SBSTC Burdwan-Nagar,SBSTC,Government - SBSTC,,Burdwan,Burdwan,Nagar,12:00 PM,,Rs. 72,3,SBSTC (govt),https://transport.wb.gov.in/wp-content/uploads/2016/09/RouteTimeTableFareSBSTC.pdf
sbstc-nagar-burdwan-0,SBSTC Nagar-Burdwan,SBSTC,Government - SBSTC,,Nagar,Nagar,Burdwan,5:00 AM,,Rs. 72,3,SBSTC (govt),https://transport.wb.gov.in/wp-content/uploads/2016/09/RouteTimeTableFareSBSTC.pdf
sbstc-nabadwip-digha-0,SBSTC Nabadwip-Digha,SBSTC,Government - SBSTC,,Nabadwip,Nabadwip,Digha,6:30 AM,,Rs. 185,4,SBSTC (govt),https://transport.wb.gov.in/wp-content/uploads/2016/09/RouteTimeTableFareSBSTC.pdf
sbstc-digha-nabadwip-0,SBSTC Digha-Nabadwip,SBSTC,Government - SBSTC,,Digha,Digha,Nabadwip,8:00 AM,,Rs. 185,4,SBSTC (govt),https://transport.wb.gov.in/wp-content/uploads/2016/09/RouteTimeTableFareSBSTC.pdf
sbstc-kalna-kolkata-0,SBSTC Kalna-Kolkata,SBSTC,Government - SBSTC,,Kalna,Kalna,Kolkata,6:30 AM,,Rs. 115,2,SBSTC (govt),https://transport.wb.gov.in/wp-content/uploads/2016/09/RouteTimeTableFareSBSTC.pdf
sbstc-kolkata-kalna-0,SBSTC Kolkata-Kalna,SBSTC,Government - SBSTC,,Kolkata,Kolkata,Kalna,1:15 PM,,Rs. 115,2,SBSTC (govt),https://transport.wb.gov.in/wp-content/uploads/2016/09/RouteTimeTableFareSBSTC.pdf
sbstc-asansol-kolkata-0,SBSTC Asansol-Kolkata,SBSTC,Government - SBSTC,,Asansol,Asansol,Kolkata,5:35 AM,,Rs. 150,11,SBSTC (govt),https://transport.wb.gov.in/wp-content/uploads/2016/09/RouteTimeTableFareSBSTC.pdf
sbstc-asansol-kolkata-1,SBSTC Asansol-Kolkata,SBSTC,Government - SBSTC,,Asansol,Asansol,Kolkata,6:20 AM,,Rs. 150,11,SBSTC (govt),https://transport.wb.gov.in/wp-content/uploads/2016/09/RouteTimeTableFareSBSTC.pdf
sbstc-asansol-kolkata-2,SBSTC Asansol-Kolkata,SBSTC,Government - SBSTC,,Asansol,Asansol,Kolkata,7:30 AM,,Rs. 150,11,SBSTC (govt),https://transport.wb.gov.in/wp-content/uploads/2016/09/RouteTimeTableFareSBSTC.pdf
sbstc-asansol-kolkata-3,SBSTC Asansol-Kolkata,SBSTC,Government - SBSTC,,Asansol,Asansol,Kolkata,7:50 AM,,Rs. 150,11,SBSTC (govt),https://transport.wb.gov.in/wp-content/uploads/2016/09/RouteTimeTableFareSBSTC.pdf
sbstc-asansol-kolkata-4,SBSTC Asansol-Kolkata,SBSTC,Government - SBSTC,,Asansol,Asansol,Kolkata,8:50 AM,,Rs. 150,11,SBSTC (govt),https://transport.wb.gov.in/wp-content/uploads/2016/09/RouteTimeTableFareSBSTC.pdf
sbstc-asansol-kolkata-5,SBSTC Asansol-Kolkata,SBSTC,Government - SBSTC,,Asansol,Asansol,Kolkata,10:10 AM,,Rs. 150,11,SBSTC (govt),https://transport.wb.gov.in/wp-content/uploads/2016/09/RouteTimeTableFareSBSTC.pdf
sbstc-asansol-kolkata-6,SBSTC Asansol-Kolkata,SBSTC,Government - SBSTC,,Asansol,Asansol,Kolkata,10:30 AM,,Rs. 150,11,SBSTC (govt),https://transport.wb.gov.in/wp-content/uploads/2016/09/RouteTimeTableFareSBSTC.pdf
sbstc-asansol-kolkata-7,SBSTC Asansol-Kolkata,SBSTC,Government - SBSTC,,Asansol,Asansol,Kolkata,11:10 AM,,Rs. 150,11,SBSTC (govt),https://transport.wb.gov.in/wp-content/uploads/2016/09/RouteTimeTableFareSBSTC.pdf
sbstc-kolkata-asansol-0,SBSTC Kolkata-Asansol,SBSTC,Government - SBSTC,,Kolkata,Kolkata,Asansol,11:40 AM,,Rs. 150,11,SBSTC (govt),https://transport.wb.gov.in/wp-content/uploads/2016/09/RouteTimeTableFareSBSTC.pdf
sbstc-kolkata-asansol-1,SBSTC Kolkata-Asansol,SBSTC,Government - SBSTC,,Kolkata,Kolkata,Asansol,12:30 PM,,Rs. 150,11,SBSTC (govt),https://transport.wb.gov.in/wp-content/uploads/2016/09/RouteTimeTableFareSBSTC.pdf
sbstc-kolkata-asansol-2,SBSTC Kolkata-Asansol,SBSTC,Government - SBSTC,,Kolkata,Kolkata,Asansol,1:15 PM,,Rs. 150,11,SBSTC (govt),https://transport.wb.gov.in/wp-content/uploads/2016/09/RouteTimeTableFareSBSTC.pdf
sbstc-kolkata-asansol-3,SBSTC Kolkata-Asansol,SBSTC,Government - SBSTC,,Kolkata,Kolkata,Asansol,2:45 PM,,Rs. 150,11,SBSTC (govt),https://transport.wb.gov.in/wp-content/uploads/2016/09/RouteTimeTableFareSBSTC.pdf
sbstc-kolkata-asansol-4,SBSTC Kolkata-Asansol,SBSTC,Government - SBSTC,,Kolkata,Kolkata,Asansol,3:00 PM,,Rs. 150,11,SBSTC (govt),https://transport.wb.gov.in/wp-content/uploads/2016/09/RouteTimeTableFareSBSTC.pdf
sbstc-kolkata-asansol-5,SBSTC Kolkata-Asansol,SBSTC,Government - SBSTC,,Kolkata,Kolkata,Asansol,4:00 PM,,Rs. 150,11,SBSTC (govt),https://transport.wb.gov.in/wp-content/uploads/2016/09/RouteTimeTableFareSBSTC.pdf
sbstc-kolkata-asansol-6,SBSTC Kolkata-Asansol,SBSTC,Government - SBSTC,,Kolkata,Kolkata,Asansol,4:30 PM,,Rs. 150,11,SBSTC (govt),https://transport.wb.gov.in/wp-content/uploads/2016/09/RouteTimeTableFareSBSTC.pdf
sbstc-kolkata-asansol-7,SBSTC Kolkata-Asansol,SBSTC,Government - SBSTC,,Kolkata,Kolkata,Asansol,5:00 PM,,Rs. 150,11,SBSTC (govt),https://transport.wb.gov.in/wp-content/uploads/2016/09/RouteTimeTableFareSBSTC.pdf
sbstc-asansol-karunamoyee-0,SBSTC Asansol-Karunamoyee,SBSTC,Government - SBSTC,,Asansol,Asansol,Karunamoyee,6:00 AM,,Rs. 155,2,SBSTC (govt),https://transport.wb.gov.in/wp-content/uploads/2016/09/RouteTimeTableFareSBSTC.pdf
sbstc-asansol-karunamoyee-1,SBSTC Asansol-Karunamoyee,SBSTC,Government - SBSTC,,Asansol,Asansol,Karunamoyee,7:00 AM,,Rs. 155,2,SBSTC (govt),https://transport.wb.gov.in/wp-content/uploads/2016/09/RouteTimeTableFareSBSTC.pdf
sbstc-asansol-karunamoyee-2,SBSTC Asansol-Karunamoyee,SBSTC,Government - SBSTC,,Asansol,Asansol,Karunamoyee,7:35 AM,,Rs. 155,2,SBSTC (govt),https://transport.wb.gov.in/wp-content/uploads/2016/09/RouteTimeTableFareSBSTC.pdf
sbstc-asansol-karunamoyee-3,SBSTC Asansol-Karunamoyee,SBSTC,Government - SBSTC,,Asansol,Asansol,Karunamoyee,8:45 AM,,Rs. 155,2,SBSTC (govt),https://transport.wb.gov.in/wp-content/uploads/2016/09/RouteTimeTableFareSBSTC.pdf
sbstc-asansol-karunamoyee-4,SBSTC Asansol-Karunamoyee,SBSTC,Government - SBSTC,,Asansol,Asansol,Karunamoyee,1:55 PM,,Rs. 155,2,SBSTC (govt),https://transport.wb.gov.in/wp-content/uploads/2016/09/RouteTimeTableFareSBSTC.pdf
sbstc-asansol-karunamoyee-5,SBSTC Asansol-Karunamoyee,SBSTC,Government - SBSTC,,Asansol,Asansol,Karunamoyee,4:40 PM,,Rs. 155,2,SBSTC (govt),https://transport.wb.gov.in/wp-content/uploads/2016/09/RouteTimeTableFareSBSTC.pdf
sbstc-karunamoyee-asansol-0,SBSTC Karunamoyee-Asansol,SBSTC,Government - SBSTC,,Karunamoyee,Karunamoyee,Asansol,5:15 AM,,Rs. 155,2,SBSTC (govt),https://transport.wb.gov.in/wp-content/uploads/2016/09/RouteTimeTableFareSBSTC.pdf
sbstc-karunamoyee-asansol-1,SBSTC Karunamoyee-Asansol,SBSTC,Government - SBSTC,,Karunamoyee,Karunamoyee,Asansol,8:30 AM,,Rs. 155,2,SBSTC (govt),https://transport.wb.gov.in/wp-content/uploads/2016/09/RouteTimeTableFareSBSTC.pdf
sbstc-karunamoyee-asansol-2,SBSTC Karunamoyee-Asansol,SBSTC,Government - SBSTC,,Karunamoyee,Karunamoyee,Asansol,1:30 PM,,Rs. 155,2,SBSTC (govt),https://transport.wb.gov.in/wp-content/uploads/2016/09/RouteTimeTableFareSBSTC.pdf
sbstc-karunamoyee-asansol-3,SBSTC Karunamoyee-Asansol,SBSTC,Government - SBSTC,,Karunamoyee,Karunamoyee,Asansol,2:00 PM,,Rs. 155,2,SBSTC (govt),https://transport.wb.gov.in/wp-content/uploads/2016/09/RouteTimeTableFareSBSTC.pdf
sbstc-karunamoyee-asansol-4,SBSTC Karunamoyee-Asansol,SBSTC,Government - SBSTC,,Karunamoyee,Karunamoyee,Asansol,3:00 PM,,Rs. 155,2,SBSTC (govt),https://transport.wb.gov.in/wp-content/uploads/2016/09/RouteTimeTableFareSBSTC.pdf
sbstc-karunamoyee-asansol-5,SBSTC Karunamoyee-Asansol,SBSTC,Government - SBSTC,,Karunamoyee,Karunamoyee,Asansol,3:30 PM,,Rs. 155,2,SBSTC (govt),https://transport.wb.gov.in/wp-content/uploads/2016/09/RouteTimeTableFareSBSTC.pdf
sbstc-asansol-diamond-0,SBSTC Asansol-Diamond,SBSTC,Government - SBSTC,,Asansol,Asansol,Diamond,1:05 PM,,Rs. 181,2,SBSTC (govt),https://transport.wb.gov.in/wp-content/uploads/2016/09/RouteTimeTableFareSBSTC.pdf
sbstc-diamond-asansol-0,SBSTC Diamond-Asansol,SBSTC,Government - SBSTC,,Diamond,Diamond,Asansol,2:45 PM,,Rs. 181,2,SBSTC (govt),https://transport.wb.gov.in/wp-content/uploads/2016/09/RouteTimeTableFareSBSTC.pdf
sbstc-bankura-kolkata-0,SBSTC Bankura-Kolkata,SBSTC,Government - SBSTC,,Bankura,Bankura,Kolkata,6:00 AM,,Rs. 150,2,SBSTC (govt),https://transport.wb.gov.in/wp-content/uploads/2016/09/RouteTimeTableFareSBSTC.pdf
sbstc-bankura-kolkata-1,SBSTC Bankura-Kolkata,SBSTC,Government - SBSTC,,Bankura,Bankura,Kolkata,7:05 AM,,Rs. 150,2,SBSTC (govt),https://transport.wb.gov.in/wp-content/uploads/2016/09/RouteTimeTableFareSBSTC.pdf
sbstc-kolkata-bankura-0,SBSTC Kolkata-Bankura,SBSTC,Government - SBSTC,,Kolkata,Kolkata,Bankura,2:15 PM,,Rs. 150,2,SBSTC (govt),https://transport.wb.gov.in/wp-content/uploads/2016/09/RouteTimeTableFareSBSTC.pdf
sbstc-kolkata-bankura-1,SBSTC Kolkata-Bankura,SBSTC,Government - SBSTC,,Kolkata,Kolkata,Bankura,3:30 PM,,Rs. 150,2,SBSTC (govt),https://transport.wb.gov.in/wp-content/uploads/2016/09/RouteTimeTableFareSBSTC.pdf
sbstc-bankura-karunamoyee-0,SBSTC Bankura-Karunamoyee,SBSTC,Government - SBSTC,,Bankura,Bankura,Karunamoyee,5:40 AM,,Rs. 155,2,SBSTC (govt),https://transport.wb.gov.in/wp-content/uploads/2016/09/RouteTimeTableFareSBSTC.pdf
sbstc-bankura-karunamoyee-1,SBSTC Bankura-Karunamoyee,SBSTC,Government - SBSTC,,Bankura,Bankura,Karunamoyee,7:30 AM,,Rs. 155,2,SBSTC (govt),https://transport.wb.gov.in/wp-content/uploads/2016/09/RouteTimeTableFareSBSTC.pdf
sbstc-bankura-karunamoyee-2,SBSTC Bankura-Karunamoyee (NH 1),SBSTC,Government - SBSTC,,Bankura,Bankura,Karunamoyee,12:00 PM,,Rs. 155,2,SBSTC (govt),https://transport.wb.gov.in/wp-content/uploads/2016/09/RouteTimeTableFareSBSTC.pdf
sbstc-bankura-karunamoyee-3,SBSTC Bankura-Karunamoyee (NH 2),SBSTC,Government - SBSTC,,Bankura,Bankura,Karunamoyee,1:00 PM,,Rs. 155,2,SBSTC (govt),https://transport.wb.gov.in/wp-content/uploads/2016/09/RouteTimeTableFareSBSTC.pdf
sbstc-bankura-karunamoyee-4,SBSTC Bankura-Karunamoyee (NH 3),SBSTC,Government - SBSTC,,Bankura,Bankura,Karunamoyee,2:15 PM,,Rs. 155,2,SBSTC (govt),https://transport.wb.gov.in/wp-content/uploads/2016/09/RouteTimeTableFareSBSTC.pdf
sbstc-karunamoyee-bankura-0,SBSTC Karunamoyee-Bankura,SBSTC,Government - SBSTC,,Karunamoyee,Karunamoyee,Bankura,12:30 PM,,Rs. 155,2,SBSTC (govt),https://transport.wb.gov.in/wp-content/uploads/2016/09/RouteTimeTableFareSBSTC.pdf
sbstc-karunamoyee-bankura-1,SBSTC Karunamoyee-Bankura,SBSTC,Government - SBSTC,,Karunamoyee,Karunamoyee,Bankura,2:30 PM,,Rs. 155,2,SBSTC (govt),https://transport.wb.gov.in/wp-content/uploads/2016/09/RouteTimeTableFareSBSTC.pdf
sbstc-karunamoyee-bankura-2,SBSTC Karunamoyee-Bankura,SBSTC,Government - SBSTC,,Karunamoyee,Karunamoyee,Bankura,5:40 AM,,Rs. 155,2,SBSTC (govt),https://transport.wb.gov.in/wp-content/uploads/2016/09/RouteTimeTableFareSBSTC.pdf
sbstc-karunamoyee-bankura-3,SBSTC Karunamoyee-Bankura,SBSTC,Government - SBSTC,,Karunamoyee,Karunamoyee,Bankura,6:40 AM,,Rs. 155,2,SBSTC (govt),https://transport.wb.gov.in/wp-content/uploads/2016/09/RouteTimeTableFareSBSTC.pdf
sbstc-karunamoyee-bankura-4,SBSTC Karunamoyee-Bankura,SBSTC,Government - SBSTC,,Karunamoyee,Karunamoyee,Bankura,7:20 AM,,Rs. 155,2,SBSTC (govt),https://transport.wb.gov.in/wp-content/uploads/2016/09/RouteTimeTableFareSBSTC.pdf
sbstc-purulia-kolkata-0,SBSTC LALMATI EXPRESS,SBSTC,Government - SBSTC,WB 39E 9298,Purulia,Purulia,Kolkata,4:20 AM,11:40 AM,Rs. 210,22,SBSTC (govt),https://transport.wb.gov.in/wp-content/uploads/2016/09/RouteTimeTableFareSBSTC.pdf
sbstc-purulia-kolkata-1,SBSTC Purulia-Kolkata,SBSTC,Government - SBSTC,,Purulia,Purulia,Kolkata,6:10 AM,,Rs. 210,3,SBSTC (govt),https://transport.wb.gov.in/wp-content/uploads/2016/09/RouteTimeTableFareSBSTC.pdf
sbstc-purulia-kolkata-2,SBSTC Purulia-Kolkata,SBSTC,Government - SBSTC,,Purulia,Purulia,Kolkata,9:15 AM,,Rs. 210,3,SBSTC (govt),https://transport.wb.gov.in/wp-content/uploads/2016/09/RouteTimeTableFareSBSTC.pdf
sbstc-purulia-kolkata-3,SBSTC Purulia-Kolkata,SBSTC,Government - SBSTC,,Purulia,Purulia,Kolkata,1:45 PM,,Rs. 210,3,SBSTC (govt),https://transport.wb.gov.in/wp-content/uploads/2016/09/RouteTimeTableFareSBSTC.pdf
sbstc-kolkata-purulia-1,SBSTC Kolkata-Purulia,SBSTC,Government - SBSTC,,Kolkata,Kolkata,Purulia,2:15 PM,,Rs. 210,3,SBSTC (govt),https://transport.wb.gov.in/wp-content/uploads/2016/09/RouteTimeTableFareSBSTC.pdf
sbstc-kolkata-purulia-2,SBSTC Kolkata-Purulia,SBSTC,Government - SBSTC,,Kolkata,Kolkata,Purulia,5:00 AM,,Rs. 210,3,SBSTC (govt),https://transport.wb.gov.in/wp-content/uploads/2016/09/RouteTimeTableFareSBSTC.pdf
sbstc-kolkata-purulia-3,SBSTC Kolkata-Purulia,SBSTC,Government - SBSTC,,Kolkata,Kolkata,Purulia,6:45 AM,,Rs. 210,3,SBSTC (govt),https://transport.wb.gov.in/wp-content/uploads/2016/09/RouteTimeTableFareSBSTC.pdf
sbstc-durgapur-habra-0,SBSTC Durgapur-Habra,SBSTC,Government - SBSTC,,Durgapur,Durgapur,Habra,2:05 PM,,Rs. 124,3,SBSTC (govt),https://transport.wb.gov.in/wp-content/uploads/2016/09/RouteTimeTableFareSBSTC.pdf
sbstc-habra-durgapur-0,SBSTC Habra-Durgapur,SBSTC,Government - SBSTC,,Habra,Habra,Durgapur,6:05 AM,,Rs. 124,3,SBSTC (govt),https://transport.wb.gov.in/wp-content/uploads/2016/09/RouteTimeTableFareSBSTC.pdf
sbstc-habra-durgapur-1,SBSTC Habra-Durgapur,SBSTC,Government - SBSTC,,Habra,Habra,Durgapur,7:00 AM,,Rs. 124,3,SBSTC (govt),https://transport.wb.gov.in/wp-content/uploads/2016/09/RouteTimeTableFareSBSTC.pdf
sbstc-durgapur-kolkata-0,SBSTC Durgapur-Kolkata,SBSTC,Government - SBSTC,,Durgapur,Durgapur,Kolkata,4:15 AM,,Rs. 125,11,SBSTC (govt),https://transport.wb.gov.in/wp-content/uploads/2016/09/RouteTimeTableFareSBSTC.pdf
sbstc-durgapur-kolkata-1,SBSTC Durgapur-Kolkata,SBSTC,Government - SBSTC,,Durgapur,Durgapur,Kolkata,4:50 AM,,Rs. 125,11,SBSTC (govt),https://transport.wb.gov.in/wp-content/uploads/2016/09/RouteTimeTableFareSBSTC.pdf
sbstc-durgapur-kolkata-2,SBSTC Durgapur-Kolkata,SBSTC,Government - SBSTC,,Durgapur,Durgapur,Kolkata,5:15 AM,,Rs. 125,11,SBSTC (govt),https://transport.wb.gov.in/wp-content/uploads/2016/09/RouteTimeTableFareSBSTC.pdf
sbstc-durgapur-kolkata-3,SBSTC Durgapur-Kolkata,SBSTC,Government - SBSTC,,Durgapur,Durgapur,Kolkata,5:20 AM,,Rs. 125,11,SBSTC (govt),https://transport.wb.gov.in/wp-content/uploads/2016/09/RouteTimeTableFareSBSTC.pdf
sbstc-durgapur-kolkata-4,SBSTC Durgapur-Kolkata,SBSTC,Government - SBSTC,,Durgapur,Durgapur,Kolkata,5:50 AM,,Rs. 125,11,SBSTC (govt),https://transport.wb.gov.in/wp-content/uploads/2016/09/RouteTimeTableFareSBSTC.pdf
sbstc-durgapur-kolkata-5,SBSTC Durgapur-Kolkata,SBSTC,Government - SBSTC,,Durgapur,Durgapur,Kolkata,6:35 AM,,Rs. 125,11,SBSTC (govt),https://transport.wb.gov.in/wp-content/uploads/2016/09/RouteTimeTableFareSBSTC.pdf
sbstc-durgapur-kolkata-6,SBSTC Durgapur-Kolkata,SBSTC,Government - SBSTC,,Durgapur,Durgapur,Kolkata,7:20 AM,,Rs. 125,11,SBSTC (govt),https://transport.wb.gov.in/wp-content/uploads/2016/09/RouteTimeTableFareSBSTC.pdf
sbstc-durgapur-kolkata-7,SBSTC Durgapur-Kolkata,SBSTC,Government - SBSTC,,Durgapur,Durgapur,Kolkata,8:50 AM,,Rs. 125,11,SBSTC (govt),https://transport.wb.gov.in/wp-content/uploads/2016/09/RouteTimeTableFareSBSTC.pdf
sbstc-durgapur-kolkata-8,SBSTC Durgapur-Kolkata,SBSTC,Government - SBSTC,,Durgapur,Durgapur,Kolkata,11:20 AM,,Rs. 125,11,SBSTC (govt),https://transport.wb.gov.in/wp-content/uploads/2016/09/RouteTimeTableFareSBSTC.pdf
sbstc-durgapur-kolkata-9,SBSTC Durgapur-Kolkata,SBSTC,Government - SBSTC,,Durgapur,Durgapur,Kolkata,12:20 PM,,Rs. 125,11,SBSTC (govt),https://transport.wb.gov.in/wp-content/uploads/2016/09/RouteTimeTableFareSBSTC.pdf
sbstc-durgapur-kolkata-10,SBSTC Durgapur-Kolkata,SBSTC,Government - SBSTC,,Durgapur,Durgapur,Kolkata,1:20 PM,,Rs. 125,11,SBSTC (govt),https://transport.wb.gov.in/wp-content/uploads/2016/09/RouteTimeTableFareSBSTC.pdf
sbstc-durgapur-kolkata-11,SBSTC Durgapur-Kolkata,SBSTC,Government - SBSTC,,Durgapur,Durgapur,Kolkata,1:50 PM,,Rs. 125,11,SBSTC (govt),https://transport.wb.gov.in/wp-content/uploads/2016/09/RouteTimeTableFareSBSTC.pdf
sbstc-kolkata-durgapur-0,SBSTC Kolkata-Durgapur,SBSTC,Government - SBSTC,,Kolkata,Kolkata,Durgapur,9:00 AM,,Rs. 125,11,SBSTC (govt),https://transport.wb.gov.in/wp-content/uploads/2016/09/RouteTimeTableFareSBSTC.pdf
sbstc-kolkata-durgapur-1,SBSTC Kolkata-Durgapur,SBSTC,Government - SBSTC,,Kolkata,Kolkata,Durgapur,9:15 AM,,Rs. 125,11,SBSTC (govt),https://transport.wb.gov.in/wp-content/uploads/2016/09/RouteTimeTableFareSBSTC.pdf
sbstc-kolkata-durgapur-2,SBSTC Kolkata-Durgapur,SBSTC,Government - SBSTC,,Kolkata,Kolkata,Durgapur,10:00 AM,,Rs. 125,11,SBSTC (govt),https://transport.wb.gov.in/wp-content/uploads/2016/09/RouteTimeTableFareSBSTC.pdf
sbstc-kolkata-durgapur-3,SBSTC Kolkata-Durgapur,SBSTC,Government - SBSTC,,Kolkata,Kolkata,Durgapur,11:20 AM,,Rs. 125,11,SBSTC (govt),https://transport.wb.gov.in/wp-content/uploads/2016/09/RouteTimeTableFareSBSTC.pdf
sbstc-kolkata-durgapur-4,SBSTC Kolkata-Durgapur,SBSTC,Government - SBSTC,,Kolkata,Kolkata,Durgapur,12:45 PM,,Rs. 125,11,SBSTC (govt),https://transport.wb.gov.in/wp-content/uploads/2016/09/RouteTimeTableFareSBSTC.pdf
sbstc-kolkata-durgapur-5,SBSTC Kolkata-Durgapur,SBSTC,Government - SBSTC,,Kolkata,Kolkata,Durgapur,2:00 PM,,Rs. 125,11,SBSTC (govt),https://transport.wb.gov.in/wp-content/uploads/2016/09/RouteTimeTableFareSBSTC.pdf
sbstc-kolkata-durgapur-6,SBSTC Kolkata-Durgapur,SBSTC,Government - SBSTC,,Kolkata,Kolkata,Durgapur,3:15 PM,,Rs. 125,11,SBSTC (govt),https://transport.wb.gov.in/wp-content/uploads/2016/09/RouteTimeTableFareSBSTC.pdf
sbstc-kolkata-durgapur-7,SBSTC Kolkata-Durgapur,SBSTC,Government - SBSTC,,Kolkata,Kolkata,Durgapur,4:15 PM,,Rs. 125,11,SBSTC (govt),https://transport.wb.gov.in/wp-content/uploads/2016/09/RouteTimeTableFareSBSTC.pdf
sbstc-kolkata-durgapur-8,SBSTC Kolkata-Durgapur,SBSTC,Government - SBSTC,,Kolkata,Kolkata,Durgapur,5:15 PM,,Rs. 125,11,SBSTC (govt),https://transport.wb.gov.in/wp-content/uploads/2016/09/RouteTimeTableFareSBSTC.pdf
sbstc-kolkata-durgapur-9,SBSTC Kolkata-Durgapur,SBSTC,Government - SBSTC,,Kolkata,Kolkata,Durgapur,5:45 PM,,Rs. 125,11,SBSTC (govt),https://transport.wb.gov.in/wp-content/uploads/2016/09/RouteTimeTableFareSBSTC.pdf
sbstc-kolkata-durgapur-10,SBSTC Kolkata-Durgapur,SBSTC,Government - SBSTC,,Kolkata,Kolkata,Durgapur,6:00 PM,,Rs. 125,11,SBSTC (govt),https://transport.wb.gov.in/wp-content/uploads/2016/09/RouteTimeTableFareSBSTC.pdf
sbstc-kolkata-durgapur-11,SBSTC Kolkata-Durgapur,SBSTC,Government - SBSTC,,Kolkata,Kolkata,Durgapur,6:30 PM,,Rs. 125,11,SBSTC (govt),https://transport.wb.gov.in/wp-content/uploads/2016/09/RouteTimeTableFareSBSTC.pdf
sbstc-durgapur-karunamoyee-0,SBSTC Durgapur-Karunamoyee,SBSTC,Government - SBSTC,,Durgapur,Durgapur,Karunamoyee,5:05 AM,,Rs. 130,2,SBSTC (govt),https://transport.wb.gov.in/wp-content/uploads/2016/09/RouteTimeTableFareSBSTC.pdf
sbstc-durgapur-karunamoyee-1,SBSTC Durgapur-Karunamoyee,SBSTC,Government - SBSTC,,Durgapur,Durgapur,Karunamoyee,5:45 AM,,Rs. 130,2,SBSTC (govt),https://transport.wb.gov.in/wp-content/uploads/2016/09/RouteTimeTableFareSBSTC.pdf
sbstc-durgapur-karunamoyee-2,SBSTC Durgapur-Karunamoyee,SBSTC,Government - SBSTC,,Durgapur,Durgapur,Karunamoyee,7:10 AM,,Rs. 130,2,SBSTC (govt),https://transport.wb.gov.in/wp-content/uploads/2016/09/RouteTimeTableFareSBSTC.pdf
sbstc-durgapur-karunamoyee-3,SBSTC Durgapur-Karunamoyee,SBSTC,Government - SBSTC,,Durgapur,Durgapur,Karunamoyee,11:15 AM,,Rs. 130,2,SBSTC (govt),https://transport.wb.gov.in/wp-content/uploads/2016/09/RouteTimeTableFareSBSTC.pdf
sbstc-karunamoyee-durgapur-0,SBSTC Karunamoyee-Durgapur,SBSTC,Government - SBSTC,,Karunamoyee,Karunamoyee,Durgapur,10:15 AM,,Rs. 130,2,SBSTC (govt),https://transport.wb.gov.in/wp-content/uploads/2016/09/RouteTimeTableFareSBSTC.pdf
sbstc-karunamoyee-durgapur-1,SBSTC Karunamoyee-Durgapur,SBSTC,Government - SBSTC,,Karunamoyee,Karunamoyee,Durgapur,11:30 AM,,Rs. 130,2,SBSTC (govt),https://transport.wb.gov.in/wp-content/uploads/2016/09/RouteTimeTableFareSBSTC.pdf
sbstc-karunamoyee-durgapur-2,SBSTC Karunamoyee-Durgapur,SBSTC,Government - SBSTC,,Karunamoyee,Karunamoyee,Durgapur,1:00 PM,,Rs. 130,2,SBSTC (govt),https://transport.wb.gov.in/wp-content/uploads/2016/09/RouteTimeTableFareSBSTC.pdf
sbstc-karunamoyee-durgapur-3,SBSTC Karunamoyee-Durgapur,SBSTC,Government - SBSTC,,Karunamoyee,Karunamoyee,Durgapur,5:00 PM,,Rs. 130,2,SBSTC (govt),https://transport.wb.gov.in/wp-content/uploads/2016/09/RouteTimeTableFareSBSTC.pdf
sbstc-kolkata-bishnupur-0,SBSTC Kolkata-Bishnupur,SBSTC,Government - SBSTC,,Kolkata,Kolkata,Bishnupur,9:30 AM,,Rs. 104,3,SBSTC (govt),https://transport.wb.gov.in/wp-content/uploads/2016/09/RouteTimeTableFareSBSTC.pdf
sbstc-bishnupur-kolkata-0,SBSTC Bishnupur-Kolkata,SBSTC,Government - SBSTC,,Bishnupur,Bishnupur,Kolkata,4:00 AM,,Rs. 104,3,SBSTC (govt),https://transport.wb.gov.in/wp-content/uploads/2016/09/RouteTimeTableFareSBSTC.pdf
sbstc-kolkata-khatra-0,SBSTC Kolkata-Khatra,SBSTC,Government - SBSTC,,Kolkata,Kolkata,Khatra,4:50 AM,,Rs. 138,3,SBSTC (govt),https://transport.wb.gov.in/wp-content/uploads/2016/09/RouteTimeTableFareSBSTC.pdf
sbstc-khatra-kolkata-0,SBSTC Khatra-Kolkata,SBSTC,Government - SBSTC,,Khatra,Khatra,Kolkata,4:00 AM,,Rs. 138,3,SBSTC (govt),https://transport.wb.gov.in/wp-content/uploads/2016/09/RouteTimeTableFareSBSTC.pdf
sbstc-arambag-kolkata-0,SBSTC Arambag-Kolkata,SBSTC,Government - SBSTC,,Arambag,Arambag,Kolkata,5:40 AM,,Rs. 60,2,SBSTC (govt),https://transport.wb.gov.in/wp-content/uploads/2016/09/RouteTimeTableFareSBSTC.pdf
sbstc-arambag-kolkata-1,SBSTC Arambag-Kolkata,SBSTC,Government - SBSTC,,Arambag,Arambag,Kolkata,6:20 AM,,Rs. 60,2,SBSTC (govt),https://transport.wb.gov.in/wp-content/uploads/2016/09/RouteTimeTableFareSBSTC.pdf
sbstc-arambag-kolkata-2,SBSTC Arambag-Kolkata,SBSTC,Government - SBSTC,,Arambag,Arambag,Kolkata,7:00 AM,,Rs. 60,2,SBSTC (govt),https://transport.wb.gov.in/wp-content/uploads/2016/09/RouteTimeTableFareSBSTC.pdf
sbstc-arambag-kolkata-3,SBSTC Arambag-Kolkata,SBSTC,Government - SBSTC,,Arambag,Arambag,Kolkata,7:40 AM,,Rs. 60,2,SBSTC (govt),https://transport.wb.gov.in/wp-content/uploads/2016/09/RouteTimeTableFareSBSTC.pdf
sbstc-arambag-kolkata-4,SBSTC Arambag-Kolkata,SBSTC,Government - SBSTC,,Arambag,Arambag,Kolkata,8:15 AM,,Rs. 60,2,SBSTC (govt),https://transport.wb.gov.in/wp-content/uploads/2016/09/RouteTimeTableFareSBSTC.pdf
sbstc-arambag-kolkata-5,SBSTC Arambag-Kolkata,SBSTC,Government - SBSTC,,Arambag,Arambag,Kolkata,9:00 AM,,Rs. 60,2,SBSTC (govt),https://transport.wb.gov.in/wp-content/uploads/2016/09/RouteTimeTableFareSBSTC.pdf
sbstc-kolkata-arambag-0,SBSTC Kolkata-Arambag,SBSTC,Government - SBSTC,,Kolkata,Kolkata,Arambag,6:30 AM,,Rs. 60,2,SBSTC (govt),https://transport.wb.gov.in/wp-content/uploads/2016/09/RouteTimeTableFareSBSTC.pdf
sbstc-kolkata-arambag-1,SBSTC Kolkata-Arambag,SBSTC,Government - SBSTC,,Kolkata,Kolkata,Arambag,7:30 AM,,Rs. 60,2,SBSTC (govt),https://transport.wb.gov.in/wp-content/uploads/2016/09/RouteTimeTableFareSBSTC.pdf
sbstc-kolkata-arambag-2,SBSTC Kolkata-Arambag,SBSTC,Government - SBSTC,,Kolkata,Kolkata,Arambag,8:30 AM,,Rs. 60,2,SBSTC (govt),https://transport.wb.gov.in/wp-content/uploads/2016/09/RouteTimeTableFareSBSTC.pdf
sbstc-kolkata-arambag-3,SBSTC Kolkata-Arambag,SBSTC,Government - SBSTC,,Kolkata,Kolkata,Arambag,9:30 AM,,Rs. 60,2,SBSTC (govt),https://transport.wb.gov.in/wp-content/uploads/2016/09/RouteTimeTableFareSBSTC.pdf
sbstc-kolkata-arambag-4,SBSTC Kolkata-Arambag,SBSTC,Government - SBSTC,,Kolkata,Kolkata,Arambag,10:30 AM,,Rs. 60,2,SBSTC (govt),https://transport.wb.gov.in/wp-content/uploads/2016/09/RouteTimeTableFareSBSTC.pdf
sbstc-kolkata-arambag-5,SBSTC Kolkata-Arambag,SBSTC,Government - SBSTC,,Kolkata,Kolkata,Arambag,11:30 AM,,Rs. 60,2,SBSTC (govt),https://transport.wb.gov.in/wp-content/uploads/2016/09/RouteTimeTableFareSBSTC.pdf
sbstc-kolkata-asansol-8,SBSTC Kolkata-Asansol,SBSTC,Government - SBSTC,,Kolkata,Kolkata,Asansol,5:30 AM,,Rs. 150,11,SBSTC (govt),https://transport.wb.gov.in/wp-content/uploads/2016/09/RouteTimeTableFareSBSTC.pdf
sbstc-kolkata-asansol-9,SBSTC Kolkata-Asansol,SBSTC,Government - SBSTC,,Kolkata,Kolkata,Asansol,6:00 AM,,Rs. 150,11,SBSTC (govt),https://transport.wb.gov.in/wp-content/uploads/2016/09/RouteTimeTableFareSBSTC.pdf
sbstc-kolkata-asansol-10,SBSTC Kolkata-Asansol,SBSTC,Government - SBSTC,,Kolkata,Kolkata,Asansol,6:15 AM,,Rs. 150,11,SBSTC (govt),https://transport.wb.gov.in/wp-content/uploads/2016/09/RouteTimeTableFareSBSTC.pdf
sbstc-kolkata-asansol-11,SBSTC Kolkata-Asansol,SBSTC,Government - SBSTC,,Kolkata,Kolkata,Asansol,7:00 AM,,Rs. 150,11,SBSTC (govt),https://transport.wb.gov.in/wp-content/uploads/2016/09/RouteTimeTableFareSBSTC.pdf
sbstc-kolkata-asansol-12,SBSTC Kolkata-Asansol,SBSTC,Government - SBSTC,,Kolkata,Kolkata,Asansol,7:45 AM,,Rs. 150,11,SBSTC (govt),https://transport.wb.gov.in/wp-content/uploads/2016/09/RouteTimeTableFareSBSTC.pdf
sbstc-kolkata-asansol-13,SBSTC Kolkata-Asansol,SBSTC,Government - SBSTC,,Kolkata,Kolkata,Asansol,8:15 AM,,Rs. 150,11,SBSTC (govt),https://transport.wb.gov.in/wp-content/uploads/2016/09/RouteTimeTableFareSBSTC.pdf
sbstc-kolkata-asansol-14,SBSTC Kolkata-Asansol,SBSTC,Government - SBSTC,,Kolkata,Kolkata,Asansol,9:45 AM,,Rs. 150,11,SBSTC (govt),https://transport.wb.gov.in/wp-content/uploads/2016/09/RouteTimeTableFareSBSTC.pdf
sbstc-kolkata-asansol-15,SBSTC Kolkata-Asansol,SBSTC,Government - SBSTC,,Kolkata,Kolkata,Asansol,10:30 AM,,Rs. 150,11,SBSTC (govt),https://transport.wb.gov.in/wp-content/uploads/2016/09/RouteTimeTableFareSBSTC.pdf
sbstc-kolkata-asansol-16,SBSTC Kolkata-Asansol,SBSTC,Government - SBSTC,,Kolkata,Kolkata,Asansol,11:00 AM,,Rs. 150,11,SBSTC (govt),https://transport.wb.gov.in/wp-content/uploads/2016/09/RouteTimeTableFareSBSTC.pdf
sbstc-asansol-kolkata-9,SBSTC Asansol-Kolkata,SBSTC,Government - SBSTC,,Asansol,Asansol,Kolkata,11:30 AM,,Rs. 150,11,SBSTC (govt),https://transport.wb.gov.in/wp-content/uploads/2016/09/RouteTimeTableFareSBSTC.pdf
sbstc-asansol-kolkata-10,SBSTC Asansol-Kolkata,SBSTC,Government - SBSTC,,Asansol,Asansol,Kolkata,12:35 PM,,Rs. 150,11,SBSTC (govt),https://transport.wb.gov.in/wp-content/uploads/2016/09/RouteTimeTableFareSBSTC.pdf
sbstc-asansol-kolkata-11,SBSTC Asansol-Kolkata,SBSTC,Government - SBSTC,,Asansol,Asansol,Kolkata,1:35 PM,,Rs. 150,11,SBSTC (govt),https://transport.wb.gov.in/wp-content/uploads/2016/09/RouteTimeTableFareSBSTC.pdf
sbstc-asansol-kolkata-12,SBSTC Asansol-Kolkata,SBSTC,Government - SBSTC,,Asansol,Asansol,Kolkata,2:05 PM,,Rs. 150,11,SBSTC (govt),https://transport.wb.gov.in/wp-content/uploads/2016/09/RouteTimeTableFareSBSTC.pdf
sbstc-asansol-kolkata-13,SBSTC Asansol-Kolkata,SBSTC,Government - SBSTC,,Asansol,Asansol,Kolkata,2:35 PM,,Rs. 150,11,SBSTC (govt),https://transport.wb.gov.in/wp-content/uploads/2016/09/RouteTimeTableFareSBSTC.pdf
sbstc-asansol-kolkata-14,SBSTC Asansol-Kolkata,SBSTC,Government - SBSTC,,Asansol,Asansol,Kolkata,3:05 PM,,Rs. 150,11,SBSTC (govt),https://transport.wb.gov.in/wp-content/uploads/2016/09/RouteTimeTableFareSBSTC.pdf
sbstc-asansol-kolkata-15,SBSTC Asansol-Kolkata,SBSTC,Government - SBSTC,,Asansol,Asansol,Kolkata,3:35 PM,,Rs. 150,11,SBSTC (govt),https://transport.wb.gov.in/wp-content/uploads/2016/09/RouteTimeTableFareSBSTC.pdf
sbstc-asansol-kolkata-16,SBSTC Asansol-Kolkata,SBSTC,Government - SBSTC,,Asansol,Asansol,Kolkata,4:30 PM,,Rs. 150,11,SBSTC (govt),https://transport.wb.gov.in/wp-content/uploads/2016/09/RouteTimeTableFareSBSTC.pdf
sbstc-asansol-kolkata-17,SBSTC Asansol-Kolkata,SBSTC,Government - SBSTC,,Asansol,Asansol,Kolkata,5:00 PM,,Rs. 150,11,SBSTC (govt),https://transport.wb.gov.in/wp-content/uploads/2016/09/RouteTimeTableFareSBSTC.pdf
sbstc-kolkata-digha-0,SBSTC Kolkata-Digha,SBSTC,Government - SBSTC,,Kolkata,Kolkata,Digha,6:30 AM,,Rs. 125,13,SBSTC (govt),https://transport.wb.gov.in/wp-content/uploads/2016/09/RouteTimeTableFareSBSTC.pdf
sbstc-kolkata-digha-1,SBSTC Kolkata-Digha,SBSTC,Government - SBSTC,,Kolkata,Kolkata,Digha,7:00 AM,,Rs. 125,13,SBSTC (govt),https://transport.wb.gov.in/wp-content/uploads/2016/09/RouteTimeTableFareSBSTC.pdf
sbstc-kolkata-digha-2,SBSTC Kolkata-Digha,SBSTC,Government - SBSTC,,Kolkata,Kolkata,Digha,7:30 AM,,Rs. 125,13,SBSTC (govt),https://transport.wb.gov.in/wp-content/uploads/2016/09/RouteTimeTableFareSBSTC.pdf
sbstc-digha-kolkata-0,SBSTC Digha-Kolkata,SBSTC,Government - SBSTC,,Digha,Digha,Kolkata,11:10 AM,,Rs. 125,13,SBSTC (govt),https://transport.wb.gov.in/wp-content/uploads/2016/09/RouteTimeTableFareSBSTC.pdf
sbstc-digha-kolkata-1,SBSTC Digha-Kolkata,SBSTC,Government - SBSTC,,Digha,Digha,Kolkata,12:35 PM,,Rs. 125,13,SBSTC (govt),https://transport.wb.gov.in/wp-content/uploads/2016/09/RouteTimeTableFareSBSTC.pdf
sbstc-digha-kolkata-2,SBSTC Digha-Kolkata,SBSTC,Government - SBSTC,,Digha,Digha,Kolkata,3:10 PM,,Rs. 125,13,SBSTC (govt),https://transport.wb.gov.in/wp-content/uploads/2016/09/RouteTimeTableFareSBSTC.pdf
sbstc-kolkata-durgapur-12,SBSTC Kolkata-Durgapur,SBSTC,Government - SBSTC,,Kolkata,Kolkata,Durgapur,7:15 AM,,Rs. 125,11,SBSTC (govt),https://transport.wb.gov.in/wp-content/uploads/2016/09/RouteTimeTableFareSBSTC.pdf
sbstc-kolkata-durgapur-13,SBSTC Kolkata-Durgapur,SBSTC,Government - SBSTC,,Kolkata,Kolkata,Durgapur,7:30 AM,,Rs. 125,11,SBSTC (govt),https://transport.wb.gov.in/wp-content/uploads/2016/09/RouteTimeTableFareSBSTC.pdf
sbstc-kolkata-durgapur-14,SBSTC Kolkata-Durgapur,SBSTC,Government - SBSTC,,Kolkata,Kolkata,Durgapur,8:00 AM,,Rs. 125,11,SBSTC (govt),https://transport.wb.gov.in/wp-content/uploads/2016/09/RouteTimeTableFareSBSTC.pdf
sbstc-kolkata-durgapur-15,SBSTC Kolkata-Durgapur,SBSTC,Government - SBSTC,,Kolkata,Kolkata,Durgapur,9:30 AM,,Rs. 125,11,SBSTC (govt),https://transport.wb.gov.in/wp-content/uploads/2016/09/RouteTimeTableFareSBSTC.pdf
sbstc-kolkata-durgapur-16,SBSTC Kolkata-Durgapur,SBSTC,Government - SBSTC,,Kolkata,Kolkata,Durgapur,10:15 AM,,Rs. 125,11,SBSTC (govt),https://transport.wb.gov.in/wp-content/uploads/2016/09/RouteTimeTableFareSBSTC.pdf
sbstc-kolkata-durgapur-17,SBSTC Kolkata-Durgapur,SBSTC,Government - SBSTC,,Kolkata,Kolkata,Durgapur,12:15 PM,,Rs. 125,11,SBSTC (govt),https://transport.wb.gov.in/wp-content/uploads/2016/09/RouteTimeTableFareSBSTC.pdf
sbstc-durgapur-kolkata-13,SBSTC Durgapur-Kolkata,SBSTC,Government - SBSTC,,Durgapur,Durgapur,Kolkata,1:15 PM,,Rs. 125,11,SBSTC (govt),https://transport.wb.gov.in/wp-content/uploads/2016/09/RouteTimeTableFareSBSTC.pdf
sbstc-durgapur-kolkata-14,SBSTC Durgapur-Kolkata,SBSTC,Government - SBSTC,,Durgapur,Durgapur,Kolkata,3:00 PM,,Rs. 125,11,SBSTC (govt),https://transport.wb.gov.in/wp-content/uploads/2016/09/RouteTimeTableFareSBSTC.pdf
sbstc-durgapur-kolkata-15,SBSTC Durgapur-Kolkata,SBSTC,Government - SBSTC,,Durgapur,Durgapur,Kolkata,3:30 PM,,Rs. 125,11,SBSTC (govt),https://transport.wb.gov.in/wp-content/uploads/2016/09/RouteTimeTableFareSBSTC.pdf
sbstc-durgapur-kolkata-16,SBSTC Durgapur-Kolkata,SBSTC,Government - SBSTC,,Durgapur,Durgapur,Kolkata,4:00 PM,,Rs. 125,11,SBSTC (govt),https://transport.wb.gov.in/wp-content/uploads/2016/09/RouteTimeTableFareSBSTC.pdf
sbstc-durgapur-kolkata-17,SBSTC Durgapur-Kolkata,SBSTC,Government - SBSTC,,Durgapur,Durgapur,Kolkata,4:30 PM,,Rs. 125,11,SBSTC (govt),https://transport.wb.gov.in/wp-content/uploads/2016/09/RouteTimeTableFareSBSTC.pdf
sbstc-durgapur-kolkata-18,SBSTC Durgapur-Kolkata,SBSTC,Government - SBSTC,,Durgapur,Durgapur,Kolkata,5:00 PM,,Rs. 125,11,SBSTC (govt),https://transport.wb.gov.in/wp-content/uploads/2016/09/RouteTimeTableFareSBSTC.pdf
sbstc-kolkata-purulia-4,SBSTC Kolkata-Purulia,SBSTC,Government - SBSTC,,Kolkata,Kolkata,Purulia,12:00 PM,,Rs. 210,2,SBSTC (govt),https://transport.wb.gov.in/wp-content/uploads/2016/09/RouteTimeTableFareSBSTC.pdf
sbstc-purulia-kolkata-5,SBSTC Purulia-Kolkata,SBSTC,Government - SBSTC,,Purulia,Purulia,Kolkata,6:30 AM,,Rs. 210,2,SBSTC (govt),https://transport.wb.gov.in/wp-content/uploads/2016/09/RouteTimeTableFareSBSTC.pdf
sbstc-kolkata-nandigram-0,SBSTC Kolkata-Nandigram,SBSTC,Government - SBSTC,,Kolkata,Kolkata,Nandigram,4:45 PM,,Rs. 182,2,SBSTC (govt),https://transport.wb.gov.in/wp-content/uploads/2016/09/RouteTimeTableFareSBSTC.pdf
sbstc-nandigram-kolkata-0,SBSTC Nandigram-Kolkata,SBSTC,Government - SBSTC,,Nandigram,Nandigram,Kolkata,8:00 AM,,Rs. 182,2,SBSTC (govt),https://transport.wb.gov.in/wp-content/uploads/2016/09/RouteTimeTableFareSBSTC.pdf
sbstc-kolkata-jamuria-0,SBSTC Kolkata-Jamuria,SBSTC,Government - SBSTC,,Kolkata,Kolkata,Jamuria,5:30 PM,,Rs. 150,2,SBSTC (govt),https://transport.wb.gov.in/wp-content/uploads/2016/09/RouteTimeTableFareSBSTC.pdf
sbstc-jamuria-kolkata-0,SBSTC Jamuria-Kolkata,SBSTC,Government - SBSTC,,Jamuria,Jamuria,Kolkata,6:15 AM,,Rs. 150,2,SBSTC (govt),https://transport.wb.gov.in/wp-content/uploads/2016/09/RouteTimeTableFareSBSTC.pdf
sbstc-kolkata-garhbhowanipur-0,SBSTC Kolkata-Garhbhowanipur,SBSTC,Government - SBSTC,,Kolkata,Kolkata,Garhbhowanipur,6:30 AM,,Rs. 55,2,SBSTC (govt),https://transport.wb.gov.in/wp-content/uploads/2016/09/RouteTimeTableFareSBSTC.pdf
sbstc-kolkata-garhbhowanipur-1,SBSTC Kolkata-Garhbhowanipur,SBSTC,Government - SBSTC,,Kolkata,Kolkata,Garhbhowanipur,7:00 AM,,Rs. 55,2,SBSTC (govt),https://transport.wb.gov.in/wp-content/uploads/2016/09/RouteTimeTableFareSBSTC.pdf
sbstc-garhbhowanipur-kolkata-0,SBSTC Garhbhowanipur-Kolkata,SBSTC,Government - SBSTC,,Garhbhowanipur,Garhbhowanipur,Kolkata,8:15 AM,,Rs. 55,2,SBSTC (govt),https://transport.wb.gov.in/wp-content/uploads/2016/09/RouteTimeTableFareSBSTC.pdf
sbstc-garhbhowanipur-kolkata-1,SBSTC Garhbhowanipur-Kolkata,SBSTC,Government - SBSTC,,Garhbhowanipur,Garhbhowanipur,Kolkata,9:00 AM,,Rs. 55,2,SBSTC (govt),https://transport.wb.gov.in/wp-content/uploads/2016/09/RouteTimeTableFareSBSTC.pdf
sbstc-kolkata-haldia-0,SBSTC Kolkata-Haldia,SBSTC,Government - SBSTC,,Kolkata,Kolkata,Haldia,2:20 PM,,Rs. 85,2,SBSTC (govt),https://transport.wb.gov.in/wp-content/uploads/2016/09/RouteTimeTableFareSBSTC.pdf
sbstc-haldia-kolkata-0,SBSTC Haldia-Kolkata,SBSTC,Government - SBSTC,,Haldia,Haldia,Kolkata,6:00 PM,,Rs. 85,2,SBSTC (govt),https://transport.wb.gov.in/wp-content/uploads/2016/09/RouteTimeTableFareSBSTC.pdf
sbstc-kolkata-suri-0,SBSTC Kolkata-Suri,SBSTC,Government - SBSTC,,Kolkata,Kolkata,Suri,5:30 AM,,Rs. 150,2,SBSTC (govt),https://transport.wb.gov.in/wp-content/uploads/2016/09/RouteTimeTableFareSBSTC.pdf
sbstc-kolkata-suri-1,SBSTC Kolkata-Suri,SBSTC,Government - SBSTC,,Kolkata,Kolkata,Suri,6:30 AM,,Rs. 150,2,SBSTC (govt),https://transport.wb.gov.in/wp-content/uploads/2016/09/RouteTimeTableFareSBSTC.pdf
sbstc-kolkata-suri-2,SBSTC Kolkata-Suri,SBSTC,Government - SBSTC,,Kolkata,Kolkata,Suri,5:00 PM,,Rs. 150,2,SBSTC (govt),https://transport.wb.gov.in/wp-content/uploads/2016/09/RouteTimeTableFareSBSTC.pdf
sbstc-suri-kolkata-0,SBSTC Suri-Kolkata,SBSTC,Government - SBSTC,,Suri,Suri,Kolkata,5:30 AM,,Rs. 150,2,SBSTC (govt),https://transport.wb.gov.in/wp-content/uploads/2016/09/RouteTimeTableFareSBSTC.pdf
sbstc-suri-kolkata-1,SBSTC Suri-Kolkata,SBSTC,Government - SBSTC,,Suri,Suri,Kolkata,12:15 PM,,Rs. 150,2,SBSTC (govt),https://transport.wb.gov.in/wp-content/uploads/2016/09/RouteTimeTableFareSBSTC.pdf
sbstc-suri-kolkata-2,SBSTC Suri-Kolkata,SBSTC,Government - SBSTC,,Suri,Suri,Kolkata,1:30 PM,,Rs. 150,2,SBSTC (govt),https://transport.wb.gov.in/wp-content/uploads/2016/09/RouteTimeTableFareSBSTC.pdf
sbstc-kolkata-sonachura-0,SBSTC Kolkata-Sonachura,SBSTC,Government - SBSTC,,Kolkata,Kolkata,Sonachura,7:30 AM,,Rs. 151,2,SBSTC (govt),https://transport.wb.gov.in/wp-content/uploads/2016/09/RouteTimeTableFareSBSTC.pdf
sbstc-sonachura-kolkata-0,SBSTC Sonachura-Kolkata,SBSTC,Government - SBSTC,,Sonachura,Sonachura,Kolkata,6:15 AM,,Rs. 151,2,SBSTC (govt),https://transport.wb.gov.in/wp-content/uploads/2016/09/RouteTimeTableFareSBSTC.pdf
sbstc-kolkata-belpahari-0,SBSTC Kolkata-Belpahari,SBSTC,Government - SBSTC,,Kolkata,Kolkata,Belpahari,12:30 PM,,Rs. 140,2,SBSTC (govt),https://transport.wb.gov.in/wp-content/uploads/2016/09/RouteTimeTableFareSBSTC.pdf
sbstc-belpahari-kolkata-0,SBSTC Belpahari-Kolkata,SBSTC,Government - SBSTC,,Belpahari,Belpahari,Kolkata,7:00 AM,,Rs. 140,2,SBSTC (govt),https://transport.wb.gov.in/wp-content/uploads/2016/09/RouteTimeTableFareSBSTC.pdf
sbstc-kolkata-gopiganj-0,SBSTC Kolkata-Gopiganj,SBSTC,Government - SBSTC,,Kolkata,Kolkata,Gopiganj,7:30 AM,,Rs. 78,2,SBSTC (govt),https://transport.wb.gov.in/wp-content/uploads/2016/09/RouteTimeTableFareSBSTC.pdf
sbstc-kolkata-gopiganj-1,SBSTC Kolkata-Gopiganj,SBSTC,Government - SBSTC,,Kolkata,Kolkata,Gopiganj,5:30 PM,,Rs. 78,2,SBSTC (govt),https://transport.wb.gov.in/wp-content/uploads/2016/09/RouteTimeTableFareSBSTC.pdf
sbstc-gopiganj-kolkata-0,SBSTC Gopiganj-Kolkata,SBSTC,Government - SBSTC,,Gopiganj,Gopiganj,Kolkata,6:30 AM,,Rs. 78,2,SBSTC (govt),https://transport.wb.gov.in/wp-content/uploads/2016/09/RouteTimeTableFareSBSTC.pdf
sbstc-gopiganj-kolkata-1,SBSTC Gopiganj-Kolkata,SBSTC,Government - SBSTC,,Gopiganj,Gopiganj,Kolkata,1:10 PM,,Rs. 78,2,SBSTC (govt),https://transport.wb.gov.in/wp-content/uploads/2016/09/RouteTimeTableFareSBSTC.pdf
sbstc-digha-garia-a-c-0,SBSTC Digha-Garia A.C (AC),SBSTC,Government - SBSTC AC,,Digha,Digha,Garia A.C,1:45 PM,,Rs. 350,2,SBSTC (govt),https://transport.wb.gov.in/wp-content/uploads/2016/09/RouteTimeTableFareSBSTC.pdf
sbstc-garia-a-c-digha-0,SBSTC Garia A.C-Digha (AC),SBSTC,Government - SBSTC AC,,Garia A.C,Garia A.C,Digha,7:00 AM,,Rs. 350,2,SBSTC (govt),https://transport.wb.gov.in/wp-content/uploads/2016/09/RouteTimeTableFareSBSTC.pdf
sbstc-digha-baruipur-0,SBSTC Digha-Baruipur,SBSTC,Government - SBSTC,,Digha,Digha,Baruipur,12:10 PM,,Rs. 375,2,SBSTC (govt),https://transport.wb.gov.in/wp-content/uploads/2016/09/RouteTimeTableFareSBSTC.pdf
sbstc-baruipur-digha-0,SBSTC Baruipur-Digha,SBSTC,Government - SBSTC,,Baruipur,Baruipur,Digha,6:00 AM,,Rs. 375,2,SBSTC (govt),https://transport.wb.gov.in/wp-content/uploads/2016/09/RouteTimeTableFareSBSTC.pdf
sbstc-digha-habra-0,SBSTC Digha-Habra,SBSTC,Government - SBSTC,,Digha,Digha,Habra,11:00 AM,,Rs. 155,2,SBSTC (govt),https://transport.wb.gov.in/wp-content/uploads/2016/09/RouteTimeTableFareSBSTC.pdf
sbstc-digha-habra-1,SBSTC Digha-Habra,SBSTC,Government - SBSTC,,Digha,Digha,Habra,11:40 AM,,Rs. 155,2,SBSTC (govt),https://transport.wb.gov.in/wp-content/uploads/2016/09/RouteTimeTableFareSBSTC.pdf
sbstc-digha-habra-2,SBSTC Digha-Habra,SBSTC,Government - SBSTC,,Digha,Digha,Habra,1:40 PM,,Rs. 155,2,SBSTC (govt),https://transport.wb.gov.in/wp-content/uploads/2016/09/RouteTimeTableFareSBSTC.pdf
sbstc-habra-digha-0,SBSTC Habra-Digha,SBSTC,Government - SBSTC,,Habra,Habra,Digha,5:00 AM,,Rs. 155,2,SBSTC (govt),https://transport.wb.gov.in/wp-content/uploads/2016/09/RouteTimeTableFareSBSTC.pdf
sbstc-habra-digha-1,SBSTC Habra-Digha,SBSTC,Government - SBSTC,,Habra,Habra,Digha,5:30 AM,,Rs. 155,2,SBSTC (govt),https://transport.wb.gov.in/wp-content/uploads/2016/09/RouteTimeTableFareSBSTC.pdf
sbstc-habra-digha-2,SBSTC Habra-Digha,SBSTC,Government - SBSTC,,Habra,Habra,Digha,4:30 PM,,Rs. 155,2,SBSTC (govt),https://transport.wb.gov.in/wp-content/uploads/2016/09/RouteTimeTableFareSBSTC.pdf
sbstc-digha-dumdum-0,SBSTC Digha-Dumdum,SBSTC,Government - SBSTC,,Digha,Digha,Dumdum,1:30 PM,,Rs. 130,2,SBSTC (govt),https://transport.wb.gov.in/wp-content/uploads/2016/09/RouteTimeTableFareSBSTC.pdf
sbstc-dumdum-digha-0,SBSTC Dumdum-Digha,SBSTC,Government - SBSTC,,Dumdum,Dumdum,Digha,7:00 AM,,Rs. 130,2,SBSTC (govt),https://transport.wb.gov.in/wp-content/uploads/2016/09/RouteTimeTableFareSBSTC.pdf
sbstc-digha-kolkata-3,SBSTC Digha-Kolkata,SBSTC,Government - SBSTC,,Digha,Digha,Kolkata,4:50 AM,,Rs. 125,13,SBSTC (govt),https://transport.wb.gov.in/wp-content/uploads/2016/09/RouteTimeTableFareSBSTC.pdf
sbstc-digha-kolkata-4,SBSTC Digha-Kolkata,SBSTC,Government - SBSTC,,Digha,Digha,Kolkata,4:40 PM,,Rs. 125,13,SBSTC (govt),https://transport.wb.gov.in/wp-content/uploads/2016/09/RouteTimeTableFareSBSTC.pdf
sbstc-digha-kolkata-5,SBSTC Digha-Kolkata,SBSTC,Government - SBSTC,,Digha,Digha,Kolkata,10:00 PM,,Rs. 125,13,SBSTC (govt),https://transport.wb.gov.in/wp-content/uploads/2016/09/RouteTimeTableFareSBSTC.pdf
sbstc-kolkata-digha-4,SBSTC Kolkata-Digha,SBSTC,Government - SBSTC,,Kolkata,Kolkata,Digha,4:30 AM,,Rs. 125,13,SBSTC (govt),https://transport.wb.gov.in/wp-content/uploads/2016/09/RouteTimeTableFareSBSTC.pdf
sbstc-kolkata-digha-5,SBSTC Kolkata-Digha,SBSTC,Government - SBSTC,,Kolkata,Kolkata,Digha,10:00 PM,,Rs. 125,13,SBSTC (govt),https://transport.wb.gov.in/wp-content/uploads/2016/09/RouteTimeTableFareSBSTC.pdf
sbstc-kolkata-digha-6,SBSTC Kolkata-Digha,SBSTC,Government - SBSTC,,Kolkata,Kolkata,Digha,11:30 PM,,Rs. 125,13,SBSTC (govt),https://transport.wb.gov.in/wp-content/uploads/2016/09/RouteTimeTableFareSBSTC.pdf
sbstc-digha-kolkata-a-c-0,SBSTC Digha-Kolkata A.C (AC),SBSTC,Government - SBSTC AC,,Digha,Digha,Kolkata A.C,11:45 AM,,Rs. 330,2,SBSTC (govt),https://transport.wb.gov.in/wp-content/uploads/2016/09/RouteTimeTableFareSBSTC.pdf
sbstc-digha-kolkata-a-c-1,SBSTC Digha-Kolkata A.C (AC),SBSTC,Government - SBSTC AC,,Digha,Digha,Kolkata A.C,1:15 PM,,Rs. 330,2,SBSTC (govt),https://transport.wb.gov.in/wp-content/uploads/2016/09/RouteTimeTableFareSBSTC.pdf
sbstc-kolkata-a-c-digha-0,SBSTC Kolkata A.C-Digha (AC),SBSTC,Government - SBSTC AC,,Kolkata A.C,Kolkata A.C,Digha,8:15 AM,,Rs. 330,2,SBSTC (govt),https://transport.wb.gov.in/wp-content/uploads/2016/09/RouteTimeTableFareSBSTC.pdf
sbstc-kolkata-a-c-digha-1,SBSTC Kolkata A.C-Digha (AC),SBSTC,Government - SBSTC AC,,Kolkata A.C,Kolkata A.C,Digha,11:30 AM,,Rs. 330,2,SBSTC (govt),https://transport.wb.gov.in/wp-content/uploads/2016/09/RouteTimeTableFareSBSTC.pdf
sbstc-digha-karunamoyee-0,SBSTC Digha-Karunamoyee,SBSTC,Government - SBSTC,,Digha,Digha,Karunamoyee,6:00 AM,,Rs. 135,2,SBSTC (govt),https://transport.wb.gov.in/wp-content/uploads/2016/09/RouteTimeTableFareSBSTC.pdf
sbstc-karunamoyee-digha-0,SBSTC Karunamoyee-Digha,SBSTC,Government - SBSTC,,Karunamoyee,Karunamoyee,Digha,12:45 PM,,Rs. 135,2,SBSTC (govt),https://transport.wb.gov.in/wp-content/uploads/2016/09/RouteTimeTableFareSBSTC.pdf
sbstc-digha-haldia-0,SBSTC Digha-Haldia,SBSTC,Government - SBSTC,,Digha,Digha,Haldia,10:50 AM,,Rs. 85,3,SBSTC (govt),https://transport.wb.gov.in/wp-content/uploads/2016/09/RouteTimeTableFareSBSTC.pdf
sbstc-haldia-digha-0,SBSTC Haldia-Digha,SBSTC,Government - SBSTC,,Haldia,Haldia,Digha,4:30 PM,,Rs. 85,3,SBSTC (govt),https://transport.wb.gov.in/wp-content/uploads/2016/09/RouteTimeTableFareSBSTC.pdf
sbstc-digha-belghoria-0,SBSTC Digha-Belghoria,SBSTC,Government - SBSTC,,Digha,Digha,Belghoria,3:00 PM,,Rs. 125,2,SBSTC (govt),https://transport.wb.gov.in/wp-content/uploads/2016/09/RouteTimeTableFareSBSTC.pdf
sbstc-digha-belghoria-1,SBSTC Digha-Belghoria,SBSTC,Government - SBSTC,,Digha,Digha,Belghoria,3:40 PM,,Rs. 125,2,SBSTC (govt),https://transport.wb.gov.in/wp-content/uploads/2016/09/RouteTimeTableFareSBSTC.pdf
sbstc-belghoria-digha-0,SBSTC Belghoria-Digha,SBSTC,Government - SBSTC,,Belghoria,Belghoria,Digha,11:30 AM,,Rs. 125,2,SBSTC (govt),https://transport.wb.gov.in/wp-content/uploads/2016/09/RouteTimeTableFareSBSTC.pdf
sbstc-belghoria-digha-1,SBSTC Belghoria-Digha,SBSTC,Government - SBSTC,,Belghoria,Belghoria,Digha,12:00 PM,,Rs. 125,2,SBSTC (govt),https://transport.wb.gov.in/wp-content/uploads/2016/09/RouteTimeTableFareSBSTC.pdf
sbstc-digha-barasat-a-c-0,SBSTC Digha-Barasat A.C (AC),SBSTC,Government - SBSTC AC,,Digha,Digha,Barasat A.C,1:30 PM,,Rs. 300,2,SBSTC (govt),https://transport.wb.gov.in/wp-content/uploads/2016/09/RouteTimeTableFareSBSTC.pdf
sbstc-barasat-a-c-digha-0,SBSTC Barasat A.C-Digha (AC),SBSTC,Government - SBSTC AC,,Barasat A.C,Barasat A.C,Digha,6:00 AM,,Rs. 300,2,SBSTC (govt),https://transport.wb.gov.in/wp-content/uploads/2016/09/RouteTimeTableFareSBSTC.pdf
sbstc-digha-barasat-0,SBSTC Digha-Barasat,SBSTC,Government - SBSTC,,Digha,Digha,Barasat,6:20 AM,,Rs. 140,2,SBSTC (govt),https://transport.wb.gov.in/wp-content/uploads/2016/09/RouteTimeTableFareSBSTC.pdf
sbstc-digha-barasat-1,SBSTC Digha-Barasat,SBSTC,Government - SBSTC,,Digha,Digha,Barasat,10:25 AM,,Rs. 140,2,SBSTC (govt),https://transport.wb.gov.in/wp-content/uploads/2016/09/RouteTimeTableFareSBSTC.pdf
sbstc-digha-barasat-2,SBSTC Digha-Barasat,SBSTC,Government - SBSTC,,Digha,Digha,Barasat,1:10 PM,,Rs. 140,2,SBSTC (govt),https://transport.wb.gov.in/wp-content/uploads/2016/09/RouteTimeTableFareSBSTC.pdf
sbstc-digha-barasat-3,SBSTC Digha-Barasat,SBSTC,Government - SBSTC,,Digha,Digha,Barasat,2:20 PM,,Rs. 140,2,SBSTC (govt),https://transport.wb.gov.in/wp-content/uploads/2016/09/RouteTimeTableFareSBSTC.pdf
sbstc-barasat-digha-0,SBSTC Barasat-Digha,SBSTC,Government - SBSTC,,Barasat,Barasat,Digha,4:45 AM,,Rs. 140,2,SBSTC (govt),https://transport.wb.gov.in/wp-content/uploads/2016/09/RouteTimeTableFareSBSTC.pdf
sbstc-barasat-digha-1,SBSTC Barasat-Digha,SBSTC,Government - SBSTC,,Barasat,Barasat,Digha,6:30 AM,,Rs. 140,2,SBSTC (govt),https://transport.wb.gov.in/wp-content/uploads/2016/09/RouteTimeTableFareSBSTC.pdf
sbstc-barasat-digha-2,SBSTC Barasat-Digha,SBSTC,Government - SBSTC,,Barasat,Barasat,Digha,7:00 AM,,Rs. 140,2,SBSTC (govt),https://transport.wb.gov.in/wp-content/uploads/2016/09/RouteTimeTableFareSBSTC.pdf
sbstc-barasat-digha-3,SBSTC Barasat-Digha,SBSTC,Government - SBSTC,,Barasat,Barasat,Digha,11:30 AM,,Rs. 140,2,SBSTC (govt),https://transport.wb.gov.in/wp-content/uploads/2016/09/RouteTimeTableFareSBSTC.pdf
sbstc-digha-goyespur-0,SBSTC Digha-Goyespur,SBSTC,Government - SBSTC,,Digha,Digha,Goyespur,2:00 PM,,Rs. 160,2,SBSTC (govt),https://transport.wb.gov.in/wp-content/uploads/2016/09/RouteTimeTableFareSBSTC.pdf
sbstc-goyespur-digha-0,SBSTC Goyespur-Digha,SBSTC,Government - SBSTC,,Goyespur,Goyespur,Digha,6:45 AM,,Rs. 160,2,SBSTC (govt),https://transport.wb.gov.in/wp-content/uploads/2016/09/RouteTimeTableFareSBSTC.pdf
sbstc-digha-kakdwip-0,SBSTC Digha-Kakdwip,SBSTC,Government - SBSTC,,Digha,Digha,Kakdwip,9:40 AM,,Rs. 165,2,SBSTC (govt),https://transport.wb.gov.in/wp-content/uploads/2016/09/RouteTimeTableFareSBSTC.pdf
sbstc-kakdwip-digha-0,SBSTC Kakdwip-Digha,SBSTC,Government - SBSTC,,Kakdwip,Kakdwip,Digha,4:30 AM,,Rs. 165,2,SBSTC (govt),https://transport.wb.gov.in/wp-content/uploads/2016/09/RouteTimeTableFareSBSTC.pdf
sbstc-digha-nagar-0,SBSTC Digha-Nagar,SBSTC,Government - SBSTC,,Digha,Digha,Nagar,8:50 AM,,Rs. 265,2,SBSTC (govt),https://transport.wb.gov.in/wp-content/uploads/2016/09/RouteTimeTableFareSBSTC.pdf
sbstc-nagar-digha-0,SBSTC Nagar-Digha,SBSTC,Government - SBSTC,,Nagar,Nagar,Digha,5:50 AM,,Rs. 265,2,SBSTC (govt),https://transport.wb.gov.in/wp-content/uploads/2016/09/RouteTimeTableFareSBSTC.pdf
sbstc-digha-salar-0,SBSTC Digha-Salar,SBSTC,Government - SBSTC,,Digha,Digha,Salar,8:25 AM,,Rs. 250,2,SBSTC (govt),https://transport.wb.gov.in/wp-content/uploads/2016/09/RouteTimeTableFareSBSTC.pdf
sbstc-salar-digha-0,SBSTC Salar-Digha,SBSTC,Government - SBSTC,,Salar,Salar,Digha,5:15 AM,,Rs. 250,2,SBSTC (govt),https://transport.wb.gov.in/wp-content/uploads/2016/09/RouteTimeTableFareSBSTC.pdf
sbstc-digha-durgapur-0,SBSTC Digha-Durgapur,SBSTC,Government - SBSTC,,Digha,Digha,Durgapur,7:50 AM,,Rs. 250,2,SBSTC (govt),https://transport.wb.gov.in/wp-content/uploads/2016/09/RouteTimeTableFareSBSTC.pdf
sbstc-durgapur-digha-0,SBSTC Durgapur-Digha,SBSTC,Government - SBSTC,,Durgapur,Durgapur,Digha,7:00 AM,,Rs. 250,2,SBSTC (govt),https://transport.wb.gov.in/wp-content/uploads/2016/09/RouteTimeTableFareSBSTC.pdf
sbstc-digha-kirnahar-0,SBSTC Digha-Kirnahar,SBSTC,Government - SBSTC,,Digha,Digha,Kirnahar,10:00 AM,,Rs. 240,2,SBSTC (govt),https://transport.wb.gov.in/wp-content/uploads/2016/09/RouteTimeTableFareSBSTC.pdf
sbstc-kirnahar-digha-0,SBSTC Kirnahar-Digha,SBSTC,Government - SBSTC,,Kirnahar,Kirnahar,Digha,5:00 AM,,Rs. 240,2,SBSTC (govt),https://transport.wb.gov.in/wp-content/uploads/2016/09/RouteTimeTableFareSBSTC.pdf
sbstc-digha-lalgola-0,SBSTC Digha-Lalgola,SBSTC,Government - SBSTC,,Digha,Digha,Lalgola,6:45 AM,,Rs. 310,2,SBSTC (govt),https://transport.wb.gov.in/wp-content/uploads/2016/09/RouteTimeTableFareSBSTC.pdf
sbstc-lalgola-digha-0,SBSTC Lalgola-Digha,SBSTC,Government - SBSTC,,Lalgola,Lalgola,Digha,4:45 AM,,Rs. 310,2,SBSTC (govt),https://transport.wb.gov.in/wp-content/uploads/2016/09/RouteTimeTableFareSBSTC.pdf
sbstc-digha-falta-0,SBSTC Digha-Falta,SBSTC,Government - SBSTC,,Digha,Digha,Falta,11:50 AM,,Rs. 165,3,SBSTC (govt),https://transport.wb.gov.in/wp-content/uploads/2016/09/RouteTimeTableFareSBSTC.pdf
sbstc-falta-digha-0,SBSTC Falta-Digha,SBSTC,Government - SBSTC,,Falta,Falta,Digha,6:00 AM,,Rs. 165,3,SBSTC (govt),https://transport.wb.gov.in/wp-content/uploads/2016/09/RouteTimeTableFareSBSTC.pdf
sbstc-digha-asansol-a-c-0,SBSTC Digha-Asansol A.C. (AC),SBSTC,Government - SBSTC AC,,Digha,Digha,Asansol A.C.,10:45 AM,,Rs. 610,2,SBSTC (govt),https://transport.wb.gov.in/wp-content/uploads/2016/09/RouteTimeTableFareSBSTC.pdf
sbstc-asansol-a-c-digha-0,SBSTC Asansol A.C.-Digha (AC),SBSTC,Government - SBSTC AC,,Asansol A.C.,Asansol A.C.,Digha,5:15 AM,,Rs. 610,2,SBSTC (govt),https://transport.wb.gov.in/wp-content/uploads/2016/09/RouteTimeTableFareSBSTC.pdf
sbstc-digha-suri-0,SBSTC Digha-Suri,SBSTC,Government - SBSTC,,Digha,Digha,Suri,7:30 AM,,Rs. 270,3,SBSTC (govt),https://transport.wb.gov.in/wp-content/uploads/2016/09/RouteTimeTableFareSBSTC.pdf
sbstc-digha-suri-1,SBSTC Digha-Suri,SBSTC,Government - SBSTC,,Digha,Digha,Suri,9:10 AM,,Rs. 270,3,SBSTC (govt),https://transport.wb.gov.in/wp-content/uploads/2016/09/RouteTimeTableFareSBSTC.pdf
sbstc-suri-digha-0,SBSTC Suri-Digha,SBSTC,Government - SBSTC,,Suri,Suri,Digha,4:10 AM,,Rs. 270,3,SBSTC (govt),https://transport.wb.gov.in/wp-content/uploads/2016/09/RouteTimeTableFareSBSTC.pdf
sbstc-suri-digha-1,SBSTC Suri-Digha,SBSTC,Government - SBSTC,,Suri,Suri,Digha,8:30 AM,,Rs. 270,3,SBSTC (govt),https://transport.wb.gov.in/wp-content/uploads/2016/09/RouteTimeTableFareSBSTC.pdf
sbstc-falta-digha-1,SBSTC Falta-Digha,SBSTC,Government - SBSTC,,Falta,Falta,Digha,6:30 AM,,Rs. 165,3,SBSTC (govt),https://transport.wb.gov.in/wp-content/uploads/2016/09/RouteTimeTableFareSBSTC.pdf
sbstc-digha-baruipur-a-c-0,SBSTC Digha-Baruipur A.C (AC),SBSTC,Government - SBSTC AC,,Digha,Digha,Baruipur A.C,1:45 PM,,Rs. 375,2,SBSTC (govt),https://transport.wb.gov.in/wp-content/uploads/2016/09/RouteTimeTableFareSBSTC.pdf
sbstc-baruipur-a-c-digha-0,SBSTC Baruipur A.C-Digha (AC),SBSTC,Government - SBSTC AC,,Baruipur A.C,Baruipur A.C,Digha,6:30 AM,,Rs. 375,2,SBSTC (govt),https://transport.wb.gov.in/wp-content/uploads/2016/09/RouteTimeTableFareSBSTC.pdf
sbstc-digha-thakurpukur-0,SBSTC Digha-Thakurpukur,SBSTC,Government - SBSTC,,Digha,Digha,Thakurpukur,11:20 AM,,Rs. 130,2,SBSTC (govt),https://transport.wb.gov.in/wp-content/uploads/2016/09/RouteTimeTableFareSBSTC.pdf
sbstc-digha-thakurpukur-1,SBSTC Digha-Thakurpukur,SBSTC,Government - SBSTC,,Digha,Digha,Thakurpukur,2:30 PM,,Rs. 130,2,SBSTC (govt),https://transport.wb.gov.in/wp-content/uploads/2016/09/RouteTimeTableFareSBSTC.pdf
sbstc-thakurpukur-digha-0,SBSTC Thakurpukur-Digha,SBSTC,Government - SBSTC,,Thakurpukur,Thakurpukur,Digha,4:45 AM,,Rs. 130,2,SBSTC (govt),https://transport.wb.gov.in/wp-content/uploads/2016/09/RouteTimeTableFareSBSTC.pdf
sbstc-thakurpukur-digha-1,SBSTC Thakurpukur-Digha,SBSTC,Government - SBSTC,,Thakurpukur,Thakurpukur,Digha,5:45 AM,,Rs. 130,2,SBSTC (govt),https://transport.wb.gov.in/wp-content/uploads/2016/09/RouteTimeTableFareSBSTC.pdf
sbstc-digha-nandigram-0,SBSTC Digha-Nandigram,SBSTC,Government - SBSTC,,Digha,Digha,Nandigram,3:50 PM,,Rs. 65,2,SBSTC (govt),https://transport.wb.gov.in/wp-content/uploads/2016/09/RouteTimeTableFareSBSTC.pdf
sbstc-nandigram-digha-0,SBSTC Nandigram-Digha,SBSTC,Government - SBSTC,,Nandigram,Nandigram,Digha,6:20 AM,,Rs. 65,2,SBSTC (govt),https://transport.wb.gov.in/wp-content/uploads/2016/09/RouteTimeTableFareSBSTC.pdf
sbstc-digha-garia-0,SBSTC Digha-Garia,SBSTC,Government - SBSTC,,Digha,Digha,Garia,5:20 AM,,Rs. 130,2,SBSTC (govt),https://transport.wb.gov.in/wp-content/uploads/2016/09/RouteTimeTableFareSBSTC.pdf
sbstc-digha-garia-1,SBSTC Digha-Garia,SBSTC,Government - SBSTC,,Digha,Digha,Garia,9:25 AM,,Rs. 130,2,SBSTC (govt),https://transport.wb.gov.in/wp-content/uploads/2016/09/RouteTimeTableFareSBSTC.pdf
sbstc-digha-garia-2,SBSTC Digha-Garia,SBSTC,Government - SBSTC,,Digha,Digha,Garia,12:50 PM,,Rs. 130,2,SBSTC (govt),https://transport.wb.gov.in/wp-content/uploads/2016/09/RouteTimeTableFareSBSTC.pdf
sbstc-digha-garia-3,SBSTC Digha-Garia,SBSTC,Government - SBSTC,,Digha,Digha,Garia,2:40 PM,,Rs. 130,2,SBSTC (govt),https://transport.wb.gov.in/wp-content/uploads/2016/09/RouteTimeTableFareSBSTC.pdf
sbstc-digha-garia-4,SBSTC Digha-Garia,SBSTC,Government - SBSTC,,Digha,Digha,Garia,4:00 PM,,Rs. 130,2,SBSTC (govt),https://transport.wb.gov.in/wp-content/uploads/2016/09/RouteTimeTableFareSBSTC.pdf
sbstc-digha-garia-5,SBSTC Digha-Garia,SBSTC,Government - SBSTC,,Digha,Digha,Garia,10:00 PM,,Rs. 130,2,SBSTC (govt),https://transport.wb.gov.in/wp-content/uploads/2016/09/RouteTimeTableFareSBSTC.pdf
sbstc-garia-digha-0,SBSTC Garia-Digha,SBSTC,Government - SBSTC,,Garia,Garia,Digha,4:30 AM,,Rs. 130,2,SBSTC (govt),https://transport.wb.gov.in/wp-content/uploads/2016/09/RouteTimeTableFareSBSTC.pdf
sbstc-garia-digha-1,SBSTC Garia-Digha,SBSTC,Government - SBSTC,,Garia,Garia,Digha,5:00 AM,,Rs. 130,2,SBSTC (govt),https://transport.wb.gov.in/wp-content/uploads/2016/09/RouteTimeTableFareSBSTC.pdf
sbstc-garia-digha-2,SBSTC Garia-Digha,SBSTC,Government - SBSTC,,Garia,Garia,Digha,6:00 AM,,Rs. 130,2,SBSTC (govt),https://transport.wb.gov.in/wp-content/uploads/2016/09/RouteTimeTableFareSBSTC.pdf
sbstc-garia-digha-3,SBSTC Garia-Digha,SBSTC,Government - SBSTC,,Garia,Garia,Digha,7:00 AM,,Rs. 130,2,SBSTC (govt),https://transport.wb.gov.in/wp-content/uploads/2016/09/RouteTimeTableFareSBSTC.pdf
sbstc-garia-digha-4,SBSTC Garia-Digha,SBSTC,Government - SBSTC,,Garia,Garia,Digha,12:15 PM,,Rs. 130,2,SBSTC (govt),https://transport.wb.gov.in/wp-content/uploads/2016/09/RouteTimeTableFareSBSTC.pdf
sbstc-garia-digha-5,SBSTC Garia-Digha,SBSTC,Government - SBSTC,,Garia,Garia,Digha,3:15 PM,,Rs. 130,2,SBSTC (govt),https://transport.wb.gov.in/wp-content/uploads/2016/09/RouteTimeTableFareSBSTC.pdf
sbstc-digha-dhamakhali-0,SBSTC Digha-Dhamakhali,SBSTC,Government - SBSTC,,Digha,Digha,Dhamakhali,4:00 AM,,Rs. 180,2,SBSTC (govt),https://transport.wb.gov.in/wp-content/uploads/2016/09/RouteTimeTableFareSBSTC.pdf
sbstc-digha-dhamakhali-1,SBSTC Digha-Dhamakhali,SBSTC,Government - SBSTC,,Digha,Digha,Dhamakhali,10:40 AM,,Rs. 180,2,SBSTC (govt),https://transport.wb.gov.in/wp-content/uploads/2016/09/RouteTimeTableFareSBSTC.pdf
sbstc-dhamakhali-digha-0,SBSTC Dhamakhali-Digha,SBSTC,Government - SBSTC,,Dhamakhali,Dhamakhali,Digha,5:00 AM,,Rs. 180,2,SBSTC (govt),https://transport.wb.gov.in/wp-content/uploads/2016/09/RouteTimeTableFareSBSTC.pdf
sbstc-dhamakhali-digha-1,SBSTC Dhamakhali-Digha,SBSTC,Government - SBSTC,,Dhamakhali,Dhamakhali,Digha,11:30 AM,,Rs. 180,2,SBSTC (govt),https://transport.wb.gov.in/wp-content/uploads/2016/09/RouteTimeTableFareSBSTC.pdf
sbstc-digha-naihati-0,SBSTC Digha-Naihati,SBSTC,Government - SBSTC,,Digha,Digha,Naihati,12:40 PM,,Rs. 153,2,SBSTC (govt),https://transport.wb.gov.in/wp-content/uploads/2016/09/RouteTimeTableFareSBSTC.pdf
sbstc-naihati-digha-0,SBSTC Naihati-Digha,SBSTC,Government - SBSTC,,Naihati,Naihati,Digha,5:45 AM,,Rs. 153,2,SBSTC (govt),https://transport.wb.gov.in/wp-content/uploads/2016/09/RouteTimeTableFareSBSTC.pdf
sbstc-digha-haldia-via-kolkata-0,SBSTC Digha-Haldia Via-Kolkata,SBSTC,Government - SBSTC,,Digha,Digha,Haldia Via-Kolkata,7:00 AM,,Rs. 210,2,SBSTC (govt),https://transport.wb.gov.in/wp-content/uploads/2016/09/RouteTimeTableFareSBSTC.pdf
sbstc-digha-haldia-via-kolkata-1,SBSTC Digha-Haldia Via-Kolkata,SBSTC,Government - SBSTC,,Digha,Digha,Haldia Via-Kolkata,10:50 AM,,Rs. 210,2,SBSTC (govt),https://transport.wb.gov.in/wp-content/uploads/2016/09/RouteTimeTableFareSBSTC.pdf
sbstc-haldia-via-kolkata-digha-0,SBSTC Haldia Via-Kolkata-Digha,SBSTC,Government - SBSTC,,Haldia Via-Kolkata,Haldia Via-Kolkata,Digha,4:30 AM,,Rs. 210,2,SBSTC (govt),https://transport.wb.gov.in/wp-content/uploads/2016/09/RouteTimeTableFareSBSTC.pdf
sbstc-haldia-via-kolkata-digha-1,SBSTC Haldia Via-Kolkata-Digha,SBSTC,Government - SBSTC,,Haldia Via-Kolkata,Haldia Via-Kolkata,Digha,5:15 AM,,Rs. 210,2,SBSTC (govt),https://transport.wb.gov.in/wp-content/uploads/2016/09/RouteTimeTableFareSBSTC.pdf
sbstc-midnapur-kolkata-0,SBSTC Midnapur-Kolkata,SBSTC,Government - SBSTC,,Midnapur,Midnapur,Kolkata,4:40 AM,,Rs. 85,2,SBSTC (govt),https://transport.wb.gov.in/wp-content/uploads/2016/09/RouteTimeTableFareSBSTC.pdf
sbstc-midnapur-kolkata-1,SBSTC Midnapur-Kolkata,SBSTC,Government - SBSTC,,Midnapur,Midnapur,Kolkata,5:10 AM,,Rs. 85,2,SBSTC (govt),https://transport.wb.gov.in/wp-content/uploads/2016/09/RouteTimeTableFareSBSTC.pdf
sbstc-midnapur-kolkata-2,SBSTC Midnapur-Kolkata,SBSTC,Government - SBSTC,,Midnapur,Midnapur,Kolkata,8:15 AM,,Rs. 85,2,SBSTC (govt),https://transport.wb.gov.in/wp-content/uploads/2016/09/RouteTimeTableFareSBSTC.pdf
sbstc-midnapur-kolkata-3,SBSTC Midnapur-Kolkata,SBSTC,Government - SBSTC,,Midnapur,Midnapur,Kolkata,1:30 PM,,Rs. 85,2,SBSTC (govt),https://transport.wb.gov.in/wp-content/uploads/2016/09/RouteTimeTableFareSBSTC.pdf
sbstc-midnapur-kolkata-4,SBSTC Midnapur-Kolkata,SBSTC,Government - SBSTC,,Midnapur,Midnapur,Kolkata,2:30 PM,,Rs. 85,2,SBSTC (govt),https://transport.wb.gov.in/wp-content/uploads/2016/09/RouteTimeTableFareSBSTC.pdf
sbstc-midnapur-kolkata-5,SBSTC Midnapur-Kolkata,SBSTC,Government - SBSTC,,Midnapur,Midnapur,Kolkata,3:15 PM,,Rs. 85,2,SBSTC (govt),https://transport.wb.gov.in/wp-content/uploads/2016/09/RouteTimeTableFareSBSTC.pdf
sbstc-kolkata-midnapur-0,SBSTC Kolkata-Midnapur,SBSTC,Government - SBSTC,,Kolkata,Kolkata,Midnapur,8:00 AM,,Rs. 85,2,SBSTC (govt),https://transport.wb.gov.in/wp-content/uploads/2016/09/RouteTimeTableFareSBSTC.pdf
sbstc-kolkata-midnapur-1,SBSTC Kolkata-Midnapur,SBSTC,Government - SBSTC,,Kolkata,Kolkata,Midnapur,9:30 AM,,Rs. 85,2,SBSTC (govt),https://transport.wb.gov.in/wp-content/uploads/2016/09/RouteTimeTableFareSBSTC.pdf
sbstc-kolkata-midnapur-2,SBSTC Kolkata-Midnapur,SBSTC,Government - SBSTC,,Kolkata,Kolkata,Midnapur,12:00 PM,,Rs. 85,2,SBSTC (govt),https://transport.wb.gov.in/wp-content/uploads/2016/09/RouteTimeTableFareSBSTC.pdf
sbstc-kolkata-midnapur-3,SBSTC Kolkata-Midnapur,SBSTC,Government - SBSTC,,Kolkata,Kolkata,Midnapur,5:15 PM,,Rs. 85,2,SBSTC (govt),https://transport.wb.gov.in/wp-content/uploads/2016/09/RouteTimeTableFareSBSTC.pdf
sbstc-kolkata-midnapur-4,SBSTC Kolkata-Midnapur,SBSTC,Government - SBSTC,,Kolkata,Kolkata,Midnapur,6:00 PM,,Rs. 85,2,SBSTC (govt),https://transport.wb.gov.in/wp-content/uploads/2016/09/RouteTimeTableFareSBSTC.pdf
sbstc-kolkata-midnapur-5,SBSTC Kolkata-Midnapur,SBSTC,Government - SBSTC,,Kolkata,Kolkata,Midnapur,6:30 PM,,Rs. 85,2,SBSTC (govt),https://transport.wb.gov.in/wp-content/uploads/2016/09/RouteTimeTableFareSBSTC.pdf
sbstc-midnapur-karunamoyee-0,SBSTC Midnapur-Karunamoyee,SBSTC,Government - SBSTC,,Midnapur,Midnapur,Karunamoyee,6:50 AM,,Rs. 95,5,SBSTC (govt),https://transport.wb.gov.in/wp-content/uploads/2016/09/RouteTimeTableFareSBSTC.pdf
sbstc-midnapur-karunamoyee-1,SBSTC Midnapur-Karunamoyee,SBSTC,Government - SBSTC,,Midnapur,Midnapur,Karunamoyee,7:15 AM,,Rs. 95,2,SBSTC (govt),https://transport.wb.gov.in/wp-content/uploads/2016/09/RouteTimeTableFareSBSTC.pdf
sbstc-karunamoyee-midnapur-0,SBSTC Karunamoyee-Midnapur,SBSTC,Government - SBSTC,,Karunamoyee,Karunamoyee,Midnapur,12:00 PM,,Rs. 95,2,SBSTC (govt),https://transport.wb.gov.in/wp-content/uploads/2016/09/RouteTimeTableFareSBSTC.pdf
sbstc-karunamoyee-midnapur-1,SBSTC Karunamoyee-Midnapur,SBSTC,Government - SBSTC,,Karunamoyee,Karunamoyee,Midnapur,1:00 PM,,Rs. 95,2,SBSTC (govt),https://transport.wb.gov.in/wp-content/uploads/2016/09/RouteTimeTableFareSBSTC.pdf
sbstc-midnapur-kharika-mathani-0,SBSTC Midnapur-Kharika Mathani,SBSTC,Government - SBSTC,,Midnapur,Midnapur,Kharika Mathani,9:00 AM,,Rs. 120,3,SBSTC (govt),https://transport.wb.gov.in/wp-content/uploads/2016/09/RouteTimeTableFareSBSTC.pdf
sbstc-kharika-mathani-midnapur-0,SBSTC Kharika Mathani-Midnapur,SBSTC,Government - SBSTC,,Kharika Mathani,Kharika Mathani,Midnapur,6:00 AM,,Rs. 120,3,SBSTC (govt),https://transport.wb.gov.in/wp-content/uploads/2016/09/RouteTimeTableFareSBSTC.pdf
sbstc-midnapur-namkhana-0,SBSTC Midnapur-Namkhana,SBSTC,Government - SBSTC,,Midnapur,Midnapur,Namkhana,11:00 AM,,Rs. 159,2,SBSTC (govt),https://transport.wb.gov.in/wp-content/uploads/2016/09/RouteTimeTableFareSBSTC.pdf
sbstc-namkhana-midnapur-0,SBSTC Namkhana-Midnapur,SBSTC,Government - SBSTC,,Namkhana,Namkhana,Midnapur,5:00 AM,,Rs. 159,2,SBSTC (govt),https://transport.wb.gov.in/wp-content/uploads/2016/09/RouteTimeTableFareSBSTC.pdf
sbstc-midnapur-dhamakhali-0,SBSTC Midnapur-Dhamakhali,SBSTC,Government - SBSTC,,Midnapur,Midnapur,Dhamakhali,5:10 AM,,Rs. 139,2,SBSTC (govt),https://transport.wb.gov.in/wp-content/uploads/2016/09/RouteTimeTableFareSBSTC.pdf
sbstc-midnapur-dhamakhali-1,SBSTC Midnapur-Dhamakhali,SBSTC,Government - SBSTC,,Midnapur,Midnapur,Dhamakhali,5:30 AM,,Rs. 139,2,SBSTC (govt),https://transport.wb.gov.in/wp-content/uploads/2016/09/RouteTimeTableFareSBSTC.pdf
sbstc-dhamakhali-midnapur-0,SBSTC Dhamakhali-Midnapur,SBSTC,Government - SBSTC,,Dhamakhali,Dhamakhali,Midnapur,11:30 AM,,Rs. 139,2,SBSTC (govt),https://transport.wb.gov.in/wp-content/uploads/2016/09/RouteTimeTableFareSBSTC.pdf
sbstc-dhamakhali-midnapur-1,SBSTC Dhamakhali-Midnapur,SBSTC,Government - SBSTC,,Dhamakhali,Dhamakhali,Midnapur,12:30 PM,,Rs. 139,2,SBSTC (govt),https://transport.wb.gov.in/wp-content/uploads/2016/09/RouteTimeTableFareSBSTC.pdf
sbstc-midnapur-mohar-0,SBSTC Midnapur-Mohar,SBSTC,Government - SBSTC,,Midnapur,Midnapur,Mohar,12:30 PM,,Rs. 47,3,SBSTC (govt),https://transport.wb.gov.in/wp-content/uploads/2016/09/RouteTimeTableFareSBSTC.pdf
sbstc-mohar-midnapur-0,SBSTC Mohar-Midnapur,SBSTC,Government - SBSTC,,Mohar,Mohar,Midnapur,6:00 AM,,Rs. 47,3,SBSTC (govt),https://transport.wb.gov.in/wp-content/uploads/2016/09/RouteTimeTableFareSBSTC.pdf
sbstc-midnapur-indus-via-kolkata-0,SBSTC Midnapur-Indus Via-Kolkata,SBSTC,Government - SBSTC,,Midnapur,Midnapur,Indus Via-Kolkata,11:45 AM,,Rs. 195,2,SBSTC (govt),https://transport.wb.gov.in/wp-content/uploads/2016/09/RouteTimeTableFareSBSTC.pdf
sbstc-indus-via-kolkata-midnapur-0,SBSTC Indus Via-Kolkata-Midnapur,SBSTC,Government - SBSTC,,Indus Via-Kolkata,Indus Via-Kolkata,Midnapur,6:00 AM,,Rs. 195,2,SBSTC (govt),https://transport.wb.gov.in/wp-content/uploads/2016/09/RouteTimeTableFareSBSTC.pdf
sbstc-haldia-kolkata-1,SBSTC Haldia-Kolkata,SBSTC,Government - SBSTC,,Haldia,Haldia,Kolkata,4:30 AM,,Rs. 115,2,SBSTC (govt),https://transport.wb.gov.in/wp-content/uploads/2016/09/RouteTimeTableFareSBSTC.pdf
sbstc-haldia-kolkata-2,SBSTC Haldia-Kolkata,SBSTC,Government - SBSTC,,Haldia,Haldia,Kolkata,5:30 AM,,Rs. 115,2,SBSTC (govt),https://transport.wb.gov.in/wp-content/uploads/2016/09/RouteTimeTableFareSBSTC.pdf
sbstc-haldia-kolkata-3,SBSTC Haldia-Kolkata,SBSTC,Government - SBSTC,,Haldia,Haldia,Kolkata,6:40 AM,,Rs. 115,2,SBSTC (govt),https://transport.wb.gov.in/wp-content/uploads/2016/09/RouteTimeTableFareSBSTC.pdf
sbstc-haldia-kolkata-4,SBSTC Haldia-Kolkata,SBSTC,Government - SBSTC,,Haldia,Haldia,Kolkata,8:00 AM,,Rs. 115,2,SBSTC (govt),https://transport.wb.gov.in/wp-content/uploads/2016/09/RouteTimeTableFareSBSTC.pdf
sbstc-haldia-kolkata-5,SBSTC Haldia-Karunamoyee,SBSTC,Government - SBSTC,,Haldia,Haldia,Karunamoyee,8:25 AM,,,5,SBSTC (govt),https://transport.wb.gov.in/wp-content/uploads/2016/09/RouteTimeTableFareSBSTC.pdf
sbstc-haldia-kolkata-6,SBSTC Haldia-Kolkata,SBSTC,Government - SBSTC,,Haldia,Haldia,Kolkata,1:30 PM,,Rs. 115,2,SBSTC (govt),https://transport.wb.gov.in/wp-content/uploads/2016/09/RouteTimeTableFareSBSTC.pdf
sbstc-haldia-kolkata-7,SBSTC Haldia-Kolkata,SBSTC,Government - SBSTC,,Haldia,Haldia,Kolkata,2:00 PM,,Rs. 115,2,SBSTC (govt),https://transport.wb.gov.in/wp-content/uploads/2016/09/RouteTimeTableFareSBSTC.pdf
sbstc-haldia-kolkata-8,SBSTC Haldia-Falta (Nonstop),SBSTC,Government - SBSTC,,Haldia,Haldia,Falta,2:30 PM,,,3,SBSTC (govt),https://transport.wb.gov.in/wp-content/uploads/2016/09/RouteTimeTableFareSBSTC.pdf
sbstc-haldia-kolkata-9,SBSTC Haldia-Kolkata,SBSTC,Government - SBSTC,,Haldia,Haldia,Kolkata,3:30 PM,,Rs. 115,2,SBSTC (govt),https://transport.wb.gov.in/wp-content/uploads/2016/09/RouteTimeTableFareSBSTC.pdf
sbstc-haldia-kolkata-10,SBSTC Haldia-Kolkata,SBSTC,Government - SBSTC,,Haldia,Haldia,Kolkata,5:20 PM,,Rs. 115,2,SBSTC (govt),https://transport.wb.gov.in/wp-content/uploads/2016/09/RouteTimeTableFareSBSTC.pdf
sbstc-haldia-kolkata-11,SBSTC Haldia-Kolkata,SBSTC,Government - SBSTC,,Haldia,Haldia,Kolkata,5:40 PM,,Rs. 115,2,SBSTC (govt),https://transport.wb.gov.in/wp-content/uploads/2016/09/RouteTimeTableFareSBSTC.pdf
sbstc-kolkata-haldia-2,SBSTC Kolkata-Haldia,SBSTC,Government - SBSTC,,Kolkata,Kolkata,Haldia,5:30 AM,,Rs. 115,2,SBSTC (govt),https://transport.wb.gov.in/wp-content/uploads/2016/09/RouteTimeTableFareSBSTC.pdf
sbstc-kolkata-haldia-3,SBSTC Kolkata-Haldia,SBSTC,Government - SBSTC,,Kolkata,Kolkata,Haldia,7:15 AM,,Rs. 115,2,SBSTC (govt),https://transport.wb.gov.in/wp-content/uploads/2016/09/RouteTimeTableFareSBSTC.pdf
sbstc-kolkata-haldia-4,SBSTC Kolkata-Haldia,SBSTC,Government - SBSTC,,Kolkata,Kolkata,Haldia,7:45 AM,,Rs. 115,2,SBSTC (govt),https://transport.wb.gov.in/wp-content/uploads/2016/09/RouteTimeTableFareSBSTC.pdf
sbstc-kolkata-haldia-5,SBSTC Kolkata-Haldia,SBSTC,Government - SBSTC,,Kolkata,Kolkata,Haldia,8:30 AM,,Rs. 115,2,SBSTC (govt),https://transport.wb.gov.in/wp-content/uploads/2016/09/RouteTimeTableFareSBSTC.pdf
sbstc-kolkata-haldia-6,SBSTC Kolkata-Haldia,SBSTC,Government - SBSTC,,Kolkata,Kolkata,Haldia,11:15 AM,,Rs. 115,2,SBSTC (govt),https://transport.wb.gov.in/wp-content/uploads/2016/09/RouteTimeTableFareSBSTC.pdf
sbstc-kolkata-haldia-7,SBSTC Kolkata-Haldia,SBSTC,Government - SBSTC,,Kolkata,Kolkata,Haldia,12:30 PM,,Rs. 115,2,SBSTC (govt),https://transport.wb.gov.in/wp-content/uploads/2016/09/RouteTimeTableFareSBSTC.pdf
sbstc-kolkata-haldia-8,SBSTC Kolkata-Haldia,SBSTC,Government - SBSTC,,Kolkata,Kolkata,Haldia,2:00 PM,,Rs. 115,2,SBSTC (govt),https://transport.wb.gov.in/wp-content/uploads/2016/09/RouteTimeTableFareSBSTC.pdf
sbstc-kolkata-haldia-9,SBSTC Kolkata-Haldia,SBSTC,Government - SBSTC,,Kolkata,Kolkata,Haldia,5:00 PM,,Rs. 115,2,SBSTC (govt),https://transport.wb.gov.in/wp-content/uploads/2016/09/RouteTimeTableFareSBSTC.pdf
sbstc-kolkata-haldia-10,SBSTC Kolkata-Haldia,SBSTC,Government - SBSTC,,Kolkata,Kolkata,Haldia,5:30 PM,,Rs. 115,2,SBSTC (govt),https://transport.wb.gov.in/wp-content/uploads/2016/09/RouteTimeTableFareSBSTC.pdf
sbstc-kolkata-haldia-11,SBSTC Kolkata-Haldia,SBSTC,Government - SBSTC,,Kolkata,Kolkata,Haldia,6:15 PM,,Rs. 115,2,SBSTC (govt),https://transport.wb.gov.in/wp-content/uploads/2016/09/RouteTimeTableFareSBSTC.pdf
sbstc-kolkata-haldia-12,SBSTC Kolkata-Haldia,SBSTC,Government - SBSTC,,Kolkata,Kolkata,Haldia,6:45 PM,,Rs. 115,2,SBSTC (govt),https://transport.wb.gov.in/wp-content/uploads/2016/09/RouteTimeTableFareSBSTC.pdf
ktr-government-c,C,WBTC,Government - NON AC,,,Park Street,Howrah Maidan,,,,7,kolkata-travel-router (GitHub),https://busjatri.in/
ktr-private-1,1,Private,Private - NON AC,,,Ramnagar,Mukundapur,,,,20,kolkata-travel-router (GitHub),https://busjatri.in/
ktr-private-1a,1A,Private,Private - NON AC,,,Ramnagar,Mukundapur,,,,20,kolkata-travel-router (GitHub),https://busjatri.in/
ktr-private-1b,1B,Private,Private - NON AC,,,Ramnagar,Nayabad,,,,22,kolkata-travel-router (GitHub),https://busjatri.in/
ktr-private-3b,3B,Private,Private - NON AC,,,New Alipore,Milk Colony,,,,23,kolkata-travel-router (GitHub),https://busjatri.in/
ktr-private-3c-1,3C/1,Private,Private - NON AC,,,Anandapur,Nager Bazar,,,,31,kolkata-travel-router (GitHub),https://busjatri.in/
ktr-private-3d,3D,Private,Private - NON AC,,,Sakher Bazar,Milk Colony,,,,25,kolkata-travel-router (GitHub),https://busjatri.in/
ktr-private-12,12,Private,Private - NON AC,,,Badartala,Rajabazar,,,,23,kolkata-travel-router (GitHub),https://busjatri.in/
ktr-private-12-1,12,Private,Private - NON AC,,,Badartala,Esplanade,,,,12,kolkata-travel-router (GitHub),https://busjatri.in/
ktr-private-12-1-1,12/1,Private,Private - NON AC,,,Ramnagar,Rajabazar,,,,22,kolkata-travel-router (GitHub),https://busjatri.in/
ktr-private-12a,12A,Private,Private - NON AC,,,Badartala,Howrah Station,,,,16,kolkata-travel-router (GitHub),https://busjatri.in/
ktr-private-12ad,12AD,Private,Private - NON AC,,,Akra Fatak,Howrah Station,,,,16,kolkata-travel-router (GitHub),https://busjatri.in/
ktr-private-12b,12B,Private,Private - NON AC,,,Kamal Talkies,Esplanade,,,,8,kolkata-travel-router (GitHub),https://busjatri.in/
ktr-private-12c,12C,Private,Private - NON AC,,,Pailan,Howrah Station,,,,19,kolkata-travel-router (GitHub),https://busjatri.in/
ktr-private-12c-1,12C/1,Private,Private - NON AC,,,Shibrampur,Howrah Station,,,,18,kolkata-travel-router (GitHub),https://busjatri.in/
ktr-private-12c-2,12C/2,Private,Private - NON AC,,,Aquatica,Howrah Station,,,,18,kolkata-travel-router (GitHub),https://busjatri.in/
ktr-private-12c-1a,12C/1A,Private,Private - NON AC,,,Pailan,Howrah Station,,,,17,kolkata-travel-router (GitHub),https://busjatri.in/
ktr-private-12c-1b,12C/1B,Private,Private - NON AC,,,Pailan,Howrah Station,,,,21,kolkata-travel-router (GitHub),https://busjatri.in/
ktr-private-13,13,Private,Private - NON AC,,,Parnasree,Sealdah,,,,18,kolkata-travel-router (GitHub),https://busjatri.in/
ktr-private-13a,13A,Private,Private - NON AC,,,SM Nagar,BBD Bag,,,,16,kolkata-travel-router (GitHub),https://busjatri.in/
ktr-private-13c,13C,Private,Private - NON AC,,,Old Dakghar,Baghajatin,,,,20,kolkata-travel-router (GitHub),https://busjatri.in/
ktr-private-17,17,Private,Private - NON AC,,,Chetla Park,Howrah Station,,,,14,kolkata-travel-router (GitHub),https://busjatri.in/
ktr-private-18a,18A,Private,Private - NON AC,,,Greenfield City,Howrah Station,,,,16,kolkata-travel-router (GitHub),https://busjatri.in/
ktr-private-18b-1,18B/1,Private,Private - NON AC,,,Dakghar,China Mandir,,,,22,kolkata-travel-router (GitHub),https://busjatri.in/
ktr-private-18c,18C,Private,Private - NON AC,,,Kestor,Anandapur,,,,19,kolkata-travel-router (GitHub),https://busjatri.in/
ktr-private-18d,18D,Private,Private - NON AC,,,Suryasen Nagar,Howrah Station,,,,15,kolkata-travel-router (GitHub),https://busjatri.in/
ktr-private-21,21,Private,Private - NON AC,,,Barisha,Sealdah,,,,20,kolkata-travel-router (GitHub),https://busjatri.in/
ktr-private-21-1,21/1,Private,Private - NON AC,,,Barisha,Sealdah,,,,20,kolkata-travel-router (GitHub),https://busjatri.in/
ktr-private-23,23,Private,Private - NON AC,,,Barasat Chapadali,Boalghata,,,,12,kolkata-travel-router (GitHub),https://busjatri.in/
ktr-private-24,24,Private,Private - NON AC,,,Topsia,Bandha Ghat,,,,15,kolkata-travel-router (GitHub),https://busjatri.in/
ktr-private-24a,24A,Private,Private - NON AC,,,Topsia,Bandha Ghat,,,,18,kolkata-travel-router (GitHub),https://busjatri.in/
ktr-private-24a-1,24A/1,Private,Private - NON AC,,,Mukundapur,Howrah Fire Station,,,,18,kolkata-travel-router (GitHub),https://busjatri.in/
ktr-private-24b,24B,Private,Private - NON AC,,,Sealdah,Howrah Station,,,,5,kolkata-travel-router (GitHub),https://busjatri.in/
ktr-private-28,28,Private,Private - NON AC,,,Sealdah,Howrah Station,,,,5,kolkata-travel-router (GitHub),https://busjatri.in/
ktr-private-30a,30A,Private,Private - NON AC,,,Sinthi,Esplanade,,,,10,kolkata-travel-router (GitHub),https://busjatri.in/
ktr-private-30b,30B,Private,Private - NON AC,,,Gouripur,Babughat,,,,18,kolkata-travel-router (GitHub),https://busjatri.in/
ktr-private-30c,30C,Private,Private - NON AC,,,Hatiara,Babughat,,,,21,kolkata-travel-router (GitHub),https://busjatri.in/
ktr-private-30c-1,30C/1,Private,Private - NON AC,,,Hatiara,Babughat,,,,19,kolkata-travel-router (GitHub),https://busjatri.in/
ktr-private-30d,30D,Private,Private - NON AC,,,Dumdum Canton,Babughat,,,,19,kolkata-travel-router (GitHub),https://busjatri.in/
ktr-private-32a,32A,Private,Private - NON AC,,,Dakshineswar,Sector V,,,,20,kolkata-travel-router (GitHub),https://busjatri.in/
ktr-private-34b,34B,Private,Private - NON AC,,,Dunlop,Esplanade,,,,16,kolkata-travel-router (GitHub),https://busjatri.in/
ktr-private-34c,34C,Private,Private - NON AC,,,Noapara,Esplanade,,,,13,kolkata-travel-router (GitHub),https://busjatri.in/
ktr-private-37,37,Private,Private - NON AC,,,Dhakuria,Howrah Station,,,,19,kolkata-travel-router (GitHub),https://busjatri.in/
ktr-private-37a,37A,Private,Private - NON AC,,,Dhakuria,Howrah Station,,,,15,kolkata-travel-router (GitHub),https://busjatri.in/
ktr-private-39,39,Private,Private - NON AC,,,Picnic Garden,High Court,,,,13,kolkata-travel-router (GitHub),https://busjatri.in/
ktr-private-39a-2,39A/2,Private,Private - NON AC,,,VIP Bazar,Howrah Station,,,,12,kolkata-travel-router (GitHub),https://busjatri.in/
ktr-private-40a,40A,Private,Private - NON AC,,,Julpia,Babughat,,,,23,kolkata-travel-router (GitHub),https://busjatri.in/
ktr-private-40b,40B,Private,Private - NON AC,,,Thakurpukur,Babughat,,,,17,kolkata-travel-router (GitHub),https://busjatri.in/
ktr-private-41,41,Private,Private - NON AC,,,Layalka,Howrah Station,,,,19,kolkata-travel-router (GitHub),https://busjatri.in/
ktr-private-41b,41B,Private,Private - NON AC,,,Netaji Nagar,Howrah Station,,,,16,kolkata-travel-router (GitHub),https://busjatri.in/
ktr-private-42a,42A,Private,Private - NON AC,,,Picnic Garden,Bichali Ghat,,,,19,kolkata-travel-router (GitHub),https://busjatri.in/
ktr-private-42b,42B,Private,Private - NON AC,,,Anandapur,Bichali Ghat,,,,20,kolkata-travel-router (GitHub),https://busjatri.in/
ktr-private-43,43,Private,Private - NON AC,,,Dakshineswar,Esplanade,,,,16,kolkata-travel-router (GitHub),https://busjatri.in/
ktr-private-44,44,Private,Private - NON AC,,,Baguiati,Howrah Station,,,,14,kolkata-travel-router (GitHub),https://busjatri.in/
ktr-private-44-1,44/1,Private,Private - NON AC,,,Baguiati,Howrah Station,,,,14,kolkata-travel-router (GitHub),https://busjatri.in/
ktr-private-44a,44A,Private,Private - NON AC,,,Sector V,Howrah Station,,,,18,kolkata-travel-router (GitHub),https://busjatri.in/
ktr-private-45,45,Private,Private - NON AC,,,Airport Gate 1,Baisnabghata,,,,27,kolkata-travel-router (GitHub),https://busjatri.in/
ktr-private-45a,45A,Private,Private - NON AC,,,Airport Gate 1,Garia Station,,,,29,kolkata-travel-router (GitHub),https://busjatri.in/
ktr-private-45b,45B,Private,Private - NON AC,,,Beleghata Building,Garia Station,,,,24,kolkata-travel-router (GitHub),https://busjatri.in/
ktr-private-46,46,Private,Private - NON AC,,,Airport Gate 1,Esplanade,,,,19,kolkata-travel-router (GitHub),https://busjatri.in/
ktr-private-46a,46A,Private,Private - NON AC,,,Jagardanga,Esplanade,,,,19,kolkata-travel-router (GitHub),https://busjatri.in/
ktr-private-46b,46B,Private,Private - NON AC,,,Moonbeam,Esplanade,,,,19,kolkata-travel-router (GitHub),https://busjatri.in/
ktr-private-47-1,47/1,Private,Private - NON AC,,,Tollygunge Metro,Rajabazar,,,,17,kolkata-travel-router (GitHub),https://busjatri.in/
ktr-private-47b,47B,Private,Private - NON AC,,,Laketown,Dhanmath,,,,33,kolkata-travel-router (GitHub),https://busjatri.in/
ktr-private-51,51,Private,Private - NON AC,,,Pardankuni,Howrah Station,,,,12,kolkata-travel-router (GitHub),https://busjatri.in/
ktr-private-52,52,Private,Private - NON AC,,,Ramrajatala,Esplanade,,,,12,kolkata-travel-router (GitHub),https://busjatri.in/
ktr-private-54,54,Private,Private - NON AC,,,Ballykhal,Esplanade,,,,11,kolkata-travel-router (GitHub),https://busjatri.in/
ktr-private-55,55,Private,Private - NON AC,,,B Garden,Esplanade,,,,11,kolkata-travel-router (GitHub),https://busjatri.in/
ktr-private-55a,55A,Private,Private - NON AC,,,Shibpur Td,Esplanade,,,,7,kolkata-travel-router (GitHub),https://busjatri.in/
ktr-private-56,56,Private,Private - NON AC,,,Ruiya Purbapara,Howrah Station,,,,16,kolkata-travel-router (GitHub),https://busjatri.in/
ktr-private-57,57,Private,Private - NON AC,,,Kona,Esplanade,,,,9,kolkata-travel-router (GitHub),https://busjatri.in/
ktr-private-57a,57A,Private,Private - NON AC,,,Chanditala,Howrah Station,,,,14,kolkata-travel-router (GitHub),https://busjatri.in/
ktr-private-59,59,Private,Private - NON AC,,,Bakultala,Esplanade,,,,13,kolkata-travel-router (GitHub),https://busjatri.in/
ktr-private-61,61,Private,Private - NON AC,,,Alampur,Howrah Station,,,,17,kolkata-travel-router (GitHub),https://busjatri.in/
ktr-private-63,63,Private,Private - NON AC,,,Domjur,Howrah Station,,,,12,kolkata-travel-router (GitHub),https://busjatri.in/
ktr-private-64,64,Private,Private - NON AC,,,Tulshiberia,Kulgachia,,,,4,kolkata-travel-router (GitHub),https://busjatri.in/
ktr-private-67,67,Private,Private - NON AC,,,Bagnan,Shibgunge,,,,16,kolkata-travel-router (GitHub),https://busjatri.in/
ktr-private-67a,67A,Private,Private - NON AC,,,Bagnan,Gadiara,,,,17,kolkata-travel-router (GitHub),https://busjatri.in/
ktr-private-67b,67B,Private,Private - NON AC,,,Bagnan,58 Gate,,,,16,kolkata-travel-router (GitHub),https://busjatri.in/
ktr-private-68,68,Private,Private - NON AC,,,Bagnan,Kamalpur,,,,14,kolkata-travel-router (GitHub),https://busjatri.in/
ktr-private-69,69,Private,Private - NON AC,,,Sankrail,Howrah Station,,,,16,kolkata-travel-router (GitHub),https://busjatri.in/
ktr-private-70,70,Private,Private - NON AC,,,Amta,Uluberia,,,,8,kolkata-travel-router (GitHub),https://busjatri.in/
ktr-private-71,71,Private,Private - NON AC,,,Howrah Maidan,Rajabazar,,,,7,kolkata-travel-router (GitHub),https://busjatri.in/
ktr-private-72,72,Private,Private - NON AC,,,Dumurjola,Park Circus,,,,14,kolkata-travel-router (GitHub),https://busjatri.in/
ktr-private-72-1,72,Private,Private - NON AC,,,Basirhat,Nazat,,,,9,kolkata-travel-router (GitHub),https://busjatri.in/
ktr-private-72a,72A,Private,Private - NON AC,,,Basirhat,Dhamakhali,,,,11,kolkata-travel-router (GitHub),https://busjatri.in/
ktr-private-73,73,Private,Private - NON AC,,,Dasnagar,Esplanade,,,,8,kolkata-travel-router (GitHub),https://busjatri.in/
ktr-private-73-1,73,Private,Private - NON AC,,,Habra Station,Naihati Station,,,,15,kolkata-travel-router (GitHub),https://busjatri.in/
ktr-private-75,75,Private,Private - NON AC,,,Kadamtala,Esplanade,,,,9,kolkata-travel-router (GitHub),https://busjatri.in/
ktr-private-75-1,75,Private,Private - NON AC,,,Raipur,Babughat,,,,23,kolkata-travel-router (GitHub),https://busjatri.in/
ktr-private-76,76,Private,Private - NON AC,,,Amta,Bagnan,,,,7,kolkata-travel-router (GitHub),https://busjatri.in/
ktr-private-77,77,Private,Private - NON AC,,,Amta,Sankrail,,,,8,kolkata-travel-router (GitHub),https://busjatri.in/
ktr-private-77a,77A,Private,Private - NON AC,,,Batanagar,Esplanade,,,,17,kolkata-travel-router (GitHub),https://busjatri.in/
ktr-private-77a-1,77A,Private,Private - NON AC,,,Birlapur,Esplanade,,,,22,kolkata-travel-router (GitHub),https://busjatri.in/
ktr-private-78,78,Private,Private - NON AC,,,Barrackpore Court,Esplanade,,,,20,kolkata-travel-router (GitHub),https://busjatri.in/
ktr-private-78-1,78,Private,Private - NON AC,,,Bagnan,Joypur,,,,8,kolkata-travel-router (GitHub),https://busjatri.in/
ktr-private-78-1-1,78/1,Private,Private - NON AC,,,Rahara Bazar,Babughat,,,,23,kolkata-travel-router (GitHub),https://busjatri.in/
ktr-private-78-1-2,78/1,Private,Private - NON AC,,,Mohishpota,Babughat,,,,24,kolkata-travel-router (GitHub),https://busjatri.in/
ktr-private-79,79,Private,Private - NON AC,,,Panchla,Dunlop,,,,14,kolkata-travel-router (GitHub),https://busjatri.in/
ktr-private-79b,79B,Private,Private - NON AC,,,Barasat Chapadali,Bagbazar,,,,19,kolkata-travel-router (GitHub),https://busjatri.in/
ktr-private-79d,79D,Private,Private - NON AC,,,Madhyamgram,Babughat,,,,25,kolkata-travel-router (GitHub),https://busjatri.in/
ktr-private-80,80,Private,Private - NON AC,,,Chunavati,Howrah Station,,,,13,kolkata-travel-router (GitHub),https://busjatri.in/
ktr-private-80a,80A,Private,Private - NON AC,,,Garia Metro,Esplanade,,,,15,kolkata-travel-router (GitHub),https://busjatri.in/
ktr-private-80b,80B,Private,Private - NON AC,,,Garia Metro,Esplanade,,,,16,kolkata-travel-router (GitHub),https://busjatri.in/
ktr-private-81,81,Private,Private - NON AC,,,Barasat Chapadali,Fishery Gate,,,,16,kolkata-travel-router (GitHub),https://busjatri.in/
ktr-private-81-1,81/1,Private,Private - NON AC,,,Barasat Chapadali,Rajchandrapur,,,,23,kolkata-travel-router (GitHub),https://busjatri.in/
ktr-private-83,83,Private,Private - NON AC,,,Falta,Babughat,,,,27,kolkata-travel-router (GitHub),https://busjatri.in/
ktr-private-85,85,Private,Private - NON AC,,,Kanchrapara,Barrackpore Court,,,,15,kolkata-travel-router (GitHub),https://busjatri.in/
ktr-private-87,87,Private,Private - NON AC,,,Barasat Chapadali,Jaguli,,,,15,kolkata-travel-router (GitHub),https://busjatri.in/
ktr-private-87a,87A,Private,Private - NON AC,,,Barasat Chapadali,Naihati Station,,,,15,kolkata-travel-router (GitHub),https://busjatri.in/
ktr-private-88,88,Private,Private - NON AC,,,Barasat Chapadali,Kanchrapara,,,,19,kolkata-travel-router (GitHub),https://busjatri.in/
ktr-private-89,89,Private,Private - NON AC,,,Lakshmikantapur Station,Jumainaskar Hat,,,,14,kolkata-travel-router (GitHub),https://busjatri.in/
ktr-private-91,91,Private,Private - NON AC,,,Shyambazar,Bhangore,,,,29,kolkata-travel-router (GitHub),https://busjatri.in/
ktr-private-91a,91A,Private,Private - NON AC,,,Shyambazar,Haroa Bridge,,,,29,kolkata-travel-router (GitHub),https://busjatri.in/
ktr-private-91c,91C,Private,Private - NON AC,,,Shyambazar,Lauhati,,,,21,kolkata-travel-router (GitHub),https://busjatri.in/
ktr-private-92,92,Private,Private - NON AC,,,Bongaon,Boyra,,,,12,kolkata-travel-router (GitHub),https://busjatri.in/
ktr-private-92a,92A,Private,Private - NON AC,,,Bongaon,Duttaphulia,,,,12,kolkata-travel-router (GitHub),https://busjatri.in/
ktr-private-93,93,Private,Private - NON AC,,,Kharibari,Bagbazar,,,,25,kolkata-travel-router (GitHub),https://busjatri.in/
ktr-private-95,95,Private,Private - NON AC,,,Bongaon,Habra Station,,,,14,kolkata-travel-router (GitHub),https://busjatri.in/
ktr-private-96c,96C,Private,Private - NON AC,,,Bongaon,Duttaphulia,,,,11,kolkata-travel-router (GitHub),https://busjatri.in/
ktr-private-96c-1,96C,Private,Private - NON AC,,,Bongaon,Beri Gopalpur,,,,10,kolkata-travel-router (GitHub),https://busjatri.in/
ktr-private-201,201,Private,Private - NON AC,,,Nimta Bazar,Mahishbathan,,,,22,kolkata-travel-router (GitHub),https://busjatri.in/
ktr-private-202,202,Private,Private - NON AC,,,Nager Bazar,Science City,,,,14,kolkata-travel-router (GitHub),https://busjatri.in/
ktr-private-205,205,Private,Private - NON AC,,,Bansdroni,Babughat,,,,15,kolkata-travel-router (GitHub),https://busjatri.in/
ktr-private-205a,205A,Private,Private - NON AC,,,Bansdroni,Babughat,,,,19,kolkata-travel-router (GitHub),https://busjatri.in/
ktr-private-208,208,Private,Private - NON AC,,,Kudghat,Howrah Station,,,,14,kolkata-travel-router (GitHub),https://busjatri.in/
ktr-private-210,210,Private,Private - NON AC,,,Raichak,Esplanade,,,,22,kolkata-travel-router (GitHub),https://busjatri.in/
ktr-private-211,211,Private,Private - NON AC,,,Ahiritola,Kharibari,,,,21,kolkata-travel-router (GitHub),https://busjatri.in/
ktr-private-211-1,211,Private,Private - NON AC,,,Ahiritola,Patharghata,,,,21,kolkata-travel-router (GitHub),https://busjatri.in/
ktr-private-211-2,211,Private,Private - NON AC,,,Ahiritola,Kanchkol,,,,24,kolkata-travel-router (GitHub),https://busjatri.in/
ktr-private-211a,211A,Private,Private - NON AC,,,Ahiritola,Langolpota,,,,21,kolkata-travel-router (GitHub),https://busjatri.in/
ktr-private-211b,211B,Private,Private - NON AC,,,Ahiritola,Shikharpur,,,,21,kolkata-travel-router (GitHub),https://busjatri.in/
ktr-private-212,212,Private,Private - NON AC,,,Palbazar,Howrah Station,,,,19,kolkata-travel-router (GitHub),https://busjatri.in/
ktr-private-213,213,Private,Private - NON AC,,,Ghatakpukur,Babughat,,,,19,kolkata-travel-router (GitHub),https://busjatri.in/
ktr-private-213a,213A,Private,Private - NON AC,,,Ghatakpukur,Rajabazar,,,,17,kolkata-travel-router (GitHub),https://busjatri.in/
ktr-private-214,214,Private,Private - NON AC,,,Sajirhat,Babughat,,,,20,kolkata-travel-router (GitHub),https://busjatri.in/
ktr-private-214a,214A,Private,Private - NON AC,,,Sodepur Girja,Esplanade,,,,16,kolkata-travel-router (GitHub),https://busjatri.in/
ktr-private-215,215,Private,Private - NON AC,,,Moonbeam,Howrah Station,,,,18,kolkata-travel-router (GitHub),https://busjatri.in/
ktr-private-215-1,215/1,Private,Private - NON AC,,,Laketown,Howrah Station,,,,12,kolkata-travel-router (GitHub),https://busjatri.in/
ktr-private-215a,215A,Private,Private - NON AC,,,Sector V,Howrah Station,,,,21,kolkata-travel-router (GitHub),https://busjatri.in/
ktr-private-215a-1,215A/1,Private,Private - NON AC,,,Sector V,Howrah Station,,,,17,kolkata-travel-router (GitHub),https://busjatri.in/
ktr-private-217,217,Private,Private - NON AC,,,Beraberi,Babughat,,,,24,kolkata-travel-router (GitHub),https://busjatri.in/
ktr-private-217a,217A,Private,Private - NON AC,,,Beraberi,Babughat,,,,26,kolkata-travel-router (GitHub),https://busjatri.in/
ktr-private-217b,217B,Private,Private - NON AC,,,Derozio College,Babughat,,,,19,kolkata-travel-router (GitHub),https://busjatri.in/
ktr-private-218,218,Private,Private - NON AC,,,Baruipur,Babughat,,,,27,kolkata-travel-router (GitHub),https://busjatri.in/
ktr-private-219,219,Private,Private - NON AC,,,Nager Bazar,Howrah Station,,,,17,kolkata-travel-router (GitHub),https://busjatri.in/
ktr-private-219-1,219/1,Private,Private - NON AC,,,Nager Bazar,Howrah Station,,,,12,kolkata-travel-router (GitHub),https://busjatri.in/
ktr-private-221,221,Private,Private - NON AC,,,Nager Bazar,Golpark,,,,19,kolkata-travel-router (GitHub),https://busjatri.in/
ktr-private-222,222,Private,Private - NON AC,,,Sakher Bazar,Dunlop,,,,25,kolkata-travel-router (GitHub),https://busjatri.in/
ktr-private-223,223,Private,Private - NON AC,,,BT College,Golf Green,,,,29,kolkata-travel-router (GitHub),https://busjatri.in/
ktr-private-227,227,Private,Private - NON AC,,,BNR Hospital,Bangur Avenue,,,,20,kolkata-travel-router (GitHub),https://busjatri.in/
ktr-private-228,228,Private,Private - NON AC,,,Mahamayatala,Babughat,,,,17,kolkata-travel-router (GitHub),https://busjatri.in/
ktr-private-230,230,Private,Private - NON AC,,,Alipore Zoo,Kamarhati,,,,19,kolkata-travel-router (GitHub),https://busjatri.in/
ktr-private-230-1,230,Private,Private - NON AC,,,Alipore Zoo,Agarpara Station,,,,22,kolkata-travel-router (GitHub),https://busjatri.in/
ktr-private-234,234,Private,Private - NON AC,,,Belgharia Rathtala,Golf Green,,,,27,kolkata-travel-router (GitHub),https://busjatri.in/
ktr-private-234-1,234/1,Private,Private - NON AC,,,Belgharia Station,Golf Green,,,,30,kolkata-travel-router (GitHub),https://busjatri.in/
ktr-private-235,235,Private,Private - NON AC,,,Amtala,Rajabazar,,,,26,kolkata-travel-router (GitHub),https://busjatri.in/
ktr-private-237,237,Private,Private - NON AC,,,Birati Tantkal,Babughat,,,,23,kolkata-travel-router (GitHub),https://busjatri.in/
ktr-private-l-238,L-238,Private,Private - NON AC,,,Barasat Chapadali,Howrah Station,,,,22,kolkata-travel-router (GitHub),https://busjatri.in/
ktr-private-239,239,Private,Private - NON AC,,,Bikash Bhawan,Babughat,,,,14,kolkata-travel-router (GitHub),https://busjatri.in/
ktr-private-239-1,239,Private,Private - NON AC,,,Shapoorji,Babughat,,,,20,kolkata-travel-router (GitHub),https://busjatri.in/
ktr-private-240,240,Private,Private - NON AC,,,Bagbazar,Golf Green,,,,22,kolkata-travel-router (GitHub),https://busjatri.in/
ktr-private-240-1,240/1,Private,Private - NON AC,,,Bagbazar,Garia Station,,,,25,kolkata-travel-router (GitHub),https://busjatri.in/
ktr-private-242,242,Private,Private - NON AC,,,Cossipore,Esplanade,,,,10,kolkata-travel-router (GitHub),https://busjatri.in/
ktr-private-253,253,Private,Private - NON AC,,,Basirhat,Esplanade,,,,39,kolkata-travel-router (GitHub),https://busjatri.in/
ktr-private-259,259,Private,Private - NON AC,,,Akra Bazar,Howrah Station,,,,19,kolkata-travel-router (GitHub),https://busjatri.in/
ktr-private-260,260,Private,Private - NON AC,,,Unitech Gate 1,Alipore Zoo,,,,26,kolkata-travel-router (GitHub),https://busjatri.in/
ktr-mini-garia-bus-stand-bbd-bag-mini,Garia Bus Stand BBD Bag Mini,Mini Bus,Private - Mini Bus,,,Garia Bus Stand,BBD Bag,,,,16,kolkata-travel-router (GitHub),https://busjatri.in/
ktr-mini-garia-station-bbd-bag-mini,Garia Station BBD Bag Mini,Mini Bus,Private - Mini Bus,,,Garia Station,BBD Bag,,,,20,kolkata-travel-router (GitHub),https://busjatri.in/
ktr-mini-jadavpur-8b-bbd-bag-mini,Jadavpur 8B BBD Bag Mini,Mini Bus,Private - Mini Bus,,,Jadavpur 8B,BBD Bag,,,,13,kolkata-travel-router (GitHub),https://busjatri.in/
ktr-mini-jodhpur-park-bbd-bag-mini,Jodhpur Park BBD Bag Mini,Mini Bus,Private - Mini Bus,,,Jodhpur Park,BBD Bag,,,,13,kolkata-travel-router (GitHub),https://busjatri.in/
ktr-mini-santoshpur-bbd-bag-mini,Santoshpur BBD Bag Mini,Mini Bus,Private - Mini Bus,,,Daspara,BBD Bag,,,,19,kolkata-travel-router (GitHub),https://busjatri.in/
ktr-mini-anandapur-howrah-station-mini,Anandapur Howrah Station Mini,Mini Bus,Private - Mini Bus,,,Anandapur,Howrah Station,,,,19,kolkata-travel-router (GitHub),https://busjatri.in/
ktr-mini-kasba-rathtala-howrah-station-mini,Kasba Rathtala Howrah Station Mini,Mini Bus,Private - Mini Bus,,,Kasba Rathtala,Howrah Station,,,,15,kolkata-travel-router (GitHub),https://busjatri.in/
ktr-mini-ballygunge-station-bbd-bag-mini,Ballygunge Station BBD Bag Mini,Mini Bus,Private - Mini Bus,,,Ballygunge Station,BBD Bag,,,,11,kolkata-travel-router (GitHub),https://busjatri.in/
ktr-mini-golf-green-howrah-station-mini,Golf Green Howrah Station Mini,Mini Bus,Private - Mini Bus,,,Golf Green,Howrah Station,,,,20,kolkata-travel-router (GitHub),https://busjatri.in/
ktr-mini-harinavi-howrah-station-mini,Harinavi Howrah Station Mini,Mini Bus,Private - Mini Bus,,,Harinavi,Howrah Station,,,,24,kolkata-travel-router (GitHub),https://busjatri.in/
ktr-mini-behala-chowrasta-howrah-station-mini,Behala Chowrasta Howrah Station Mini,Mini Bus,Private - Mini Bus,,,Behala Chowrasta,Howrah Station,,,,13,kolkata-travel-router (GitHub),https://busjatri.in/
ktr-mini-metiabruz-howrah-station-mini,Metiabruz Howrah Station Mini,Mini Bus,Private - Mini Bus,,,Metiabruz,Howrah Station,,,,13,kolkata-travel-router (GitHub),https://busjatri.in/
ktr-mini-garia-station-howrah-station-mini-1,Garia Station Howrah Station Mini,Mini Bus,Private - Mini Bus,,,Garia Station,Howrah Station,,,,23,kolkata-travel-router (GitHub),https://busjatri.in/
ktr-mini-batanagar-howrah-station-mini,Batanagar Howrah Station Mini,Mini Bus,Private - Mini Bus,,,Batanagar,Howrah Station,,,,18,kolkata-travel-router (GitHub),https://busjatri.in/
ktr-mini-picnic-garden-howrah-station-mini-2,Picnic Garden Howrah Station Mini,Mini Bus,Private - Mini Bus,,,Picnic Garden,Howrah Station,,,,16,kolkata-travel-router (GitHub),https://busjatri.in/
ktr-mini-rabindra-nagar-howrah-station-mini,Rabindra Nagar Howrah Station Mini,Mini Bus,Private - Mini Bus,,,Rabindra Nagar,Howrah Station,,,,16,kolkata-travel-router (GitHub),https://busjatri.in/
ktr-mini-joka-bridge-ruby-mini,Joka Bridge Ruby Mini,Mini Bus,Private - Mini Bus,,,Joka Bridge,Ruby,,,,20,kolkata-travel-router (GitHub),https://busjatri.in/
ktr-mini-baisnabghata-howrah-maidan-mini,Baisnabghata Howrah Maidan Mini,Mini Bus,Private - Mini Bus,,,Baisnabghata,Howrah Maidan,,,,21,kolkata-travel-router (GitHub),https://busjatri.in/
ktr-mini-shyambazar-babughat-mini,Shyambazar Babughat Mini,Mini Bus,Private - Mini Bus,,,Shyambazar,Babughat,,,,8,kolkata-travel-router (GitHub),https://busjatri.in/
ktr-mini-airport-gate-1-bbd-bag-mini,Airport Gate 1 BBD Bag Mini,Mini Bus,Private - Mini Bus,,,Airport Gate 1,BBD Bag,,,,17,kolkata-travel-router (GitHub),https://busjatri.in/
ktr-mini-derozio-college-bbd-bag-mini,Derozio College BBD Bag Mini,Mini Bus,Private - Mini Bus,,,Derozio College,BBD Bag,,,,17,kolkata-travel-router (GitHub),https://busjatri.in/
ktr-mini-baguiati-bbd-bag-mini,Baguiati BBD Bag Mini,Mini Bus,Private - Mini Bus,,,Baguiati,BBD Bag,,,,13,kolkata-travel-router (GitHub),https://busjatri.in/
ktr-mini-dakshineswar-babughat-mini,Dakshineswar Babughat Mini,Mini Bus,Private - Mini Bus,,,Dakshineswar,Babughat,,,,17,kolkata-travel-router (GitHub),https://busjatri.in/
ktr-mini-dunlop-bbd-bag-mini,Dunlop BBD Bag Mini,Mini Bus,Private - Mini Bus,,,Dunlop,BBD Bag,,,,12,kolkata-travel-router (GitHub),https://busjatri.in/
ktr-mini-shyambazar-metiabruz-mini,Shyambazar Metiabruz Mini,Mini Bus,Private - Mini Bus,,,Shyambazar,Metiabruz,,,,18,kolkata-travel-router (GitHub),https://busjatri.in/
ktr-mini-shyambazar-bbd-bag-mini,Shyambazar BBD Bag Mini,Mini Bus,Private - Mini Bus,,,Shyambazar,BBD Bag,,,,7,kolkata-travel-router (GitHub),https://busjatri.in/
ktr-mini-phoolbagan-howrah-station-mini,Phoolbagan Howrah Station Mini,Mini Bus,Private - Mini Bus,,,Phoolbagan,Howrah Station,,,,10,kolkata-travel-router (GitHub),https://busjatri.in/
ktr-mini-tangra-howrah-station-mini,Tangra Howrah Station Mini,Mini Bus,Private - Mini Bus,,,Tangra,Howrah Station,,,,11,kolkata-travel-router (GitHub),https://busjatri.in/
ktr-mini-mathpukur-howrah-station-mini,Mathpukur Howrah Station Mini,Mini Bus,Private - Mini Bus,,,Mathpukur,Howrah Station,,,,11,kolkata-travel-router (GitHub),https://busjatri.in/
ktr-mini-saltlake-bbd-bag-mini,Saltlake BBD Bag Mini,Mini Bus,Private - Mini Bus,,,Saltlake,BBD Bag,,,,15,kolkata-travel-router (GitHub),https://busjatri.in/
ktr-mini-nager-bazar-howrah-station-mini,Nager Bazar Howrah Station Mini,Mini Bus,Private - Mini Bus,,,Nager Bazar,Howrah Station,,,,12,kolkata-travel-router (GitHub),https://busjatri.in/
ktr-mini-teghoria-howrah-maidan-mini,Teghoria Howrah Maidan Mini,Mini Bus,Private - Mini Bus,,,Teghoria,Howrah Maidan,,,,14,kolkata-travel-router (GitHub),https://busjatri.in/
ktr-mini-saltlake-howrah-station-mini,Saltlake Howrah Station Mini,Mini Bus,Private - Mini Bus,,,Saltlake,Howrah Station,,,,18,kolkata-travel-router (GitHub),https://busjatri.in/
ktr-mini-new-barrackpore-howrah-station-mini,New Barrackpore Howrah Station Mini,Mini Bus,Private - Mini Bus,,,New Barrackpore,Howrah Station,,,,24,kolkata-travel-router (GitHub),https://busjatri.in/
ktr-mini-shyambazar-howrah-maidan-mini,Shyambazar Howrah Maidan Mini,Mini Bus,Private - Mini Bus,,,Shyambazar,Howrah Maidan,,,,11,kolkata-travel-router (GitHub),https://busjatri.in/
ktr-mini-behala-14-no-rajabazar-mini,Behala 14 No Rajabazar Mini,Mini Bus,Private - Mini Bus,,,Behala 14 No,Rajabazar,,,,14,kolkata-travel-router (GitHub),https://busjatri.in/
ktr-mini-belgharia-station-howrah-maidan-mini,Belgharia Station Howrah Maidan Mini,Mini Bus,Private - Mini Bus,,,Belgharia Station,Howrah Maidan,,,,18,kolkata-travel-router (GitHub),https://busjatri.in/
ktr-mini-birati-station-bbd-bag-mini,Birati Station BBD Bag Mini,Mini Bus,Private - Mini Bus,,,Birati Station,BBD Bag,,,,20,kolkata-travel-router (GitHub),https://busjatri.in/
ktr-mini-birati-station-saltlake-206-mini,Birati Station Saltlake 206 Mini,Mini Bus,Private - Mini Bus,,,Birati Station,Saltlake 206,,,,24,kolkata-travel-router (GitHub),https://busjatri.in/
ktr-mini-nimta-bazar-howrah-station-mini,Nimta Bazar Howrah Station Mini,Mini Bus,Private - Mini Bus,,,Nimta Bazar,Howrah Station,,,,18,kolkata-travel-router (GitHub),https://busjatri.in/
ktr-mini-uttar-panchannagram-howrah-station-mini,Uttar Panchannagram Howrah Station Mini,Mini Bus,Private - Mini Bus,,,Uttar Panchannagram,Howrah Station,,,,12,kolkata-travel-router (GitHub),https://busjatri.in/
ktr-mini-sakher-bazar-anandapur-mini,Sakher Bazar Anandapur Mini,Mini Bus,Private - Mini Bus,,,Sakher Bazar,Anandapur,,,,15,kolkata-travel-router (GitHub),https://busjatri.in/
ktr-mini-satyabala-sishu-mangal-mini,Satyabala Sishu Mangal Mini,Mini Bus,Private - Mini Bus,,,Satyabala,Sishu Mangal,,,,15,kolkata-travel-router (GitHub),https://busjatri.in/
ktr-mini-salkia-chowrasta-esplanade-mini-1,Salkia Chowrasta Esplanade Mini,Mini Bus,Private - Mini Bus,,,Salkia Chowrasta,Esplanade,,,,8,kolkata-travel-router (GitHub),https://busjatri.in/
ktr-mini-kadamtala-esplanade-mini,Kadamtala Esplanade Mini,Mini Bus,Private - Mini Bus,,,Kadamtala,Esplanade,,,,9,kolkata-travel-router (GitHub),https://busjatri.in/
ktr-mini-kamardanga-esplanade-mini,Kamardanga Esplanade Mini,Mini Bus,Private - Mini Bus,,,Kamardanga,Esplanade,,,,9,kolkata-travel-router (GitHub),https://busjatri.in/
ktr-mini-japani-gate-sector-v-mini,Japani Gate Sector V Mini,Mini Bus,Private - Mini Bus,,,Japani Gate,Sector V,,,,23,kolkata-travel-router (GitHub),https://busjatri.in/
ktr-mini-b-garden-esplanade-mini,B Garden Esplanade Mini,Mini Bus,Private - Mini Bus,,,B Garden,Esplanade,,,,12,kolkata-travel-router (GitHub),https://busjatri.in/
ktr-mini-danesh-shaikh-lane-esplanade-mini,Danesh Shaikh Lane Esplanade Mini,Mini Bus,Private - Mini Bus,,,Danesh Shaikh Lane,Esplanade,,,,13,kolkata-travel-router (GitHub),https://busjatri.in/
ktr-mini-howrah-maidan-shyambazar-mini,Howrah Maidan Shyambazar Mini,Mini Bus,Private - Mini Bus,,,Howrah Maidan,Shyambazar,,,,11,kolkata-travel-router (GitHub),https://busjatri.in/
ktr-mini-mandirtala-esplanade-mini,Mandirtala Esplanade Mini,Mini Bus,Private - Mini Bus,,,Mandirtala,Esplanade,,,,10,kolkata-travel-router (GitHub),https://busjatri.in/
ktr-mini-ballykhal-kidderpore-mini,Ballykhal Kidderpore Mini,Mini Bus,Private - Mini Bus,,,Ballykhal,Kidderpore,,,,16,kolkata-travel-router (GitHub),https://busjatri.in/
ktr-mini-belurmath-esplanade-mini,Belurmath Esplanade Mini,Mini Bus,Private - Mini Bus,,,Belurmath,Esplanade,,,,8,kolkata-travel-router (GitHub),https://busjatri.in/
ktr-mini-howrah-maidan-rabindra-sadan-mini,Howrah Maidan Rabindra Sadan Mini,Mini Bus,Private - Mini Bus,,,Howrah Maidan,Rabindra Sadan,,,,8,kolkata-travel-router (GitHub),https://busjatri.in/
ktr-mini-ranihati-ahiritola-mini,Ranihati Ahiritola Mini,Mini Bus,Private - Mini Bus,,,Ranihati,Ahiritola,,,,23,kolkata-travel-router (GitHub),https://busjatri.in/
ktr-mini-fatikgachi-ahiritola-mini,Fatikgachi Ahiritola Mini,Mini Bus,Private - Mini Bus,,,Fatikgachi,Ahiritola,,,,23,kolkata-travel-router (GitHub),https://busjatri.in/
ktr-mini-kona-esplanade-mini,Kona Esplanade Mini,Mini Bus,Private - Mini Bus,,,Kona,Esplanade,,,,12,kolkata-travel-router (GitHub),https://busjatri.in/
ktr-mini-alampur-ultadanga-mini,Alampur Ultadanga Mini,Mini Bus,Private - Mini Bus,,,Alampur,Ultadanga,,,,26,kolkata-travel-router (GitHub),https://busjatri.in/
ktr-mini-mourigram-saltlake-stadium-mini,Mourigram Saltlake Stadium Mini,Mini Bus,Private - Mini Bus,,,Mourigram,Saltlake Stadium,,,,26,kolkata-travel-router (GitHub),https://busjatri.in/
ktr-mini-howrah-maidan-shilpara-mini,Howrah Maidan Shilpara Mini,Mini Bus,Private - Mini Bus,,,Howrah Maidan,Shilpara,,,,15,kolkata-travel-router (GitHub),https://busjatri.in/
ktr-mini-sankrail-howrah-station-mini,Sankrail Howrah Station Mini,Mini Bus,Private - Mini Bus,,,Sankrail,Howrah Station,,,,17,kolkata-travel-router (GitHub),https://busjatri.in/
ktr-mini-malipanchghara-sealdah-mini,Malipanchghara Sealdah Mini,Mini Bus,Private - Mini Bus,,,Malipanchghara,Sealdah,,,,10,kolkata-travel-router (GitHub),https://busjatri.in/
ktr-mini-santragachi-esplanade-mini,Santragachi Esplanade Mini,Mini Bus,Private - Mini Bus,,,Santragachi,Esplanade,,,,12,kolkata-travel-router (GitHub),https://busjatri.in/
ktr-mini-bankra-bazar-park-circus-mini,Bankra Bazar Park Circus Mini,Mini Bus,Private - Mini Bus,,,Bankra Bazar,Park Circus,,,,16,kolkata-travel-router (GitHub),https://busjatri.in/
ktr-mini-howrah-maidan-park-circus-mini,Howrah Maidan Park Circus Mini,Mini Bus,Private - Mini Bus,,,Howrah Maidan,Park Circus,,,,11,kolkata-travel-router (GitHub),https://busjatri.in/
ktr-mini-tikiapara-sector-v-mini,Tikiapara Sector V Mini,Mini Bus,Private - Mini Bus,,,Tikiapara,Sector V,,,,22,kolkata-travel-router (GitHub),https://busjatri.in/
ktr-mini-baluhati-esplanade-mini,Baluhati Esplanade Mini,Mini Bus,Private - Mini Bus,,,Baluhati,Esplanade,,,,15,kolkata-travel-router (GitHub),https://busjatri.in/
ktr-mini-purash-howrah-station-mini,Purash Howrah Station Mini,Mini Bus,Private - Mini Bus,,,Purash,Howrah Station,,,,15,kolkata-travel-router (GitHub),https://busjatri.in/
ktr-mini-hantal-howrah-station-mini,Hantal Howrah Station Mini,Mini Bus,Private - Mini Bus,,,Hantal,Howrah Station,,,,13,kolkata-travel-router (GitHub),https://busjatri.in/
ktr-mini-dasnagar-esplanade-mini,Dasnagar Esplanade Mini,Mini Bus,Private - Mini Bus,,,Dasnagar,Esplanade,,,,8,kolkata-travel-router (GitHub),https://busjatri.in/
ktr-mini-bhattanagar-esplanade-mini,Bhattanagar Esplanade Mini,Mini Bus,Private - Mini Bus,,,Bhattanagar,Esplanade,,,,11,kolkata-travel-router (GitHub),https://busjatri.in/
ktr-private-rt-42,RT-42,Private,Private - NON AC,,,Danesh Shaikh Lane,Aliah University,,,,30,kolkata-travel-router (GitHub),https://busjatri.in/
ktr-private-diamond-harbour-raidighi-mini,Diamond Harbour Raidighi Mini,Private,Private - NON AC,,,Diamond Harbour,Raidighi,,,,18,kolkata-travel-router (GitHub),https://busjatri.in/
ktr-private-dakghar-howrah-station-mini,Dakghar Howrah Station Mini,Private,Private - NON AC,,,Dakghar,Howrah Station,,,,17,kolkata-travel-router (GitHub),https://busjatri.in/
ktr-private-falta-sector-1-bijaygunge-bazar-mini,Falta Sector 1 Bijaygunge Bazar Mini,Private,Private - NON AC,,,Falta Sector 1,Bijaygunge Bazar,,,,25,kolkata-travel-router (GitHub),https://busjatri.in/
ktr-private-burul-radhanagar-mini,Burul Radhanagar Mini,Private,Private - NON AC,,,Burul,Radhanagar,,,,21,kolkata-travel-router (GitHub),https://busjatri.in/
ktr-government-sd-3,SD-3,WBTC,Government - NON AC,,,Sonarpur,Ghatakpukur,,,,26,kolkata-travel-router (GitHub),https://busjatri.in/
ktr-government-sd-4,SD-4,WBTC,Government - NON AC,,,Thakurpukur,Sapuipara,,,,19,kolkata-travel-router (GitHub),https://busjatri.in/
ktr-government-sd-5,SD-5,WBTC,Government - NON AC,,,Sonarpur Station,Khariberia,,,,27,kolkata-travel-router (GitHub),https://busjatri.in/
ktr-government-sd-8,SD-8,WBTC,Government - NON AC,,,Bibirhat,Nandi Bagan,,,,23,kolkata-travel-router (GitHub),https://busjatri.in/
ktr-government-sd-9,SD-9,WBTC,Government - NON AC,,,Noorpur,Esplanade,,,,23,kolkata-travel-router (GitHub),https://busjatri.in/
ktr-government-sd-11,SD-11,WBTC,Government - NON AC,,,Noorpur,Patharpratima,,,,29,kolkata-travel-router (GitHub),https://busjatri.in/
ktr-government-sd-11-1,SD-11/1,WBTC,Government - NON AC,,,Noorpur,Ramganga,,,,39,kolkata-travel-router (GitHub),https://busjatri.in/
ktr-government-sd-14,SD-14,WBTC,Government - NON AC,,,Sahararhat,Taratala,,,,19,kolkata-travel-router (GitHub),https://busjatri.in/
ktr-government-sd-16,SD-16,WBTC,Government - NON AC,,,Shirakole,Mukundapur,,,,27,kolkata-travel-router (GitHub),https://busjatri.in/
ktr-government-sd-18,SD-18,WBTC,Government - NON AC,,,Diamond Harbour,Esplanade,,,,27,kolkata-travel-router (GitHub),https://busjatri.in/
ktr-government-sd-19,SD-19,WBTC,Government - NON AC,,,Esplanade,Patharpratima,,,,47,kolkata-travel-router (GitHub),https://busjatri.in/
ktr-government-sd-24,SD-24,WBTC,Government - NON AC,,,Alipore Zoo,Sonakhali,,,,45,kolkata-travel-router (GitHub),https://busjatri.in/
ktr-government-sd-26,SD-26,WBTC,Government - NON AC,,,Burul,Babughat,,,,25,kolkata-travel-router (GitHub),https://busjatri.in/
ktr-government-sd-27,SD-27,WBTC,Government - NON AC,,,Dostipur,Akra Fatak,,,,23,kolkata-travel-router (GitHub),https://busjatri.in/
ktr-government-sd-29,SD-29,WBTC,Government - NON AC,,,Amtala,Baruipur,,,,12,kolkata-travel-router (GitHub),https://busjatri.in/
ktr-government-sd-30,SD-30,WBTC,Government - NON AC,,,Sahararhat,Taratala,,,,20,kolkata-travel-router (GitHub),https://busjatri.in/
ktr-government-sd-33,SD-33,WBTC,Government - NON AC,,,Baruipur,Jharkhali,,,,30,kolkata-travel-router (GitHub),https://busjatri.in/
ktr-government-sd-39,SD-39,WBTC,Government - NON AC,,,Joynagar,Kishorimohonpur,,,,25,kolkata-travel-router (GitHub),https://busjatri.in/
ktr-government-sd-50,SD-50,WBTC,Government - NON AC,,,Diamond Harbour,Patharpratima,,,,21,kolkata-travel-router (GitHub),https://busjatri.in/
ktr-government-sd-53,SD-53,WBTC,Government - NON AC,,,Joynagar,Maipith,,,,25,kolkata-travel-router (GitHub),https://busjatri.in/
ktr-government-sd-63,SD-63,WBTC,Government - NON AC,,,Baruipur,Gadkhali,,,,26,kolkata-travel-router (GitHub),https://busjatri.in/
ktr-government-sd-64,SD-64,WBTC,Government - NON AC,,,Baruipur,Chunakhali,,,,20,kolkata-travel-router (GitHub),https://busjatri.in/
ktr-government-sd-69,SD-69,WBTC,Government - NON AC,,,Kachuberia Sagar Island,Gangasagar,,,,6,kolkata-travel-router (GitHub),https://busjatri.in/
ktr-government-sd-76,SD-76,WBTC,Government - NON AC,,,Amtala,Ruby,,,,23,kolkata-travel-router (GitHub),https://busjatri.in/
ktr-government-sd-85,SD-85,WBTC,Government - NON AC,,,Canning,Dhamakhali,,,,12,kolkata-travel-router (GitHub),https://busjatri.in/
ktr-government-sd-94,SD-94,WBTC,Government - NON AC,,,Kakdwip Bus Stand,Bakkhali,,,,9,kolkata-travel-router (GitHub),https://busjatri.in/
ktr-government-dn-2-1,DN-2/1,WBTC,Government - NON AC,,,Shapoorji,Dakshineswar,,,,21,kolkata-travel-router (GitHub),https://busjatri.in/
ktr-government-dn-5,DN-5,WBTC,Government - NON AC,,,Barasat Chapadali,Naihati Station,,,,26,kolkata-travel-router (GitHub),https://busjatri.in/
ktr-government-dn-8,DN-8,WBTC,Government - NON AC,,,Barasat Colony,Sector V,,,,22,kolkata-travel-router (GitHub),https://busjatri.in/
ktr-government-dn-9-1,DN-9/1,WBTC,Government - NON AC,,,Barasat Chapadali,Rajchandrapur,,,,17,kolkata-travel-router (GitHub),https://busjatri.in/
ktr-government-dn-12,DN-12,WBTC,Government - NON AC,,,Bongaon,Basirhat,,,,26,kolkata-travel-router (GitHub),https://busjatri.in/
ktr-government-dn-12-1,DN-12/1,WBTC,Government - NON AC,,,Habra Station,Nazat,,,,25,kolkata-travel-router (GitHub),https://busjatri.in/
ktr-government-dn-13,DN-13,WBTC,Government - NON AC,,,Basirhat,Hakimpur,,,,27,kolkata-travel-router (GitHub),https://busjatri.in/
ktr-government-dn-16-1,DN-16/1,WBTC,Government - NON AC,,,Barasat Chapadali,Dhamakhali,,,,54,kolkata-travel-router (GitHub),https://busjatri.in/
ktr-government-dn-17,DN-17,WBTC,Government - NON AC,,,Barasat Chapadali,Santragachi,,,,36,kolkata-travel-router (GitHub),https://busjatri.in/
ktr-government-dn-18,DN-18,WBTC,Government - NON AC,,,Shyambazar,Baduria,,,,23,kolkata-travel-router (GitHub),https://busjatri.in/
ktr-government-dn-28,DN-28,WBTC,Government - NON AC,,,Barasat Chapadali,Haroa Bazar,,,,13,kolkata-travel-router (GitHub),https://busjatri.in/
ktr-government-dn-35,DN-35,WBTC,Government - NON AC,,,Barasat Chapadali,Nabatkati,,,,31,kolkata-travel-router (GitHub),https://busjatri.in/
ktr-government-dn-38,DN-38,WBTC,Government - NON AC,,,Basirhat,Taranipur,,,,14,kolkata-travel-router (GitHub),https://busjatri.in/
ktr-government-dn-43,DN-43,WBTC,Government - NON AC,,,Barasat Colony,Dakshineswar,,,,11,kolkata-travel-router (GitHub),https://busjatri.in/
ktr-government-dn-44,DN-44,WBTC,Government - NON AC,,,Bongaon,Dakshineswar,,,,39,kolkata-travel-router (GitHub),https://busjatri.in/
ktr-government-dn-46,DN-46,WBTC,Government - NON AC,,,Ballyhalt,Sector V,,,,20,kolkata-travel-router (GitHub),https://busjatri.in/
ktr-government-dn-47,DN-47,WBTC,Government - NON AC,,,Barasat Colony,Karunamoyee,,,,24,kolkata-travel-router (GitHub),https://busjatri.in/
ktr-government-k-1,K-1,WBTC,Government - NON AC,,,Hatishala,Kolkata Station,,,,23,kolkata-travel-router (GitHub),https://busjatri.in/
ktr-government-k-4,K-4,WBTC,Government - NON AC,,,Dakshineswar,Ruby,,,,25,kolkata-travel-router (GitHub),https://busjatri.in/
ktr-government-k-11,K-11,WBTC,Government - NON AC,,,Domjur,Rabindra Sadan,,,,14,kolkata-travel-router (GitHub),https://busjatri.in/
ktr-government-kb-12,KB-12,WBTC,Government - NON AC,,,Parnasree,Unitech Gate 1,,,,27,kolkata-travel-router (GitHub),https://busjatri.in/
ktr-government-kb-15,KB-15,WBTC,Government - NON AC,,,Anandapur,Santragachi,,,,19,kolkata-travel-router (GitHub),https://busjatri.in/
ktr-government-kb-16,KB-16,WBTC,Government - NON AC,,,Shapoorji,Bangur Avenue,,,,33,kolkata-travel-router (GitHub),https://busjatri.in/
ktr-government-kb-17,KB-17,WBTC,Government - NON AC,,,Sonarpur Station,Unitech Gate 1,,,,41,kolkata-travel-router (GitHub),https://busjatri.in/
ktr-government-kb-21,KB-21,WBTC,Government - NON AC,,,Ganga Nagar,Leather Complex,,,,36,kolkata-travel-router (GitHub),https://busjatri.in/
ktr-government-kb-22,KB-22,WBTC,Government - NON AC,,,Jamirgachi,Kolkata Station,,,,24,kolkata-travel-router (GitHub),https://busjatri.in/
ktr-government-kb-24,KB-24,WBTC,Government - NON AC,,,Hatishala,Kolkata Station,,,,21,kolkata-travel-router (GitHub),https://busjatri.in/
ktr-private-mm-5,MM-5,Private,Private - NON AC,,,Habra Station,Barrackpore Court,,,,22,kolkata-travel-router (GitHub),https://busjatri.in/
ktr-private-mm-6,MM-6,Private,Private - NON AC,,,Barasat Chapadali,Sohai Bazar,,,,7,kolkata-travel-router (GitHub),https://busjatri.in/
ktr-private-mm-7,MM-7,Private,Private - NON AC,,,Basirhat,Dhamakhali,,,,11,kolkata-travel-router (GitHub),https://busjatri.in/
ktr-private-mn-3,MN-3,Private,Private - NON AC,,,Barasat Chapadali,Nahata,,,,23,kolkata-travel-router (GitHub),https://busjatri.in/
ktr-private-mn-6,MN-6,Private,Private - NON AC,,,Barasat Chapadali,Beri Gopalpur,,,,30,kolkata-travel-router (GitHub),https://busjatri.in/
ktr-government-e-43,E-43,WBTC,Government - NON AC,,,Dihibhursut,Howrah Station,,,,23,kolkata-travel-router (GitHub),https://busjatri.in/
ktr-government-e-44,E-44,WBTC,Government - NON AC,,,Rampur,Howrah Station,,,,15,kolkata-travel-router (GitHub),https://busjatri.in/
ktr-government-e-53,E-53,WBTC,Government - NON AC,,,Narit,Howrah Station,,,,21,kolkata-travel-router (GitHub),https://busjatri.in/
ktr-private-l-3,L-3,Private,Private - NON AC,,,Jhikira,Howrah Station,,,,20,kolkata-travel-router (GitHub),https://busjatri.in/
ktr-private-8,8,Private,Private - NON AC,,,Chinsurah Court,Jirat,,,,18,kolkata-travel-router (GitHub),https://busjatri.in/
ktr-private-9,9,Private,Private - NON AC,,,Haripal Station,Udaynarayanpur,,,,8,kolkata-travel-router (GitHub),https://busjatri.in/
ktr-private-9a,9A,Private,Private - NON AC,,,Haripal Station,Bargachia,,,,9,kolkata-travel-router (GitHub),https://busjatri.in/
ktr-private-11,11,Private,Private - NON AC,,,Gurap,Kalna,,,,15,kolkata-travel-router (GitHub),https://busjatri.in/
ktr-private-12-2,12,Private,Private - NON AC,,,Tarakeswar,Krishnabati,,,,11,kolkata-travel-router (GitHub),https://busjatri.in/
ktr-private-13-1,13,Private,Private - NON AC,,,Pandua,Kalna,,,,13,kolkata-travel-router (GitHub),https://busjatri.in/
ktr-private-13a-1,13A,Private,Private - NON AC,,,Pandua,Kalna,,,,13,kolkata-travel-router (GitHub),https://busjatri.in/
ktr-private-13c-1,13C,Private,Private - NON AC,,,Pandua,Kalna,,,,13,kolkata-travel-router (GitHub),https://busjatri.in/
ktr-private-17-1,17,Private,Private - NON AC,,,Tarakeswar,Chinsurah Court,,,,16,kolkata-travel-router (GitHub),https://busjatri.in/
ktr-private-18,18,Private,Private - NON AC,,,Haripal Station,Chinsurah Court,,,,14,kolkata-travel-router (GitHub),https://busjatri.in/
ktr-private-18a-1,18A,Private,Private - NON AC,,,Haripal Station,Dasghara,,,,7,kolkata-travel-router (GitHub),https://busjatri.in/
ktr-private-23-1,23,Private,Private - NON AC,,,Tarakeswar,Chinsurah Court,,,,15,kolkata-travel-router (GitHub),https://busjatri.in/
ktr-private-26,26,Private,Private - NON AC,,,Chapadanga,Bonhooghly,,,,26,kolkata-travel-router (GitHub),https://busjatri.in/
ktr-private-26a,26A,Private,Private - NON AC,,,Aushbali,Serampore,,,,15,kolkata-travel-router (GitHub),https://busjatri.in/
ktr-private-26c,26C,Private,Private - NON AC,,,Jagatballavpur,Bonhooghly,,,,20,kolkata-travel-router (GitHub),https://busjatri.in/
ktr-private-40,40,Private,Private - NON AC,,,Serampore,Birshibpur,,,,16,kolkata-travel-router (GitHub),https://busjatri.in/
ktr-private-170,170,Private,Private - NON AC,,,Rajbalhat,Howrah Station,,,,17,kolkata-travel-router (GitHub),https://busjatri.in/
ktr-private-285,285,Private,Private - NON AC,,,Serampore,Sector V,,,,32,kolkata-travel-router (GitHub),https://busjatri.in/
ktr-private-alampur-to-shapoorji,Alampur to Shapoorji,Private,Private - NON AC,,,Alampur,Shapoorji,,,,29,kolkata-travel-router (GitHub),https://busjatri.in/
ktr-private-amta-to-airport-1no,Amta to Airport 1no.,Private,Private - NON AC,,,Amta,Airport Gate 1,,,,18,kolkata-travel-router (GitHub),https://busjatri.in/
ktr-private-amta-to-esplanade,Amta to Esplanade,Private,Private - NON AC,,,Amta,Esplanade,,,,20,kolkata-travel-router (GitHub),https://busjatri.in/
ktr-private-amta-to-mukundapur,Amta to Mukundapur,Private,Private - NON AC,,,Amta,Mukundapur,,,,28,kolkata-travel-router (GitHub),https://busjatri.in/
ktr-private-amta-to-unitech-gate-1,Amta to Unitech Gate 1,Private,Private - NON AC,,,Amta,Unitech Gate 1,,,,37,kolkata-travel-router (GitHub),https://busjatri.in/
ktr-private-amta-to-shapoorji,Amta to Shapoorji,Private,Private - NON AC,,,Amta,Shapoorji,,,,30,kolkata-travel-router (GitHub),https://busjatri.in/
ktr-private-andul-station-to-eco-space,Andul Station to Eco Space,Private,Private - NON AC,,,Andul Station,Ecospace,,,,34,kolkata-travel-router (GitHub),https://busjatri.in/
ktr-private-baburhat-to-dankuni,Baburhat to Dankuni,Private,Private - NON AC,,,Baburhat,Rajabazar,,,,19,kolkata-travel-router (GitHub),https://busjatri.in/
ktr-private-bagnan-to-esplanade,Bagnan to Esplanade,Private,Private - NON AC,,,Bagnan,Esplanade,,,,21,kolkata-travel-router (GitHub),https://busjatri.in/
ktr-private-bagnan-to-karunamoyee,Bagnan to Karunamoyee,Private,Private - NON AC,,,Bagnan,Karunamoyee,,,,33,kolkata-travel-router (GitHub),https://busjatri.in/
ktr-private-bagnan-to-shyambazar,Bagnan to Shyambazar,Private,Private - NON AC,,,Bagnan,Shyambazar,,,,22,kolkata-travel-router (GitHub),https://busjatri.in/
ktr-private-ballyhalt-to-karunamoyee,Ballyhalt to Karunamoyee,Private,Private - NON AC,,,Ballyhalt,Karunamoyee,,,,25,kolkata-travel-router (GitHub),https://busjatri.in/
ktr-private-barasat-to-kamalpur,Barasat to Kamalpur,Private,Private - NON AC,,,Barasat Chapadali,Kamalpur,,,,39,kolkata-travel-router (GitHub),https://busjatri.in/
ktr-private-barasat-to-santragachi,Barasat to Santragachi,Private,Private - NON AC,,,Barasat Chapadali,Santragachi,,,,35,kolkata-travel-router (GitHub),https://busjatri.in/
ktr-private-barasat-to-baruipur,Barasat to Baruipur,Private,Private - NON AC,,,Barasat Chapadali,Baruipur,,,,40,kolkata-travel-router (GitHub),https://busjatri.in/
ktr-private-barasat-to-garia,Barasat to Garia,Private,Private - NON AC,,,Barasat Chapadali,Garia Bus Stand,,,,33,kolkata-travel-router (GitHub),https://busjatri.in/
ktr-private-barasat-to-b-garden,Barasat to B Garden,Private,Private - NON AC,,,Barasat Chapadali,B Garden,,,,42,kolkata-travel-router (GitHub),https://busjatri.in/
ktr-private-barasat-to-uluberia,Barasat to Uluberia,Private,Private - NON AC,,,Barasat Chapadali,Uluberia,,,,21,kolkata-travel-router (GitHub),https://busjatri.in/
ktr-private-bargachia-to-sealdah-station,Bargachia to Sealdah Station,Private,Private - NON AC,,,Bargachia,Sealdah,,,,22,kolkata-travel-router (GitHub),https://busjatri.in/
ktr-private-barrackpore-to-howrah-station,Barrackpore to Howrah Station,Private,Private - NON AC,,,Barrackpore Station,Howrah Station,,,,18,kolkata-travel-router (GitHub),https://busjatri.in/
ktr-private-barrackpore-to-dhulagarh,Barrackpore to Dhulagarh,Private,Private - NON AC,,,Barrackpore Station,Dhulagarh,,,,17,kolkata-travel-router (GitHub),https://busjatri.in/
ktr-private-barrackpore-to-salap-more,Barrackpore to Salap More,Private,Private - NON AC,,,Barrackpore Chiria,Salap,,,,12,kolkata-travel-router (GitHub),https://busjatri.in/
ktr-private-basirhat-to-gadiara,Basirhat to Gadiara,Private,Private - NON AC,,,Basirhat,Gadiara,,,,54,kolkata-travel-router (GitHub),https://busjatri.in/
ktr-private-basirhat-to-lebukhali,Basirhat to Lebukhali,Private,Private - NON AC,,,Basirhat,Lebukhali,,,,8,kolkata-travel-router (GitHub),https://busjatri.in/
ktr-private-belurmath-to-garia-station,Belurmath to Garia Station,Private,Private - NON AC,,,Belurmath,Garia Station,,,,31,kolkata-travel-router (GitHub),https://busjatri.in/
ktr-private-berachampa-to-karunamoyee,Berachampa to Karunamoyee,Private,Private - NON AC,,,Berachampa,Karunamoyee,,,,26,kolkata-travel-router (GitHub),https://busjatri.in/
ktr-private-boalia-to-karunamoyee,Boalia to Karunamoyee,Private,Private - NON AC,,,Boalia,Karunamoyee,,,,41,kolkata-travel-router (GitHub),https://busjatri.in/
ktr-private-boga-to-karunamoyee,Boga to Karunamoyee,Private,Private - NON AC,,,Boga,Karunamoyee,,,,35,kolkata-travel-router (GitHub),https://busjatri.in/
ktr-private-boga-to-barasat,Boga to Barasat,Private,Private - NON AC,,,Boga,Barasat Chapadali,,,,28,kolkata-travel-router (GitHub),https://busjatri.in/
ktr-private-chandrakona-town-to-kolkata-station,Chandrakona Town to Kolkata Station,Private,Private - NON AC,,,Chandrakona Town,Kolkata Station,,,,27,kolkata-travel-router (GitHub),https://busjatri.in/
ktr-private-dhamakhali-to-esplanade,Dhamakhali to Esplanade,Private,Private - NON AC,,,Dhamakhali,Esplanade,,,,23,kolkata-travel-router (GitHub),https://busjatri.in/
ktr-private-dhulagarh-to-unitech-gate-1,Dhulagarh to Unitech Gate 1,Private,Private - NON AC,,,Dhulagarh,Unitech Gate 1,,,,35,kolkata-travel-router (GitHub),https://busjatri.in/
ktr-private-dhulagarh-to-sealdah-station,Dhulagarh to Sealdah Station,Private,Private - NON AC,,,Dhulagarh,Sealdah,,,,21,kolkata-travel-router (GitHub),https://busjatri.in/
ktr-private-dhulagarh-to-chingrighata,Dhulagarh to Chingrighata,Private,Private - NON AC,,,Dhulagarh,Chingrighata,,,,30,kolkata-travel-router (GitHub),https://busjatri.in/
ktr-private-dhulagarh-to-rashbehari,Dhulagarh to Rashbehari,Private,Private - NON AC,,,Dhulagarh,Rashbehari,,,,40,kolkata-travel-router (GitHub),https://busjatri.in/
ktr-private-dhulagarh-to-amity-university,Dhulagarh to Amity University,Private,Private - NON AC,,,Dhulagarh,Amity University,,,,37,kolkata-travel-router (GitHub),https://busjatri.in/
ktr-private-garh-bhowanipore-to-ruby,Garh Bhowanipore to Ruby,Private,Private - NON AC,,,Garh Bhowanipore,Ruby,,,,27,kolkata-travel-router (GitHub),https://busjatri.in/
ktr-private-gadiara-to-newtown,Gadiara to Newtown,Private,Private - NON AC,,,Gadiara,Unitech Gate 1,,,,46,kolkata-travel-router (GitHub),https://busjatri.in/
ktr-private-ghatakpukur-to-rajchandrapur,Ghatakpukur to Rajchandrapur,Private,Private - NON AC,,,Ghatakpukur,Rajchandrapur,,,,35,kolkata-travel-router (GitHub),https://busjatri.in/
ktr-private-hasnabad-to-rajabazar,Hasnabad to Rajabazar,Private,Private - NON AC,,,Hasnabad,Rajabazar,,,,27,kolkata-travel-router (GitHub),https://busjatri.in/
ktr-private-haldia-to-karunamoyee,Haldia to Karunamoyee,Private,Private - NON AC,,,Haldia,Karunamoyee,,,,34,kolkata-travel-router (GitHub),https://busjatri.in/
ktr-private-howrah-station-to-pancharul,Howrah Station to Pancharul,Private,Private - NON AC,,,Pancharul,Howrah Station,,,,19,kolkata-travel-router (GitHub),https://busjatri.in/
ktr-private-howrah-station-to-dihibhursut,Howrah Station to Dihibhursut,Private,Private - NON AC,,,Dihibhursut,Howrah Station,,,,21,kolkata-travel-router (GitHub),https://busjatri.in/
ktr-private-jibantala-to-rajabazar,Jibantala to Rajabazar,Private,Private - NON AC,,,Jibantala,Rajabazar,,,,19,kolkata-travel-router (GitHub),https://busjatri.in/
ktr-private-udaynarayanpur-to-karunamoyee,Udaynarayanpur to Karunamoyee,Private,Private - NON AC,,,Udaynarayanpur,Karunamoyee,,,,35,kolkata-travel-router (GitHub),https://busjatri.in/
ktr-private-ultadanga-to-garia,Ultadanga to Garia,Private,Private - NON AC,,,Ultadanga,Garia Bus Stand,,,,19,kolkata-travel-router (GitHub),https://busjatri.in/
ktr-private-ultadanga-to-shapoorji,Ultadanga to Shapoorji,Private,Private - NON AC,,,Ultadanga,Shapoorji,,,,12,kolkata-travel-router (GitHub),https://busjatri.in/
ktr-private-bagbazar-to-garia-station,Bagbazar to Garia Station,Private,Private - NON AC,,,Bagbazar,Garia Station,,,,22,kolkata-travel-router (GitHub),https://busjatri.in/
ktr-private-paikpara-to-garia-station,Paikpara to Garia Station,Private,Private - NON AC,,,Paikpara,Garia Station,,,,22,kolkata-travel-router (GitHub),https://busjatri.in/
ktr-private-dankuni-housing-to-kamalgazi,Dankuni Housing to Kamalgazi,Private,Private - NON AC,,,Dankuni Housing,Kamalgazi,,,,30,kolkata-travel-router (GitHub),https://busjatri.in/
ktr-private-dankuni-housing-to-haroa-bridge,Dankuni Housing to Haroa Bridge,Private,Private - NON AC,,,Dankuni Housing,Haroa Bridge,,,,33,kolkata-travel-router (GitHub),https://busjatri.in/
ktr-private-dankuni-housing-to-nagerbazar,Dankuni Housing to Nagerbazar,Private,Private - NON AC,,,Dankuni Housing,Nager Bazar,,,,11,kolkata-travel-router (GitHub),https://busjatri.in/
ktr-private-rajchandrapur-to-saltlake-206,Rajchandrapur to Saltlake 206,Private,Private - NON AC,,,Rajchandrapur,Saltlake 206,,,,28,kolkata-travel-router (GitHub),https://busjatri.in/
ktr-private-kadamtala-to-unitech-gate-1,Kadamtala to Unitech Gate 1,Private,Private - NON AC,,,Kadamtala,Unitech Gate 1,,,,28,kolkata-travel-router (GitHub),https://busjatri.in/
ktr-private-madhyamgram-to-howrah-station,Madhyamgram to Howrah Station,Private,Private - NON AC,,,Madhyamgram,Howrah Station,,,,20,kolkata-travel-router (GitHub),https://busjatri.in/
ktr-private-madhyamgram-to-taratala,Madhyamgram to Taratala,Private,Private - NON AC,,,Madhyamgram,Taratala,,,,33,kolkata-travel-router (GitHub),https://busjatri.in/
ktr-private-matapara-to-newtown,Matapara to Newtown,Private,Private - NON AC,,,Matapara,Unitech Gate 2,,,,45,kolkata-travel-router (GitHub),https://busjatri.in/
ktr-private-salap-more-to-nagerbazar,Salap More to Nagerbazar,Private,Private - NON AC,,,Salap,Nager Bazar,,,,16,kolkata-travel-router (GitHub),https://busjatri.in/
ktr-private-shalimar-station-to-newtown,Shalimar Station to Newtown,Private,Private - NON AC,,,Shalimar Station,Shapoorji,,,,26,kolkata-travel-router (GitHub),https://busjatri.in/
ktr-private-shyampur-to-newtown,Shyampur to Newtown,Private,Private - NON AC,,,Newtown,Shyampur,,,,47,kolkata-travel-router (GitHub),https://busjatri.in/
ktr-private-kashipur-to-ballyhalt,Kashipur to Ballyhalt,Private,Private - NON AC,,,Kashipur,Ballyhalt,,,,31,kolkata-travel-router (GitHub),https://busjatri.in/
ktr-private-kolkata-station-to-malancha,Kolkata Station to Malancha,Private,Private - NON AC,,,Kolkata Station,Malancha,,,,27,kolkata-travel-router (GitHub),https://busjatri.in/
ktr-private-kolkata-to-kalyani,Kolkata to Kalyani,Private,Private - NON AC,,,Esplanade,Gayeshpur,,,,27,kolkata-travel-router (GitHub),https://busjatri.in/
ktr-private-kolkata-to-gangadharpur,Kolkata to Gangadharpur,Private,Private - NON AC,,,Esplanade,Gangadharpur,,,,39,kolkata-travel-router (GitHub),https://busjatri.in/
ktr-private-muchighata-to-karunamoyee,Muchighata to Karunamoyee,Private,Private - NON AC,,,Muchighata,Karunamoyee,,,,37,kolkata-travel-router (GitHub),https://busjatri.in/
ktr-private-polerhat-to-shyambazar,Polerhat to Shyambazar,Private,Private - NON AC,,,Polerhat,Shyambazar,,,,20,kolkata-travel-router (GitHub),https://busjatri.in/
ktr-private-rajarhat-to-nabanna,Rajarhat to Nabanna,Private,Private - NON AC,,,Rajarhat,Nabanna,,,,30,kolkata-travel-router (GitHub),https://busjatri.in/
ktr-private-ranihati-to-karunamoyee,Ranihati to Karunamoyee,Private,Private - NON AC,,,Ranihati,Karunamoyee,,,,34,kolkata-travel-router (GitHub),https://busjatri.in/
ktr-private-ds-1,DS-1,Private,Private - NON AC,,,Barasat Chapadali,Nabanna,,,,30,kolkata-travel-router (GitHub),https://busjatri.in/
ktr-government-e-1,E-1,WBTC,Government - NON AC,,,Jadavpur 8B,Howrah Station,,,,16,kolkata-travel-router (GitHub),https://busjatri.in/
ktr-government-ac-1,AC-1,WBTC,Government - AC,,,Jadavpur 8B,Howrah Station,,,,17,kolkata-travel-router (GitHub),https://busjatri.in/
ktr-government-s-2,S-2,WBTC,Government - NON AC,,,Kudghat,Howrah Station,,,,14,kolkata-travel-router (GitHub),https://busjatri.in/
ktr-government-ac-2,AC-2,WBTC,Government - AC,,,Barasat Chapadali,Howrah Station,,,,23,kolkata-travel-router (GitHub),https://busjatri.in/
ktr-government-s-2n,S-2N,WBTC,Government - NON AC,,,Kudghat,Nabanna,,,,11,kolkata-travel-router (GitHub),https://busjatri.in/
ktr-government-s-3a,S-3A,WBTC,Government - NON AC,,,Thakurpukur,Sealdah,,,,23,kolkata-travel-router (GitHub),https://busjatri.in/
ktr-government-s-3b,S-3B,WBTC,Government - NON AC,,,Behala 14 No,Kankurgachi,,,,20,kolkata-travel-router (GitHub),https://busjatri.in/
ktr-government-s-3w,S-3W,WBTC,Government - NON AC,,,Thakurpukur,Amity University,,,,38,kolkata-travel-router (GitHub),https://busjatri.in/
ktr-government-s-4,S-4,WBTC,Government - NON AC,,,Parnasree,Karunamoyee,,,,29,kolkata-travel-router (GitHub),https://busjatri.in/
ktr-government-s-4c,S-4C,WBTC,Government - NON AC,,,Haridevpur,Howrah Station,,,,15,kolkata-travel-router (GitHub),https://busjatri.in/
ktr-government-s-4d,S-4D,WBTC,Government - NON AC,,,Parnasree,Newtown,,,,27,kolkata-travel-router (GitHub),https://busjatri.in/
ktr-government-e-4,E-4,WBTC,Government - NON AC,,,Parnasree,Howrah Station,,,,12,kolkata-travel-router (GitHub),https://busjatri.in/
ktr-government-ac-4,AC-4,WBTC,Government - AC,,,Parnasree,Howrah Station,,,,15,kolkata-travel-router (GitHub),https://busjatri.in/
ktr-government-ac-4a,AC-4A,WBTC,Government - AC,,,Parnasree,Shapoorji,,,,31,kolkata-travel-router (GitHub),https://busjatri.in/
ktr-government-ac-4b,AC-4B,WBTC,Government - AC,,,Thakurpukur,Newtown,,,,27,kolkata-travel-router (GitHub),https://busjatri.in/
ktr-government-s-5,S-5,WBTC,Government - NON AC,,,Garia Bus Stand,Howrah Station,,,,25,kolkata-travel-router (GitHub),https://busjatri.in/
ktr-government-s-5a,S-5A,WBTC,Government - NON AC,,,Jadavpur 8B,Howrah Station,,,,15,kolkata-travel-router (GitHub),https://busjatri.in/
ktr-government-s-5n,S-5N,WBTC,Government - NON AC,,,Garia Bus Stand,Nabanna,,,,21,kolkata-travel-router (GitHub),https://busjatri.in/
ktr-government-s-5c-n,S-5C/N,WBTC,Government - NON AC,,,Nayabad,Nabanna,,,,21,kolkata-travel-router (GitHub),https://busjatri.in/
ktr-government-ac-5,AC-5,WBTC,Government - AC,,,Garia Bus Stand,Howrah Station,,,,25,kolkata-travel-router (GitHub),https://busjatri.in/
ktr-private-7a,7A,Private,Private - NON AC,,,Sarsuna,Howrah Station,,,,17,kolkata-travel-router (GitHub),https://busjatri.in/
ktr-government-s-7,S-7,WBTC,Government - NON AC,,,Garia Bus Stand,Howrah Station,,,,20,kolkata-travel-router (GitHub),https://busjatri.in/
ktr-government-s-7n,S-7N,WBTC,Government - NON AC,,,Garia Bus Stand,Nabanna,,,,16,kolkata-travel-router (GitHub),https://busjatri.in/
ktr-government-ac-6,AC-6,WBTC,Government - AC,,,Garia Bus Stand,Howrah Station,,,,20,kolkata-travel-router (GitHub),https://busjatri.in/
ktr-government-s-8b-n,S-8B/N,WBTC,Government - NON AC,,,Jadavpur 8B,Nabanna,,,,14,kolkata-travel-router (GitHub),https://busjatri.in/
ktr-government-s-9,S-9,WBTC,Government - NON AC,,,Jadavpur 8B,Karunamoyee,,,,16,kolkata-travel-router (GitHub),https://busjatri.in/
ktr-government-ac-9,AC-9,WBTC,Government - AC,,,Jadavpur 8B,Karunamoyee,,,,19,kolkata-travel-router (GitHub),https://busjatri.in/
ktr-government-ac-9b,AC-9B,WBTC,Government - AC,,,Jadavpur 8B,Amity University,,,,26,kolkata-travel-router (GitHub),https://busjatri.in/
ktr-government-s-9a,S-9A,WBTC,Government - NON AC,,,Dunlop,Ballygunge Station,,,,24,kolkata-travel-router (GitHub),https://busjatri.in/
ktr-government-s-9a-n,S-9A/N,WBTC,Government - NON AC,,,Dunlop,Nabanna,,,,19,kolkata-travel-router (GitHub),https://busjatri.in/
ktr-government-s-9c,S-9C,WBTC,Government - NON AC,,,Kamalgazi,Amity University,,,,29,kolkata-travel-router (GitHub),https://busjatri.in/
ktr-government-s-10,S-10,WBTC,Government - NON AC,,,Airport Gate 3,Nabanna,,,,25,kolkata-travel-router (GitHub),https://busjatri.in/
ktr-government-s-10a-n,S-10A/N,WBTC,Government - NON AC,,,Ballygunge Station,Nabanna,,,,12,kolkata-travel-router (GitHub),https://busjatri.in/
ktr-government-ac-10,AC-10,WBTC,Government - AC,,,Nilgunge,Howrah Station,,,,38,kolkata-travel-router (GitHub),https://busjatri.in/
ktr-government-s-10a,S-10A,WBTC,Government - NON AC,,,Ballygunge Station,Howrah Station,,,,17,kolkata-travel-router (GitHub),https://busjatri.in/
ktr-government-s-11,S-11,WBTC,Government - NON AC,,,Nilgunge,Esplanade,,,,26,kolkata-travel-router (GitHub),https://busjatri.in/
ktr-government-s-11n,S-11N,WBTC,Government - NON AC,,,Nilgunge,Nabanna,,,,33,kolkata-travel-router (GitHub),https://busjatri.in/
ktr-government-s-12,S-12,WBTC,Government - NON AC,,,Newtown,Howrah Station,,,,18,kolkata-travel-router (GitHub),https://busjatri.in/
ktr-government-s-12d,S-12D,WBTC,Government - NON AC,,,Thakurpukur,Howrah Station,,,,16,kolkata-travel-router (GitHub),https://busjatri.in/
ktr-government-s-12e,S-12E,WBTC,Government - NON AC,,,Aliah University,Howrah Station,,,,24,kolkata-travel-router (GitHub),https://busjatri.in/
ktr-government-s-12n,S-12N,WBTC,Government - NON AC,,,Sector V,Nabanna,,,,16,kolkata-travel-router (GitHub),https://busjatri.in/
ktr-government-s-12n-a,S-12N/A,WBTC,Government - NON AC,,,Karunamoyee,Nabanna,,,,15,kolkata-travel-router (GitHub),https://busjatri.in/
ktr-government-ac-12,AC-12,WBTC,Government - AC,,,Shapoorji,Howrah Station,,,,28,kolkata-travel-router (GitHub),https://busjatri.in/
ktr-government-ac-12d,AC-12D,WBTC,Government - AC,,,Thakurpukur,Howrah Station,,,,19,kolkata-travel-router (GitHub),https://busjatri.in/
ktr-government-s-14,S-14,WBTC,Government - NON AC,,,Garia Bus Stand,Karunamoyee,,,,19,kolkata-travel-router (GitHub),https://busjatri.in/
ktr-government-ac-14,AC-14,WBTC,Government - AC,,,Baruipur,Karunamoyee,,,,33,kolkata-travel-router (GitHub),https://busjatri.in/
ktr-government-s-16,S-16,WBTC,Government - NON AC,,,Karunamoyee,Thakurpukur,,,,25,kolkata-travel-router (GitHub),https://busjatri.in/
ktr-government-s-17a,S-17A,WBTC,Government - NON AC,,,Dakshineswar,Kudghat,,,,20,kolkata-travel-router (GitHub),https://busjatri.in/
ktr-government-s-19b,S-19B,WBTC,Government - NON AC,,,Esplanade,Burul,,,,11,kolkata-travel-router (GitHub),https://busjatri.in/
ktr-private-midi1,MIDI1,Private,Private - NON AC,,,Howrah Maidan,Rajabazar,,,,7,kolkata-travel-router (GitHub),https://busjatri.in/
ktr-private-behala-14-no-newtown-mini,Behala 14 No Newtown Mini,Private,Private - NON AC,,,Behala 14 No,Newtown,,,,23,kolkata-travel-router (GitHub),https://busjatri.in/
ktr-private-shibrampur-howrah-station-mini,Shibrampur Howrah Station Mini,Private,Private - NON AC,,,Shibrampur,Howrah Station,,,,30,kolkata-travel-router (GitHub),https://busjatri.in/
ktr-private-howrah-station-sashtir-mini,Howrah Station Sashtir Mini,Private,Private - NON AC,,,Howrah Station,Sashtir,,,,15,kolkata-travel-router (GitHub),https://busjatri.in/
ktr-private-rajabazar-khudiram-park-mini,Rajabazar Khudiram Park Mini,Private,Private - NON AC,,,Rajabazar,Khudiram Park,,,,28,kolkata-travel-router (GitHub),https://busjatri.in/
ktr-private-shibtala-math-howrah-station-mini,Shibtala Math Howrah Station Mini,Private,Private - NON AC,,,Shibtala Math,Howrah Station,,,,13,kolkata-travel-router (GitHub),https://busjatri.in/
ktr-private-dumdum-cantonment-esplanade-mini,Dumdum Cantonment Esplanade Mini,Private,Private - NON AC,,,Dumdum Cantonment,Esplanade,,,,14,kolkata-travel-router (GitHub),https://busjatri.in/
ktr-private-eb-1,EB-1,Private,Private - NON AC,,,Newtown,Nabanna,,,,16,kolkata-travel-router (GitHub),https://busjatri.in/
ktr-private-eb-3,EB-3,Private,Private - NON AC,,,Tollygunge Metro,Ecospace,,,,26,kolkata-travel-router (GitHub),https://busjatri.in/
ktr-private-eb-12,EB-12,Private,Private - NON AC,,,Barasat Chapadali,Karunamoyee,,,,24,kolkata-travel-router (GitHub),https://busjatri.in/
ktr-private-eb-13,EB-13,Private,Private - NON AC,,,Hatishala,Howrah Station,,,,28,kolkata-travel-router (GitHub),https://busjatri.in/
ktr-private-eb-14,EB-14,Private,Private - NON AC,,,Ecospace,Santragachi,,,,24,kolkata-travel-router (GitHub),https://busjatri.in/
ktr-private-eb-16,EB-16,Private,Private - NON AC,,,Thakurpukur,Hatishala,,,,36,kolkata-travel-router (GitHub),https://busjatri.in/
ktr-private-14a,14A,Private,Private - NON AC,,,Ramnagar,Karunamoyee,,,,19,kolkata-travel-router (GitHub),https://busjatri.in/
ktr-government-ac-20,AC-20,WBTC,Government - AC,,,Barrackpore Court,Santragachi,,,,28,kolkata-travel-router (GitHub),https://busjatri.in/
ktr-government-s-21,S-21,WBTC,Government - NON AC,,,Garia Bus Stand,Bagbazar,,,,23,kolkata-travel-router (GitHub),https://busjatri.in/
ktr-government-s-22,S-22,WBTC,Government - NON AC,,,Shakuntala Park,Karunamoyee,,,,30,kolkata-travel-router (GitHub),https://busjatri.in/
ktr-government-s-23a,S-23A,WBTC,Government - NON AC,,,Ballyhalt,Karunamoyee,,,,30,kolkata-travel-router (GitHub),https://busjatri.in/
ktr-government-ac-23a,AC-23A,WBTC,Government - AC,,,Ballyhalt,Karunamoyee,,,,30,kolkata-travel-router (GitHub),https://busjatri.in/
ktr-government-s-24,S-24,WBTC,Government - NON AC,,,Kamalgazi,Howrah Station,,,,24,kolkata-travel-router (GitHub),https://busjatri.in/
ktr-government-s-24n,S-24N,WBTC,Government - NON AC,,,Patuli,Nabanna,,,,26,kolkata-travel-router (GitHub),https://busjatri.in/
ktr-government-ac-24,AC-24,WBTC,Government - AC,,,Patuli,Howrah Station,,,,28,kolkata-travel-router (GitHub),https://busjatri.in/
ktr-government-ac-24a,AC-24A,WBTC,Government - AC,,,Kamalgazi,Howrah Station,,,,31,kolkata-travel-router (GitHub),https://busjatri.in/
ktr-government-s-30,S-30,WBTC,Government - NON AC,,,Ultadanga,Amity University,,,,25,kolkata-travel-router (GitHub),https://busjatri.in/
ktr-government-s-30a,S-30A,WBTC,Government - NON AC,,,Ultadanga,Ultadanga,,,,15,kolkata-travel-router (GitHub),https://busjatri.in/
ktr-government-ac-30,AC-30,WBTC,Government - AC,,,Laketown,Howrah Station,,,,8,kolkata-travel-router (GitHub),https://busjatri.in/
ktr-government-ac-30s,AC-30S,WBTC,Government - AC,,,Ultadanga,Amity University,,,,25,kolkata-travel-router (GitHub),https://busjatri.in/
ktr-government-s-31,S-31,WBTC,Government - NON AC,,,Behala Chowrasta,Jadavpur 8B,,,,13,kolkata-travel-router (GitHub),https://busjatri.in/
ktr-government-ac-31,AC-31,WBTC,Government - AC,,,Behala Chowrasta,Jadavpur 8B,,,,13,kolkata-travel-router (GitHub),https://busjatri.in/
ktr-government-e-32,E-32,WBTC,Government - NON AC,,,Nilgunge,Howrah Station,,,,25,kolkata-travel-router (GitHub),https://busjatri.in/
ktr-government-s-32,S-32,WBTC,Government - NON AC,,,Barrackpore Court,Howrah Station,,,,18,kolkata-travel-router (GitHub),https://busjatri.in/
ktr-government-s-32a,S-32A,WBTC,Government - NON AC,,,Dunlop,Howrah Station,,,,12,kolkata-travel-router (GitHub),https://busjatri.in/
ktr-private-ds-34,DS-34,Private,Private - NON AC,,,Barasat Chapadali,Barrackpore Court,,,,16,kolkata-travel-router (GitHub),https://busjatri.in/
ktr-government-s-37,S-37,WBTC,Government - NON AC,,,Barasat Chapadali,Garia Bus Stand,,,,37,kolkata-travel-router (GitHub),https://busjatri.in/
ktr-government-ac-37,AC-37,WBTC,Government - AC,,,Barasat Chapadali,Garia Bus Stand,,,,37,kolkata-travel-router (GitHub),https://busjatri.in/
ktr-government-ac-37a,AC-37A,WBTC,Government - AC,,,Airport Terminal,Garia Bus Stand,,,,34,kolkata-travel-router (GitHub),https://busjatri.in/
ktr-government-ac-38,AC-38,WBTC,Government - AC,,,Dumdum Station,Karunamoyee,,,,27,kolkata-travel-router (GitHub),https://busjatri.in/
ktr-government-s-39a-n,S-39A/N,WBTC,Government - NON AC,,,Esplanade,Nabanna,,,,7,kolkata-travel-router (GitHub),https://busjatri.in/
ktr-government-ac-39,AC-39,WBTC,Government - AC,,,Airport Terminal,Howrah Station,,,,22,kolkata-travel-router (GitHub),https://busjatri.in/
ktr-government-ac-40,AC-40,WBTC,Government - AC,,,Airport Gate 1,Nabanna,,,,18,kolkata-travel-router (GitHub),https://busjatri.in/
ktr-government-ac-43,AC-43,WBTC,Government - AC,,,Airport Terminal,Golf Green,,,,33,kolkata-travel-router (GitHub),https://busjatri.in/
ktr-government-s-45,S-45,WBTC,Government - NON AC,,,Shakuntala Park,Bagbazar,,,,23,kolkata-travel-router (GitHub),https://busjatri.in/
ktr-government-s-46,S-46,WBTC,Government - NON AC,,,Akra Rabindra Nagar,Karunamoyee,,,,28,kolkata-travel-router (GitHub),https://busjatri.in/
ktr-government-s-47,S-47,WBTC,Government - NON AC,,,Eden City,Howrah Station,,,,23,kolkata-travel-router (GitHub),https://busjatri.in/
ktr-government-s-47a,S-47A,WBTC,Government - NON AC,,,Behala Airport,Howrah Station,,,,15,kolkata-travel-router (GitHub),https://busjatri.in/
ktr-government-ac-47,AC-47,WBTC,Government - AC,,,Shapoorji,Kudghat,,,,32,kolkata-travel-router (GitHub),https://busjatri.in/
ktr-government-ac-49,AC-49,WBTC,Government - AC,,,Amity University,Eden City,,,,40,kolkata-travel-router (GitHub),https://busjatri.in/
ktr-government-ac-50a,AC-50A,WBTC,Government - AC,,,Ballyhalt,Garia Bus Stand,,,,39,kolkata-travel-router (GitHub),https://busjatri.in/
ktr-government-ac-52,AC-52,WBTC,Government - AC,,,Amtala,Howrah Station,,,,25,kolkata-travel-router (GitHub),https://busjatri.in/
ktr-government-ac-54,AC-54,WBTC,Government - AC,,,Rathtala,Howrah Station,,,,13,kolkata-travel-router (GitHub),https://busjatri.in/
ktr-government-ac-55,AC-55,WBTC,Government - AC,,,Newtown,Barrackpore Station,,,,36,kolkata-travel-router (GitHub),https://busjatri.in/
ktr-government-s-57,S-57,WBTC,Government - NON AC,,,Ariadaha,Nabanna,,,,19,kolkata-travel-router (GitHub),https://busjatri.in/
ktr-government-s-58,S-58,WBTC,Government - NON AC,,,Barrackpore Court,Karunamoyee,,,,21,kolkata-travel-router (GitHub),https://busjatri.in/
ktr-government-s-61,S-61,WBTC,Government - NON AC,,,Achipur,BBD Bag,,,,22,kolkata-travel-router (GitHub),https://busjatri.in/
ktr-government-s-62,S-62,WBTC,Government - NON AC,,,Patuli,Ramnagar,,,,24,kolkata-travel-router (GitHub),https://busjatri.in/
ktr-government-s-63,S-63,WBTC,Government - NON AC,,,Behala 14 No,Metiabruz Ssp Hospital,,,,8,kolkata-travel-router (GitHub),https://busjatri.in/
ktr-government-s-64,S-64,WBTC,Government - NON AC,,,Naihati Station,Newtown,,,,47,kolkata-travel-router (GitHub),https://busjatri.in/
ktr-government-s-65,S-65,WBTC,Government - NON AC,,,Sealdah,Sankrail,,,,23,kolkata-travel-router (GitHub),https://busjatri.in/
ktr-government-s-66,S-66,WBTC,Government - NON AC,,,Choto Finga,Howrah Station,,,,22,kolkata-travel-router (GitHub),https://busjatri.in/
ktr-government-s-68,S-68,WBTC,Government - NON AC,,,Hazra,Hazra,,,,9,kolkata-travel-router (GitHub),https://busjatri.in/
ktr-private-as-3,AS-3,Private,Private - NON AC,,,Garia Station,Newtown,,,,16,kolkata-travel-router (GitHub),https://busjatri.in/
ktr-private-v-1,V-1,Private,Private - NON AC,,,Airport Terminal,Tollygunge Metro,,,,28,kolkata-travel-router (GitHub),https://busjatri.in/
ktr-government-vs-1,VS-1,WBTC,Government - AC,,,Airport Terminal,Esplanade,,,,18,kolkata-travel-router (GitHub),https://busjatri.in/
ktr-government-vs-2,VS-2,WBTC,Government - AC,,,Airport Terminal,Howrah Station,,,,17,kolkata-travel-router (GitHub),https://busjatri.in/
ktr-government-vs-6,VS-6,WBTC,Government - AC,,,Diamond Harbour,Esplanade,,,,24,kolkata-travel-router (GitHub),https://busjatri.in/
ktr-government-vs-10,VS-10,WBTC,Government - AC,,,Kudghat,Amity University,,,,30,kolkata-travel-router (GitHub),https://busjatri.in/
ktr-government-vs-14a,VS-14A,WBTC,Government - AC,,,Karunamoyee,Esplanade,,,,17,kolkata-travel-router (GitHub),https://busjatri.in/
ktr-government-vs-15,VS-15,WBTC,Government - AC,,,Amtala,Dakshineswar,,,,46,kolkata-travel-router (GitHub),https://busjatri.in/
ktr-government-vs-15a,VS-15A,WBTC,Government - AC,,,Amtala,Dakshineswar,,,,48,kolkata-travel-router (GitHub),https://busjatri.in/
ktr-government-st-6,ST-6,WBTC,Government - NON AC,,,Technopolis,Tollygunge Metro,,,,18,kolkata-travel-router (GitHub),https://busjatri.in/
ktr-government-st-7,ST-7,WBTC,Government - NON AC,,,Ultadanga,Shapoorji,,,,19,kolkata-travel-router (GitHub),https://busjatri.in/
ktr-government-st-21,ST-21,WBTC,Government - NON AC,,,Ultadanga,Kanmari Bazar,,,,26,kolkata-travel-router (GitHub),https://busjatri.in/
ktr-government-st-21a,ST-21A,WBTC,Government - NON AC,,,Howrah Station,Kanmari Bazar,,,,27,kolkata-travel-router (GitHub),https://busjatri.in/
ktr-government-st-22,ST-22,WBTC,Government - NON AC,,,Howrah Station,Basanti,,,,42,kolkata-travel-router (GitHub),https://busjatri.in/
ktr-government-st-22a,ST-22A,WBTC,Government - NON AC,,,Basanti,Howrah Station,,,,50,kolkata-travel-router (GitHub),https://busjatri.in/
ktr-government-st-24,ST-24,WBTC,Government - NON AC,,,Gadkhali,Howrah Station,,,,48,kolkata-travel-router (GitHub),https://busjatri.in/
ktr-government-st-29,ST-29,WBTC,Government - NON AC,,,Esplanade,Ramganga,,,,26,kolkata-travel-router (GitHub),https://busjatri.in/
ktr-government-st-26,ST-26,WBTC,Government - NON AC,,,Esplanade,Usthi,,,,20,kolkata-travel-router (GitHub),https://busjatri.in/
ktr-government-st-27,ST-27,WBTC,Government - NON AC,,,Esplanade,Kakdwip Bus Stand,,,,23,kolkata-travel-router (GitHub),https://busjatri.in/
ktr-government-st-28,ST-28,WBTC,Government - NON AC,,,Esplanade,Patharpratima,,,,29,kolkata-travel-router (GitHub),https://busjatri.in/
ktr-government-st-30,ST-30,WBTC,Government - NON AC,,,Burul,Esplanade,,,,24,kolkata-travel-router (GitHub),https://busjatri.in/
ktr-government-st-39,ST-39,WBTC,Government - NON AC,,,Nimpith,Esplanade,,,,39,kolkata-travel-router (GitHub),https://busjatri.in/
ktr-government-c-2a,C-2A,WBTC,Government - NON AC,,,Tollygunge Metro,Ghatakpukur,,,,23,kolkata-travel-router (GitHub),https://busjatri.in/
ktr-government-c-7,C-7,WBTC,Government - NON AC,,,HMG College,Howrah Station,,,,11,kolkata-travel-router (GitHub),https://busjatri.in/
ktr-government-c-11,C-11,WBTC,Government - NON AC,,,Domjur,BBD Bag,,,,17,kolkata-travel-router (GitHub),https://busjatri.in/
ktr-government-c-11-1,C-11/1,WBTC,Government - NON AC,,,Munshirhat,Howrah Station,,,,14,kolkata-travel-router (GitHub),https://busjatri.in/
ktr-government-c-14-1,C-14/1,WBTC,Government - NON AC,,,Madhyamgram,Tollygunge Metro,,,,33,kolkata-travel-router (GitHub),https://busjatri.in/
ktr-government-c-20,C-20,WBTC,Government - NON AC,,,Belgachia,Santragachi,,,,20,kolkata-travel-router (GitHub),https://busjatri.in/
ktr-government-c-23,C-23,WBTC,Government - NON AC,,,Dankuni Housing,Park Circus,,,,30,kolkata-travel-router (GitHub),https://busjatri.in/
ktr-government-c-23a,C-23A,WBTC,Government - NON AC,,,Airport Gate 1,Park Circus,,,,21,kolkata-travel-router (GitHub),https://busjatri.in/
ktr-government-c-24,C-24,WBTC,Government - NON AC,,,Ghasbagan,Rajabazar,,,,8,kolkata-travel-router (GitHub),https://busjatri.in/
ktr-government-c-26,C-26,WBTC,Government - NON AC,,,Baruipur,Howrah Station,,,,35,kolkata-travel-router (GitHub),https://busjatri.in/
ktr-government-c-26a,C-26A,WBTC,Government - NON AC,,,Kamalgazi,Howrah Station,,,,25,kolkata-travel-router (GitHub),https://busjatri.in/
ktr-government-c-28,C-28,WBTC,Government - NON AC,,,Barrackpore Chiria,Howrah Station,,,,18,kolkata-travel-router (GitHub),https://busjatri.in/
ktr-government-c-29,C-29,WBTC,Government - NON AC,,,Barasat Chapadali,Barrackpore Court,,,,16,kolkata-travel-router (GitHub),https://busjatri.in/
ktr-government-c-37,C-37,WBTC,Government - NON AC,,,Amtala,Howrah Station,,,,22,kolkata-travel-router (GitHub),https://busjatri.in/
ktr-government-c-38,C-38,WBTC,Government - NON AC,,,Joka Depot,Howrah Station,,,,18,kolkata-travel-router (GitHub),https://busjatri.in/
ktr-government-c-39,C-39,WBTC,Government - NON AC,,,Rajabazar,Nabanna,,,,12,kolkata-travel-router (GitHub),https://busjatri.in/
ktr-government-c-42,C-42,WBTC,Government - NON AC,,,Barasat Chapadali,Howrah Station,,,,22,kolkata-travel-router (GitHub),https://busjatri.in/
ktr-government-c-48,C-48,WBTC,Government - NON AC,,,Barasat Chapadali,Baruipur,,,,44,kolkata-travel-router (GitHub),https://busjatri.in/
ktr-government-d-1a,D-1A,WBTC,Government - NON AC,,,Barasat Chapadali,Tollygunge Metro,,,,33,kolkata-travel-router (GitHub),https://busjatri.in/
ktr-government-d-2,D-2,WBTC,Government - NON AC,,,Habra Station,Naihati Station,,,,17,kolkata-travel-router (GitHub),https://busjatri.in/
ktr-government-d-8,D-8,WBTC,Government - NON AC,,,Barasat Chapadali,Baduria,,,,12,kolkata-travel-router (GitHub),https://busjatri.in/
ktr-government-d-10,D-10,WBTC,Government - NON AC,,,Barasat Chapadali,Amtala,,,,47,kolkata-travel-router (GitHub),https://busjatri.in/
ktr-government-d-11,D-11,WBTC,Government - NON AC,,,Esplanade,Baduria,,,,30,kolkata-travel-router (GitHub),https://busjatri.in/
ktr-government-d-20,D-20,WBTC,Government - NON AC,,,Basirhat,Esplanade,,,,39,kolkata-travel-router (GitHub),https://busjatri.in/
ktr-government-d-21,D-21,WBTC,Government - NON AC,,,Esplanade,Nazat,,,,32,kolkata-travel-router (GitHub),https://busjatri.in/
ktr-government-d-23,D-23,WBTC,Government - NON AC,,,Esplanade,Kaijuri Bazar,,,,15,kolkata-travel-router (GitHub),https://busjatri.in/
ktr-government-d-28,D-28,WBTC,Government - NON AC,,,Esplanade,Chakla,,,,32,kolkata-travel-router (GitHub),https://busjatri.in/
ktr-government-d-32,D-32,WBTC,Government - NON AC,,,Barasat Chapadali,Samshernagar,,,,18,kolkata-travel-router (GitHub),https://busjatri.in/
ktr-government-d-34,D-34,WBTC,Government - NON AC,,,Barasat Chapadali,Hemnagar,,,,17,kolkata-travel-router (GitHub),https://busjatri.in/
ktr-government-d-35,D-35,WBTC,Government - NON AC,,,Rajabazar,Ghatakpukur,,,,25,kolkata-travel-router (GitHub),https://busjatri.in/
ktr-government-e-6,E-6,WBTC,Government - NON AC,,,Esplanade,Amta,,,,8,kolkata-travel-router (GitHub),https://busjatri.in/
ktr-government-e-7,E-7,WBTC,Government - NON AC,,,Esplanade,Bagnan,,,,9,kolkata-travel-router (GitHub),https://busjatri.in/
ktr-government-e-12,E-12,WBTC,Government - NON AC,,,Esplanade,Udaynarayanpur,,,,10,kolkata-travel-router (GitHub),https://busjatri.in/
ktr-government-e-13,E-13,WBTC,Government - NON AC,,,Esplanade,Jangipara,,,,8,kolkata-travel-router (GitHub),https://busjatri.in/
ktr-government-e-14,E-14,WBTC,Government - NON AC,,,Esplanade,Furfura Sharif,,,,11,kolkata-travel-router (GitHub),https://busjatri.in/
ktr-government-e-15,E-15,WBTC,Government - NON AC,,,Esplanade,Gadiara,,,,11,kolkata-travel-router (GitHub),https://busjatri.in/
ktr-government-e-17,E-17,WBTC,Government - NON AC,,,Barasat Chapadali,Digha,,,,23,kolkata-travel-router (GitHub),https://busjatri.in/
ktr-government-e-17-1,E-17/1,WBTC,Government - NON AC,,,Barasat Chapadali,Digha,,,,22,kolkata-travel-router (GitHub),https://busjatri.in/
ktr-government-e-18,E-18,WBTC,Government - NON AC,,,Esplanade,Dhamakhali,,,,28,kolkata-travel-router (GitHub),https://busjatri.in/
ktr-government-e-19,E-19,WBTC,Government - NON AC,,,Habra Station,Digha,,,,25,kolkata-travel-router (GitHub),https://busjatri.in/
ktr-government-e-21,E-21,WBTC,Government - NON AC,,,Esplanade,Shikharpur,,,,11,kolkata-travel-router (GitHub),https://busjatri.in/
ktr-government-e-22,E-22,WBTC,Government - NON AC,,,Esplanade,Karimpur,,,,10,kolkata-travel-router (GitHub),https://busjatri.in/
ktr-government-e-24,E-24,WBTC,Government - NON AC,,,Esplanade,Palashipara,,,,11,kolkata-travel-router (GitHub),https://busjatri.in/
ktr-government-e-28,E-28,WBTC,Government - NON AC,,,Esplanade,Bakshi,,,,10,kolkata-travel-router (GitHub),https://busjatri.in/
ktr-government-e-29,E-29,WBTC,Government - NON AC,,,Esplanade,Fatikgachi,,,,6,kolkata-travel-router (GitHub),https://busjatri.in/
ktr-government-e-31,E-31,WBTC,Government - NON AC,,,Esplanade,Garh Bhowanipore,,,,11,kolkata-travel-router (GitHub),https://busjatri.in/
ktr-government-e-31-1,E-31/1,WBTC,Government - NON AC,,,Howrah Station,Jhikira,,,,15,kolkata-travel-router (GitHub),https://busjatri.in/
ktr-government-e-32-1,E-32,WBTC,Government - NON AC,,,Esplanade,Aantpur,,,,7,kolkata-travel-router (GitHub),https://busjatri.in/
ktr-government-e-35,E-35,WBTC,Government - NON AC,,,Esplanade,Jayrambati,,,,9,kolkata-travel-router (GitHub),https://busjatri.in/
ktr-government-e-36,E-36,WBTC,Government - NON AC,,,Habra Station,Santragachi,,,,12,kolkata-travel-router (GitHub),https://busjatri.in/
ktr-government-e-36-spl,E-36 Spl,WBTC,Government - NON AC,,,Barasat Chapadali,Santragachi,,,,35,kolkata-travel-router (GitHub),https://busjatri.in/
ktr-government-e-36a-shuttle,E-36A Shuttle,WBTC,Government - NON AC,,,Habra Depot,Park Circus,,,,31,kolkata-travel-router (GitHub),https://busjatri.in/
ktr-government-e-36a-spl,E-36A Spl,WBTC,Government - NON AC,,,Barasat Chapadali,Santragachi,,,,37,kolkata-travel-router (GitHub),https://busjatri.in/
ktr-government-e-40b,E-40B,WBTC,Government - NON AC,,,Joka Depot,Digha,,,,25,kolkata-travel-router (GitHub),https://busjatri.in/
ktr-government-e-41,E-41,WBTC,Government - NON AC,,,Habra Station,Asansol,,,,13,kolkata-travel-router (GitHub),https://busjatri.in/
ktr-government-e-44-1,E-44,WBTC,Government - NON AC,,,Esplanade,Radhanagar,,,,8,kolkata-travel-router (GitHub),https://busjatri.in/
ktr-government-e-45,E-45,WBTC,Government - NON AC,,,Joka Depot,Digha,,,,22,kolkata-travel-router (GitHub),https://busjatri.in/
ktr-government-e-47,E-47,WBTC,Government - NON AC,,,Howrah Station,Nahata,,,,40,kolkata-travel-router (GitHub),https://busjatri.in/
ktr-government-e-51,E-51,WBTC,Government - NON AC,,,Esplanade,Bisunupur,,,,10,kolkata-travel-router (GitHub),https://busjatri.in/
ktr-government-e-51a,E-51A,WBTC,Government - NON AC,,,Habra Station,Bishnupur,,,,12,kolkata-travel-router (GitHub),https://busjatri.in/
ktr-government-e-54,E-54,WBTC,Government - NON AC,,,Serampore,Digha,,,,23,kolkata-travel-router (GitHub),https://busjatri.in/
ktr-government-e-57,E-57,WBTC,Government - NON AC,,,Esplanade,Karimpur,,,,19,kolkata-travel-router (GitHub),https://busjatri.in/
ktr-government-e-59,E-59,WBTC,Government - NON AC,,,Naihati Station,Digha,,,,27,kolkata-travel-router (GitHub),https://busjatri.in/
ktr-government-e-61,E-61,WBTC,Government - NON AC,,,Habra Depot,Bakkhali,,,,42,kolkata-travel-router (GitHub),https://busjatri.in/
ktr-government-e-61a,E-61A,WBTC,Government - NON AC,,,Habra Depot,Namkhana,,,,39,kolkata-travel-router (GitHub),https://busjatri.in/
ktr-government-e-62,E-62,WBTC,Government - NON AC,,,Esplanade,Sitalia,,,,16,kolkata-travel-router (GitHub),https://busjatri.in/
ktr-government-e-66,E-66,WBTC,Government - NON AC,,,Habra Depot,Rampurhat,,,,28,kolkata-travel-router (GitHub),https://busjatri.in/
ktr-government-e-67,E-67,WBTC,Government - NON AC,,,Habra Depot,Purulia,,,,29,kolkata-travel-router (GitHub),https://busjatri.in/
ktr-government-e-67a,E-67A,WBTC,Government - NON AC,,,Habra Depot,Bankura,,,,21,kolkata-travel-router (GitHub),https://busjatri.in/
ktr-government-e-68,E-68,WBTC,Government - NON AC,,,Habra Depot,Haldia,,,,28,kolkata-travel-router (GitHub),https://busjatri.in/
ktr-government-e-70,E-70,WBTC,Government - NON AC,,,Habra Depot,Jhargram,4:20 AM,9:25 AM,Rs. 172,30,kolkata-travel-router (GitHub),https://busjatri.in/
ktr-government-e-70a,E-70A,WBTC,Government - NON AC,,,Habra Depot,Midnapore Town,,,,25,kolkata-travel-router (GitHub),https://busjatri.in/
ktr-government-e-71,E-71,WBTC,Government - NON AC,,,Esplanade,Udaynarayanpur,,,,11,kolkata-travel-router (GitHub),https://busjatri.in/
ktr-government-e-72,E-72,WBTC,Government - NON AC,,,Esplanade,Jangipara,,,,9,kolkata-travel-router (GitHub),https://busjatri.in/
ktr-government-e-73,E-73,WBTC,Government - NON AC,,,Howrah Station,Basirhat,,,,15,kolkata-travel-router (GitHub),https://busjatri.in/
ktr-government-e-74,E-74,WBTC,Government - NON AC,,,Esplanade,Basubati Darbar Sharif,,,,16,kolkata-travel-router (GitHub),https://busjatri.in/
ktr-government-e-75,E-75,WBTC,Government - NON AC,,,Barasat Chapadali,Ghatakpukur,,,,10,kolkata-travel-router (GitHub),https://busjatri.in/
ktr-government-e-76,E-76,WBTC,Government - NON AC,,,Habra Station,Kalyani Aiims,,,,9,kolkata-travel-router (GitHub),https://busjatri.in/
ktr-government-e-77,E-77,WBTC,Government - NON AC,,,Esplanade,Sukanta Park,,,,10,kolkata-travel-router (GitHub),https://busjatri.in/
ktr-private-t-1a,T-1A,Private,Private - NON AC,,,Dhulagarh,Sinthi,,,,28,kolkata-travel-router (GitHub),https://busjatri.in/
ktr-private-t-2,T-2,Private,Private - NON AC,,,Mandirtala,BBD Bag,,,,8,kolkata-travel-router (GitHub),https://busjatri.in/
ktr-private-t-3,T-3,Private,Private - NON AC,,,Ghatakpukur,Rajabazar,,,,15,kolkata-travel-router (GitHub),https://busjatri.in/
ktr-private-t-8,T-8,Private,Private - NON AC,,,Tikiapara,BBD Bag,,,,13,kolkata-travel-router (GitHub),https://busjatri.in/
ktr-private-t-10,T-10,Private,Private - NON AC,,,Chaital Ghat,Rajabazar,,,,10,kolkata-travel-router (GitHub),https://busjatri.in/
ktr-private-t-10-1,T-10/1,Private,Private - NON AC,,,Bhebia Chowrasta,Rajabazar,,,,11,kolkata-travel-router (GitHub),https://busjatri.in/
ktr-private-t-11,T-11,Private,Private - NON AC,,,Haroa Bazar,Esplanade,,,,17,kolkata-travel-router (GitHub),https://busjatri.in/
ktr-private-t-12,T-12,Private,Private - NON AC,,,Chaital Ghat,Howrah Station,,,,11,kolkata-travel-router (GitHub),https://busjatri.in/
ktr-private-t-13,T-13,Private,Private - NON AC,,,Jibantala,Esplanade,,,,10,kolkata-travel-router (GitHub),https://busjatri.in/
ktr-government-act-4,ACT-4,WBTC,Government - AC,,,Barasat Chapadali,Karunamoyee,,,,20,kolkata-travel-router (GitHub),https://busjatri.in/
ktr-government-act-5,ACT-5,WBTC,Government - AC,,,Barasat Chapadali,Digha,,,,30,kolkata-travel-router (GitHub),https://busjatri.in/
ktr-government-act-8,ACT-8,WBTC,Government - AC,,,Habra Depot,Digha,,,,39,kolkata-travel-router (GitHub),https://busjatri.in/
ktr-government-act-10,ACT-10,WBTC,Government - AC,,,Barasat Chapadali,Asansol,,,,10,kolkata-travel-router (GitHub),https://busjatri.in/
ktr-government-c-1,C,WBTC,Government - NON AC,,,Howrah Maidan,Park Street,,,,6,kolkata-travel-router (GitHub),https://busjatri.in/
ktr-private-1-1,1,Private,Private - NON AC,,,Mukundapur,Ramnagar,,,,20,kolkata-travel-router (GitHub),https://busjatri.in/
ktr-private-1a-1,1A,Private,Private - NON AC,,,Mukundapur,Ramnagar,,,,20,kolkata-travel-router (GitHub),https://busjatri.in/
ktr-private-1b-1,1B,Private,Private - NON AC,,,Nayabad,Ramnagar,,,,22,kolkata-travel-router (GitHub),https://busjatri.in/
ktr-private-3b-1,3B,Private,Private - NON AC,,,Milk Colony,New Alipore,,,,23,kolkata-travel-router (GitHub),https://busjatri.in/
ktr-private-3c-1-1,3C/1,Private,Private - NON AC,,,Nager Bazar,Anandapur,,,,31,kolkata-travel-router (GitHub),https://busjatri.in/
ktr-private-3d-1,3D,Private,Private - NON AC,,,Milk Colony,Sakher Bazar,,,,25,kolkata-travel-router (GitHub),https://busjatri.in/
ktr-private-12-3,12,Private,Private - NON AC,,,Rajabazar,Badartala,,,,23,kolkata-travel-router (GitHub),https://busjatri.in/
ktr-private-12-4,12,Private,Private - NON AC,,,Esplanade,Badartala,,,,13,kolkata-travel-router (GitHub),https://busjatri.in/
ktr-private-12-1-2,12/1,Private,Private - NON AC,,,Rajabazar,Ramnagar,,,,22,kolkata-travel-router (GitHub),https://busjatri.in/
ktr-private-12a-1,12A,Private,Private - NON AC,,,Howrah Station,Badartala,,,,18,kolkata-travel-router (GitHub),https://busjatri.in/
ktr-private-12ad-1,12AD,Private,Private - NON AC,,,Howrah Station,Akra Fatak,,,,16,kolkata-travel-router (GitHub),https://busjatri.in/
ktr-private-12b-1,12B,Private,Private - NON AC,,,Esplanade,Kamal Talkies,,,,12,kolkata-travel-router (GitHub),https://busjatri.in/
ktr-private-12c-3,12C,Private,Private - NON AC,,,Howrah Station,Pailan,,,,19,kolkata-travel-router (GitHub),https://busjatri.in/
ktr-private-12c-1-1,12C/1,Private,Private - NON AC,,,Howrah Station,Shibrampur,,,,18,kolkata-travel-router (GitHub),https://busjatri.in/
ktr-private-12c-2-1,12C/2,Private,Private - NON AC,,,Howrah Station,Aquatica,,,,19,kolkata-travel-router (GitHub),https://busjatri.in/
ktr-private-12c-1a-1,12C/1A,Private,Private - NON AC,,,Howrah Station,Pailan,,,,17,kolkata-travel-router (GitHub),https://busjatri.in/
ktr-private-12c-1b-1,12C/1B,Private,Private - NON AC,,,Howrah Station,Pailan,,,,21,kolkata-travel-router (GitHub),https://busjatri.in/
ktr-private-13-2,13,Private,Private - NON AC,,,Sealdah,Parnasree,,,,17,kolkata-travel-router (GitHub),https://busjatri.in/
ktr-private-13a-2,13A,Private,Private - NON AC,,,BBD Bag,SM Nagar,,,,16,kolkata-travel-router (GitHub),https://busjatri.in/
ktr-private-13c-2,13C,Private,Private - NON AC,,,Baghajatin,Old Dakghar,,,,20,kolkata-travel-router (GitHub),https://busjatri.in/
ktr-private-17-2,17,Private,Private - NON AC,,,Howrah Station,Chetla Park,,,,14,kolkata-travel-router (GitHub),https://busjatri.in/
ktr-private-18a-2,18A,Private,Private - NON AC,,,Howrah Station,Greenfield City,,,,16,kolkata-travel-router (GitHub),https://busjatri.in/
ktr-private-18b-1-1,18B/1,Private,Private - NON AC,,,China Mandir,Dakghar,,,,22,kolkata-travel-router (GitHub),https://busjatri.in/
ktr-private-18c-1,18C,Private,Private - NON AC,,,Anandapur,Kestor,,,,19,kolkata-travel-router (GitHub),https://busjatri.in/
ktr-private-18d-1,18D,Private,Private - NON AC,,,Howrah Station,Suryasen Nagar,,,,15,kolkata-travel-router (GitHub),https://busjatri.in/
ktr-private-21-2,21,Private,Private - NON AC,,,Sealdah,Barisha,,,,20,kolkata-travel-router (GitHub),https://busjatri.in/
ktr-private-21-1-1,21/1,Private,Private - NON AC,,,Sealdah,Barisha,,,,20,kolkata-travel-router (GitHub),https://busjatri.in/
ktr-private-23-2,23,Private,Private - NON AC,,,Boalghata,Barasat Chapadali,,,,12,kolkata-travel-router (GitHub),https://busjatri.in/
ktr-private-24-1,24,Private,Private - NON AC,,,Bandha Ghat,Topsia,,,,13,kolkata-travel-router (GitHub),https://busjatri.in/
ktr-private-24a-2,24A,Private,Private - NON AC,,,Bandha Ghat,Topsia,,,,16,kolkata-travel-router (GitHub),https://busjatri.in/
ktr-private-24a-1-1,24A/1,Private,Private - NON AC,,,Howrah Fire Station,Mukundapur,,,,20,kolkata-travel-router (GitHub),https://busjatri.in/
ktr-private-24b-1,24B,Private,Private - NON AC,,,Howrah Station,Sealdah,,,,5,kolkata-travel-router (GitHub),https://busjatri.in/
ktr-private-28-1,28,Private,Private - NON AC,,,Howrah Station,Sealdah,,,,5,kolkata-travel-router (GitHub),https://busjatri.in/
ktr-private-30a-1,30A,Private,Private - NON AC,,,Esplanade,Sinthi,,,,10,kolkata-travel-router (GitHub),https://busjatri.in/
ktr-private-30b-1,30B,Private,Private - NON AC,,,Babughat,Gouripur,,,,18,kolkata-travel-router (GitHub),https://busjatri.in/
ktr-private-30c-2,30C,Private,Private - NON AC,,,Babughat,Hatiara,,,,21,kolkata-travel-router (GitHub),https://busjatri.in/
ktr-private-30c-1-1,30C/1,Private,Private - NON AC,,,Babughat,Hatiara,,,,19,kolkata-travel-router (GitHub),https://busjatri.in/
ktr-private-30d-1,30D,Private,Private - NON AC,,,Babughat,Dumdum Canton,,,,19,kolkata-travel-router (GitHub),https://busjatri.in/
ktr-private-32a-1,32A,Private,Private - NON AC,,,Sector V,Dakshineswar,,,,20,kolkata-travel-router (GitHub),https://busjatri.in/
ktr-private-34c-1,34C,Private,Private - NON AC,,,Esplanade,Noapara,,,,13,kolkata-travel-router (GitHub),https://busjatri.in/
ktr-private-37-1,37,Private,Private - NON AC,,,Howrah Station,Dhakuria,,,,19,kolkata-travel-router (GitHub),https://busjatri.in/
ktr-private-37a-1,37A,Private,Private - NON AC,,,Howrah Station,Dhakuria,,,,15,kolkata-travel-router (GitHub),https://busjatri.in/
ktr-private-39-1,39,Private,Private - NON AC,,,High Court,Picnic Garden,,,,13,kolkata-travel-router (GitHub),https://busjatri.in/
ktr-private-39a-2-1,39A/2,Private,Private - NON AC,,,Howrah Station,VIP Bazar,,,,12,kolkata-travel-router (GitHub),https://busjatri.in/
ktr-private-40a-1,40A,Private,Private - NON AC,,,Babughat,Julpia,,,,23,kolkata-travel-router (GitHub),https://busjatri.in/
ktr-private-40b-1,40B,Private,Private - NON AC,,,Babughat,Thakurpukur,,,,17,kolkata-travel-router (GitHub),https://busjatri.in/
ktr-private-41-1,41,Private,Private - NON AC,,,Howrah Station,Layalka,,,,19,kolkata-travel-router (GitHub),https://busjatri.in/
ktr-private-41b-1,41B,Private,Private - NON AC,,,Howrah Station,Netaji Nagar,,,,16,kolkata-travel-router (GitHub),https://busjatri.in/
ktr-private-42a-1,42A,Private,Private - NON AC,,,Bichali Ghat,Picnic Garden,,,,19,kolkata-travel-router (GitHub),https://busjatri.in/
ktr-private-42b-1,42B,Private,Private - NON AC,,,Bichali Ghat,Anandapur,,,,20,kolkata-travel-router (GitHub),https://busjatri.in/
ktr-private-43-1,43,Private,Private - NON AC,,,Esplanade,Dakshineswar,,,,16,kolkata-travel-router (GitHub),https://busjatri.in/
ktr-private-44-2,44,Private,Private - NON AC,,,Howrah Station,Baguiati,,,,14,kolkata-travel-router (GitHub),https://busjatri.in/
ktr-private-44-1-1,44/1,Private,Private - NON AC,,,Howrah Station,Baguiati,,,,14,kolkata-travel-router (GitHub),https://busjatri.in/
ktr-private-44a-1,44A,Private,Private - NON AC,,,Howrah Station,Sector V,,,,18,kolkata-travel-router (GitHub),https://busjatri.in/
ktr-private-45-1,45,Private,Private - NON AC,,,Baisnabghata,Airport Gate 1,,,,27,kolkata-travel-router (GitHub),https://busjatri.in/
ktr-private-45a-1,45A,Private,Private - NON AC,,,Garia Station,Airport Gate 1,,,,29,kolkata-travel-router (GitHub),https://busjatri.in/
ktr-private-45b-1,45B,Private,Private - NON AC,,,Garia Station,Beleghata Building,,,,24,kolkata-travel-router (GitHub),https://busjatri.in/
ktr-private-46-1,46,Private,Private - NON AC,,,Esplanade,Airport Gate 1,,,,20,kolkata-travel-router (GitHub),https://busjatri.in/
ktr-private-46a-1,46A,Private,Private - NON AC,,,Esplanade,Jagardanga,,,,19,kolkata-travel-router (GitHub),https://busjatri.in/
ktr-private-46b-1,46B,Private,Private - NON AC,,,Esplanade,Moonbeam,,,,19,kolkata-travel-router (GitHub),https://busjatri.in/
ktr-private-47-1-1,47/1,Private,Private - NON AC,,,Rajabazar,Tollygunge Metro,,,,17,kolkata-travel-router (GitHub),https://busjatri.in/
ktr-private-47b-1,47B,Private,Private - NON AC,,,Dhanmath,Laketown,,,,33,kolkata-travel-router (GitHub),https://busjatri.in/
ktr-private-51-1,51,Private,Private - NON AC,,,Howrah Station,Pardankuni,,,,13,kolkata-travel-router (GitHub),https://busjatri.in/
ktr-private-52-1,52,Private,Private - NON AC,,,Esplanade,Ramrajatala,,,,12,kolkata-travel-router (GitHub),https://busjatri.in/
ktr-private-54-1,54,Private,Private - NON AC,,,Esplanade,Ballykhal,,,,11,kolkata-travel-router (GitHub),https://busjatri.in/
ktr-private-55-1,55,Private,Private - NON AC,,,Esplanade,B Garden,,,,10,kolkata-travel-router (GitHub),https://busjatri.in/
ktr-private-55a-1,55A,Private,Private - NON AC,,,Esplanade,Shibpur Td,,,,6,kolkata-travel-router (GitHub),https://busjatri.in/
ktr-private-56-1,56,Private,Private - NON AC,,,Howrah Station,Ruiya Purbapara,,,,17,kolkata-travel-router (GitHub),https://busjatri.in/
ktr-private-57-1,57,Private,Private - NON AC,,,Esplanade,Kona,,,,9,kolkata-travel-router (GitHub),https://busjatri.in/
ktr-private-57a-1,57A,Private,Private - NON AC,,,Howrah Station,Chanditala,,,,15,kolkata-travel-router (GitHub),https://busjatri.in/
ktr-private-59-1,59,Private,Private - NON AC,,,Esplanade,Bakultala,,,,12,kolkata-travel-router (GitHub),https://busjatri.in/
ktr-private-61-1,61,Private,Private - NON AC,,,Howrah Station,Alampur,,,,15,kolkata-travel-router (GitHub),https://busjatri.in/
ktr-private-63-1,63,Private,Private - NON AC,,,Howrah Station,Domjur,,,,15,kolkata-travel-router (GitHub),https://busjatri.in/
ktr-private-64-1,64,Private,Private - NON AC,,,Kulgachia,Tulshiberia,,,,4,kolkata-travel-router (GitHub),https://busjatri.in/
ktr-private-67-1,67,Private,Private - NON AC,,,Shibgunge,Bagnan,,,,16,kolkata-travel-router (GitHub),https://busjatri.in/
ktr-private-67a-1,67A,Private,Private - NON AC,,,Gadiara,Bagnan,,,,17,kolkata-travel-router (GitHub),https://busjatri.in/
ktr-private-67b-1,67B,Private,Private - NON AC,,,58 Gate,Bagnan,,,,16,kolkata-travel-router (GitHub),https://busjatri.in/
ktr-private-68-1,68,Private,Private - NON AC,,,Kamalpur,Bagnan,,,,14,kolkata-travel-router (GitHub),https://busjatri.in/
ktr-private-69-1,69,Private,Private - NON AC,,,Howrah Station,Sankrail,,,,15,kolkata-travel-router (GitHub),https://busjatri.in/
ktr-private-70-1,70,Private,Private - NON AC,,,Uluberia,Amta,,,,8,kolkata-travel-router (GitHub),https://busjatri.in/
ktr-private-71-1,71,Private,Private - NON AC,,,Rajabazar,Howrah Maidan,,,,7,kolkata-travel-router (GitHub),https://busjatri.in/
ktr-private-72-2,72,Private,Private - NON AC,,,Park Circus,Dumurjola,,,,15,kolkata-travel-router (GitHub),https://busjatri.in/
ktr-private-72-3,72,Private,Private - NON AC,,,Nazat,Basirhat,,,,9,kolkata-travel-router (GitHub),https://busjatri.in/
ktr-private-72a-1,72A,Private,Private - NON AC,,,Dhamakhali,Basirhat,,,,11,kolkata-travel-router (GitHub),https://busjatri.in/
ktr-private-73-2,73,Private,Private - NON AC,,,Esplanade,Dasnagar,,,,11,kolkata-travel-router (GitHub),https://busjatri.in/
ktr-private-73-3,73,Private,Private - NON AC,,,Naihati Station,Habra Station,,,,15,kolkata-travel-router (GitHub),https://busjatri.in/
ktr-private-75-2,75,Private,Private - NON AC,,,Esplanade,Kadamtala,,,,8,kolkata-travel-router (GitHub),https://busjatri.in/
ktr-private-75-3,75,Private,Private - NON AC,,,Babughat,Raipur,,,,23,kolkata-travel-router (GitHub),https://busjatri.in/
ktr-private-76-1,76,Private,Private - NON AC,,,Bagnan,Amta,,,,7,kolkata-travel-router (GitHub),https://busjatri.in/
ktr-private-77-1,77,Private,Private - NON AC,,,Sankrail,Amta,,,,8,kolkata-travel-router (GitHub),https://busjatri.in/
ktr-private-77a-2,77A,Private,Private - NON AC,,,Esplanade,Batanagar,,,,17,kolkata-travel-router (GitHub),https://busjatri.in/
ktr-private-77a-3,77A,Private,Private - NON AC,,,Esplanade,Birlapur,,,,22,kolkata-travel-router (GitHub),https://busjatri.in/
ktr-private-78-2,78,Private,Private - NON AC,,,Esplanade,Barrackpore Court,,,,20,kolkata-travel-router (GitHub),https://busjatri.in/
ktr-private-78-3,78,Private,Private - NON AC,,,Joypur,Bagnan,,,,8,kolkata-travel-router (GitHub),https://busjatri.in/
ktr-private-78-1-3,78/1,Private,Private - NON AC,,,Babughat,Rahara Bazar,,,,23,kolkata-travel-router (GitHub),https://busjatri.in/
ktr-private-78-1-4,78/1,Private,Private - NON AC,,,Babughat,Mohishpota,,,,24,kolkata-travel-router (GitHub),https://busjatri.in/
ktr-private-79-1,79,Private,Private - NON AC,,,Dunlop,Panchla,,,,14,kolkata-travel-router (GitHub),https://busjatri.in/
ktr-private-79b-1,79B,Private,Private - NON AC,,,Bagbazar,Barasat Chapadali,,,,19,kolkata-travel-router (GitHub),https://busjatri.in/
ktr-private-79d-1,79D,Private,Private - NON AC,,,Babughat,Madhyamgram,,,,25,kolkata-travel-router (GitHub),https://busjatri.in/
ktr-private-80-1,80,Private,Private - NON AC,,,Howrah Station,Chunavati,,,,11,kolkata-travel-router (GitHub),https://busjatri.in/
ktr-private-80a-1,80A,Private,Private - NON AC,,,Esplanade,Garia Metro,,,,15,kolkata-travel-router (GitHub),https://busjatri.in/
ktr-private-80b-1,80B,Private,Private - NON AC,,,Esplanade,Garia Metro,,,,16,kolkata-travel-router (GitHub),https://busjatri.in/
ktr-private-81-2,81,Private,Private - NON AC,,,Fishery Gate,Barasat Chapadali,,,,16,kolkata-travel-router (GitHub),https://busjatri.in/
ktr-private-81-1-1,81/1,Private,Private - NON AC,,,Rajchandrapur,Barasat Chapadali,,,,23,kolkata-travel-router (GitHub),https://busjatri.in/
ktr-private-83-1,83,Private,Private - NON AC,,,Babughat,Falta,,,,27,kolkata-travel-router (GitHub),https://busjatri.in/
ktr-private-85-1,85,Private,Private - NON AC,,,Barrackpore Court,Kanchrapara,,,,15,kolkata-travel-router (GitHub),https://busjatri.in/
ktr-private-87-1,87,Private,Private - NON AC,,,Jaguli,Barasat Chapadali,,,,15,kolkata-travel-router (GitHub),https://busjatri.in/
ktr-private-87a-1,87A,Private,Private - NON AC,,,Naihati Station,Barasat Chapadali,,,,15,kolkata-travel-router (GitHub),https://busjatri.in/
ktr-private-88-1,88,Private,Private - NON AC,,,Kanchrapara,Barasat Chapadali,,,,19,kolkata-travel-router (GitHub),https://busjatri.in/
ktr-private-89-1,89,Private,Private - NON AC,,,Jumainaskar Hat,Lakshmikantapur Station,,,,14,kolkata-travel-router (GitHub),https://busjatri.in/
ktr-private-91-1,91,Private,Private - NON AC,,,Bhangore,Shyambazar,,,,29,kolkata-travel-router (GitHub),https://busjatri.in/
ktr-private-91a-1,91A,Private,Private - NON AC,,,Haroa Bridge,Shyambazar,,,,29,kolkata-travel-router (GitHub),https://busjatri.in/
ktr-private-91c-1,91C,Private,Private - NON AC,,,Lauhati,Shyambazar,,,,21,kolkata-travel-router (GitHub),https://busjatri.in/
ktr-private-92-1,92,Private,Private - NON AC,,,Boyra,Bongaon,,,,12,kolkata-travel-router (GitHub),https://busjatri.in/
ktr-private-92a-1,92A,Private,Private - NON AC,,,Duttaphulia,Bongaon,,,,12,kolkata-travel-router (GitHub),https://busjatri.in/
ktr-private-93-1,93,Private,Private - NON AC,,,Bagbazar,Kharibari,,,,25,kolkata-travel-router (GitHub),https://busjatri.in/
ktr-private-95-1,95,Private,Private - NON AC,,,Habra Station,Bongaon,,,,14,kolkata-travel-router (GitHub),https://busjatri.in/
ktr-private-96c-2,96C,Private,Private - NON AC,,,Duttaphulia,Bongaon,,,,11,kolkata-travel-router (GitHub),https://busjatri.in/
ktr-private-96c-3,96C,Private,Private - NON AC,,,Beri Gopalpur,Bongaon,,,,10,kolkata-travel-router (GitHub),https://busjatri.in/
ktr-private-201-1,201,Private,Private - NON AC,,,Mahishbathan,Nimta Bazar,,,,22,kolkata-travel-router (GitHub),https://busjatri.in/
ktr-private-202-1,202,Private,Private - NON AC,,,Science City,Nager Bazar,,,,14,kolkata-travel-router (GitHub),https://busjatri.in/
ktr-private-205-1,205,Private,Private - NON AC,,,Babughat,Bansdroni,,,,15,kolkata-travel-router (GitHub),https://busjatri.in/
ktr-private-205a-1,205A,Private,Private - NON AC,,,Babughat,Bansdroni,,,,19,kolkata-travel-router (GitHub),https://busjatri.in/
ktr-private-208-1,208,Private,Private - NON AC,,,Howrah Station,Kudghat,,,,14,kolkata-travel-router (GitHub),https://busjatri.in/
ktr-private-210-1,210,Private,Private - NON AC,,,Esplanade,Raichak,,,,22,kolkata-travel-router (GitHub),https://busjatri.in/
ktr-private-211-3,211,Private,Private - NON AC,,,Kharibari,Ahiritola,,,,21,kolkata-travel-router (GitHub),https://busjatri.in/
ktr-private-211-4,211,Private,Private - NON AC,,,Patharghata,Ahiritola,,,,21,kolkata-travel-router (GitHub),https://busjatri.in/
ktr-private-211-5,211,Private,Private - NON AC,,,Kanchkol,Ahiritola,,,,24,kolkata-travel-router (GitHub),https://busjatri.in/
ktr-private-211a-1,211A,Private,Private - NON AC,,,Langolpota,Ahiritola,,,,21,kolkata-travel-router (GitHub),https://busjatri.in/
ktr-private-211b-1,211B,Private,Private - NON AC,,,Shikharpur,Ahiritola,,,,21,kolkata-travel-router (GitHub),https://busjatri.in/
ktr-private-212-1,212,Private,Private - NON AC,,,Howrah Station,Palbazar,,,,19,kolkata-travel-router (GitHub),https://busjatri.in/
ktr-private-213-1,213,Private,Private - NON AC,,,Babughat,Ghatakpukur,,,,19,kolkata-travel-router (GitHub),https://busjatri.in/
ktr-private-213a-1,213A,Private,Private - NON AC,,,Rajabazar,Ghatakpukur,,,,17,kolkata-travel-router (GitHub),https://busjatri.in/
ktr-private-214-1,214,Private,Private - NON AC,,,Babughat,Sajirhat,,,,20,kolkata-travel-router (GitHub),https://busjatri.in/
ktr-private-214a-1,214A,Private,Private - NON AC,,,Esplanade,Sodepur Girja,,,,16,kolkata-travel-router (GitHub),https://busjatri.in/
ktr-private-215-2,215,Private,Private - NON AC,,,Howrah Station,Moonbeam,,,,18,kolkata-travel-router (GitHub),https://busjatri.in/
ktr-private-215-1-1,215/1,Private,Private - NON AC,,,Howrah Station,Laketown,,,,12,kolkata-travel-router (GitHub),https://busjatri.in/
ktr-private-215a-2,215A,Private,Private - NON AC,,,Howrah Station,Sector V,,,,21,kolkata-travel-router (GitHub),https://busjatri.in/
ktr-private-215a-1-1,215A/1,Private,Private - NON AC,,,Howrah Station,Sector V,,,,17,kolkata-travel-router (GitHub),https://busjatri.in/
ktr-private-217-1,217,Private,Private - NON AC,,,Babughat,Beraberi,,,,24,kolkata-travel-router (GitHub),https://busjatri.in/
ktr-private-217a-1,217A,Private,Private - NON AC,,,Babughat,Beraberi,,,,27,kolkata-travel-router (GitHub),https://busjatri.in/
ktr-private-217b-1,217B,Private,Private - NON AC,,,Babughat,Derozio College,,,,19,kolkata-travel-router (GitHub),https://busjatri.in/
ktr-private-218-1,218,Private,Private - NON AC,,,Babughat,Baruipur,,,,27,kolkata-travel-router (GitHub),https://busjatri.in/
ktr-private-219-2,219,Private,Private - NON AC,,,Howrah Station,Nager Bazar,,,,16,kolkata-travel-router (GitHub),https://busjatri.in/
ktr-private-219-1-1,219/1,Private,Private - NON AC,,,Howrah Station,Nager Bazar,,,,10,kolkata-travel-router (GitHub),https://busjatri.in/
ktr-private-221-1,221,Private,Private - NON AC,,,Golpark,Nager Bazar,,,,19,kolkata-travel-router (GitHub),https://busjatri.in/
ktr-private-222-1,222,Private,Private - NON AC,,,Dunlop,Sakher Bazar,,,,25,kolkata-travel-router (GitHub),https://busjatri.in/
ktr-private-223-1,223,Private,Private - NON AC,,,Golf Green,BT College,,,,29,kolkata-travel-router (GitHub),https://busjatri.in/
ktr-private-227-1,227,Private,Private - NON AC,,,Bangur Avenue,BNR Hospital,,,,20,kolkata-travel-router (GitHub),https://busjatri.in/
ktr-private-228-1,228,Private,Private - NON AC,,,Babughat,Mahamayatala,,,,17,kolkata-travel-router (GitHub),https://busjatri.in/
ktr-private-230-2,230,Private,Private - NON AC,,,Kamarhati,Alipore Zoo,,,,19,kolkata-travel-router (GitHub),https://busjatri.in/
ktr-private-230-3,230,Private,Private - NON AC,,,Agarpara Station,Alipore Zoo,,,,22,kolkata-travel-router (GitHub),https://busjatri.in/
ktr-private-234-2,234,Private,Private - NON AC,,,Golf Green,Belgharia Rathtala,,,,27,kolkata-travel-router (GitHub),https://busjatri.in/
ktr-private-234-1-1,234/1,Private,Private - NON AC,,,Golf Green,Belgharia Station,,,,31,kolkata-travel-router (GitHub),https://busjatri.in/
ktr-private-235-1,235,Private,Private - NON AC,,,Rajabazar,Amtala,,,,26,kolkata-travel-router (GitHub),https://busjatri.in/
ktr-private-237-1,237,Private,Private - NON AC,,,Babughat,Birati Tantkal,,,,23,kolkata-travel-router (GitHub),https://busjatri.in/
ktr-private-l-238-1,L-238,Private,Private - NON AC,,,Howrah Station,Barasat Chapadali,,,,22,kolkata-travel-router (GitHub),https://busjatri.in/
ktr-private-239-2,239,Private,Private - NON AC,,,Babughat,Bikash Bhawan,,,,14,kolkata-travel-router (GitHub),https://busjatri.in/
ktr-private-239-3,239,Private,Private - NON AC,,,Babughat,Shapoorji,,,,20,kolkata-travel-router (GitHub),https://busjatri.in/
ktr-private-240-2,240,Private,Private - NON AC,,,Golf Green,Bagbazar,,,,22,kolkata-travel-router (GitHub),https://busjatri.in/
ktr-private-240-1-1,240/1,Private,Private - NON AC,,,Garia Station,Bagbazar,,,,25,kolkata-travel-router (GitHub),https://busjatri.in/
ktr-private-242-1,242,Private,Private - NON AC,,,Esplanade,Cossipore,,,,10,kolkata-travel-router (GitHub),https://busjatri.in/
ktr-private-253-1,253,Private,Private - NON AC,,,Esplanade,Basirhat,,,,39,kolkata-travel-router (GitHub),https://busjatri.in/
ktr-private-259-1,259,Private,Private - NON AC,,,Howrah Station,Akra Bazar,,,,21,kolkata-travel-router (GitHub),https://busjatri.in/
ktr-private-260-1,260,Private,Private - NON AC,,,Alipore Zoo,Unitech Gate 1,,,,26,kolkata-travel-router (GitHub),https://busjatri.in/
ktr-mini-bbd-bag-garia-bus-stand-mini,BBD Bag Garia Bus Stand Mini,Mini Bus,Private - Mini Bus,,,BBD Bag,Garia Bus Stand,,,,16,kolkata-travel-router (GitHub),https://busjatri.in/
ktr-mini-bbd-bag-garia-station-mini,BBD Bag Garia Station Mini,Mini Bus,Private - Mini Bus,,,BBD Bag,Garia Station,,,,20,kolkata-travel-router (GitHub),https://busjatri.in/
ktr-mini-bbd-bag-jadavpur-8b-mini,BBD Bag Jadavpur 8B Mini,Mini Bus,Private - Mini Bus,,,BBD Bag,Jadavpur 8B,,,,13,kolkata-travel-router (GitHub),https://busjatri.in/
ktr-mini-bbd-bag-jodhpur-park-mini,BBD Bag Jodhpur Park Mini,Mini Bus,Private - Mini Bus,,,BBD Bag,Jodhpur Park,,,,13,kolkata-travel-router (GitHub),https://busjatri.in/
ktr-mini-santoshpur-bbd-bag-mini-1,Santoshpur BBD Bag Mini,Mini Bus,Private - Mini Bus,,,BBD Bag,Daspara,,,,19,kolkata-travel-router (GitHub),https://busjatri.in/
ktr-mini-howrah-station-anandapur-mini,Howrah Station Anandapur Mini,Mini Bus,Private - Mini Bus,,,Howrah Station,Anandapur,,,,19,kolkata-travel-router (GitHub),https://busjatri.in/
ktr-mini-howrah-station-kasba-rathtala-mini,Howrah Station Kasba Rathtala Mini,Mini Bus,Private - Mini Bus,,,Howrah Station,Kasba Rathtala,,,,15,kolkata-travel-router (GitHub),https://busjatri.in/
ktr-mini-bbd-bag-ballygunge-station-mini,BBD Bag Ballygunge Station Mini,Mini Bus,Private - Mini Bus,,,BBD Bag,Ballygunge Station,,,,11,kolkata-travel-router (GitHub),https://busjatri.in/
ktr-mini-howrah-station-golf-green-mini,Howrah Station Golf Green Mini,Mini Bus,Private - Mini Bus,,,Howrah Station,Golf Green,,,,20,kolkata-travel-router (GitHub),https://busjatri.in/
ktr-mini-howrah-station-harinavi-mini,Howrah Station Harinavi Mini,Mini Bus,Private - Mini Bus,,,Howrah Station,Harinavi,,,,24,kolkata-travel-router (GitHub),https://busjatri.in/
ktr-mini-howrah-station-behala-chowrasta-mini,Howrah Station Behala Chowrasta Mini,Mini Bus,Private - Mini Bus,,,Howrah Station,Behala Chowrasta,,,,13,kolkata-travel-router (GitHub),https://busjatri.in/
ktr-mini-howrah-station-metiabruz-mini,Howrah Station Metiabruz Mini,Mini Bus,Private - Mini Bus,,,Howrah Station,Metiabruz,,,,13,kolkata-travel-router (GitHub),https://busjatri.in/
ktr-mini-howrah-station-garia-station-mini-1,Howrah Station Garia Station Mini,Mini Bus,Private - Mini Bus,,,Howrah Station,Garia Station,,,,23,kolkata-travel-router (GitHub),https://busjatri.in/
ktr-mini-howrah-station-batanagar-mini,Howrah Station Batanagar Mini,Mini Bus,Private - Mini Bus,,,Howrah Station,Batanagar,,,,18,kolkata-travel-router (GitHub),https://busjatri.in/
ktr-mini-howrah-station-picnic-garden-mini-2,Howrah Station Picnic Garden Mini,Mini Bus,Private - Mini Bus,,,Howrah Station,Picnic Garden,,,,16,kolkata-travel-router (GitHub),https://busjatri.in/
ktr-mini-howrah-station-rabindra-nagar-mini,Howrah Station Rabindra Nagar Mini,Mini Bus,Private - Mini Bus,,,Howrah Station,Rabindra Nagar,,,,16,kolkata-travel-router (GitHub),https://busjatri.in/
ktr-mini-ruby-joka-bridge-mini,Ruby Joka Bridge Mini,Mini Bus,Private - Mini Bus,,,Ruby,Joka Bridge,,,,21,kolkata-travel-router (GitHub),https://busjatri.in/
ktr-mini-howrah-maidan-baisnabghata-mini,Howrah Maidan Baisnabghata Mini,Mini Bus,Private - Mini Bus,,,Howrah Maidan,Baisnabghata,,,,21,kolkata-travel-router (GitHub),https://busjatri.in/
ktr-mini-babughat-shyambazar-mini,Babughat Shyambazar Mini,Mini Bus,Private - Mini Bus,,,Babughat,Shyambazar,,,,11,kolkata-travel-router (GitHub),https://busjatri.in/
ktr-mini-bbd-bag-airport-gate-1-mini,BBD Bag Airport Gate 1 Mini,Mini Bus,Private - Mini Bus,,,BBD Bag,Airport Gate 1,,,,17,kolkata-travel-router (GitHub),https://busjatri.in/
ktr-mini-bbd-bag-derozio-college-mini,BBD Bag Derozio College Mini,Mini Bus,Private - Mini Bus,,,BBD Bag,Derozio College,,,,17,kolkata-travel-router (GitHub),https://busjatri.in/
ktr-mini-bbd-bag-baguiati-mini,BBD Bag Baguiati Mini,Mini Bus,Private - Mini Bus,,,BBD Bag,Baguiati,,,,13,kolkata-travel-router (GitHub),https://busjatri.in/
ktr-mini-babughat-dakshineswar-mini,Babughat Dakshineswar Mini,Mini Bus,Private - Mini Bus,,,Babughat,Dakshineswar,,,,17,kolkata-travel-router (GitHub),https://busjatri.in/
ktr-mini-bbd-bag-dunlop-mini,BBD Bag Dunlop Mini,Mini Bus,Private - Mini Bus,,,BBD Bag,Dunlop,,,,12,kolkata-travel-router (GitHub),https://busjatri.in/
ktr-mini-metiabruz-shyambazar-mini,Metiabruz Shyambazar Mini,Mini Bus,Private - Mini Bus,,,Metiabruz,Shyambazar,,,,20,kolkata-travel-router (GitHub),https://busjatri.in/
ktr-mini-bbd-bag-shyambazar-mini,BBD Bag Shyambazar Mini,Mini Bus,Private - Mini Bus,,,BBD Bag,Shyambazar,,,,7,kolkata-travel-router (GitHub),https://busjatri.in/
ktr-mini-howrah-station-phoolbagan-mini,Howrah Station Phoolbagan Mini,Mini Bus,Private - Mini Bus,,,Howrah Station,Phoolbagan,,,,10,kolkata-travel-router (GitHub),https://busjatri.in/
ktr-mini-howrah-station-tangra-mini,Howrah Station Tangra Mini,Mini Bus,Private - Mini Bus,,,Howrah Station,Tangra,,,,11,kolkata-travel-router (GitHub),https://busjatri.in/
ktr-mini-howrah-station-mathpukur-mini,Howrah Station Mathpukur Mini,Mini Bus,Private - Mini Bus,,,Howrah Station,Mathpukur,,,,11,kolkata-travel-router (GitHub),https://busjatri.in/
ktr-mini-bbd-bag-saltlake-mini,BBD Bag Saltlake Mini,Mini Bus,Private - Mini Bus,,,BBD Bag,Saltlake,,,,15,kolkata-travel-router (GitHub),https://busjatri.in/
ktr-mini-howrah-station-nager-bazar-mini,Howrah Station Nager Bazar Mini,Mini Bus,Private - Mini Bus,,,Howrah Station,Nager Bazar,,,,13,kolkata-travel-router (GitHub),https://busjatri.in/
ktr-mini-howrah-maidan-teghoria-mini,Howrah Maidan Teghoria Mini,Mini Bus,Private - Mini Bus,,,Howrah Maidan,Teghoria,,,,14,kolkata-travel-router (GitHub),https://busjatri.in/
ktr-mini-howrah-station-saltlake-mini,Howrah Station Saltlake Mini,Mini Bus,Private - Mini Bus,,,Howrah Station,Saltlake,,,,18,kolkata-travel-router (GitHub),https://busjatri.in/
ktr-mini-howrah-station-new-barrackpore-mini,Howrah Station New Barrackpore Mini,Mini Bus,Private - Mini Bus,,,Howrah Station,New Barrackpore,,,,24,kolkata-travel-router (GitHub),https://busjatri.in/
ktr-mini-rajabazar-behala-14-no-mini,Rajabazar Behala 14 No Mini,Mini Bus,Private - Mini Bus,,,Rajabazar,Behala 14 No,,,,14,kolkata-travel-router (GitHub),https://busjatri.in/
ktr-mini-howrah-maidan-belgharia-station-mini,Howrah Maidan Belgharia Station Mini,Mini Bus,Private - Mini Bus,,,Howrah Maidan,Belgharia Station,,,,18,kolkata-travel-router (GitHub),https://busjatri.in/
ktr-mini-bbd-bag-birati-station-mini,BBD Bag Birati Station Mini,Mini Bus,Private - Mini Bus,,,BBD Bag,Birati Station,,,,20,kolkata-travel-router (GitHub),https://busjatri.in/
ktr-mini-saltlake-206-birati-station-mini,Saltlake 206 Birati Station Mini,Mini Bus,Private - Mini Bus,,,Saltlake 206,Birati Station,,,,24,kolkata-travel-router (GitHub),https://busjatri.in/
ktr-mini-howrah-station-nimta-bazar-mini,Howrah Station Nimta Bazar Mini,Mini Bus,Private - Mini Bus,,,Howrah Station,Nimta Bazar,,,,18,kolkata-travel-router (GitHub),https://busjatri.in/
ktr-mini-howrah-station-uttar-panchannagram-mini,Howrah Station Uttar Panchannagram Mini,Mini Bus,Private - Mini Bus,,,Howrah Station,Uttar Panchannagram,,,,12,kolkata-travel-router (GitHub),https://busjatri.in/
ktr-mini-anandapur-sakher-bazar-mini,Anandapur Sakher Bazar Mini,Mini Bus,Private - Mini Bus,,,Anandapur,Sakher Bazar,,,,15,kolkata-travel-router (GitHub),https://busjatri.in/
ktr-mini-sishu-mangal-satyabala-mini,Sishu Mangal Satyabala Mini,Mini Bus,Private - Mini Bus,,,Sishu Mangal,Satyabala,,,,15,kolkata-travel-router (GitHub),https://busjatri.in/
ktr-mini-esplanade-salkia-chowrasta-mini-1,Esplanade Salkia Chowrasta Mini,Mini Bus,Private - Mini Bus,,,Esplanade,Salkia Chowrasta,,,,8,kolkata-travel-router (GitHub),https://busjatri.in/
ktr-mini-esplanade-kadamtala-mini,Esplanade Kadamtala Mini,Mini Bus,Private - Mini Bus,,,Esplanade,Kadamtala,,,,8,kolkata-travel-router (GitHub),https://busjatri.in/
ktr-mini-esplanade-kamardanga-mini,Esplanade Kamardanga Mini,Mini Bus,Private - Mini Bus,,,Esplanade,Kamardanga,,,,10,kolkata-travel-router (GitHub),https://busjatri.in/
ktr-mini-sector-v-japani-gate-mini,Sector V Japani Gate Mini,Mini Bus,Private - Mini Bus,,,Sector V,Japani Gate,,,,28,kolkata-travel-router (GitHub),https://busjatri.in/
ktr-mini-esplanade-b-garden-mini,Esplanade B Garden Mini,Mini Bus,Private - Mini Bus,,,Esplanade,B Garden,,,,10,kolkata-travel-router (GitHub),https://busjatri.in/
ktr-mini-esplanade-danesh-shaikh-lane-mini,Esplanade Danesh Shaikh Lane Mini,Mini Bus,Private - Mini Bus,,,Esplanade,Danesh Shaikh Lane,,,,11,kolkata-travel-router (GitHub),https://busjatri.in/
ktr-mini-esplanade-mandirtala-mini,Esplanade Mandirtala Mini,Mini Bus,Private - Mini Bus,,,Esplanade,Mandirtala,,,,8,kolkata-travel-router (GitHub),https://busjatri.in/
ktr-mini-kidderpore-ballykhal-mini,Kidderpore Ballykhal Mini,Mini Bus,Private - Mini Bus,,,Kidderpore,Ballykhal,,,,16,kolkata-travel-router (GitHub),https://busjatri.in/
ktr-mini-esplanade-belurmath-mini,Esplanade Belurmath Mini,Mini Bus,Private - Mini Bus,,,Esplanade,Belurmath,,,,9,kolkata-travel-router (GitHub),https://busjatri.in/
ktr-mini-rabindra-sadan-howrah-maidan-mini,Rabindra Sadan Howrah Maidan Mini,Mini Bus,Private - Mini Bus,,,Rabindra Sadan,Howrah Maidan,,,,8,kolkata-travel-router (GitHub),https://busjatri.in/
ktr-mini-ahiritola-ranihati-mini,Ahiritola Ranihati Mini,Mini Bus,Private - Mini Bus,,,Ahiritola,Ranihati,,,,22,kolkata-travel-router (GitHub),https://busjatri.in/
ktr-mini-ahiritola-fatikgachi-mini,Ahiritola Fatikgachi Mini,Mini Bus,Private - Mini Bus,,,Ahiritola,Fatikgachi,,,,22,kolkata-travel-router (GitHub),https://busjatri.in/
ktr-mini-esplanade-kona-mini,Esplanade Kona Mini,Mini Bus,Private - Mini Bus,,,Esplanade,Kona,,,,12,kolkata-travel-router (GitHub),https://busjatri.in/
ktr-mini-ultadanga-alampur-mini,Ultadanga Alampur Mini,Mini Bus,Private - Mini Bus,,,Ultadanga,Alampur,,,,25,kolkata-travel-router (GitHub),https://busjatri.in/
ktr-mini-saltlake-stadium-mourigram-mini,Saltlake Stadium Mourigram Mini,Mini Bus,Private - Mini Bus,,,Saltlake Stadium,Mourigram,,,,24,kolkata-travel-router (GitHub),https://busjatri.in/
ktr-mini-shilpara-howrah-maidan-mini,Shilpara Howrah Maidan Mini,Mini Bus,Private - Mini Bus,,,Shilpara,Howrah Maidan,,,,15,kolkata-travel-router (GitHub),https://busjatri.in/
ktr-mini-howrah-station-sankrail-mini,Howrah Station Sankrail Mini,Mini Bus,Private - Mini Bus,,,Howrah Station,Sankrail,,,,15,kolkata-travel-router (GitHub),https://busjatri.in/
ktr-mini-sealdah-malipanchghara-mini,Sealdah Malipanchghara Mini,Mini Bus,Private - Mini Bus,,,Sealdah,Malipanchghara,,,,10,kolkata-travel-router (GitHub),https://busjatri.in/
ktr-mini-esplanade-santragachi-mini,Esplanade Santragachi Mini,Mini Bus,Private - Mini Bus,,,Esplanade,Santragachi,,,,13,kolkata-travel-router (GitHub),https://busjatri.in/
ktr-mini-park-circus-bankra-bazar-mini,Park Circus Bankra Bazar Mini,Mini Bus,Private - Mini Bus,,,Park Circus,Bankra Bazar,,,,19,kolkata-travel-router (GitHub),https://busjatri.in/
ktr-mini-park-circus-howrah-maidan-mini,Park Circus Howrah Maidan Mini,Mini Bus,Private - Mini Bus,,,Park Circus,Howrah Maidan,,,,11,kolkata-travel-router (GitHub),https://busjatri.in/
ktr-mini-sector-v-tikiapara-mini,Sector V Tikiapara Mini,Mini Bus,Private - Mini Bus,,,Sector V,Tikiapara,,,,26,kolkata-travel-router (GitHub),https://busjatri.in/
ktr-mini-esplanade-baluhati-mini,Esplanade Baluhati Mini,Mini Bus,Private - Mini Bus,,,Esplanade,Baluhati,,,,16,kolkata-travel-router (GitHub),https://busjatri.in/
ktr-mini-howrah-station-purash-mini,Howrah Station Purash Mini,Mini Bus,Private - Mini Bus,,,Howrah Station,Purash,,,,19,kolkata-travel-router (GitHub),https://busjatri.in/
ktr-mini-howrah-station-hantal-mini,Howrah Station Hantal Mini,Mini Bus,Private - Mini Bus,,,Howrah Station,Hantal,,,,17,kolkata-travel-router (GitHub),https://busjatri.in/
ktr-mini-esplanade-dasnagar-mini,Esplanade Dasnagar Mini,Mini Bus,Private - Mini Bus,,,Esplanade,Dasnagar,,,,11,kolkata-travel-router (GitHub),https://busjatri.in/
ktr-mini-esplanade-bhattanagar-mini,Esplanade Bhattanagar Mini,Mini Bus,Private - Mini Bus,,,Esplanade,Bhattanagar,,,,11,kolkata-travel-router (GitHub),https://busjatri.in/
ktr-private-rt-42-1,RT-42,Private,Private - NON AC,,,Aliah University,Danesh Shaikh Lane,,,,30,kolkata-travel-router (GitHub),https://busjatri.in/
ktr-private-raidighi-diamond-harbour-mini,Raidighi Diamond Harbour Mini,Private,Private - NON AC,,,Raidighi,Diamond Harbour,,,,18,kolkata-travel-router (GitHub),https://busjatri.in/
ktr-private-howrah-station-dakghar-mini,Howrah Station Dakghar Mini,Private,Private - NON AC,,,Howrah Station,Dakghar,,,,19,kolkata-travel-router (GitHub),https://busjatri.in/
ktr-private-bijaygunge-bazar-falta-sector-1-mini,Bijaygunge Bazar Falta Sector 1 Mini,Private,Private - NON AC,,,Bijaygunge Bazar,Falta Sector 1,,,,25,kolkata-travel-router (GitHub),https://busjatri.in/
ktr-private-radhanagar-burul-mini,Radhanagar Burul Mini,Private,Private - NON AC,,,Radhanagar,Burul,,,,21,kolkata-travel-router (GitHub),https://busjatri.in/
ktr-government-sd-3-1,SD-3,WBTC,Government - NON AC,,,Ghatakpukur,Sonarpur,,,,26,kolkata-travel-router (GitHub),https://busjatri.in/
ktr-government-sd-4-1,SD-4,WBTC,Government - NON AC,,,Sapuipara,Thakurpukur,,,,19,kolkata-travel-router (GitHub),https://busjatri.in/
ktr-government-sd-5-1,SD-5,WBTC,Government - NON AC,,,Khariberia,Sonarpur Station,,,,27,kolkata-travel-router (GitHub),https://busjatri.in/
ktr-government-sd-8-1,SD-8,WBTC,Government - NON AC,,,Nandi Bagan,Bibirhat,,,,23,kolkata-travel-router (GitHub),https://busjatri.in/
ktr-government-sd-9-1,SD-9,WBTC,Government - NON AC,,,Esplanade,Noorpur,,,,23,kolkata-travel-router (GitHub),https://busjatri.in/
ktr-government-sd-11-2,SD-11,WBTC,Government - NON AC,,,Patharpratima,Noorpur,,,,29,kolkata-travel-router (GitHub),https://busjatri.in/
ktr-government-sd-11-1-1,SD-11/1,WBTC,Government - NON AC,,,Ramganga,Noorpur,,,,39,kolkata-travel-router (GitHub),https://busjatri.in/
ktr-government-sd-14-1,SD-14,WBTC,Government - NON AC,,,Taratala,Sahararhat,,,,19,kolkata-travel-router (GitHub),https://busjatri.in/
ktr-government-sd-16-1,SD-16,WBTC,Government - NON AC,,,Mukundapur,Shirakole,,,,27,kolkata-travel-router (GitHub),https://busjatri.in/
ktr-government-sd-18-1,SD-18,WBTC,Government - NON AC,,,Esplanade,Diamond Harbour,,,,27,kolkata-travel-router (GitHub),https://busjatri.in/
ktr-government-sd-19-1,SD-19,WBTC,Government - NON AC,,,Patharpratima,Esplanade,,,,47,kolkata-travel-router (GitHub),https://busjatri.in/
ktr-government-sd-24-1,SD-24,WBTC,Government - NON AC,,,Sonakhali,Alipore Zoo,,,,45,kolkata-travel-router (GitHub),https://busjatri.in/
ktr-government-sd-26-1,SD-26,WBTC,Government - NON AC,,,Babughat,Burul,,,,25,kolkata-travel-router (GitHub),https://busjatri.in/
ktr-government-sd-27-1,SD-27,WBTC,Government - NON AC,,,Akra Fatak,Dostipur,,,,23,kolkata-travel-router (GitHub),https://busjatri.in/
ktr-government-sd-29-1,SD-29,WBTC,Government - NON AC,,,Baruipur,Amtala,,,,12,kolkata-travel-router (GitHub),https://busjatri.in/
ktr-government-sd-30-1,SD-30,WBTC,Government - NON AC,,,Taratala,Sahararhat,,,,20,kolkata-travel-router (GitHub),https://busjatri.in/
ktr-government-sd-33-1,SD-33,WBTC,Government - NON AC,,,Jharkhali,Baruipur,,,,30,kolkata-travel-router (GitHub),https://busjatri.in/
ktr-government-sd-39-1,SD-39,WBTC,Government - NON AC,,,Kishorimohonpur,Joynagar,,,,25,kolkata-travel-router (GitHub),https://busjatri.in/
ktr-government-sd-50-1,SD-50,WBTC,Government - NON AC,,,Patharpratima,Diamond Harbour,,,,21,kolkata-travel-router (GitHub),https://busjatri.in/
ktr-government-sd-53-1,SD-53,WBTC,Government - NON AC,,,Maipith,Joynagar,,,,25,kolkata-travel-router (GitHub),https://busjatri.in/
ktr-government-sd-63-1,SD-63,WBTC,Government - NON AC,,,Gadkhali,Baruipur,,,,26,kolkata-travel-router (GitHub),https://busjatri.in/
ktr-government-sd-64-1,SD-64,WBTC,Government - NON AC,,,Chunakhali,Baruipur,,,,20,kolkata-travel-router (GitHub),https://busjatri.in/
ktr-government-sd-69-1,SD-69,WBTC,Government - NON AC,,,Gangasagar,Kachuberia Sagar Island,,,,6,kolkata-travel-router (GitHub),https://busjatri.in/
ktr-government-sd-76-1,SD-76,WBTC,Government - NON AC,,,Ruby,Amtala,,,,23,kolkata-travel-router (GitHub),https://busjatri.in/
ktr-government-sd-85-1,SD-85,WBTC,Government - NON AC,,,Dhamakhali,Canning,,,,12,kolkata-travel-router (GitHub),https://busjatri.in/
ktr-government-sd-94-1,SD-94,WBTC,Government - NON AC,,,Bakkhali,Kakdwip Bus Stand,,,,9,kolkata-travel-router (GitHub),https://busjatri.in/
ktr-government-dn-2-1-1,DN-2/1,WBTC,Government - NON AC,,,Dakshineswar,Shapoorji,,,,21,kolkata-travel-router (GitHub),https://busjatri.in/
ktr-government-dn-5-1,DN-5,WBTC,Government - NON AC,,,Naihati Station,Barasat Chapadali,,,,26,kolkata-travel-router (GitHub),https://busjatri.in/
ktr-government-dn-8-1,DN-8,WBTC,Government - NON AC,,,Sector V,Barasat Colony,,,,22,kolkata-travel-router (GitHub),https://busjatri.in/
ktr-government-dn-9-1-1,DN-9/1,WBTC,Government - NON AC,,,Rajchandrapur,Barasat Chapadali,,,,17,kolkata-travel-router (GitHub),https://busjatri.in/
ktr-government-dn-12-2,DN-12,WBTC,Government - NON AC,,,Basirhat,Bongaon,,,,26,kolkata-travel-router (GitHub),https://busjatri.in/
ktr-government-dn-12-1-1,DN-12/1,WBTC,Government - NON AC,,,Nazat,Habra Station,,,,25,kolkata-travel-router (GitHub),https://busjatri.in/
ktr-government-dn-13-1,DN-13,WBTC,Government - NON AC,,,Hakimpur,Basirhat,,,,27,kolkata-travel-router (GitHub),https://busjatri.in/
ktr-government-dn-16-1-1,DN-16/1,WBTC,Government - NON AC,,,Dhamakhali,Barasat Chapadali,,,,54,kolkata-travel-router (GitHub),https://busjatri.in/
ktr-government-dn-17-1,DN-17,WBTC,Government - NON AC,,,Santragachi,Barasat Chapadali,,,,36,kolkata-travel-router (GitHub),https://busjatri.in/
ktr-government-dn-18-1,DN-18,WBTC,Government - NON AC,,,Baduria,Shyambazar,,,,23,kolkata-travel-router (GitHub),https://busjatri.in/
ktr-government-dn-28-1,DN-28,WBTC,Government - NON AC,,,Haroa Bazar,Barasat Chapadali,,,,13,kolkata-travel-router (GitHub),https://busjatri.in/
ktr-government-dn-35-1,DN-35,WBTC,Government - NON AC,,,Nabatkati,Barasat Chapadali,,,,31,kolkata-travel-router (GitHub),https://busjatri.in/
ktr-government-dn-38-1,DN-38,WBTC,Government - NON AC,,,Taranipur,Basirhat,,,,14,kolkata-travel-router (GitHub),https://busjatri.in/
ktr-government-dn-43-1,DN-43,WBTC,Government - NON AC,,,Dakshineswar,Barasat Colony,,,,11,kolkata-travel-router (GitHub),https://busjatri.in/
ktr-government-dn-44-1,DN-44,WBTC,Government - NON AC,,,Dakshineswar,Bongaon,,,,39,kolkata-travel-router (GitHub),https://busjatri.in/
ktr-government-dn-46-1,DN-46,WBTC,Government - NON AC,,,Sector V,Ballyhalt,,,,20,kolkata-travel-router (GitHub),https://busjatri.in/
ktr-government-dn-47-1,DN-47,WBTC,Government - NON AC,,,Karunamoyee,Barasat Colony,,,,24,kolkata-travel-router (GitHub),https://busjatri.in/
ktr-government-k-1-1,K-1,WBTC,Government - NON AC,,,Kolkata Station,Hatishala,,,,23,kolkata-travel-router (GitHub),https://busjatri.in/
ktr-government-k-4-1,K-4,WBTC,Government - NON AC,,,Ruby,Dakshineswar,,,,25,kolkata-travel-router (GitHub),https://busjatri.in/
ktr-government-k-11-1,K-11,WBTC,Government - NON AC,,,Rabindra Sadan,Domjur,,,,14,kolkata-travel-router (GitHub),https://busjatri.in/
ktr-government-kb-12-1,KB-12,WBTC,Government - NON AC,,,Unitech Gate 1,Parnasree,,,,27,kolkata-travel-router (GitHub),https://busjatri.in/
ktr-government-kb-15-1,KB-15,WBTC,Government - NON AC,,,Santragachi,Anandapur,,,,19,kolkata-travel-router (GitHub),https://busjatri.in/
ktr-government-kb-16-1,KB-16,WBTC,Government - NON AC,,,Bangur Avenue,Shapoorji,,,,33,kolkata-travel-router (GitHub),https://busjatri.in/
ktr-government-kb-17-1,KB-17,WBTC,Government - NON AC,,,Unitech Gate 1,Sonarpur Station,,,,41,kolkata-travel-router (GitHub),https://busjatri.in/
ktr-government-kb-21-1,KB-21,WBTC,Government - NON AC,,,Leather Complex,Ganga Nagar,,,,36,kolkata-travel-router (GitHub),https://busjatri.in/
ktr-government-kb-22-1,KB-22,WBTC,Government - NON AC,,,Kolkata Station,Jamirgachi,,,,24,kolkata-travel-router (GitHub),https://busjatri.in/
ktr-government-kb-24-1,KB-24,WBTC,Government - NON AC,,,Kolkata Station,Hatishala,,,,21,kolkata-travel-router (GitHub),https://busjatri.in/
ktr-private-mm-5-1,MM-5,Private,Private - NON AC,,,Barrackpore Court,Habra Station,,,,22,kolkata-travel-router (GitHub),https://busjatri.in/
ktr-private-mm-6-1,MM-6,Private,Private - NON AC,,,Sohai Bazar,Barasat Chapadali,,,,7,kolkata-travel-router (GitHub),https://busjatri.in/
ktr-private-mm-7-1,MM-7,Private,Private - NON AC,,,Dhamakhali,Basirhat,,,,11,kolkata-travel-router (GitHub),https://busjatri.in/
ktr-private-mn-3-1,MN-3,Private,Private - NON AC,,,Nahata,Barasat Chapadali,,,,19,kolkata-travel-router (GitHub),https://busjatri.in/
ktr-private-mn-6-1,MN-6,Private,Private - NON AC,,,Beri Gopalpur,Barasat Chapadali,,,,30,kolkata-travel-router (GitHub),https://busjatri.in/
ktr-government-e-43-1,E-43,WBTC,Government - NON AC,,,Howrah Station,Dihibhursut,,,,26,kolkata-travel-router (GitHub),https://busjatri.in/
ktr-government-e-44-2,E-44,WBTC,Government - NON AC,,,Howrah Station,Rampur,,,,19,kolkata-travel-router (GitHub),https://busjatri.in/
ktr-government-e-53-1,E-53,WBTC,Government - NON AC,,,Howrah Station,Narit,,,,24,kolkata-travel-router (GitHub),https://busjatri.in/
ktr-private-l-3-1,L-3,Private,Private - NON AC,,,Howrah Station,Jhikira,,,,23,kolkata-travel-router (GitHub),https://busjatri.in/
ktr-private-8-1,8,Private,Private - NON AC,,,Jirat,Chinsurah Court,,,,18,kolkata-travel-router (GitHub),https://busjatri.in/
ktr-private-9-1,9,Private,Private - NON AC,,,Udaynarayanpur,Haripal Station,,,,8,kolkata-travel-router (GitHub),https://busjatri.in/
ktr-private-9a-1,9A,Private,Private - NON AC,,,Bargachia,Haripal Station,,,,9,kolkata-travel-router (GitHub),https://busjatri.in/
ktr-private-11-1,11,Private,Private - NON AC,,,Kalna,Gurap,,,,15,kolkata-travel-router (GitHub),https://busjatri.in/
ktr-private-12-5,12,Private,Private - NON AC,,,Krishnabati,Tarakeswar,,,,11,kolkata-travel-router (GitHub),https://busjatri.in/
ktr-private-13-3,13,Private,Private - NON AC,,,Kalna,Pandua,,,,13,kolkata-travel-router (GitHub),https://busjatri.in/
ktr-private-13a-3,13A,Private,Private - NON AC,,,Kalna,Pandua,,,,13,kolkata-travel-router (GitHub),https://busjatri.in/
ktr-private-13c-3,13C,Private,Private - NON AC,,,Kalna,Pandua,,,,13,kolkata-travel-router (GitHub),https://busjatri.in/
ktr-private-17-3,17,Private,Private - NON AC,,,Chinsurah Court,Tarakeswar,,,,16,kolkata-travel-router (GitHub),https://busjatri.in/
ktr-private-18-1,18,Private,Private - NON AC,,,Chinsurah Court,Haripal Station,,,,14,kolkata-travel-router (GitHub),https://busjatri.in/
ktr-private-18a-3,18A,Private,Private - NON AC,,,Dasghara,Haripal Station,,,,7,kolkata-travel-router (GitHub),https://busjatri.in/
ktr-private-23-3,23,Private,Private - NON AC,,,Chinsurah Court,Tarakeswar,,,,15,kolkata-travel-router (GitHub),https://busjatri.in/
ktr-private-26-1,26,Private,Private - NON AC,,,Bonhooghly,Chapadanga,,,,26,kolkata-travel-router (GitHub),https://busjatri.in/
ktr-private-26a-1,26A,Private,Private - NON AC,,,Serampore,Aushbali,,,,15,kolkata-travel-router (GitHub),https://busjatri.in/
ktr-private-26c-1,26C,Private,Private - NON AC,,,Bonhooghly,Jagatballavpur,,,,20,kolkata-travel-router (GitHub),https://busjatri.in/
ktr-private-40-1,40,Private,Private - NON AC,,,Birshibpur,Serampore,,,,16,kolkata-travel-router (GitHub),https://busjatri.in/
ktr-private-170-1,170,Private,Private - NON AC,,,Howrah Station,Rajbalhat,,,,21,kolkata-travel-router (GitHub),https://busjatri.in/
ktr-private-285-1,285,Private,Private - NON AC,,,Sector V,Serampore,,,,32,kolkata-travel-router (GitHub),https://busjatri.in/
ktr-private-alampur-to-shapoorji-1,Alampur to Shapoorji,Private,Private - NON AC,,,Shapoorji,Alampur,,,,29,kolkata-travel-router (GitHub),https://busjatri.in/
ktr-private-amta-to-airport-1no-1,Amta to Airport 1no.,Private,Private - NON AC,,,Airport Gate 1,Amta,,,,18,kolkata-travel-router (GitHub),https://busjatri.in/
ktr-private-amta-to-esplanade-1,Amta to Esplanade,Private,Private - NON AC,,,Esplanade,Amta,,,,20,kolkata-travel-router (GitHub),https://busjatri.in/
ktr-private-amta-to-mukundapur-1,Amta to Mukundapur,Private,Private - NON AC,,,Mukundapur,Amta,,,,28,kolkata-travel-router (GitHub),https://busjatri.in/
ktr-private-amta-to-unitech-gate-1-1,Amta to Unitech Gate 1,Private,Private - NON AC,,,Unitech Gate 1,Amta,,,,37,kolkata-travel-router (GitHub),https://busjatri.in/
ktr-private-amta-to-shapoorji-1,Amta to Shapoorji,Private,Private - NON AC,,,Shapoorji,Amta,,,,30,kolkata-travel-router (GitHub),https://busjatri.in/
ktr-private-andul-station-to-eco-space-1,Andul Station to Eco Space,Private,Private - NON AC,,,Ecospace,Andul Station,,,,34,kolkata-travel-router (GitHub),https://busjatri.in/
ktr-private-baburhat-to-dankuni-1,Baburhat to Dankuni,Private,Private - NON AC,,,Rajabazar,Baburhat,,,,19,kolkata-travel-router (GitHub),https://busjatri.in/
ktr-private-bagnan-to-esplanade-1,Bagnan to Esplanade,Private,Private - NON AC,,,Esplanade,Bagnan,,,,21,kolkata-travel-router (GitHub),https://busjatri.in/
ktr-private-bagnan-to-karunamoyee-1,Bagnan to Karunamoyee,Private,Private - NON AC,,,Karunamoyee,Bagnan,,,,33,kolkata-travel-router (GitHub),https://busjatri.in/
ktr-private-bagnan-to-shyambazar-1,Bagnan to Shyambazar,Private,Private - NON AC,,,Shyambazar,Bagnan,,,,22,kolkata-travel-router (GitHub),https://busjatri.in/
ktr-private-ballyhalt-to-karunamoyee-1,Ballyhalt to Karunamoyee,Private,Private - NON AC,,,Karunamoyee,Ballyhalt,,,,25,kolkata-travel-router (GitHub),https://busjatri.in/
ktr-private-barasat-to-kamalpur-1,Barasat to Kamalpur,Private,Private - NON AC,,,Kamalpur,Barasat Chapadali,,,,39,kolkata-travel-router (GitHub),https://busjatri.in/
ktr-private-barasat-to-santragachi-2,Barasat to Santragachi,Private,Private - NON AC,,,Santragachi,Barasat Chapadali,,,,35,kolkata-travel-router (GitHub),https://busjatri.in/
ktr-private-barasat-to-baruipur-1,Barasat to Baruipur,Private,Private - NON AC,,,Baruipur,Barasat Chapadali,,,,40,kolkata-travel-router (GitHub),https://busjatri.in/
ktr-private-barasat-to-garia-1,Barasat to Garia,Private,Private - NON AC,,,Garia Bus Stand,Barasat Chapadali,,,,33,kolkata-travel-router (GitHub),https://busjatri.in/
ktr-private-barasat-to-b-garden-1,Barasat to B Garden,Private,Private - NON AC,,,B Garden,Barasat Chapadali,,,,42,kolkata-travel-router (GitHub),https://busjatri.in/
ktr-private-barasat-to-uluberia-1,Barasat to Uluberia,Private,Private - NON AC,,,Uluberia,Barasat Chapadali,,,,21,kolkata-travel-router (GitHub),https://busjatri.in/
ktr-private-bargachia-to-sealdah-station-1,Bargachia to Sealdah Station,Private,Private - NON AC,,,Sealdah,Bargachia,,,,22,kolkata-travel-router (GitHub),https://busjatri.in/
ktr-private-barrackpore-to-howrah-station-1,Barrackpore to Howrah Station,Private,Private - NON AC,,,Howrah Station,Barrackpore Station,,,,18,kolkata-travel-router (GitHub),https://busjatri.in/
ktr-private-barrackpore-to-dhulagarh-1,Barrackpore to Dhulagarh,Private,Private - NON AC,,,Dhulagarh,Barrackpore Station,,,,17,kolkata-travel-router (GitHub),https://busjatri.in/
ktr-private-barrackpore-to-salap-more-1,Barrackpore to Salap More,Private,Private - NON AC,,,Salap,Barrackpore Chiria,,,,12,kolkata-travel-router (GitHub),https://busjatri.in/
ktr-private-basirhat-to-gadiara-2,Basirhat to Gadiara,Private,Private - NON AC,,,Gadiara,Basirhat,,,,54,kolkata-travel-router (GitHub),https://busjatri.in/
ktr-private-basirhat-to-lebukhali-1,Basirhat to Lebukhali,Private,Private - NON AC,,,Lebukhali,Basirhat,,,,8,kolkata-travel-router (GitHub),https://busjatri.in/
ktr-private-belurmath-to-garia-station-1,Belurmath to Garia Station,Private,Private - NON AC,,,Garia Station,Belurmath,,,,31,kolkata-travel-router (GitHub),https://busjatri.in/
ktr-private-berachampa-to-karunamoyee-1,Berachampa to Karunamoyee,Private,Private - NON AC,,,Karunamoyee,Berachampa,,,,26,kolkata-travel-router (GitHub),https://busjatri.in/
ktr-private-boalia-to-karunamoyee-1,Boalia to Karunamoyee,Private,Private - NON AC,,,Karunamoyee,Boalia,,,,41,kolkata-travel-router (GitHub),https://busjatri.in/
ktr-private-boga-to-karunamoyee-1,Boga to Karunamoyee,Private,Private - NON AC,,,Karunamoyee,Boga,,,,35,kolkata-travel-router (GitHub),https://busjatri.in/
ktr-private-boga-to-barasat-1,Boga to Barasat,Private,Private - NON AC,,,Barasat Chapadali,Boga,,,,28,kolkata-travel-router (GitHub),https://busjatri.in/
ktr-private-chandrakona-town-to-kolkata-station-1,Chandrakona Town to Kolkata Station,Private,Private - NON AC,,,Kolkata Station,Chandrakona Town,,,,27,kolkata-travel-router (GitHub),https://busjatri.in/
ktr-private-dhamakhali-to-esplanade-1,Dhamakhali to Esplanade,Private,Private - NON AC,,,Esplanade,Dhamakhali,,,,23,kolkata-travel-router (GitHub),https://busjatri.in/
ktr-private-dhulagarh-to-unitech-gate-1-1,Dhulagarh to Unitech Gate 1,Private,Private - NON AC,,,Unitech Gate 1,Dhulagarh,,,,35,kolkata-travel-router (GitHub),https://busjatri.in/
ktr-private-dhulagarh-to-sealdah-station-1,Dhulagarh to Sealdah Station,Private,Private - NON AC,,,Sealdah,Dhulagarh,,,,21,kolkata-travel-router (GitHub),https://busjatri.in/
ktr-private-dhulagarh-to-chingrighata-1,Dhulagarh to Chingrighata,Private,Private - NON AC,,,Chingrighata,Dhulagarh,,,,30,kolkata-travel-router (GitHub),https://busjatri.in/
ktr-private-dhulagarh-to-rashbehari-1,Dhulagarh to Rashbehari,Private,Private - NON AC,,,Rashbehari,Dhulagarh,,,,40,kolkata-travel-router (GitHub),https://busjatri.in/
ktr-private-dhulagarh-to-amity-university-1,Dhulagarh to Amity University,Private,Private - NON AC,,,Amity University,Dhulagarh,,,,37,kolkata-travel-router (GitHub),https://busjatri.in/
ktr-private-garh-bhowanipore-to-ruby-1,Garh Bhowanipore to Ruby,Private,Private - NON AC,,,Ruby,Garh Bhowanipore,,,,27,kolkata-travel-router (GitHub),https://busjatri.in/
ktr-private-gadiara-to-newtown-1,Gadiara to Newtown,Private,Private - NON AC,,,Unitech Gate 1,Gadiara,,,,46,kolkata-travel-router (GitHub),https://busjatri.in/
ktr-private-ghatakpukur-to-rajchandrapur-1,Ghatakpukur to Rajchandrapur,Private,Private - NON AC,,,Rajchandrapur,Ghatakpukur,,,,35,kolkata-travel-router (GitHub),https://busjatri.in/
ktr-private-hasnabad-to-rajabazar-1,Hasnabad to Rajabazar,Private,Private - NON AC,,,Rajabazar,Hasnabad,,,,27,kolkata-travel-router (GitHub),https://busjatri.in/
ktr-private-haldia-to-karunamoyee-1,Haldia to Karunamoyee,Private,Private - NON AC,,,Karunamoyee,Haldia,,,,34,kolkata-travel-router (GitHub),https://busjatri.in/
ktr-private-howrah-station-to-pancharul-1,Howrah Station to Pancharul,Private,Private - NON AC,,,Howrah Station,Pancharul,,,,23,kolkata-travel-router (GitHub),https://busjatri.in/
ktr-private-howrah-station-to-dihibhursut-1,Howrah Station to Dihibhursut,Private,Private - NON AC,,,Howrah Station,Dihibhursut,,,,24,kolkata-travel-router (GitHub),https://busjatri.in/
ktr-private-jibantala-to-rajabazar-1,Jibantala to Rajabazar,Private,Private - NON AC,,,Rajabazar,Jibantala,,,,19,kolkata-travel-router (GitHub),https://busjatri.in/
ktr-private-udaynarayanpur-to-karunamoyee-1,Udaynarayanpur to Karunamoyee,Private,Private - NON AC,,,Karunamoyee,Udaynarayanpur,,,,35,kolkata-travel-router (GitHub),https://busjatri.in/
ktr-private-ultadanga-to-garia-1,Ultadanga to Garia,Private,Private - NON AC,,,Garia Bus Stand,Ultadanga,,,,19,kolkata-travel-router (GitHub),https://busjatri.in/
ktr-private-ultadanga-to-shapoorji-1,Ultadanga to Shapoorji,Private,Private - NON AC,,,Shapoorji,Ultadanga,,,,12,kolkata-travel-router (GitHub),https://busjatri.in/
ktr-private-bagbazar-to-garia-station-1,Bagbazar to Garia Station,Private,Private - NON AC,,,Garia Station,Bagbazar,,,,22,kolkata-travel-router (GitHub),https://busjatri.in/
ktr-private-paikpara-to-garia-station-1,Paikpara to Garia Station,Private,Private - NON AC,,,Garia Station,Paikpara,,,,22,kolkata-travel-router (GitHub),https://busjatri.in/
ktr-private-dankuni-housing-to-kamalgazi-1,Dankuni Housing to Kamalgazi,Private,Private - NON AC,,,Kamalgazi,Dankuni Housing,,,,30,kolkata-travel-router (GitHub),https://busjatri.in/
ktr-private-dankuni-housing-to-haroa-bridge-1,Dankuni Housing to Haroa Bridge,Private,Private - NON AC,,,Haroa Bridge,Dankuni Housing,,,,33,kolkata-travel-router (GitHub),https://busjatri.in/
ktr-private-dankuni-housing-to-nagerbazar-1,Dankuni Housing to Nagerbazar,Private,Private - NON AC,,,Nager Bazar,Dankuni Housing,,,,11,kolkata-travel-router (GitHub),https://busjatri.in/
ktr-private-rajchandrapur-to-saltlake-206-1,Rajchandrapur to Saltlake 206,Private,Private - NON AC,,,Saltlake 206,Rajchandrapur,,,,28,kolkata-travel-router (GitHub),https://busjatri.in/
ktr-private-kadamtala-to-unitech-gate-1-1,Kadamtala to Unitech Gate 1,Private,Private - NON AC,,,Unitech Gate 1,Kadamtala,,,,28,kolkata-travel-router (GitHub),https://busjatri.in/
ktr-private-madhyamgram-to-howrah-station-1,Madhyamgram to Howrah Station,Private,Private - NON AC,,,Howrah Station,Madhyamgram,,,,20,kolkata-travel-router (GitHub),https://busjatri.in/
ktr-private-madhyamgram-to-taratala-1,Madhyamgram to Taratala,Private,Private - NON AC,,,Taratala,Madhyamgram,,,,33,kolkata-travel-router (GitHub),https://busjatri.in/
ktr-private-matapara-to-newtown-1,Matapara to Newtown,Private,Private - NON AC,,,Unitech Gate 2,Matapara,,,,45,kolkata-travel-router (GitHub),https://busjatri.in/
ktr-private-salap-more-to-nagerbazar-1,Salap More to Nagerbazar,Private,Private - NON AC,,,Nager Bazar,Salap,,,,16,kolkata-travel-router (GitHub),https://busjatri.in/
ktr-private-shalimar-station-to-newtown-1,Shalimar Station to Newtown,Private,Private - NON AC,,,Shapoorji,Shalimar Station,,,,26,kolkata-travel-router (GitHub),https://busjatri.in/
ktr-private-shyampur-to-newtown-2,Shyampur to Newtown,Private,Private - NON AC,,,Shyampur,Newtown,,,,47,kolkata-travel-router (GitHub),https://busjatri.in/
ktr-private-kashipur-to-ballyhalt-1,Kashipur to Ballyhalt,Private,Private - NON AC,,,Ballyhalt,Kashipur,,,,31,kolkata-travel-router (GitHub),https://busjatri.in/
ktr-private-kolkata-station-to-malancha-1,Kolkata Station to Malancha,Private,Private - NON AC,,,Malancha,Kolkata Station,,,,27,kolkata-travel-router (GitHub),https://busjatri.in/
ktr-private-kolkata-to-kalyani-1,Kolkata to Kalyani,Private,Private - NON AC,,,Gayeshpur,Esplanade,,,,27,kolkata-travel-router (GitHub),https://busjatri.in/
ktr-private-kolkata-to-gangadharpur-1,Kolkata to Gangadharpur,Private,Private - NON AC,,,Gangadharpur,Esplanade,,,,39,kolkata-travel-router (GitHub),https://busjatri.in/
ktr-private-muchighata-to-karunamoyee-1,Muchighata to Karunamoyee,Private,Private - NON AC,,,Karunamoyee,Muchighata,,,,37,kolkata-travel-router (GitHub),https://busjatri.in/
ktr-private-polerhat-to-shyambazar-1,Polerhat to Shyambazar,Private,Private - NON AC,,,Shyambazar,Polerhat,,,,20,kolkata-travel-router (GitHub),https://busjatri.in/
ktr-private-rajarhat-to-nabanna-1,Rajarhat to Nabanna,Private,Private - NON AC,,,Nabanna,Rajarhat,,,,30,kolkata-travel-router (GitHub),https://busjatri.in/
ktr-private-ranihati-to-karunamoyee-1,Ranihati to Karunamoyee,Private,Private - NON AC,,,Karunamoyee,Ranihati,,,,34,kolkata-travel-router (GitHub),https://busjatri.in/
ktr-private-ds-1-1,DS-1,Private,Private - NON AC,,,Nabanna,Barasat Chapadali,,,,30,kolkata-travel-router (GitHub),https://busjatri.in/
ktr-government-e-1-1,E-1,WBTC,Government - NON AC,,,Howrah Station,Jadavpur 8B,,,,16,kolkata-travel-router (GitHub),https://busjatri.in/
ktr-government-ac-1-1,AC-1,WBTC,Government - AC,,,Howrah Station,Jadavpur 8B,,,,17,kolkata-travel-router (GitHub),https://busjatri.in/
ktr-government-s-2-1,S-2,WBTC,Government - NON AC,,,Howrah Station,Kudghat,,,,14,kolkata-travel-router (GitHub),https://busjatri.in/
ktr-government-ac-2-1,AC-2,WBTC,Government - AC,,,Howrah Station,Barasat Chapadali,,,,23,kolkata-travel-router (GitHub),https://busjatri.in/
ktr-government-s-2n-1,S-2N,WBTC,Government - NON AC,,,Nabanna,Kudghat,,,,11,kolkata-travel-router (GitHub),https://busjatri.in/
ktr-government-s-3a-1,S-3A,WBTC,Government - NON AC,,,Sealdah,Thakurpukur,,,,19,kolkata-travel-router (GitHub),https://busjatri.in/
ktr-government-s-3b-1,S-3B,WBTC,Government - NON AC,,,Kankurgachi,Behala 14 No,,,,18,kolkata-travel-router (GitHub),https://busjatri.in/
ktr-government-s-3w-1,S-3W,WBTC,Government - NON AC,,,Amity University,Thakurpukur,,,,38,kolkata-travel-router (GitHub),https://busjatri.in/
ktr-government-s-4-1,S-4,WBTC,Government - NON AC,,,Karunamoyee,Parnasree,,,,29,kolkata-travel-router (GitHub),https://busjatri.in/
ktr-government-s-4c-1,S-4C,WBTC,Government - NON AC,,,Howrah Station,Haridevpur,,,,15,kolkata-travel-router (GitHub),https://busjatri.in/
ktr-government-s-4d-1,S-4D,WBTC,Government - NON AC,,,Newtown,Parnasree,,,,27,kolkata-travel-router (GitHub),https://busjatri.in/
ktr-government-e-4-1,E-4,WBTC,Government - NON AC,,,Howrah Station,Parnasree,,,,12,kolkata-travel-router (GitHub),https://busjatri.in/
ktr-government-ac-4-1,AC-4,WBTC,Government - AC,,,Howrah Station,Parnasree,,,,14,kolkata-travel-router (GitHub),https://busjatri.in/
ktr-government-ac-4a-1,AC-4A,WBTC,Government - AC,,,Shapoorji,Parnasree,,,,31,kolkata-travel-router (GitHub),https://busjatri.in/
ktr-government-ac-4b-1,AC-4B,WBTC,Government - AC,,,Newtown,Thakurpukur,,,,26,kolkata-travel-router (GitHub),https://busjatri.in/
ktr-government-s-5-1,S-5,WBTC,Government - NON AC,,,Howrah Station,Garia Bus Stand,,,,25,kolkata-travel-router (GitHub),https://busjatri.in/
ktr-government-s-5a-1,S-5A,WBTC,Government - NON AC,,,Howrah Station,Jadavpur 8B,,,,15,kolkata-travel-router (GitHub),https://busjatri.in/
ktr-government-s-5n-1,S-5N,WBTC,Government - NON AC,,,Nabanna,Garia Bus Stand,,,,21,kolkata-travel-router (GitHub),https://busjatri.in/
ktr-government-s-5c-n-1,S-5C/N,WBTC,Government - NON AC,,,Nabanna,Nayabad,,,,21,kolkata-travel-router (GitHub),https://busjatri.in/
ktr-government-ac-5-1,AC-5,WBTC,Government - AC,,,Howrah Station,Garia Bus Stand,,,,25,kolkata-travel-router (GitHub),https://busjatri.in/
ktr-private-7a-1,7A,Private,Private - NON AC,,,Howrah Station,Sarsuna,,,,17,kolkata-travel-router (GitHub),https://busjatri.in/
ktr-government-s-7-1,S-7,WBTC,Government - NON AC,,,Howrah Station,Garia Bus Stand,,,,20,kolkata-travel-router (GitHub),https://busjatri.in/
ktr-government-s-7n-1,S-7N,WBTC,Government - NON AC,,,Nabanna,Garia Bus Stand,,,,16,kolkata-travel-router (GitHub),https://busjatri.in/
ktr-government-s-8b-n-1,S-8B/N,WBTC,Government - NON AC,,,Nabanna,Jadavpur 8B,,,,14,kolkata-travel-router (GitHub),https://busjatri.in/
ktr-government-ac-6-1,AC-6,WBTC,Government - AC,,,Howrah Station,Garia Bus Stand,,,,20,kolkata-travel-router (GitHub),https://busjatri.in/
ktr-government-s-9-1,S-9,WBTC,Government - NON AC,,,Karunamoyee,Jadavpur 8B,,,,16,kolkata-travel-router (GitHub),https://busjatri.in/
ktr-government-ac-9-1,AC-9,WBTC,Government - AC,,,Karunamoyee,Jadavpur 8B,,,,19,kolkata-travel-router (GitHub),https://busjatri.in/
ktr-government-ac-9b-1,AC-9B,WBTC,Government - AC,,,Amity University,Jadavpur,,,,27,kolkata-travel-router (GitHub),https://busjatri.in/
ktr-government-s-9a-1,S-9A,WBTC,Government - NON AC,,,Ballygunge Station,Dunlop,,,,24,kolkata-travel-router (GitHub),https://busjatri.in/
ktr-government-s-9a-n-1,S-9A/N,WBTC,Government - NON AC,,,Nabanna,Dunlop,,,,19,kolkata-travel-router (GitHub),https://busjatri.in/
ktr-government-s-9c-1,S-9C,WBTC,Government - NON AC,,,Amity University,Kamalgazi,,,,29,kolkata-travel-router (GitHub),https://busjatri.in/
ktr-government-s-10-1,S-10,WBTC,Government - NON AC,,,Nabanna,Airport Gate 3,,,,25,kolkata-travel-router (GitHub),https://busjatri.in/
ktr-government-s-10a-n-1,S-10A/N,WBTC,Government - NON AC,,,Nabanna,Ballygunge Station,,,,12,kolkata-travel-router (GitHub),https://busjatri.in/
ktr-government-ac-10-1,AC-10,WBTC,Government - AC,,,Howrah Station,Nilgunge,,,,38,kolkata-travel-router (GitHub),https://busjatri.in/
ktr-government-s-10a-1,S-10A,WBTC,Government - NON AC,,,Howrah Station,Ballygunge Station,,,,17,kolkata-travel-router (GitHub),https://busjatri.in/
ktr-government-s-11-1,S-11,WBTC,Government - NON AC,,,Esplanade,Nilgunge,,,,26,kolkata-travel-router (GitHub),https://busjatri.in/
ktr-government-s-11n-1,S-11N,WBTC,Government - NON AC,,,Nabanna,Nilgunge,,,,33,kolkata-travel-router (GitHub),https://busjatri.in/
ktr-government-s-12-1,S-12,WBTC,Government - NON AC,,,Howrah Station,Newtown,,,,19,kolkata-travel-router (GitHub),https://busjatri.in/
ktr-government-s-12d-1,S-12D,WBTC,Government - NON AC,,,Howrah Station,Thakurpukur,,,,16,kolkata-travel-router (GitHub),https://busjatri.in/
ktr-government-s-12e-1,S-12E,WBTC,Government - NON AC,,,Howrah Station,Aliah University,,,,25,kolkata-travel-router (GitHub),https://busjatri.in/
ktr-government-s-12n-1,S-12N,WBTC,Government - NON AC,,,Nabanna,Sector V,,,,16,kolkata-travel-router (GitHub),https://busjatri.in/
ktr-government-s-12n-a-1,S-12N/A,WBTC,Government - NON AC,,,Nabanna,Karunamoyee,,,,15,kolkata-travel-router (GitHub),https://busjatri.in/
ktr-government-ac-12-1,AC-12,WBTC,Government - AC,,,Howrah Station,Shapoorji,,,,29,kolkata-travel-router (GitHub),https://busjatri.in/
ktr-government-ac-12d-1,AC-12D,WBTC,Government - AC,,,Howrah Station,Thakurpukur,,,,19,kolkata-travel-router (GitHub),https://busjatri.in/
ktr-government-s-14-1,S-14,WBTC,Government - NON AC,,,Karunamoyee,Garia Bus Stand,,,,19,kolkata-travel-router (GitHub),https://busjatri.in/
ktr-government-ac-14-1,AC-14,WBTC,Government - AC,,,Karunamoyee,Baruipur,,,,33,kolkata-travel-router (GitHub),https://busjatri.in/
ktr-government-s-16-1,S-16,WBTC,Government - NON AC,,,Thakurpukur,Karunamoyee,,,,25,kolkata-travel-router (GitHub),https://busjatri.in/
ktr-government-s-17a-1,S-17A,WBTC,Government - NON AC,,,Kudghat,Dakshineswar,,,,20,kolkata-travel-router (GitHub),https://busjatri.in/
ktr-government-s-19b-1,S-19B,WBTC,Government - NON AC,,,Burul,Esplanade,,,,11,kolkata-travel-router (GitHub),https://busjatri.in/
ktr-private-midi1-1,MIDI1,Private,Private - NON AC,,,Rajabazar,Howrah Maidan,,,,7,kolkata-travel-router (GitHub),https://busjatri.in/
ktr-private-newtown-behala-14-no-mini,Newtown Behala 14 No Mini,Private,Private - NON AC,,,Newtown,Behala 14 No,,,,23,kolkata-travel-router (GitHub),https://busjatri.in/
ktr-private-howrah-station-shibrampur-mini,Howrah Station Shibrampur Mini,Private,Private - NON AC,,,Howrah Station,Shibrampur,,,,30,kolkata-travel-router (GitHub),https://busjatri.in/
ktr-private-sashtir-howrah-station-mini,Sashtir Howrah Station Mini,Private,Private - NON AC,,,Sashtir,Howrah Station,,,,15,kolkata-travel-router (GitHub),https://busjatri.in/
ktr-private-khudiram-park-rajabazar-mini,Khudiram Park Rajabazar Mini,Private,Private - NON AC,,,Khudiram Park,Rajabazar,,,,28,kolkata-travel-router (GitHub),https://busjatri.in/
ktr-private-howrah-station-shibtala-math-mini,Howrah Station Shibtala Math Mini,Private,Private - NON AC,,,Howrah Station,Shibtala Math,,,,10,kolkata-travel-router (GitHub),https://busjatri.in/
ktr-private-esplanade-dumdum-cantonment-mini,Esplanade Dumdum Cantonment Mini,Private,Private - NON AC,,,Esplanade,Dumdum Cantonment,,,,14,kolkata-travel-router (GitHub),https://busjatri.in/
ktr-private-eb-1-1,EB-1,Private,Private - NON AC,,,Nabanna,Newtown,,,,22,kolkata-travel-router (GitHub),https://busjatri.in/
ktr-private-eb-3-1,EB-3,Private,Private - NON AC,,,Ecospace,Tollygunge Metro,,,,25,kolkata-travel-router (GitHub),https://busjatri.in/
ktr-private-eb-12-1,EB-12,Private,Private - NON AC,,,Karunamoyee,Barasat Chapadali,,,,24,kolkata-travel-router (GitHub),https://busjatri.in/
ktr-private-eb-13-1,EB-13,Private,Private - NON AC,,,Howrah Station,Hatishala,,,,28,kolkata-travel-router (GitHub),https://busjatri.in/
ktr-private-eb-14-1,EB-14,Private,Private - NON AC,,,Santragachi,Ecospace,,,,30,kolkata-travel-router (GitHub),https://busjatri.in/
ktr-private-eb-16-1,EB-16,Private,Private - NON AC,,,Hatishala,Thakurpukur,,,,35,kolkata-travel-router (GitHub),https://busjatri.in/
ktr-private-14a-1,14A,Private,Private - NON AC,,,Karunamoyee,Ramnagar,,,,19,kolkata-travel-router (GitHub),https://busjatri.in/
ktr-government-ac-20-1,AC-20,WBTC,Government - AC,,,Santragachi,Barrackpore Court,,,,28,kolkata-travel-router (GitHub),https://busjatri.in/
ktr-government-s-21-1,S-21,WBTC,Government - NON AC,,,Bagbazar,Garia Bus Stand,,,,23,kolkata-travel-router (GitHub),https://busjatri.in/
ktr-government-s-22-1,S-22,WBTC,Government - NON AC,,,Karunamoyee,Shakuntala Park,,,,30,kolkata-travel-router (GitHub),https://busjatri.in/
ktr-government-s-23a-1,S-23A,WBTC,Government - NON AC,,,Karunamoyee,Ballyhalt,,,,30,kolkata-travel-router (GitHub),https://busjatri.in/
ktr-government-ac-23a-1,AC-23A,WBTC,Government - AC,,,Karunamoyee,Ballyhalt,,,,30,kolkata-travel-router (GitHub),https://busjatri.in/
ktr-government-s-24-1,S-24,WBTC,Government - NON AC,,,Howrah Station,Kamalgazi,,,,24,kolkata-travel-router (GitHub),https://busjatri.in/
ktr-government-s-24n-1,S-24N,WBTC,Government - NON AC,,,Nabanna,Patuli,,,,26,kolkata-travel-router (GitHub),https://busjatri.in/
ktr-government-ac-24-1,AC-24,WBTC,Government - AC,,,Howrah Station,Patuli,,,,28,kolkata-travel-router (GitHub),https://busjatri.in/
ktr-government-ac-24a-1,AC-24A,WBTC,Government - AC,,,Howrah Station,Kamalgazi,,,,31,kolkata-travel-router (GitHub),https://busjatri.in/
ktr-government-s-30-1,S-30,WBTC,Government - NON AC,,,Amity University,Ultadanga,,,,25,kolkata-travel-router (GitHub),https://busjatri.in/
ktr-government-ac-30-1,AC-30,WBTC,Government - AC,,,Howrah Station,Laketown,,,,8,kolkata-travel-router (GitHub),https://busjatri.in/
ktr-government-ac-30s-1,AC-30S,WBTC,Government - AC,,,Amity University,Ultadanga,,,,25,kolkata-travel-router (GitHub),https://busjatri.in/
ktr-government-s-31-1,S-31,WBTC,Government - NON AC,,,Jadavpur 8B,Behala Chowrasta,,,,13,kolkata-travel-router (GitHub),https://busjatri.in/
ktr-government-ac-31-1,AC-31,WBTC,Government - AC,,,Jadavpur 8B,Behala Chowrasta,,,,13,kolkata-travel-router (GitHub),https://busjatri.in/
ktr-government-e-32-2,E-32,WBTC,Government - NON AC,,,Howrah Station,Nilgunge,,,,25,kolkata-travel-router (GitHub),https://busjatri.in/
ktr-government-s-32-1,S-32,WBTC,Government - NON AC,,,Howrah Station,Barrackpore Court,,,,18,kolkata-travel-router (GitHub),https://busjatri.in/
ktr-government-s-32a-1,S-32A,WBTC,Government - NON AC,,,Howrah Station,Dunlop,,,,12,kolkata-travel-router (GitHub),https://busjatri.in/
ktr-private-ds-34-1,DS-34,Private,Private - NON AC,,,Barrackpore Court,Barasat Chapadali,,,,16,kolkata-travel-router (GitHub),https://busjatri.in/
ktr-government-s-37-1,S-37,WBTC,Government - NON AC,,,Garia Bus Stand,Barasat Chapadali,,,,37,kolkata-travel-router (GitHub),https://busjatri.in/
ktr-government-ac-37-1,AC-37,WBTC,Government - AC,,,Garia Bus Stand,Barasat Chapadali,,,,37,kolkata-travel-router (GitHub),https://busjatri.in/
ktr-government-ac-37a-1,AC-37A,WBTC,Government - AC,,,Garia Bus Stand,Airport Terminal,,,,34,kolkata-travel-router (GitHub),https://busjatri.in/
ktr-government-ac-38-1,AC-38,WBTC,Government - AC,,,Karunamoyee,Dumdum Station,,,,27,kolkata-travel-router (GitHub),https://busjatri.in/
ktr-government-s-39a-n-1,S-39A/N,WBTC,Government - NON AC,,,Nabanna,Esplanade,,,,7,kolkata-travel-router (GitHub),https://busjatri.in/
ktr-government-ac-39-1,AC-39,WBTC,Government - AC,,,Howrah Station,Airport Terminal,,,,23,kolkata-travel-router (GitHub),https://busjatri.in/
ktr-government-ac-40-1,AC-40,WBTC,Government - AC,,,Nabanna,Airport Gate 1,,,,18,kolkata-travel-router (GitHub),https://busjatri.in/
ktr-government-ac-43-1,AC-43,WBTC,Government - AC,,,Golf Green,Airport Terminal,,,,33,kolkata-travel-router (GitHub),https://busjatri.in/
ktr-government-s-45-1,S-45,WBTC,Government - NON AC,,,Bagbazar,Shakuntala Park,,,,23,kolkata-travel-router (GitHub),https://busjatri.in/
ktr-government-s-46-1,S-46,WBTC,Government - NON AC,,,Karunamoyee,Akra Rabindra Nagar,,,,28,kolkata-travel-router (GitHub),https://busjatri.in/
ktr-government-s-47-1,S-47,WBTC,Government - NON AC,,,Howrah Station,Eden City,,,,23,kolkata-travel-router (GitHub),https://busjatri.in/
ktr-government-ac-47-1,AC-47,WBTC,Government - AC,,,Kudghat,Shapoorji,,,,32,kolkata-travel-router (GitHub),https://busjatri.in/
ktr-government-s-47a-1,S-47A,WBTC,Government - NON AC,,,Howrah Station,Behala Airport,,,,15,kolkata-travel-router (GitHub),https://busjatri.in/
ktr-government-ac-49-1,AC-49,WBTC,Government - AC,,,Eden City,Amity University,,,,40,kolkata-travel-router (GitHub),https://busjatri.in/
ktr-government-ac-50a-1,AC-50A,WBTC,Government - AC,,,Garia Bus Stand,Ballyhalt,,,,39,kolkata-travel-router (GitHub),https://busjatri.in/
ktr-government-ac-52-1,AC-52,WBTC,Government - AC,,,Howrah Station,Amtala,,,,25,kolkata-travel-router (GitHub),https://busjatri.in/
ktr-government-ac-54-1,AC-54,WBTC,Government - AC,,,Howrah Station,Rathtala,,,,13,kolkata-travel-router (GitHub),https://busjatri.in/
ktr-government-ac-55-1,AC-55,WBTC,Government - AC,,,Barrackpore Station,Newtown,,,,36,kolkata-travel-router (GitHub),https://busjatri.in/
ktr-government-s-57-1,S-57,WBTC,Government - NON AC,,,Nabanna,Ariadaha,,,,19,kolkata-travel-router (GitHub),https://busjatri.in/
ktr-government-s-58-1,S-58,WBTC,Government - NON AC,,,Karunamoyee,Barrackpore Court,,,,21,kolkata-travel-router (GitHub),https://busjatri.in/
ktr-government-s-61-1,S-61,WBTC,Government - NON AC,,,BBD Bag,Achipur,,,,22,kolkata-travel-router (GitHub),https://busjatri.in/
ktr-government-s-62-1,S-62,WBTC,Government - NON AC,,,Ramnagar,Patuli,,,,23,kolkata-travel-router (GitHub),https://busjatri.in/
ktr-government-s-63-1,S-63,WBTC,Government - NON AC,,,Metiabruz Ssp Hospital,Behala 14 No,,,,8,kolkata-travel-router (GitHub),https://busjatri.in/
ktr-government-s-64-1,S-64,WBTC,Government - NON AC,,,Newtown,Naihati Station,,,,47,kolkata-travel-router (GitHub),https://busjatri.in/
ktr-government-s-65-1,S-65,WBTC,Government - NON AC,,,Sankrail,Sealdah,,,,23,kolkata-travel-router (GitHub),https://busjatri.in/
ktr-government-s-66-1,S-66,WBTC,Government - NON AC,,,Howrah Station,Choto Finga,,,,22,kolkata-travel-router (GitHub),https://busjatri.in/
ktr-private-as-3-1,AS-3,Private,Private - NON AC,,,Newtown,Garia Station,,,,16,kolkata-travel-router (GitHub),https://busjatri.in/
ktr-private-v-1-1,V-1,Private,Private - NON AC,,,Tollygunge Metro,Airport Terminal,,,,28,kolkata-travel-router (GitHub),https://busjatri.in/
ktr-government-vs-1-1,VS-1,WBTC,Government - AC,,,Esplanade,Airport Terminal,,,,18,kolkata-travel-router (GitHub),https://busjatri.in/
ktr-government-vs-2-1,VS-2,WBTC,Government - AC,,,Howrah Station,Airport Terminal,,,,17,kolkata-travel-router (GitHub),https://busjatri.in/
ktr-government-vs-6-1,VS-6,WBTC,Government - AC,,,Esplanade,Diamond Harbour,,,,24,kolkata-travel-router (GitHub),https://busjatri.in/
ktr-government-vs-10-1,VS-10,WBTC,Government - AC,,,Amity University,Kudghat,,,,30,kolkata-travel-router (GitHub),https://busjatri.in/
ktr-government-vs-14a-1,VS-14A,WBTC,Government - AC,,,Esplanade,Karunamoyee,,,,17,kolkata-travel-router (GitHub),https://busjatri.in/
ktr-government-vs-15-1,VS-15,WBTC,Government - AC,,,Dakshineswar,Amtala,,,,46,kolkata-travel-router (GitHub),https://busjatri.in/
ktr-government-vs-15a-1,VS-15A,WBTC,Government - AC,,,Dakshineswar,Amtala,,,,48,kolkata-travel-router (GitHub),https://busjatri.in/
ktr-government-st-6-1,ST-6,WBTC,Government - NON AC,,,Tollygunge Metro,Technopolis,,,,18,kolkata-travel-router (GitHub),https://busjatri.in/
ktr-government-st-7-1,ST-7,WBTC,Government - NON AC,,,Shapoorji,Ultadanga,,,,19,kolkata-travel-router (GitHub),https://busjatri.in/
ktr-government-st-21-1,ST-21,WBTC,Government - NON AC,,,Kanmari Bazar,Ultadanga,,,,26,kolkata-travel-router (GitHub),https://busjatri.in/
ktr-government-st-21a-1,ST-21A,WBTC,Government - NON AC,,,Kanmari Bazar,Howrah Station,,,,27,kolkata-travel-router (GitHub),https://busjatri.in/
ktr-government-st-22-1,ST-22,WBTC,Government - NON AC,,,Basanti,Howrah Station,,,,42,kolkata-travel-router (GitHub),https://busjatri.in/
ktr-government-st-22a-1,ST-22A,WBTC,Government - NON AC,,,Howrah Station,Basanti,,,,50,kolkata-travel-router (GitHub),https://busjatri.in/
ktr-government-st-24-1,ST-24,WBTC,Government - NON AC,,,Howrah Station,Gadkhali,,,,48,kolkata-travel-router (GitHub),https://busjatri.in/
ktr-government-st-29-1,ST-29,WBTC,Government - NON AC,,,Ramganga,Esplanade,,,,26,kolkata-travel-router (GitHub),https://busjatri.in/
ktr-government-st-26-1,ST-26,WBTC,Government - NON AC,,,Usthi,Esplanade,,,,20,kolkata-travel-router (GitHub),https://busjatri.in/
ktr-government-st-27-1,ST-27,WBTC,Government - NON AC,,,Kakdwip Bus Stand,Esplanade,,,,23,kolkata-travel-router (GitHub),https://busjatri.in/
ktr-government-st-28-1,ST-28,WBTC,Government - NON AC,,,Patharpratima,Esplanade,,,,29,kolkata-travel-router (GitHub),https://busjatri.in/
ktr-government-st-30-1,ST-30,WBTC,Government - NON AC,,,Esplanade,Burul,,,,24,kolkata-travel-router (GitHub),https://busjatri.in/
ktr-government-st-31-1,ST-31,WBTC,Government - NON AC,,,Digha,Esplanade,,,,22,kolkata-travel-router (GitHub),https://busjatri.in/
ktr-government-st-32-1,ST-32,WBTC,Government - NON AC,,,Bakkhali,Esplanade,,,,27,kolkata-travel-router (GitHub),https://busjatri.in/
ktr-government-st-39-1,ST-39,WBTC,Government - NON AC,,,Esplanade,Nimpith,,,,39,kolkata-travel-router (GitHub),https://busjatri.in/
ktr-government-c-2a-1,C-2A,WBTC,Government - NON AC,,,Ghatakpukur,Tollygunge Metro,,,,23,kolkata-travel-router (GitHub),https://busjatri.in/
ktr-government-c-7-1,C-7,WBTC,Government - NON AC,,,Howrah Station,HMG College,,,,13,kolkata-travel-router (GitHub),https://busjatri.in/
ktr-government-c-11-2,C-11,WBTC,Government - NON AC,,,BBD Bag,Domjur,,,,17,kolkata-travel-router (GitHub),https://busjatri.in/
ktr-government-c-11-1-1,C-11/1,WBTC,Government - NON AC,,,Howrah Station,Munshirhat,,,,18,kolkata-travel-router (GitHub),https://busjatri.in/
ktr-government-c-14-1-1,C-14/1,WBTC,Government - NON AC,,,Tollygunge Metro,Madhyamgram,,,,33,kolkata-travel-router (GitHub),https://busjatri.in/
ktr-government-c-20-1,C-20,WBTC,Government - NON AC,,,Santragachi,Belgachia,,,,20,kolkata-travel-router (GitHub),https://busjatri.in/
ktr-government-c-23-1,C-23,WBTC,Government - NON AC,,,Park Circus,Dankuni Housing,,,,30,kolkata-travel-router (GitHub),https://busjatri.in/
ktr-government-c-23a-1,C-23A,WBTC,Government - NON AC,,,Park Circus,Airport Gate 1,,,,21,kolkata-travel-router (GitHub),https://busjatri.in/
ktr-government-c-24-1,C-24,WBTC,Government - NON AC,,,Rajabazar,Ghasbagan,,,,7,kolkata-travel-router (GitHub),https://busjatri.in/
ktr-government-c-26-1,C-26,WBTC,Government - NON AC,,,Howrah Station,Baruipur,,,,35,kolkata-travel-router (GitHub),https://busjatri.in/
ktr-government-c-26a-1,C-26A,WBTC,Government - NON AC,,,Howrah Station,Kamalgazi,,,,25,kolkata-travel-router (GitHub),https://busjatri.in/
ktr-government-c-28-1,C-28,WBTC,Government - NON AC,,,Howrah Station,Barrackpore Chiria,,,,18,kolkata-travel-router (GitHub),https://busjatri.in/
ktr-government-c-29-1,C-29,WBTC,Government - NON AC,,,Barrackpore Court,Barasat Chapadali,,,,16,kolkata-travel-router (GitHub),https://busjatri.in/
ktr-government-c-37-1,C-37,WBTC,Government - NON AC,,,Howrah Station,Amtala,,,,22,kolkata-travel-router (GitHub),https://busjatri.in/
ktr-government-c-38-1,C-38,WBTC,Government - NON AC,,,Howrah Station,Joka Depot,,,,18,kolkata-travel-router (GitHub),https://busjatri.in/
ktr-government-c-39-1,C-39,WBTC,Government - NON AC,,,Nabanna,Rajabazar,,,,12,kolkata-travel-router (GitHub),https://busjatri.in/
ktr-government-c-42-1,C-42,WBTC,Government - NON AC,,,Howrah Station,Barasat Chapadali,,,,22,kolkata-travel-router (GitHub),https://busjatri.in/
ktr-government-c-48-1,C-48,WBTC,Government - NON AC,,,Baruipur,Barasat Chapadali,,,,44,kolkata-travel-router (GitHub),https://busjatri.in/
ktr-government-d-1a-1,D-1A,WBTC,Government - NON AC,,,Tollygunge Metro,Barasat Chapadali,,,,33,kolkata-travel-router (GitHub),https://busjatri.in/
ktr-government-d-2-1,D-2,WBTC,Government - NON AC,,,Naihati Station,Habra Station,,,,17,kolkata-travel-router (GitHub),https://busjatri.in/
ktr-government-d-8-1,D-8,WBTC,Government - NON AC,,,Baduria,Barasat Chapadali,,,,12,kolkata-travel-router (GitHub),https://busjatri.in/
ktr-government-d-10-1,D-10,WBTC,Government - NON AC,,,Amtala,Barasat Chapadali,,,,47,kolkata-travel-router (GitHub),https://busjatri.in/
ktr-government-d-11-1,D-11,WBTC,Government - NON AC,,,Baduria,Esplanade,,,,30,kolkata-travel-router (GitHub),https://busjatri.in/
ktr-government-d-20-1,D-20,WBTC,Government - NON AC,,,Esplanade,Basirhat,,,,39,kolkata-travel-router (GitHub),https://busjatri.in/
ktr-government-d-21-1,D-21,WBTC,Government - NON AC,,,Nazat,Esplanade,,,,32,kolkata-travel-router (GitHub),https://busjatri.in/
ktr-government-d-23-1,D-23,WBTC,Government - NON AC,,,Kaijuri Bazar,Esplanade,,,,15,kolkata-travel-router (GitHub),https://busjatri.in/
ktr-government-d-28-1,D-28,WBTC,Government - NON AC,,,Chakla,Esplanade,,,,32,kolkata-travel-router (GitHub),https://busjatri.in/
ktr-government-d-32-1,D-32,WBTC,Government - NON AC,,,Samshernagar,Barasat Chapadali,,,,18,kolkata-travel-router (GitHub),https://busjatri.in/
ktr-government-d-34-1,D-34,WBTC,Government - NON AC,,,Hemnagar,Barasat Chapadali,,,,17,kolkata-travel-router (GitHub),https://busjatri.in/
ktr-government-d-35-1,D-35,WBTC,Government - NON AC,,,Ghatakpukur,Rajabazar,,,,25,kolkata-travel-router (GitHub),https://busjatri.in/
ktr-government-e-6-1,E-6,WBTC,Government - NON AC,,,Amta,Esplanade,,,,8,kolkata-travel-router (GitHub),https://busjatri.in/
ktr-government-e-7-1,E-7,WBTC,Government - NON AC,,,Bagnan,Esplanade,,,,9,kolkata-travel-router (GitHub),https://busjatri.in/
ktr-government-e-12-1,E-12,WBTC,Government - NON AC,,,Udaynarayanpur,Esplanade,,,,10,kolkata-travel-router (GitHub),https://busjatri.in/
ktr-government-e-13-1,E-13,WBTC,Government - NON AC,,,Jangipara,Esplanade,,,,8,kolkata-travel-router (GitHub),https://busjatri.in/
ktr-government-e-14-1,E-14,WBTC,Government - NON AC,,,Furfura Sharif,Esplanade,,,,11,kolkata-travel-router (GitHub),https://busjatri.in/
ktr-government-e-15-1,E-15,WBTC,Government - NON AC,,,Gadiara,Esplanade,,,,11,kolkata-travel-router (GitHub),https://busjatri.in/
ktr-government-e-17-2,E-17,WBTC,Government - NON AC,,,Digha,Barasat Chapadali,,,,23,kolkata-travel-router (GitHub),https://busjatri.in/
ktr-government-e-17-1-1,E-17/1,WBTC,Government - NON AC,,,Digha,Barasat Chapadali,,,,22,kolkata-travel-router (GitHub),https://busjatri.in/
ktr-government-e-18-1,E-18,WBTC,Government - NON AC,,,Dhamakhali,Esplanade,,,,28,kolkata-travel-router (GitHub),https://busjatri.in/
ktr-government-e-19-1,E-19,WBTC,Government - NON AC,,,Digha,Habra Station,,,,25,kolkata-travel-router (GitHub),https://busjatri.in/
ktr-government-e-21-1,E-21,WBTC,Government - NON AC,,,Shikharpur,Esplanade,,,,11,kolkata-travel-router (GitHub),https://busjatri.in/
ktr-government-e-22-1,E-22,WBTC,Government - NON AC,,,Karimpur,Esplanade,,,,10,kolkata-travel-router (GitHub),https://busjatri.in/
ktr-government-e-24-1,E-24,WBTC,Government - NON AC,,,Palashipara,Esplanade,,,,11,kolkata-travel-router (GitHub),https://busjatri.in/
ktr-government-e-28-1,E-28,WBTC,Government - NON AC,,,Bakshi,Esplanade,,,,10,kolkata-travel-router (GitHub),https://busjatri.in/
ktr-government-e-29-1,E-29,WBTC,Government - NON AC,,,Fatikgachi,Esplanade,,,,6,kolkata-travel-router (GitHub),https://busjatri.in/
ktr-government-e-31-2,E-31,WBTC,Government - NON AC,,,Garh Bhowanipore,Esplanade,,,,11,kolkata-travel-router (GitHub),https://busjatri.in/
ktr-government-e-31-1-1,E-31/1,WBTC,Government - NON AC,,,Jhikira,Howrah Station,,,,15,kolkata-travel-router (GitHub),https://busjatri.in/
ktr-government-e-32-3,E-32,WBTC,Government - NON AC,,,Aantpur,Esplanade,,,,7,kolkata-travel-router (GitHub),https://busjatri.in/
ktr-government-e-35-1,E-35,WBTC,Government - NON AC,,,Jayrambati,Esplanade,,,,9,kolkata-travel-router (GitHub),https://busjatri.in/
ktr-government-e-36-1,E-36,WBTC,Government - NON AC,,,Santragachi,Habra Station,,,,12,kolkata-travel-router (GitHub),https://busjatri.in/
ktr-government-e-36-spl-1,E-36 Spl,WBTC,Government - NON AC,,,Santragachi,Barasat Chapadali,,,,35,kolkata-travel-router (GitHub),https://busjatri.in/
ktr-government-e-36a-shuttle-1,E-36A Shuttle,WBTC,Government - NON AC,,,Park Circus,Habra Depot,,,,31,kolkata-travel-router (GitHub),https://busjatri.in/
ktr-government-e-36a-spl-1,E-36A Spl,WBTC,Government - NON AC,,,Santragachi,Barasat Chapadali,,,,37,kolkata-travel-router (GitHub),https://busjatri.in/
ktr-government-e-38-1,E-38,WBTC,Government - NON AC,,,Mayapur,Esplanade,,,,14,kolkata-travel-router (GitHub),https://busjatri.in/
ktr-government-e-40-2,E-40,WBTC,Government - NON AC,,,Digha,Esplanade,,,,19,kolkata-travel-router (GitHub),https://busjatri.in/
ktr-government-e-40-1-1,E-40/1,WBTC,Government - NON AC,,,Digha,Esplanade,,,,19,kolkata-travel-router (GitHub),https://busjatri.in/
ktr-government-e-40b-1,E-40B,WBTC,Government - NON AC,,,Digha,Joka Depot,,,,25,kolkata-travel-router (GitHub),https://busjatri.in/
ktr-government-e-41-1,E-41,WBTC,Government - NON AC,,,Asansol,Habra Station,,,,13,kolkata-travel-router (GitHub),https://busjatri.in/
ktr-government-e-44-3,E-44,WBTC,Government - NON AC,,,Radhanagar,Esplanade,,,,8,kolkata-travel-router (GitHub),https://busjatri.in/
ktr-government-e-45-1,E-45,WBTC,Government - NON AC,,,Digha,Joka Depot,,,,22,kolkata-travel-router (GitHub),https://busjatri.in/
ktr-government-e-46-1,E-46,WBTC,Government - NON AC,,,Digha,Karunamoyee,,,,22,kolkata-travel-router (GitHub),https://busjatri.in/
ktr-government-e-47-1,E-47,WBTC,Government - NON AC,,,Nahata,Howrah Station,,,,40,kolkata-travel-router (GitHub),https://busjatri.in/
ktr-government-e-51-1,E-51,WBTC,Government - NON AC,,,Bisunupur,Esplanade,,,,10,kolkata-travel-router (GitHub),https://busjatri.in/
ktr-government-e-51a-1,E-51A,WBTC,Government - NON AC,,,Bishnupur,Habra Station,,,,12,kolkata-travel-router (GitHub),https://busjatri.in/
ktr-government-e-54-1,E-54,WBTC,Government - NON AC,,,Digha,Serampore,,,,23,kolkata-travel-router (GitHub),https://busjatri.in/
ktr-government-e-55-1,E-55,WBTC,Government - NON AC,,,Digha,Madhyamgram,,,,24,kolkata-travel-router (GitHub),https://busjatri.in/
ktr-government-e-56-1,E-56,WBTC,Government - NON AC,,,Digha,Baduria,,,,30,kolkata-travel-router (GitHub),https://busjatri.in/
ktr-government-e-57-1,E-57,WBTC,Government - NON AC,,,Karimpur,Esplanade,,,,19,kolkata-travel-router (GitHub),https://busjatri.in/
ktr-government-e-59-1,E-59,WBTC,Government - NON AC,,,Digha,Naihati Station,,,,27,kolkata-travel-router (GitHub),https://busjatri.in/
ktr-government-e-61-1,E-61,WBTC,Government - NON AC,,,Bakkhali,Habra Depot,,,,42,kolkata-travel-router (GitHub),https://busjatri.in/
ktr-government-e-61a-1,E-61A,WBTC,Government - NON AC,,,Namkhana,Habra Depot,,,,39,kolkata-travel-router (GitHub),https://busjatri.in/
ktr-government-e-62-1,E-62,WBTC,Government - NON AC,,,Sitalia,Esplanade,,,,16,kolkata-travel-router (GitHub),https://busjatri.in/
ktr-government-e-66-1,E-66,WBTC,Government - NON AC,,,Rampurhat,Habra Depot,,,,28,kolkata-travel-router (GitHub),https://busjatri.in/
ktr-government-e-67-1,E-67,WBTC,Government - NON AC,,,Purulia,Habra Depot,,,,29,kolkata-travel-router (GitHub),https://busjatri.in/
ktr-government-e-67a-1,E-67A,WBTC,Government - NON AC,,,Bankura,Habra Depot,,,,21,kolkata-travel-router (GitHub),https://busjatri.in/
ktr-government-e-68-1,E-68,WBTC,Government - NON AC,,,Haldia,Habra Depot,,,,28,kolkata-travel-router (GitHub),https://busjatri.in/
ktr-government-e-70-1,E-70,WBTC,Government - NON AC,,,Jhargram,Habra Depot,2:40 PM,,Rs. 145,30,kolkata-travel-router (GitHub),https://busjatri.in/
ktr-government-e-70a-1,E-70A,WBTC,Government - NON AC,,,Midnapore Town,Habra Depot,,,,25,kolkata-travel-router (GitHub),https://busjatri.in/
ktr-government-e-71-1,E-71,WBTC,Government - NON AC,,,Udaynarayanpur,Esplanade,,,,11,kolkata-travel-router (GitHub),https://busjatri.in/
ktr-government-e-72-1,E-72,WBTC,Government - NON AC,,,Jangipara,Esplanade,,,,9,kolkata-travel-router (GitHub),https://busjatri.in/
ktr-government-e-73-1,E-73,WBTC,Government - NON AC,,,Basirhat,Howrah Station,,,,15,kolkata-travel-router (GitHub),https://busjatri.in/
ktr-government-e-74-1,E-74,WBTC,Government - NON AC,,,Basubati Darbar Sharif,Esplanade,,,,16,kolkata-travel-router (GitHub),https://busjatri.in/
ktr-government-e-75-1,E-75,WBTC,Government - NON AC,,,Ghatakpukur,Barasat Chapadali,,,,10,kolkata-travel-router (GitHub),https://busjatri.in/
ktr-government-e-76-1,E-76,WBTC,Government - NON AC,,,Kalyani Aiims,Habra Station,,,,9,kolkata-travel-router (GitHub),https://busjatri.in/
ktr-government-e-77-1,E-77,WBTC,Government - NON AC,,,Sukanta Park,Esplanade,,,,10,kolkata-travel-router (GitHub),https://busjatri.in/
ktr-private-t-1a-1,T-1A,Private,Private - NON AC,,,Sinthi,Dhulagarh,,,,28,kolkata-travel-router (GitHub),https://busjatri.in/
ktr-private-t-2-1,T-2,Private,Private - NON AC,,,BBD Bag,Mandirtala,,,,8,kolkata-travel-router (GitHub),https://busjatri.in/
ktr-private-t-3-1,T-3,Private,Private - NON AC,,,Rajabazar,Ghatakpukur,,,,15,kolkata-travel-router (GitHub),https://busjatri.in/
ktr-private-t-8-1,T-8,Private,Private - NON AC,,,BBD Bag,Tikiapara,,,,13,kolkata-travel-router (GitHub),https://busjatri.in/
ktr-private-t-10-2,T-10,Private,Private - NON AC,,,Rajabazar,Chaital Ghat,,,,10,kolkata-travel-router (GitHub),https://busjatri.in/
ktr-private-t-10-1-1,T-10/1,Private,Private - NON AC,,,Rajabazar,Bhebia Chowrasta,,,,11,kolkata-travel-router (GitHub),https://busjatri.in/
ktr-private-t-11-1,T-11,Private,Private - NON AC,,,Esplanade,Haroa Bazar,,,,17,kolkata-travel-router (GitHub),https://busjatri.in/
ktr-private-t-12-1,T-12,Private,Private - NON AC,,,Howrah Station,Chaital Ghat,,,,11,kolkata-travel-router (GitHub),https://busjatri.in/
ktr-private-t-13-1,T-13,Private,Private - NON AC,,,Esplanade,Jibantala,,,,10,kolkata-travel-router (GitHub),https://busjatri.in/
ktr-government-act-4-1,ACT-4,WBTC,Government - AC,,,Karunamoyee,Barasat Chapadali,,,,20,kolkata-travel-router (GitHub),https://busjatri.in/
ktr-government-act-5-1,ACT-5,WBTC,Government - AC,,,Digha,Barasat Chapadali,,,,30,kolkata-travel-router (GitHub),https://busjatri.in/
ktr-government-act-6-1,ACT-6,WBTC,Government - AC,,,Digha,Esplanade,,,,19,kolkata-travel-router (GitHub),https://busjatri.in/
ktr-government-act-8-1,ACT-8,WBTC,Government - AC,,,Digha,Habra Depot,,,,39,kolkata-travel-router (GitHub),https://busjatri.in/
ktr-government-act-10-1,ACT-10,WBTC,Government - AC,,,Asansol,Barasat Chapadali,,,,10,kolkata-travel-router (GitHub),https://busjatri.in/
ktr-government-act-13-1,ACT-13,WBTC,Government - AC,,,Suri,Esplanade,,,,14,kolkata-travel-router (GitHub),https://busjatri.in/
ktr-government-act-15-1,ACT-15,WBTC,Government - AC,,,Bakkhali,Esplanade,,,,44,kolkata-travel-router (GitHub),https://busjatri.in/
ktr-government-be-7-1,BE-7,WBTC,Government - NON AC,,,Balurghat,Esplanade,,,,21,kolkata-travel-router (GitHub),https://busjatri.in/
ktr-government-be-11-1,BE-11,WBTC,Government - NON AC,,,Asansol,Karunamoyee,,,,12,kolkata-travel-router (GitHub),https://busjatri.in/
ktr-government-be-12-1,BE-12,WBTC,Government - NON AC,,,Purulia,Esplanade,,,,16,kolkata-travel-router (GitHub),https://busjatri.in/
ktr-government-be-19-1,BE-19,WBTC,Government - NON AC,,,Mayapur,Esplanade,,,,12,kolkata-travel-router (GitHub),https://busjatri.in/
ktr-government-acs-3-1,ACS-3,WBTC,Government - AC,,,Bakkhali,Esplanade,,,,44,kolkata-travel-router (GitHub),https://busjatri.in/
ktr-government-kolkata-to-omarpur,Kolkata to Omarpur,WBTC,Government - NON AC,,,Esplanade,Omarpur,,,,21,kolkata-travel-router (GitHub),https://busjatri.in/
ktr-government-kolkata-to-gazole,Kolkata to Gazole,WBTC,Government - NON AC,,,Esplanade,Gazole,,,,32,kolkata-travel-router (GitHub),https://busjatri.in/
ktr-government-kolkata-to-chanchal,Kolkata to Chanchal,WBTC,Government - NON AC,,,Esplanade,Chanchal,,,,20,kolkata-travel-router (GitHub),https://busjatri.in/
ktr-government-kolkata-to-gangarampur,Kolkata to Gangarampur,WBTC,Government - NON AC,,,Esplanade,Gangarampur,,,,33,kolkata-travel-router (GitHub),https://busjatri.in/
ktr-government-kolkata-to-tapan,Kolkata to Tapan,WBTC,Government - NON AC,,,Esplanade,Tapan,,,,27,kolkata-travel-router (GitHub),https://busjatri.in/
ktr-government-kolkata-to-kandi,Kolkata to Kandi,WBTC,Government - NON AC,,,Esplanade,Kandi,,,,18,kolkata-travel-router (GitHub),https://busjatri.in/
ktr-government-kolkata-to-sabaldaha,Kolkata to Sabaldaha,WBTC,Government - NON AC,,,Esplanade,Sabaldaha,,,,14,kolkata-travel-router (GitHub),https://busjatri.in/
ktr-government-kolkata-to-nagar,Kolkata to Nagar,WBTC,Government - NON AC,,,Esplanade,Nagar,,,,18,kolkata-travel-router (GitHub),https://busjatri.in/
ktr-government-kolkata-to-berhampore,Kolkata to Berhampore,WBTC,Government - NON AC,,,Esplanade,Berhampore,,,,21,kolkata-travel-router (GitHub),https://busjatri.in/
ktr-government-kolkata-to-saiyadpara,Kolkata to Saiyadpara,WBTC,Government - NON AC,,,Esplanade,Saiyadpara,,,,18,kolkata-travel-router (GitHub),https://busjatri.in/
ktr-government-kolkata-to-malbazar,Kolkata to Malbazar,WBTC,Government - NON AC,,,Esplanade,Malbazar,,,,35,kolkata-travel-router (GitHub),https://busjatri.in/
ktr-government-kolkata-to-joypur,Kolkata to Joypur,WBTC,Government - NON AC,,,Esplanade,Joypur,,,,9,kolkata-travel-router (GitHub),https://busjatri.in/
ktr-government-kolkata-to-moynaguri,Kolkata to Moynaguri,WBTC,Government - NON AC,,,Esplanade,Moynaguri,,,,29,kolkata-travel-router (GitHub),https://busjatri.in/
ktr-government-kolkata-to-alipurduar,Kolkata to Alipurduar,WBTC,Government - NON AC,,,Esplanade,Alipurduar,,,,24,kolkata-travel-router (GitHub),https://busjatri.in/
ktr-government-kolkata-to-dhuliyan,Kolkata to Dhuliyan,WBTC,Government - NON AC,,,Esplanade,Dhuliyan,,,,22,kolkata-travel-router (GitHub),https://busjatri.in/
ktr-government-kolkata-to-chakta,Kolkata to Chakta,WBTC,Government - NON AC,,,Esplanade,Chakta,,,,18,kolkata-travel-router (GitHub),https://busjatri.in/
ktr-government-kolkata-to-suri-1,Kolkata to Suri,WBTC,Government - NON AC,,,Suri,Esplanade,,,,9,kolkata-travel-router (GitHub),https://busjatri.in/
ktr-government-kolkata-to-omarpur-1,Kolkata to Omarpur,WBTC,Government - NON AC,,,Omarpur,Esplanade,,,,21,kolkata-travel-router (GitHub),https://busjatri.in/
ktr-government-kolkata-to-malda-rocket-1,Kolkata to Malda Rocket,WBTC,Government - NON AC,,,Malda,Esplanade,,,,15,kolkata-travel-router (GitHub),https://busjatri.in/
ktr-government-kolkata-to-malda-ac-rocket-1,Kolkata to Malda AC Rocket,WBTC,Government - AC,,,Malda,Esplanade,,,,20,kolkata-travel-router (GitHub),https://busjatri.in/
ktr-government-kolkata-to-malda-ac-rocket-premium-1,Kolkata to Malda AC Rocket Premium,WBTC,Government - AC,,,Malda,Esplanade,,,,20,kolkata-travel-router (GitHub),https://busjatri.in/
ktr-government-kolkata-to-gazole-1,Kolkata to Gazole,WBTC,Government - NON AC,,,Gazole,Esplanade,,,,32,kolkata-travel-router (GitHub),https://busjatri.in/
ktr-government-kolkata-to-chanchal-1,Kolkata to Chanchal,WBTC,Government - NON AC,,,Chanchal,Esplanade,,,,20,kolkata-travel-router (GitHub),https://busjatri.in/
ktr-government-kolkata-to-gangarampur-1,Kolkata to Gangarampur,WBTC,Government - NON AC,,,Gangarampur,Esplanade,,,,33,kolkata-travel-router (GitHub),https://busjatri.in/
ktr-government-kolkata-to-tapan-1,Kolkata to Tapan,WBTC,Government - NON AC,,,Tapan,Esplanade,,,,27,kolkata-travel-router (GitHub),https://busjatri.in/
ktr-government-kolkata-to-kandi-1,Kolkata to Kandi,WBTC,Government - NON AC,,,Kandi,Esplanade,,,,18,kolkata-travel-router (GitHub),https://busjatri.in/
ktr-government-kolkata-to-raiganj-1,Kolkata to Raiganj,WBTC,Government - NON AC,,,Raiganj,Esplanade,,,,14,kolkata-travel-router (GitHub),https://busjatri.in/
ktr-government-kolkata-to-raiganj-rocket-1,Kolkata to Raiganj Rocket,WBTC,Government - NON AC,,,Raiganj,Esplanade,,,,14,kolkata-travel-router (GitHub),https://busjatri.in/
ktr-government-kolkata-to-balurghat-1,Kolkata to Balurghat,WBTC,Government - NON AC,,,Balurghat,Esplanade,,,,22,kolkata-travel-router (GitHub),https://busjatri.in/
ktr-government-kolkata-to-sabaldaha-1,Kolkata to Sabaldaha,WBTC,Government - NON AC,,,Sabaldaha,Esplanade,,,,14,kolkata-travel-router (GitHub),https://busjatri.in/
ktr-government-kolkata-to-nagar-1,Kolkata to Nagar,WBTC,Government - NON AC,,,Nagar,Esplanade,,,,18,kolkata-travel-router (GitHub),https://busjatri.in/
ktr-government-kolkata-to-berhampore-1,Kolkata to Berhampore,WBTC,Government - NON AC,,,Berhampore,Esplanade,,,,21,kolkata-travel-router (GitHub),https://busjatri.in/
ktr-government-kolkata-to-saiyadpara-1,Kolkata to Saiyadpara,WBTC,Government - NON AC,,,Saiyadpara,Esplanade,,,,18,kolkata-travel-router (GitHub),https://busjatri.in/
ktr-government-kolkata-to-malbazar-1,Kolkata to Malbazar,WBTC,Government - NON AC,,,Malbazar,Esplanade,,,,35,kolkata-travel-router (GitHub),https://busjatri.in/
ktr-government-kolkata-to-joypur-1,Kolkata to Joypur,WBTC,Government - NON AC,,,Joypur,Esplanade,,,,9,kolkata-travel-router (GitHub),https://busjatri.in/
ktr-government-kolkata-to-moynaguri-1,Kolkata to Moynaguri,WBTC,Government - NON AC,,,Moynaguri,Esplanade,,,,29,kolkata-travel-router (GitHub),https://busjatri.in/
ktr-government-kolkata-to-cooch-behar-1,Kolkata to Cooch Behar,WBTC,Government - NON AC,,,Cooch Behar,Esplanade,,,,34,kolkata-travel-router (GitHub),https://busjatri.in/
ktr-government-kolkata-to-cooch-behar-rocket-service-1,Kolkata to Cooch Behar Rocket Service,WBTC,Government - NON AC,,,Cooch Behar,Esplanade,,,,33,kolkata-travel-router (GitHub),https://busjatri.in/
ktr-government-kolkata-to-alipurduar-1,Kolkata to Alipurduar,WBTC,Government - NON AC,,,Alipurduar,Esplanade,,,,24,kolkata-travel-router (GitHub),https://busjatri.in/
ktr-government-kolkata-to-dhuliyan-1,Kolkata to Dhuliyan,WBTC,Government - NON AC,,,Dhuliyan,Esplanade,,,,22,kolkata-travel-router (GitHub),https://busjatri.in/
ktr-government-kolkata-to-chakta-1,Kolkata to Chakta,WBTC,Government - NON AC,,,Chakta,Esplanade,,,,18,kolkata-travel-router (GitHub),https://busjatri.in/
ktr-government-kolkata-to-durgapur,Kolkata to Durgapur,WBTC,Government - NON AC,,,Esplanade,Durgapur,,,,11,kolkata-travel-router (GitHub),https://busjatri.in/
ktr-government-kolkata-to-durgapur-ac-premium,Kolkata to Durgapur AC Premium,WBTC,Government - AC,,,Esplanade,Durgapur,,,,11,kolkata-travel-router (GitHub),https://busjatri.in/
ktr-government-kolkata-to-barddhaman,Kolkata to Barddhaman,WBTC,Government - NON AC,,,Esplanade,Barddhaman,,,,7,kolkata-travel-router (GitHub),https://busjatri.in/
ktr-government-kolkata-to-barddhaman-ac-premium,Kolkata to Barddhaman AC Premium,WBTC,Government - AC,,,Esplanade,Barddhaman,,,,7,kolkata-travel-router (GitHub),https://busjatri.in/
ktr-private-kolkata-to-dhamakhali,Kolkata to Dhamakhali,Private,Private - NON AC,,,Esplanade,Dhamakhali,,,,26,kolkata-travel-router (GitHub),https://busjatri.in/
ktr-government-kolkata-to-belpahari,Kolkata to Belpahari,WBTC,Government - NON AC,,,Esplanade,Belpahari,,,,27,kolkata-travel-router (GitHub),https://busjatri.in/
ktr-government-kolkata-to-bandowan,Kolkata to Bandowan,WBTC,Government - NON AC,,,Esplanade,Bandowan,,,,16,kolkata-travel-router (GitHub),https://busjatri.in/
ktr-government-kolkata-to-tarapith-2,Kolkata to Tarapith,WBTC,Government - NON AC,,,Esplanade,Barshal,,,,20,kolkata-travel-router (GitHub),https://busjatri.in/
ktr-government-kolkata-to-shyamsundar,Kolkata to Shyamsundar,WBTC,Government - NON AC,,,Esplanade,Shyamsundar,,,,9,kolkata-travel-router (GitHub),https://busjatri.in/
ktr-government-kolkata-to-labhpur,Kolkata to Labhpur,WBTC,Government - NON AC,,,Esplanade,Labhpur,,,,20,kolkata-travel-router (GitHub),https://busjatri.in/
ktr-government-kolkata-to-shimuliyahat,Kolkata to Shimuliyahat,WBTC,Government - NON AC,,,Esplanade,Shimuliyahat,,,,24,kolkata-travel-router (GitHub),https://busjatri.in/
ktr-government-kolkata-to-sainthia,Kolkata to Sainthia,WBTC,Government - NON AC,,,Esplanade,Sainthia,,,,9,kolkata-travel-router (GitHub),https://busjatri.in/
ktr-government-kolkata-to-nandigram,Kolkata to Nandigram,WBTC,Government - NON AC,,,Esplanade,Nandigram,,,,16,kolkata-travel-router (GitHub),https://busjatri.in/
ktr-government-kolkata-to-maldanga,Kolkata to Maldanga,WBTC,Government - NON AC,,,Esplanade,Maldanga,,,,11,kolkata-travel-router (GitHub),https://busjatri.in/
ktr-government-kolkata-to-kalna,Kolkata to Kalna,WBTC,Government - NON AC,,,Esplanade,Kalna,,,,11,kolkata-travel-router (GitHub),https://busjatri.in/
ktr-government-kolkata-to-nanur,Kolkata to Nanur,WBTC,Government - NON AC,,,Esplanade,Nanur,,,,6,kolkata-travel-router (GitHub),https://busjatri.in/
ktr-government-kolkata-to-ukhra,Kolkata to Ukhra,WBTC,Government - NON AC,,,Esplanade,Ukhra,,,,16,kolkata-travel-router (GitHub),https://busjatri.in/
ktr-government-kolkata-to-harishpur,Kolkata to Harishpur,WBTC,Government - NON AC,,,Esplanade,Harishpur,,,,14,kolkata-travel-router (GitHub),https://busjatri.in/
ktr-government-kolkata-to-kuli,Kolkata to Kuli,WBTC,Government - NON AC,,,Esplanade,Kuli,,,,15,kolkata-travel-router (GitHub),https://busjatri.in/
ktr-government-kolkata-to-manbazar,Kolkata to Manbazar,WBTC,Government - NON AC,,,Esplanade,Manbazar,,,,23,kolkata-travel-router (GitHub),https://busjatri.in/
ktr-government-kolkata-to-kirnahar,Kolkata to Kirnahar,WBTC,Government - NON AC,,,Esplanade,Kirnahar,,,,7,kolkata-travel-router (GitHub),https://busjatri.in/
ktr-government-kolkata-to-dinanathpur,Kolkata to Dinanathpur,WBTC,Government - NON AC,,,Esplanade,Dinanathpur,,,,6,kolkata-travel-router (GitHub),https://busjatri.in/
ktr-government-kolkata-to-daroka,Kolkata to Daroka,WBTC,Government - NON AC,,,Esplanade,Daroka,,,,10,kolkata-travel-router (GitHub),https://busjatri.in/
ktr-government-kolkata-to-sonamukhi,Kolkata to Sonamukhi,WBTC,Government - NON AC,,,Esplanade,Sonamukhi,,,,10,kolkata-travel-router (GitHub),https://busjatri.in/
ktr-government-garia-to-digha-1,Garia to Digha,WBTC,Government - NON AC,,,Garia,Digha,,,,41,kolkata-travel-router (GitHub),https://busjatri.in/
ktr-government-garia-to-digha-ac-premium,Garia to Digha AC Premium,WBTC,Government - AC,,,Garia,Digha,,,,18,kolkata-travel-router (GitHub),https://busjatri.in/
ktr-government-garia-to-jhargram-1,Garia to Jhargram,WBTC,Government - NON AC,,,Garia,Jhargram,,,,25,kolkata-travel-router (GitHub),https://busjatri.in/
ktr-government-garia-to-rampurhat,Garia to Rampurhat,WBTC,Government - NON AC,,,Garia,Rampurhat,,,,13,kolkata-travel-router (GitHub),https://busjatri.in/
ktr-government-baruipur-to-digha,Baruipur to Digha,WBTC,Government - NON AC,,,Baruipur,Digha,,,,28,kolkata-travel-router (GitHub),https://busjatri.in/
ktr-government-baruipur-to-digha-ac-premium,Baruipur to Digha AC Premium,WBTC,Government - AC,,,Baruipur,Digha,,,,28,kolkata-travel-router (GitHub),https://busjatri.in/
ktr-government-kudghat-to-tarapith,Kudghat to Tarapith,WBTC,Government - NON AC,,,Tollygunge,Tarapith,,,,20,kolkata-travel-router (GitHub),https://busjatri.in/
ktr-government-nainan-to-esplanade,Nainan to Esplanade,WBTC,Government - NON AC,,,Nainan,Esplanade,,,,22,kolkata-travel-router (GitHub),https://busjatri.in/
ktr-government-nainan-to-malda,Nainan to Malda,WBTC,Government - NON AC,,,Nainan,Malda,,,,67,kolkata-travel-router (GitHub),https://busjatri.in/
ktr-government-digha-to-lagola,Digha to Lagola,WBTC,Government - NON AC,,,Digha,Lalgola,,,,50,kolkata-travel-router (GitHub),https://busjatri.in/
ktr-government-khirpai-to-digha,Khirpai to Digha,WBTC,Government - NON AC,,,Khirpai,Digha,,,,33,kolkata-travel-router (GitHub),https://busjatri.in/
ktr-government-digha-to-suri,Digha to Suri,WBTC,Government - NON AC,,,Digha,Suri,,,,37,kolkata-travel-router (GitHub),https://busjatri.in/
ktr-government-kolkata-to-kharika,Kolkata to Kharika,WBTC,Government - NON AC,,,Esplanade,Kharika,,,,18,kolkata-travel-router (GitHub),https://busjatri.in/
ktr-government-haldia-to-asansol,Haldia to Asansol,WBTC,Government - NON AC,,,Haldia Township,Asansol,,,,31,kolkata-travel-router (GitHub),https://busjatri.in/
ktr-government-haldia-to-barakar,Haldia to Barakar,WBTC,Government - NON AC,,,Haldia,Barakar,,,,35,kolkata-travel-router (GitHub),https://busjatri.in/
ktr-government-haldia-to-tarapith,Haldia to Tarapith,WBTC,Government - NON AC,,,Haldia,Barshal,,,,35,kolkata-travel-router (GitHub),https://busjatri.in/
ktr-government-chittaranjan-to-haldia,Chittaranjan to Haldia,WBTC,Government - NON AC,,,Chittaranjan,Haldia,,,,37,kolkata-travel-router (GitHub),https://busjatri.in/
ktr-government-tarapith-to-nainan,Tarapith to Nainan,WBTC,Government - NON AC,,,Tarapith,Nainan,,,,51,kolkata-travel-router (GitHub),https://busjatri.in/
ktr-government-newtown-to-digha-ac-volvo,Newtown to Digha AC Volvo,WBTC,Government - AC,,,Newtown,Digha,,,,32,kolkata-travel-router (GitHub),https://busjatri.in/
ktr-government-karunamoyee-to-bankura,Karunamoyee to Bankura,WBTC,Government - NON AC,,,Bankura,Karunamoyee,,,,16,kolkata-travel-router (GitHub),https://busjatri.in/
ktr-government-karunamoyee-to-barddhaman,Karunamoyee to Barddhaman,WBTC,Government - NON AC,,,Karunamoyee,Barddhaman,,,,10,kolkata-travel-router (GitHub),https://busjatri.in/
ktr-government-karunamoyee-to-midnapore,Karunamoyee to Midnapore,WBTC,Government - NON AC,,,Karunamoyee,Midnapore,,,,17,kolkata-travel-router (GitHub),https://busjatri.in/
ktr-government-karunamoyee-to-jhargram,Karunamoyee to Jhargram,WBTC,Government - NON AC,,,Karunamoyee,Jhargram,,,,14,kolkata-travel-router (GitHub),https://busjatri.in/
ktr-government-karunamoyee-to-bandowan,Karunamoyee to Bandowan,WBTC,Government - NON AC,,,Karunamoyee,Bandowan,,,,22,kolkata-travel-router (GitHub),https://busjatri.in/
ktr-government-karunamoyee-to-durgapur,Karunamoyee to Durgapur,WBTC,Government - NON AC,,,Karunamoyee,Durgapur,,,,14,kolkata-travel-router (GitHub),https://busjatri.in/
ktr-government-karunamoyee-to-kalna,Karunamoyee to Kalna,WBTC,Government - NON AC,,,Karunamoyee,Kalna,,,,15,kolkata-travel-router (GitHub),https://busjatri.in/
ktr-government-karunamoyee-to-haldia-1,Karunamoyee to Haldia,WBTC,Government - NON AC,,,Karunamoyee,Haldia,,,,27,kolkata-travel-router (GitHub),https://busjatri.in/
ktr-government-karunamoyee-to-haldia-ac-premium,Karunamoyee to Haldia AC Premium,WBTC,Government - AC,,,Karunamoyee,Haldia,,,,27,kolkata-travel-router (GitHub),https://busjatri.in/
ktr-government-habra-to-suri,Habra to Suri,WBTC,Government - NON AC,,,Habra,Suri,,,,8,kolkata-travel-router (GitHub),https://busjatri.in/
ktr-government-habra-to-durgapur,Habra to Durgapur,WBTC,Government - NON AC,,,Habra,Durgapur,5:05 AM,9:00 AM,Rs. 165,9,kolkata-travel-router (GitHub),https://busjatri.in/
ktr-government-bongaon-to-asansol,Bongaon to Asansol,WBTC,Government - NON AC,,,Bongaon,Asansol,,,,29,kolkata-travel-router (GitHub),https://busjatri.in/
ktr-government-barasat-to-durgapur,Barasat to Durgapur,WBTC,Government - NON AC,,,Barasat,Durgapur,,,,13,kolkata-travel-router (GitHub),https://busjatri.in/
ktr-government-taki-to-digha,Taki to Digha,WBTC,Government - NON AC,,,Taki,Digha,,,,28,kolkata-travel-router (GitHub),https://busjatri.in/
ktr-government-kolkata-to-katwa,Kolkata to Katwa,WBTC,Government - NON AC,,,Esplanade,Dainhat,,,,12,kolkata-travel-router (GitHub),https://busjatri.in/
ktr-government-kolkata-to-chalta,Kolkata to Chalta,WBTC,Government - NON AC,,,Esplanade,Ketugram,,,,15,kolkata-travel-router (GitHub),https://busjatri.in/
ktr-government-karunamoyee-to-salboni,Karunamoyee to Salboni,WBTC,Government - NON AC,,,Karunamoyee,Godapiasal,,,,17,kolkata-travel-router (GitHub),https://busjatri.in/
ktr-government-kolkata-to-bolpur,Kolkata to Bolpur,WBTC,Government - NON AC,,,Esplanade,Bolpur,,,,11,kolkata-travel-router (GitHub),https://busjatri.in/
ktr-government-kolkata-to-arambagh,Kolkata to Arambagh,WBTC,Government - NON AC,,,Esplanade,Arambagh,,,,13,kolkata-travel-router (GitHub),https://busjatri.in/
ktr-government-birati-to-digha,Birati to Digha,WBTC,Government - NON AC,,,Birati,Digha,,,,17,kolkata-travel-router (GitHub),https://busjatri.in/
ktr-government-khardah-to-digha,Khardah to Digha,WBTC,Government - NON AC,,,Khardaha,Digha,,,,16,kolkata-travel-router (GitHub),https://busjatri.in/
ktr-government-belgharia-badamtala-to-digha,Belgharia Badamtala to Digha,WBTC,Government - NON AC,,,Belgharia,Old Digha,,,,16,kolkata-travel-router (GitHub),https://busjatri.in/
ktr-government-digha-to-bagula,Digha to Bagula,WBTC,Government - NON AC,,,Digha,Aranghata,,,,24,kolkata-travel-router (GitHub),https://busjatri.in/
ktr-government-digha-to-dumdum-station,Digha to Dumdum Station,WBTC,Government - NON AC,,,Digha,Dumdum Station,,,,18,kolkata-travel-router (GitHub),https://busjatri.in/
ktr-government-digha-to-durgapur,Digha to Durgapur,WBTC,Government - NON AC,,,Digha,Durgapur,,,,22,kolkata-travel-router (GitHub),https://busjatri.in/
ktr-government-kolkata-to-rasulpur,Kolkata to Rasulpur,WBTC,Government - NON AC,,,Esplanade,Rasulpur,,,,18,kolkata-travel-router (GitHub),https://busjatri.in/
ktr-government-kolkata-to-langalhata,Kolkata to Langalhata,WBTC,Government - NON AC,,,Esplanade,Labhpur,,,,16,kolkata-travel-router (GitHub),https://busjatri.in/
ktr-government-kolkata-to-berhampore-2,Kolkata to Berhampore,WBTC,Government - NON AC,,,Esplanade,Khagraghat,,,,23,kolkata-travel-router (GitHub),https://busjatri.in/
ktr-government-digha-to-khatra,Digha to Khatra,WBTC,Government - NON AC,,,Digha,Khatra,,,,33,kolkata-travel-router (GitHub),https://busjatri.in/
ktr-government-digha-to-sarsuna,Digha to Sarsuna,WBTC,Government - NON AC,,,Digha,Behala Chowrasta,,,,13,kolkata-travel-router (GitHub),https://busjatri.in/
ktr-government-digha-to-kudgha,Digha to Kudgha,WBTC,Government - NON AC,,,Digha,Kudghat,,,,14,kolkata-travel-router (GitHub),https://busjatri.in/
ktr-government-digha-to-thakurpukur,Digha to Thakurpukur,WBTC,Government - NON AC,,,Digha,Thakurpukur,,,,13,kolkata-travel-router (GitHub),https://busjatri.in/
ktr-government-kolkata-to-jamuria,Kolkata to Jamuria,WBTC,Government - NON AC,,,Esplanade,Jamuria,,,,10,kolkata-travel-router (GitHub),https://busjatri.in/
ktr-government-kolkata-to-balgona,Kolkata to Balgona,WBTC,Government - NON AC,,,Esplanade,Balgona,,,,10,kolkata-travel-router (GitHub),https://busjatri.in/
ktr-government-jhargram-to-digha,Jhargram to Digha,WBTC,Government - NON AC,,,Jhargram,Digha,,,,24,kolkata-travel-router (GitHub),https://busjatri.in/
ktr-government-new-barrackpore-to-digha,New Barrackpore to Digha,WBTC,Government - AC,,,New Barrackpore,Digha,,,,18,kolkata-travel-router (GitHub),https://busjatri.in/
ktr-government-digha-to-nagar,Digha to Nagar,WBTC,Government - NON AC,,,Digha,Kuli,,,,14,kolkata-travel-router (GitHub),https://busjatri.in/
ktr-government-kolkata-to-kantakhali,Kolkata to Kantakhali,WBTC,Government - NON AC,,,Esplanade,Kantakhali,,,,11,kolkata-travel-router (GitHub),https://busjatri.in/
ktr-government-kolkata-to-gopiganj,Kolkata to Gopiganj,WBTC,Government - NON AC,,,Esplanade,Gopiganj,,,,10,kolkata-travel-router (GitHub),https://busjatri.in/
ktr-government-kolkata-to-baghmundi,Kolkata to Baghmundi,WBTC,Government - NON AC,,,Esplanade,Baghmundi,,,,9,kolkata-travel-router (GitHub),https://busjatri.in/
ktr-government-digha-to-kirnahar,Digha to Kirnahar,WBTC,Government - NON AC,,,Digha,Kirnahar,,,,23,kolkata-travel-router (GitHub),https://busjatri.in/
ktr-government-kolkata-to-dhumsai,Kolkata to Dhumsai,WBTC,Government - NON AC,,,Esplanade,Dhumsai,,,,21,kolkata-travel-router (GitHub),https://busjatri.in/
ktr-government-barrackpore-to-haldia,Barrackpore to Haldia,WBTC,Government - AC,,,Barrackpore,Haldia,,,,11,kolkata-travel-router (GitHub),https://busjatri.in/
ktr-government-karunamoyee-to-jhalda,Karunamoyee to Jhalda,WBTC,Government - NON AC,,,Karunamoyee,Jhalda,,,,12,kolkata-travel-router (GitHub),https://busjatri.in/
ktr-government-garia-to-midnapore,Garia to Midnapore,WBTC,Government - NON AC,,,Garia,Midnapore,,,,13,kolkata-travel-router (GitHub),https://busjatri.in/
ktr-government-rajbalhat-to-haldia,Rajbalhat to Haldia,WBTC,Government - NON AC,,,Rajbalhat,Haldia,,,,31,kolkata-travel-router (GitHub),https://busjatri.in/
ktr-government-midnapore-to-omarpur,Midnapore to Omarpur,WBTC,Government - NON AC,,,Midnapore,Omarpur,,,,19,kolkata-travel-router (GitHub),https://busjatri.in/
ktr-government-kolkata-to-bakkhali-1,Kolkata to Bakkhali,WBTC,Government - NON AC,,,Bakkhali,Esplanade,,,,53,kolkata-travel-router (GitHub),https://busjatri.in/
ktr-government-kolkata-to-digha-1,Kolkata to Digha,WBTC,Government - NON AC,,,Digha,Esplanade,,,,24,kolkata-travel-router (GitHub),https://busjatri.in/
ktr-government-kolkata-to-durgapur-1,Kolkata to Durgapur,WBTC,Government - NON AC,,,Durgapur,Esplanade,,,,11,kolkata-travel-router (GitHub),https://busjatri.in/
ktr-government-kolkata-to-durgapur-ac-premium-1,Kolkata to Durgapur AC Premium,WBTC,Government - AC,,,Durgapur,Esplanade,,,,11,kolkata-travel-router (GitHub),https://busjatri.in/
ktr-government-kolkata-to-barddhaman-1,Kolkata to Barddhaman,WBTC,Government - NON AC,,,Barddhaman,Esplanade,,,,7,kolkata-travel-router (GitHub),https://busjatri.in/
ktr-government-kolkata-to-barddhaman-ac-premium-1,Kolkata to Barddhaman AC Premium,WBTC,Government - AC,,,Barddhaman,Esplanade,,,,7,kolkata-travel-router (GitHub),https://busjatri.in/
ktr-private-kolkata-to-dhamakhali-1,Kolkata to Dhamakhali,Private,Private - NON AC,,,Dhamakhali,Esplanade,,,,26,kolkata-travel-router (GitHub),https://busjatri.in/
ktr-government-kolkata-to-purulia-2,Kolkata to Purulia,WBTC,Government - NON AC,,,Purulia,Esplanade,,,,15,kolkata-travel-router (GitHub),https://busjatri.in/
ktr-government-kolkata-to-jhargram-3,Kolkata to Jhargram,WBTC,Government - NON AC,,,Jhargram,Esplanade,,,,21,kolkata-travel-router (GitHub),https://busjatri.in/
ktr-government-kolkata-to-belpahari-1,Kolkata to Belpahari,WBTC,Government - NON AC,,,Belpahari,Esplanade,,,,27,kolkata-travel-router (GitHub),https://busjatri.in/
ktr-government-kolkata-to-bandowan-2,Kolkata to Bandowan,WBTC,Government - NON AC,,,Bandowan,Esplanade,,,,16,kolkata-travel-router (GitHub),https://busjatri.in/
ktr-government-kolkata-to-rampurhat-1,Kolkata to Rampurhat,WBTC,Government - NON AC,,,Rampurhat,Esplanade,,,,23,kolkata-travel-router (GitHub),https://busjatri.in/
ktr-government-kolkata-to-tarapith-6,Kolkata to Tarapith,WBTC,Government - NON AC,,,Barshal,Esplanade,,,,20,kolkata-travel-router (GitHub),https://busjatri.in/
ktr-government-kolkata-to-malda-5,Kolkata to Malda,WBTC,Government - NON AC,,,Malda,Esplanade,,,,30,kolkata-travel-router (GitHub),https://busjatri.in/
ktr-government-kolkata-to-shyamsundar-1,Kolkata to Shyamsundar,WBTC,Government - NON AC,,,Shyamsundar,Esplanade,,,,9,kolkata-travel-router (GitHub),https://busjatri.in/
ktr-government-kolkata-to-labhpur-1,Kolkata to Labhpur,WBTC,Government - NON AC,,,Labhpur,Esplanade,,,,20,kolkata-travel-router (GitHub),https://busjatri.in/
ktr-government-kolkata-to-shimuliyahat-1,Kolkata to Shimuliyahat,WBTC,Government - NON AC,,,Shimuliyahat,Esplanade,,,,24,kolkata-travel-router (GitHub),https://busjatri.in/
ktr-government-kolkata-to-sainthia-1,Kolkata to Sainthia,WBTC,Government - NON AC,,,Sainthia,Esplanade,,,,9,kolkata-travel-router (GitHub),https://busjatri.in/
ktr-government-kolkata-to-nandigram-1,Kolkata to Nandigram,WBTC,Government - NON AC,,,Nandigram,Esplanade,,,,16,kolkata-travel-router (GitHub),https://busjatri.in/
ktr-government-kolkata-to-maldanga-1,Kolkata to Maldanga,WBTC,Government - NON AC,,,Maldanga,Esplanade,,,,11,kolkata-travel-router (GitHub),https://busjatri.in/
ktr-government-kolkata-to-kalna-1,Kolkata to Kalna,WBTC,Government - NON AC,,,Kalna,Esplanade,,,,11,kolkata-travel-router (GitHub),https://busjatri.in/
ktr-government-kolkata-to-nanur-1,Kolkata to Nanur,WBTC,Government - NON AC,,,Nanur,Esplanade,,,,6,kolkata-travel-router (GitHub),https://busjatri.in/
ktr-government-kolkata-to-ukhra-1,Kolkata to Ukhra,WBTC,Government - NON AC,,,Ukhra,Esplanade,,,,16,kolkata-travel-router (GitHub),https://busjatri.in/
ktr-government-kolkata-to-harishpur-1,Kolkata to Harishpur,WBTC,Government - NON AC,,,Harishpur,Esplanade,,,,14,kolkata-travel-router (GitHub),https://busjatri.in/
ktr-government-kolkata-to-kuli-1,Kolkata to Kuli,WBTC,Government - NON AC,,,Kuli,Esplanade,,,,15,kolkata-travel-router (GitHub),https://busjatri.in/
ktr-government-kolkata-to-manbazar-1,Kolkata to Manbazar,WBTC,Government - NON AC,,,Manbazar,Esplanade,,,,23,kolkata-travel-router (GitHub),https://busjatri.in/
ktr-government-kolkata-to-kirnahar-1,Kolkata to Kirnahar,WBTC,Government - NON AC,,,Kirnahar,Esplanade,,,,7,kolkata-travel-router (GitHub),https://busjatri.in/
ktr-government-kolkata-to-tarapith-7,Kolkata to Tarapith,WBTC,Government - NON AC,,,Tarapith,Esplanade,,,,26,kolkata-travel-router (GitHub),https://busjatri.in/
ktr-government-kolkata-to-dinanathpur-1,Kolkata to Dinanathpur,WBTC,Government - NON AC,,,Dinanathpur,Esplanade,,,,6,kolkata-travel-router (GitHub),https://busjatri.in/
ktr-government-kolkata-to-daroka-1,Kolkata to Daroka,WBTC,Government - NON AC,,,Daroka,Esplanade,,,,10,kolkata-travel-router (GitHub),https://busjatri.in/
ktr-government-kolkata-to-sonamukhi-1,Kolkata to Sonamukhi,WBTC,Government - NON AC,,,Sonamukhi,Esplanade,,,,10,kolkata-travel-router (GitHub),https://busjatri.in/
ktr-government-kolkata-to-haldia-1,Kolkata to Haldia,WBTC,Government - NON AC,,,Haldia,Esplanade,,,,16,kolkata-travel-router (GitHub),https://busjatri.in/
ktr-government-garia-to-digha-4,Garia to Digha,WBTC,Government - NON AC,,,Digha,Garia,,,,40,kolkata-travel-router (GitHub),https://busjatri.in/
ktr-government-garia-to-digha-ac-premium-1,Garia to Digha AC Premium,WBTC,Government - AC,,,Digha,Garia,,,,17,kolkata-travel-router (GitHub),https://busjatri.in/
ktr-government-garia-to-jhargram-3,Garia to Jhargram,WBTC,Government - NON AC,,,Jhargram,Garia,,,,25,kolkata-travel-router (GitHub),https://busjatri.in/
ktr-government-garia-to-rampurhat-1,Garia to Rampurhat,WBTC,Government - NON AC,,,Rampurhat,Garia,,,,13,kolkata-travel-router (GitHub),https://busjatri.in/
ktr-government-baruipur-to-digha-1,Baruipur to Digha,WBTC,Government - NON AC,,,Digha,Baruipur,,,,27,kolkata-travel-router (GitHub),https://busjatri.in/
ktr-government-baruipur-to-digha-ac-premium-1,Baruipur to Digha AC Premium,WBTC,Government - AC,,,Digha,Baruipur,,,,27,kolkata-travel-router (GitHub),https://busjatri.in/
ktr-government-kudghat-to-tarapith-1,Kudghat to Tarapith,WBTC,Government - NON AC,,,Tarapith,Tollygunge,,,,20,kolkata-travel-router (GitHub),https://busjatri.in/
ktr-government-nainan-to-esplanade-1,Nainan to Esplanade,WBTC,Government - NON AC,,,Esplanade,Nainan,,,,22,kolkata-travel-router (GitHub),https://busjatri.in/
ktr-government-nainan-to-malda-1,Nainan to Malda,WBTC,Government - NON AC,,,Malda,Nainan,,,,67,kolkata-travel-router (GitHub),https://busjatri.in/
ktr-government-digha-to-lalgola,Digha to Lalgola,WBTC,Government - NON AC,,,Lalgola,Digha,,,,51,kolkata-travel-router (GitHub),https://busjatri.in/
ktr-government-khirpai-to-digha-1,Khirpai to Digha,WBTC,Government - NON AC,,,Digha,Khirpai,,,,32,kolkata-travel-router (GitHub),https://busjatri.in/
ktr-government-digha-to-suri-1,Digha to Suri,WBTC,Government - NON AC,,,Suri,Digha,,,,38,kolkata-travel-router (GitHub),https://busjatri.in/
ktr-government-kolkata-to-kharika-1,Kolkata to Kharika,WBTC,Government - NON AC,,,Kharika,Esplanade,,,,18,kolkata-travel-router (GitHub),https://busjatri.in/
ktr-government-haldia-to-asansol-1,Haldia to Asansol,WBTC,Government - NON AC,,,Asansol,Haldia Township,,,,31,kolkata-travel-router (GitHub),https://busjatri.in/
ktr-government-haldia-to-barakar-1,Haldia to Barakar,WBTC,Government - NON AC,,,Barakar,Haldia,,,,35,kolkata-travel-router (GitHub),https://busjatri.in/
ktr-government-haldia-to-tarapith-1,Haldia to Tarapith,WBTC,Government - NON AC,,,Barshal,Haldia,,,,35,kolkata-travel-router (GitHub),https://busjatri.in/
ktr-government-chittaranjan-to-haldia-1,Chittaranjan to Haldia,WBTC,Government - NON AC,,,Haldia,Chittaranjan,,,,37,kolkata-travel-router (GitHub),https://busjatri.in/
ktr-government-tarapith-to-nainan-1,Tarapith to Nainan,WBTC,Government - NON AC,,,Nainan,Tarapith,,,,51,kolkata-travel-router (GitHub),https://busjatri.in/
ktr-government-newtown-to-digha-ac-volvo-1,Newtown to Digha AC Volvo,WBTC,Government - AC,,,Digha,Newtown,,,,32,kolkata-travel-router (GitHub),https://busjatri.in/
ktr-government-karunamoyee-to-digha-1,Karunamoyee to Digha,WBTC,Government - NON AC,,,Digha,Karunamoyee,,,,15,kolkata-travel-router (GitHub),https://busjatri.in/
ktr-government-karunamoyee-to-bankura-1,Karunamoyee to Bankura,WBTC,Government - NON AC,,,Karunamoyee,Bankura,,,,16,kolkata-travel-router (GitHub),https://busjatri.in/
ktr-government-karunamoyee-to-barddhaman-1,Karunamoyee to Barddhaman,WBTC,Government - NON AC,,,Barddhaman,Karunamoyee,,,,10,kolkata-travel-router (GitHub),https://busjatri.in/
ktr-government-karunamoyee-to-midnapore-2,Karunamoyee to Midnapore,WBTC,Government - NON AC,,,Midnapore,Karunamoyee,,,,17,kolkata-travel-router (GitHub),https://busjatri.in/
ktr-government-karunamoyee-to-jhargram-1,Karunamoyee to Jhargram,WBTC,Government - NON AC,,,Jhargram,Karunamoyee,,,,14,kolkata-travel-router (GitHub),https://busjatri.in/
ktr-government-karunamoyee-to-bandowan-1,Karunamoyee to Bandowan,WBTC,Government - NON AC,,,Bandowan,Karunamoyee,,,,22,kolkata-travel-router (GitHub),https://busjatri.in/
ktr-government-karunamoyee-to-durgapur-1,Karunamoyee to Durgapur,WBTC,Government - NON AC,,,Durgapur,Karunamoyee,5:15 AM,9:15 AM,,14,kolkata-travel-router (GitHub),https://busjatri.in/
ktr-government-karunamoyee-to-kalna-1,Karunamoyee to Kalna,WBTC,Government - NON AC,,,Kalna,Karunamoyee,,,,15,kolkata-travel-router (GitHub),https://busjatri.in/
ktr-government-karunamoyee-to-suri-1,Karunamoyee to Suri,WBTC,Government - NON AC,,,Suri,Karunamoyee,,,,14,kolkata-travel-router (GitHub),https://busjatri.in/
ktr-government-karunamoyee-to-asansol-1,Karunamoyee to Asansol,WBTC,Government - NON AC,,,Asansol,Karunamoyee,,,,16,kolkata-travel-router (GitHub),https://busjatri.in/
ktr-government-karunamoyee-to-asansol-ac-premium-1,Karunamoyee to Asansol AC Premium,WBTC,Government - AC,,,Asansol,Karunamoyee,,,,16,kolkata-travel-router (GitHub),https://busjatri.in/
ktr-government-karunamoyee-to-haldia-3,Karunamoyee to Haldia,WBTC,Government - NON AC,,,Haldia,Karunamoyee,,,,27,kolkata-travel-router (GitHub),https://busjatri.in/
ktr-government-karunamoyee-to-haldia-ac-premium-1,Karunamoyee to Haldia AC Premium,WBTC,Government - AC,,,Haldia,Karunamoyee,,,,27,kolkata-travel-router (GitHub),https://busjatri.in/
ktr-government-habra-to-midnapore-1,Habra to Midnapore,WBTC,Government - NON AC,,,Midnapore,Habra,,,,21,kolkata-travel-router (GitHub),https://busjatri.in/
ktr-government-habra-to-suri-1,Habra to Suri,WBTC,Government - NON AC,,,Suri,Habra,,,,8,kolkata-travel-router (GitHub),https://busjatri.in/
ktr-government-habra-to-digha-1,Habra to Digha,WBTC,Government - NON AC,,,Digha,Habra,,,,36,kolkata-travel-router (GitHub),https://busjatri.in/
ktr-government-habra-to-durgapur-1,Habra to Durgapur,WBTC,Government - NON AC,,,Durgapur,Habra,,,,9,kolkata-travel-router (GitHub),https://busjatri.in/
ktr-government-habra-to-asansol-1,Habra to Asansol,WBTC,Government - NON AC,,,Asansol,Habra,,,,17,kolkata-travel-router (GitHub),https://busjatri.in/
ktr-government-bongaon-to-asansol-1,Bongaon to Asansol,WBTC,Government - NON AC,,,Asansol,Bongaon,,,,29,kolkata-travel-router (GitHub),https://busjatri.in/
ktr-government-barasat-to-digha-1,Barasat to Digha,WBTC,Government - NON AC,,,Digha,Barasat,,,,20,kolkata-travel-router (GitHub),https://busjatri.in/
ktr-government-barasat-to-digha-ac-premium-1,Barasat to Digha AC Premium,WBTC,Government - AC,,,Digha,Barasat,,,,20,kolkata-travel-router (GitHub),https://busjatri.in/
ktr-government-barasat-to-durgapur-1,Barasat to Durgapur,WBTC,Government - NON AC,,,Durgapur,Barasat,,,,13,kolkata-travel-router (GitHub),https://busjatri.in/
ktr-government-barasat-to-suri-1,Barasat to Suri,WBTC,Government - NON AC,,,Suri,Barasat,,,,16,kolkata-travel-router (GitHub),https://busjatri.in/
ktr-government-taki-to-digha-1,Taki to Digha,WBTC,Government - NON AC,,,Digha,Taki,,,,27,kolkata-travel-router (GitHub),https://busjatri.in/
ktr-government-kolkata-to-katwa-1,Kolkata to Katwa,WBTC,Government - NON AC,,,Dainhat,Esplanade,,,,12,kolkata-travel-router (GitHub),https://busjatri.in/
ktr-government-kolkata-to-chalta-1,Kolkata to Chalta,WBTC,Government - NON AC,,,Ketugram,Esplanade,,,,15,kolkata-travel-router (GitHub),https://busjatri.in/
ktr-government-karunamoyee-to-salboni-1,Karunamoyee to Salboni,WBTC,Government - NON AC,,,Godapiasal,Karunamoyee,,,,17,kolkata-travel-router (GitHub),https://busjatri.in/
ktr-government-kolkata-to-bolpur-1,Kolkata to Bolpur,WBTC,Government - NON AC,,,Bolpur,Esplanade,,,,11,kolkata-travel-router (GitHub),https://busjatri.in/
ktr-government-kolkata-to-arambagh-2,Kolkata to Arambagh,WBTC,Government - NON AC,,,Arambagh,Esplanade,,,,13,kolkata-travel-router (GitHub),https://busjatri.in/
ktr-government-dunlop-to-digha-1,Dunlop to Digha,WBTC,Government - NON AC,,,Digha,Esplanade,,,,14,kolkata-travel-router (GitHub),https://busjatri.in/
ktr-government-birati-to-digha-1,Birati to Digha,WBTC,Government - NON AC,,,Digha,Birati,,,,16,kolkata-travel-router (GitHub),https://busjatri.in/
ktr-government-khardah-to-digha-1,Khardah to Digha,WBTC,Government - NON AC,,,Digha,Khardaha,,,,15,kolkata-travel-router (GitHub),https://busjatri.in/
ktr-government-belgharia-badamtala-to-digha-1,Belgharia Badamtala to Digha,WBTC,Government - NON AC,,,Digha,Belgharia,,,,17,kolkata-travel-router (GitHub),https://busjatri.in/
ktr-government-digha-to-bagula-1,Digha to Bagula,WBTC,Government - NON AC,,,Aranghata,Digha,,,,25,kolkata-travel-router (GitHub),https://busjatri.in/
ktr-government-digha-to-dumdum-station-1,Digha to Dumdum Station,WBTC,Government - NON AC,,,Dumdum Station,Digha,,,,19,kolkata-travel-router (GitHub),https://busjatri.in/
ktr-government-digha-to-durgapur-1,Digha to Durgapur,WBTC,Government - NON AC,,,Durgapur,Digha,,,,23,kolkata-travel-router (GitHub),https://busjatri.in/
ktr-government-kolkata-to-rasulpur-1,Kolkata to Rasulpur,WBTC,Government - NON AC,,,Rasulpur,Esplanade,,,,18,kolkata-travel-router (GitHub),https://busjatri.in/
ktr-government-kolkata-to-langalhata-1,Kolkata to Langalhata,WBTC,Government - NON AC,,,Labhpur,Esplanade,,,,16,kolkata-travel-router (GitHub),https://busjatri.in/
ktr-government-kolkata-to-berhampore-3,Kolkata to Berhampore,WBTC,Government - NON AC,,,Khagraghat,Esplanade,,,,23,kolkata-travel-router (GitHub),https://busjatri.in/
ktr-government-kolkata-to-bishnupur-1,Kolkata to Bishnupur,WBTC,Government - NON AC,,,Bishnupur,Esplanade,,,,15,kolkata-travel-router (GitHub),https://busjatri.in/
ktr-government-kolkata-to-dantan-1,Kolkata to Dantan,WBTC,Government - NON AC,,,Dantan,Esplanade,,,,18,kolkata-travel-router (GitHub),https://busjatri.in/
ktr-government-digha-to-khatra-1,Digha to Khatra,WBTC,Government - NON AC,,,Khatra,Digha,,,,34,kolkata-travel-router (GitHub),https://busjatri.in/
ktr-government-digha-to-sarsuna-1,Digha to Sarsuna,WBTC,Government - NON AC,,,Behala Chowrasta,Digha,,,,14,kolkata-travel-router (GitHub),https://busjatri.in/
ktr-government-digha-to-kudghat,Digha to Kudghat,WBTC,Government - NON AC,,,Kudghat,Digha,,,,15,kolkata-travel-router (GitHub),https://busjatri.in/
ktr-government-digha-to-thakurpukur-1,Digha to Thakurpukur,WBTC,Government - NON AC,,,Thakurpukur,Digha,,,,14,kolkata-travel-router (GitHub),https://busjatri.in/
ktr-government-kolkata-to-jamuria-1,Kolkata to Jamuria,WBTC,Government - NON AC,,,Jamuria,Esplanade,,,,10,kolkata-travel-router (GitHub),https://busjatri.in/
ktr-government-kolkata-to-balgona-1,Kolkata to Balgona,WBTC,Government - NON AC,,,Balgona,Esplanade,,,,10,kolkata-travel-router (GitHub),https://busjatri.in/
ktr-government-jhargram-to-digha-1,Jhargram to Digha,WBTC,Government - NON AC,,,Digha,Jhargram,,,,23,kolkata-travel-router (GitHub),https://busjatri.in/
ktr-government-new-barrackpore-to-digha-1,New Barrackpore to Digha,WBTC,Government - AC,,,Digha,New Barrackpore,,,,17,kolkata-travel-router (GitHub),https://busjatri.in/
ktr-government-digha-to-nagar-1,Digha to Nagar,WBTC,Government - NON AC,,,Kuli,Digha,,,,15,kolkata-travel-router (GitHub),https://busjatri.in/
ktr-government-kolkata-to-kantakhali-1,Kolkata to Kantakhali,WBTC,Government - NON AC,,,Kantakhali,Esplanade,,,,11,kolkata-travel-router (GitHub),https://busjatri.in/
ktr-government-kolkata-to-gopiganj-1,Kolkata to Gopiganj,WBTC,Government - NON AC,,,Gopiganj,Esplanade,,,,10,kolkata-travel-router (GitHub),https://busjatri.in/
ktr-government-kolkata-to-baghmundi-1,Kolkata to Baghmundi,WBTC,Government - NON AC,,,Baghmundi,Esplanade,,,,9,kolkata-travel-router (GitHub),https://busjatri.in/
ktr-government-digha-to-kirnahar-1,Digha to Kirnahar,WBTC,Government - NON AC,,,Kirnahar,Digha,,,,24,kolkata-travel-router (GitHub),https://busjatri.in/
ktr-government-kolkata-to-dhumsai-1,Kolkata to Dhumsai,WBTC,Government - NON AC,,,Dhumsai,Esplanade,,,,21,kolkata-travel-router (GitHub),https://busjatri.in/
ktr-government-barrackpore-to-haldia-1,Barrackpore to Haldia,WBTC,Government - AC,,,Haldia,Barrackpore,,,,11,kolkata-travel-router (GitHub),https://busjatri.in/
ktr-government-karunamoyee-to-jhalda-1,Karunamoyee to Jhalda,WBTC,Government - NON AC,,,Jhalda,Karunamoyee,,,,12,kolkata-travel-router (GitHub),https://busjatri.in/
ktr-government-garia-to-midnapore-1,Garia to Midnapore,WBTC,Government - NON AC,,,Midnapore,Garia,,,,13,kolkata-travel-router (GitHub),https://busjatri.in/
ktr-government-rajbalhat-to-haldia-1,Rajbalhat to Haldia,WBTC,Government - NON AC,,,Haldia,Rajbalhat,,,,31,kolkata-travel-router (GitHub),https://busjatri.in/
ktr-government-midnapore-to-omarpur-1,Midnapore to Omarpur,WBTC,Government - NON AC,,,Omarpur,Midnapore,,,,19,kolkata-travel-router (GitHub),https://busjatri.in/
ktr-private-taraknath-nabadwip-to-asansol-0035,Taraknath Nabadwip to Asansol 0035,Private,Private - NON AC,,,Nabadwip,Asansol,,,,24,kolkata-travel-router (GitHub),https://busjatri.in/
ktr-private-taraknath-nabadwip-to-asansol-0035-1,Taraknath Nabadwip to Asansol 0035,Private,Private - NON AC,,,Asansol,Nabadwip,,,,24,kolkata-travel-router (GitHub),https://busjatri.in/
ktr-private-sweety-nabadwip-to-asansol-1460,Sweety Nabadwip to Asansol 1460,Private,Private - NON AC,,,Nabadwip,Asansol,,,,24,kolkata-travel-router (GitHub),https://busjatri.in/
ktr-private-sweety-nabadwip-to-asansol-1460-1,Sweety Nabadwip to Asansol 1460,Private,Private - NON AC,,,Asansol,Nabadwip,,,,24,kolkata-travel-router (GitHub),https://busjatri.in/
ktr-private-sweety-nabadwip-to-asansol-9888,Sweety Nabadwip to Asansol 9888,Private,Private - NON AC,,,Nabadwip,Asansol,,,,24,kolkata-travel-router (GitHub),https://busjatri.in/
ktr-private-sweety-nabadwip-to-asansol-9888-1,Sweety Nabadwip to Asansol 9888,Private,Private - NON AC,,,Asansol,Nabadwip,,,,24,kolkata-travel-router (GitHub),https://busjatri.in/
ktr-private-chaitanya-nabadwip-to-asansol-9662,Chaitanya Nabadwip to Asansol 9662,Private,Private - NON AC,,,Nabadwip,Asansol,,,,23,kolkata-travel-router (GitHub),https://busjatri.in/
ktr-private-chaitanya-nabadwip-to-asansol-9662-1,Chaitanya Nabadwip to Asansol 9662,Private,Private - NON AC,,,Asansol,Nabadwip,,,,23,kolkata-travel-router (GitHub),https://busjatri.in/
ktr-private-sweety-nabadwip-to-asansol-5929,Sweety Nabadwip to Asansol 5929,Private,Private - NON AC,,,Nabadwip,Asansol,,,,23,kolkata-travel-router (GitHub),https://busjatri.in/
ktr-private-sweety-nabadwip-to-asansol-5929-1,Sweety Nabadwip to Asansol 5929,Private,Private - NON AC,,,Asansol,Nabadwip,,,,23,kolkata-travel-router (GitHub),https://busjatri.in/
ktr-private-gurjot-nabadwip-to-asansol-6638,Gurjot Nabadwip to Asansol 6638,Private,Private - NON AC,,,Nabadwip,Asansol,,,,23,kolkata-travel-router (GitHub),https://busjatri.in/
ktr-private-gurjot-nabadwip-to-asansol-6638-1,Gurjot Nabadwip to Asansol 6638,Private,Private - NON AC,,,Asansol,Nabadwip,,,,23,kolkata-travel-router (GitHub),https://busjatri.in/
ktr-private-krishna-nabadwip-to-asansol-4681,Krishna Nabadwip to Asansol 4681,Private,Private - NON AC,,,Asansol,Nabadwip,,,,23,kolkata-travel-router (GitHub),https://busjatri.in/
ktr-private-krishna-nabadwip-to-asansol-4681-1,Krishna Nabadwip to Asansol 4681,Private,Private - NON AC,,,Nabadwip,Asansol,,,,23,kolkata-travel-router (GitHub),https://busjatri.in/
ktr-private-chiranjit-nabadwip-to-asansol-8115,Chiranjit Nabadwip to Asansol 8115,Private,Private - NON AC,,,Asansol,Nabadwip,,,,23,kolkata-travel-router (GitHub),https://busjatri.in/
ktr-private-chiranjit-nabadwip-to-asansol-8115-1,Chiranjit Nabadwip to Asansol 8115,Private,Private - NON AC,,,Nabadwip,Asansol,,,,23,kolkata-travel-router (GitHub),https://busjatri.in/
ktr-private-sanju-nabadwip-to-benachity-7702,Sanju Nabadwip to Benachity 7702,Private,Private - NON AC,,,Nabadwip,Benachity,,,,20,kolkata-travel-router (GitHub),https://busjatri.in/
ktr-private-sanju-nabadwip-to-benachity-7702-1,Sanju Nabadwip to Benachity 7702,Private,Private - NON AC,,,Benachity,Nabadwip,,,,20,kolkata-travel-router (GitHub),https://busjatri.in/
ktr-private-sanju-nabadwip-to-benachity-7009,Sanju Nabadwip to Benachity 7009,Private,Private - NON AC,,,Nabadwip,Benachity,,,,20,kolkata-travel-router (GitHub),https://busjatri.in/
ktr-private-sanju-nabadwip-to-benachity-7009-1,Sanju Nabadwip to Benachity 7009,Private,Private - NON AC,,,Benachity,Nabadwip,,,,20,kolkata-travel-router (GitHub),https://busjatri.in/
ktr-private-atanu-nabadwip-to-benachity-2825,Atanu Nabadwip to Benachity 2825,Private,Private - NON AC,,,Nabadwip,Benachity,,,,20,kolkata-travel-router (GitHub),https://busjatri.in/
ktr-private-atanu-nabadwip-to-benachity-2825-1,Atanu Nabadwip to Benachity 2825,Private,Private - NON AC,,,Benachity,Nabadwip,,,,20,kolkata-travel-router (GitHub),https://busjatri.in/
ktr-private-priyangshu-nabadwip-to-benachity-0395,Priyangshu Nabadwip to Benachity 0395,Private,Private - NON AC,,,Benachity,Nabadwip,,,,20,kolkata-travel-router (GitHub),https://busjatri.in/
ktr-private-priyangshu-nabadwip-to-benachity-0395-1,Priyangshu Nabadwip to Benachity 0395,Private,Private - NON AC,,,Nabadwip,Benachity,,,,20,kolkata-travel-router (GitHub),https://busjatri.in/
ktr-private-dol-nabadwip-to-benachity-4552,Dol Nabadwip to Benachity 4552,Private,Private - NON AC,,,Nabadwip,Benachity,,,,22,kolkata-travel-router (GitHub),https://busjatri.in/
ktr-private-dol-nabadwip-to-benachity-4552-1,Dol Nabadwip to Benachity 4552,Private,Private - NON AC,,,Benachity,Nabadwip,,,,22,kolkata-travel-router (GitHub),https://busjatri.in/
ktr-private-abhishek-benachity-to-nabadwip-4949,Abhishek Benachity to Nabadwip 4949,Private,Private - NON AC,,,Benachity,Nabadwip,,,,23,kolkata-travel-router (GitHub),https://busjatri.in/
ktr-private-abhishek-benachity-to-nabadwip-4949-1,Abhishek Benachity to Nabadwip 4949,Private,Private - NON AC,,,Nabadwip,Benachity,,,,23,kolkata-travel-router (GitHub),https://busjatri.in/
ktr-private-abhishek-benachity-to-nabadwip-9349,Abhishek Benachity to Nabadwip 9349,Private,Private - NON AC,,,Benachity,Nabadwip,,,,23,kolkata-travel-router (GitHub),https://busjatri.in/
ktr-private-abhishek-benachity-to-nabadwip-9349-1,Abhishek Benachity to Nabadwip 9349,Private,Private - NON AC,,,Nabadwip,Benachity,,,,23,kolkata-travel-router (GitHub),https://busjatri.in/
ktr-private-sweety-nabadwip-to-bankura-4545,Sweety Nabadwip to Bankura 4545,Private,Private - NON AC,,,Nabadwip,Bankura,,,,26,kolkata-travel-router (GitHub),https://busjatri.in/
ktr-private-sweety-nabadwip-to-bankura-4545-1,Sweety Nabadwip to Bankura 4545,Private,Private - NON AC,,,Bankura,Nabadwip,,,,25,kolkata-travel-router (GitHub),https://busjatri.in/
ktr-private-sweety-nabadwip-to-bankura-9311,Sweety Nabadwip to Bankura 9311,Private,Private - NON AC,,,Nabadwip,Bankura,,,,26,kolkata-travel-router (GitHub),https://busjatri.in/
ktr-private-sweety-nabadwip-to-bankura-9311-1,Sweety Nabadwip to Bankura 9311,Private,Private - NON AC,,,Bankura,Nabadwip,,,,25,kolkata-travel-router (GitHub),https://busjatri.in/
ktr-private-sweety-bankura-to-nabadwip-8207,Sweety Bankura To Nabadwip 8207,Private,Private - NON AC,,,Bankura,Nabadwip,,,,25,kolkata-travel-router (GitHub),https://busjatri.in/
ktr-private-sweety-bankura-to-nabadwip-8207-1,Sweety Bankura To Nabadwip 8207,Private,Private - NON AC,,,Nabadwip,Bankura,,,,26,kolkata-travel-router (GitHub),https://busjatri.in/
ktr-private-dulhan-nabadwip-to-bankura-1492,Dulhan Nabadwip to Bankura 1492,Private,Private - NON AC,,,Bankura,Nabadwip,,,,26,kolkata-travel-router (GitHub),https://busjatri.in/
ktr-private-dulhan-nabadwip-to-bankura-1492-1,Dulhan Nabadwip to Bankura 1492,Private,Private - NON AC,,,Nabadwip,Bankura,,,,26,kolkata-travel-router (GitHub),https://busjatri.in/
ktr-private-raju-nabadwip-to-tarapith-1165,Raju Nabadwip to Tarapith 1165,Private,Private - NON AC,,,Nabadwip,Tarapith,,,,23,kolkata-travel-router (GitHub),https://busjatri.in/
ktr-private-raju-nabadwip-to-tarapith-1165-1,Raju Nabadwip to Tarapith 1165,Private,Private - NON AC,,,Tarapith,Nabadwip,,,,23,kolkata-travel-router (GitHub),https://busjatri.in/
ktr-private-raju-nabadwip-to-sainthia-1165,Raju Nabadwip to Sainthia 1165,Private,Private - NON AC,,,Nabadwip,Sainthia,,,,21,kolkata-travel-router (GitHub),https://busjatri.in/
ktr-private-raju-nabadwip-to-sainthia-1165-1,Raju Nabadwip to Sainthia 1165,Private,Private - NON AC,,,Sainthia,Nabadwip,,,,21,kolkata-travel-router (GitHub),https://busjatri.in/
ktr-private-gopinath-krishnanagar-to-asansol-3307,Gopinath Krishnanagar to Asansol 3307,Private,Private - NON AC,,,Krishnanagar High Road,Asansol,,,,26,kolkata-travel-router (GitHub),https://busjatri.in/
ktr-private-gopinath-krishnanagar-to-asansol-3307-1,Gopinath Krishnanagar to Asansol 3307,Private,Private - NON AC,,,Asansol,Krishnanagar,,,,27,kolkata-travel-router (GitHub),https://busjatri.in/
ktr-private-chiranjit-asansol-to-krishnanagar-3535,Chiranjit Asansol To Krishnanagar 3535,Private,Private - NON AC,,,Asansol,Krishnanagar,,,,27,kolkata-travel-router (GitHub),https://busjatri.in/
ktr-private-chiranjit-asansol-to-krishnanagar-3535-1,Chiranjit Asansol To Krishnanagar 3535,Private,Private - NON AC,,,Krishnanagar,Asansol,,,,27,kolkata-travel-router (GitHub),https://busjatri.in/
ktr-private-akash-bangla-asansol-to-krishnanagar-5447,Akash Bangla Asansol To Krishnanagar 5447,Private,Private - NON AC,,,Asansol,Krishnanagar,,,,27,kolkata-travel-router (GitHub),https://busjatri.in/
ktr-private-akash-bangla-asansol-to-krishnanagar-5447-1,Akash Bangla Asansol To Krishnanagar 5447,Private,Private - NON AC,,,Krishnanagar,Asansol,,,,27,kolkata-travel-router (GitHub),https://busjatri.in/
ktr-private-umesh-asansol-to-krishnanagar-8497,Umesh Asansol To Krishnanagar 8497,Private,Private - NON AC,,,Asansol,Krishnanagar,,,,27,kolkata-travel-router (GitHub),https://busjatri.in/
ktr-private-umesh-asansol-to-krishnanagar-8497-1,Umesh Asansol To Krishnanagar 8497,Private,Private - NON AC,,,Krishnanagar,Asansol,,,,27,kolkata-travel-router (GitHub),https://busjatri.in/
ktr-private-veer-nabadwip-to-asansol-6638,Veer Nabadwip to Asansol 6638,Private,Private - NON AC,,,Krishnanagar,Asansol,,,,26,kolkata-travel-router (GitHub),https://busjatri.in/
ktr-private-veer-nabadwip-to-asansol-6638-1,Veer Nabadwip to Asansol 6638,Private,Private - NON AC,,,Asansol,Krishnanagar,,,,26,kolkata-travel-router (GitHub),https://busjatri.in/
ktr-private-national-barakar-to-magra-3223,National Barakar To Magra 3223,Private,Private - NON AC,,,Kulti,Magra,,,,19,kolkata-travel-router (GitHub),https://busjatri.in/
ktr-private-national-barakar-to-magra-3223-1,National Barakar To Magra 3223,Private,Private - NON AC,,,Magra,Asansol,,,,16,kolkata-travel-router (GitHub),https://busjatri.in/
ktr-private-asha-barakar-to-krishnanagar-3294,Asha Barakar to Krishnanagar 3294,Private,Private - NON AC,,,Barakar,Krishnanagar,,,,30,kolkata-travel-router (GitHub),https://busjatri.in/
ktr-private-asha-barakar-to-krishnanagar-3294-1,Asha Barakar to Krishnanagar 3294,Private,Private - NON AC,,,Krishnanagar,Barakar,,,,30,kolkata-travel-router (GitHub),https://busjatri.in/
ktr-private-duranta-krishnanagar-to-benachity-4829,Duranta Krishnanagar to Benachity 4829,Private,Private - NON AC,,,Krishnanagar,Benachity,,,,23,kolkata-travel-router (GitHub),https://busjatri.in/
ktr-private-duranta-krishnanagar-to-benachity-4829-1,Duranta Krishnanagar to Benachity 4829,Private,Private - NON AC,,,Benachity,Krishnanagar,,,,23,kolkata-travel-router (GitHub),https://busjatri.in/
ktr-private-sonar-tori-krishnanagar-to-benachity-4939,Sonar Tori Krishnanagar to Benachity 4939,Private,Private - NON AC,,,Krishnanagar,Benachity,,,,23,kolkata-travel-router (GitHub),https://busjatri.in/
ktr-private-sonar-tori-krishnanagar-to-benachity-4939-1,Sonar Tori Krishnanagar to Benachity 4939,Private,Private - NON AC,,,Benachity,Krishnanagar,,,,23,kolkata-travel-router (GitHub),https://busjatri.in/
ktr-private-arghya-krishnanagar-to-benachity-5075,Arghya Krishnanagar to Benachity 5075,Private,Private - NON AC,,,Krishnanagar,Benachity,,,,23,kolkata-travel-router (GitHub),https://busjatri.in/
ktr-private-arghya-krishnanagar-to-benachity-5075-1,Arghya Krishnanagar to Benachity 5075,Private,Private - NON AC,,,Benachity,Krishnanagar,,,,23,kolkata-travel-router (GitHub),https://busjatri.in/
ktr-private-sonar-tori-krishnanagar-to-benachity-7004,Sonar Tori Krishnanagar to Benachity 7004,Private,Private - NON AC,,,Krishnanagar,Benachity,,,,23,kolkata-travel-router (GitHub),https://busjatri.in/
ktr-private-sonar-tori-krishnanagar-to-benachity-7004-1,Sonar Tori Krishnanagar to Benachity 7004,Private,Private - NON AC,,,Benachity,Krishnanagar,,,,23,kolkata-travel-router (GitHub),https://busjatri.in/
ktr-private-sanju-benachity-to-krishnanagar-2988,Sanju Benachity To Krishnanagar 2988,Private,Private - NON AC,,,Benachity,Krishnanagar,,,,23,kolkata-travel-router (GitHub),https://busjatri.in/
ktr-private-sanju-benachity-to-krishnanagar-2988-1,Sanju Benachity To Krishnanagar 2988,Private,Private - NON AC,,,Krishnanagar,Benachity,,,,23,kolkata-travel-router (GitHub),https://busjatri.in/
ktr-private-maa-manasa-benachity-to-krishnanagar-0834,Maa Manasa Benachity To Krishnanagar 0834,Private,Private - NON AC,,,Benachity,Krishnanagar,,,,23,kolkata-travel-router (GitHub),https://busjatri.in/
ktr-private-maa-manasa-benachity-to-krishnanagar-0834-1,Maa Manasa Benachity To Krishnanagar 0834,Private,Private - NON AC,,,Krishnanagar,Benachity,,,,23,kolkata-travel-router (GitHub),https://busjatri.in/
ktr-private-abhishek-benachity-to-krishnanagar-3458,Abhishek Benachity To Krishnanagar 3458,Private,Private - NON AC,,,Benachity,Krishnanagar,,,,24,kolkata-travel-router (GitHub),https://busjatri.in/
ktr-private-abhishek-benachity-to-krishnanagar-3458-1,Abhishek Benachity To Krishnanagar 3458,Private,Private - NON AC,,,Krishnanagar,Benachity,,,,24,kolkata-travel-router (GitHub),https://busjatri.in/
ktr-private-abhishek-benachity-to-krishnanagar-1825,Abhishek Benachity To Krishnanagar 1825,Private,Private - NON AC,,,Benachity,Krishnanagar,,,,24,kolkata-travel-router (GitHub),https://busjatri.in/
ktr-private-abhishek-benachity-to-krishnanagar-1825-1,Abhishek Benachity To Krishnanagar 1825,Private,Private - NON AC,,,Krishnanagar,Benachity,,,,24,kolkata-travel-router (GitHub),https://busjatri.in/
ktr-private-sweety-krishnanagar-to-benachity-8865,Sweety Krishnanagar To Benachity 8865,Private,Private - NON AC,,,Krishnanagar,Benachity,,,,24,kolkata-travel-router (GitHub),https://busjatri.in/
ktr-private-sweety-krishnanagar-to-benachity-8865-1,Sweety Krishnanagar To Benachity 8865,Private,Private - NON AC,,,Benachity,Krishnanagar,,,,24,kolkata-travel-router (GitHub),https://busjatri.in/
ktr-private-abhishek-asansol-to-katwa-5249,Abhishek Asansol to Katwa 5249,Private,Private - NON AC,,,Asansol,Katwa,,,,23,kolkata-travel-router (GitHub),https://busjatri.in/
ktr-private-abhishek-asansol-to-katwa-5249-1,Abhishek Asansol to Katwa 5249,Private,Private - NON AC,,,Katwa,Asansol,,,,23,kolkata-travel-router (GitHub),https://busjatri.in/
ktr-private-bijoyjatra-asansol-to-katwa-6089,Bijoyjatra Asansol to Katwa 6089,Private,Private - NON AC,,,Asansol,Katwa,,,,19,kolkata-travel-router (GitHub),https://busjatri.in/
ktr-private-bijoyjatra-asansol-to-katwa-6089-1,Bijoyjatra Asansol to Katwa 6089,Private,Private - NON AC,,,Katwa,Asansol,,,,19,kolkata-travel-router (GitHub),https://busjatri.in/
ktr-private-priya-katwa-to-asansol-9478,Priya Katwa to Asansol 9478,Private,Private - NON AC,,,Katwa,Asansol,,,,19,kolkata-travel-router (GitHub),https://busjatri.in/
ktr-private-priya-katwa-to-asansol-9478-1,Priya Katwa to Asansol 9478,Private,Private - NON AC,,,Asansol,Katwa,,,,19,kolkata-travel-router (GitHub),https://busjatri.in/
ktr-government-sbstc-katwa-to-asansol,SBSTC Katwa to Asansol,WBTC,Government - NON AC,,,Katwa,Asansol,,,,19,kolkata-travel-router (GitHub),https://busjatri.in/
ktr-government-sbstc-katwa-to-asansol-1,SBSTC Katwa to Asansol,WBTC,Government - NON AC,,,Asansol,Katwa,,,,19,kolkata-travel-router (GitHub),https://busjatri.in/
ktr-government-sbstc-asansol-to-nabadwip,SBSTC Asansol to Nabadwip,WBTC,Government - NON AC,,,Asansol,Nabadwip,,,,25,kolkata-travel-router (GitHub),https://busjatri.in/
ktr-government-sbstc-asansol-to-nabadwip-1,SBSTC Asansol to Nabadwip,WBTC,Government - NON AC,,,Nabadwip,Asansol,,,,25,kolkata-travel-router (GitHub),https://busjatri.in/
ktr-private-maa-jagadhatri-katwa-to-asansol-9478,Maa Jagadhatri Katwa to Asansol 9478,Private,Private - NON AC,,,Dainhat,Asansol,,,,20,kolkata-travel-router (GitHub),https://busjatri.in/
ktr-private-priya-katwa-to-asansol-9478-2,Priya Katwa to Asansol 9478,Private,Private - NON AC,,,Asansol,Dainhat,,,,20,kolkata-travel-router (GitHub),https://busjatri.in/
ktr-private-bijoyjatra-rupnarayanpur-to-katwa-0141,Bijoyjatra Rupnarayanpur to Katwa 0141,Private,Private - NON AC,,,Rupnarayanpur,Katwa,,,,24,kolkata-travel-router (GitHub),https://busjatri.in/
ktr-private-bijoyjatra-rupnarayanpur-to-katwa-0141-1,Bijoyjatra Rupnarayanpur to Katwa 0141,Private,Private - NON AC,,,Katwa,Rupnarayanpur,,,,24,kolkata-travel-router (GitHub),https://busjatri.in/
ktr-private-gurukripa-barakar-to-katwa-1548,Gurukripa Barakar to Katwa 1548,Private,Private - NON AC,,,Kulti,Katwa,,,,21,kolkata-travel-router (GitHub),https://busjatri.in/
ktr-private-gurukripa-barakar-to-katwa-1548-1,Gurukripa Barakar to Katwa 1548,Private,Private - NON AC,,,Katwa,Barakar,,,,22,kolkata-travel-router (GitHub),https://busjatri.in/
ktr-private-biswakabi-krishnanagar-to-suri-0617,Biswakabi Krishnanagar to Suri 0617,Private,Private - NON AC,,,Krishnanagar,Suri,,,,26,kolkata-travel-router (GitHub),https://busjatri.in/
ktr-private-biswakabi-krishnanagar-to-suri-0617-1,Biswakabi Krishnanagar to Suri 0617,Private,Private - NON AC,,,Suri,Krishnanagar,,,,26,kolkata-travel-router (GitHub),https://busjatri.in/
ktr-private-abha-morebandh-to-nabadwip-7892,Abha Morebandh To Nabadwip 7892,Private,Private - NON AC,,,Uttar Ramnagar,Nabadwip Railgate,,,,29,kolkata-travel-router (GitHub),https://busjatri.in/
ktr-private-abha-morebandh-to-nabadwip-7892-1,Abha Morebandh To Nabadwip 7892,Private,Private - NON AC,,,Nabadwip Railgate,Uttar Ramnagar,,,,29,kolkata-travel-router (GitHub),https://busjatri.in/
ktr-private-biswas-illambazar-to-nabadwip-2201,Biswas Illambazar To Nabadwip 2201,Private,Private - NON AC,,,Illambazar,Nabadwip,,,,23,kolkata-travel-router (GitHub),https://busjatri.in/
ktr-private-biswas-illambazar-to-nabadwip-2201-1,Biswas Illambazar To Nabadwip 2201,Private,Private - NON AC,,,Nabadwip,Illambazar,,,,23,kolkata-travel-router (GitHub),https://busjatri.in/
ktr-private-mainak-krishnanagar-to-bolpur-9592,Mainak Krishnanagar to Bolpur 9592,Private,Private - NON AC,,,Krishnanagar,Bolpur,,,,21,kolkata-travel-router (GitHub),https://busjatri.in/
ktr-private-mainak-krishnanagar-to-bolpur-9592-1,Mainak Krishnanagar to Bolpur 9592,Private,Private - NON AC,,,Bolpur,Krishnanagar,,,,21,kolkata-travel-router (GitHub),https://busjatri.in/
ktr-private-jugal-smriti-bolpur-to-krishnanagar-1988,Jugal Smriti Bolpur to Krishnanagar 1988,Private,Private - NON AC,,,Bolpur,Krishnanagar,,,,21,kolkata-travel-router (GitHub),https://busjatri.in/
ktr-private-jugal-smriti-bolpur-to-krishnanagar-1988-1,Jugal Smriti Bolpur to Krishnanagar 1988,Private,Private - NON AC,,,Krishnanagar,Bolpur,,,,21,kolkata-travel-router (GitHub),https://busjatri.in/
ktr-private-duranta-bolpur-to-hematpur-more-1783,Duranta Bolpur to Hematpur More 1783,Private,Private - NON AC,,,Bolpur,Hematpur,,,,17,kolkata-travel-router (GitHub),https://busjatri.in/
ktr-private-duranta-bolpur-to-hematpur-more-1783-1,Duranta Bolpur to Hematpur More 1783,Private,Private - NON AC,,,Hematpur,Bolpur,,,,17,kolkata-travel-router (GitHub),https://busjatri.in/
ktr-private-nasrin-nargis-bolpur-to-hematpur-more-2193,Nasrin Nargis Bolpur to Hematpur More 2193,Private,Private - NON AC,,,Bolpur,Hematpur,,,,17,kolkata-travel-router (GitHub),https://busjatri.in/
ktr-private-nasrin-nargis-bolpur-to-hematpur-more-2193-1,Nasrin Nargis Bolpur to Hematpur More 2193,Private,Private - NON AC,,,Hematpur,Bolpur,,,,17,kolkata-travel-router (GitHub),https://busjatri.in/
ktr-private-banamala-sainthia-to-krishnanagar-9035,Banamala Sainthia to Krishnanagar 9035,Private,Private - NON AC,,,Sainthia,Nabadwip,,,,21,kolkata-travel-router (GitHub),https://busjatri.in/
ktr-private-banamala-sainthia-to-krishnanagar-9035-1,Banamala Sainthia to Krishnanagar 9035,Private,Private - NON AC,,,Krishnanagar,Sainthia,,,,24,kolkata-travel-router (GitHub),https://busjatri.in/
ktr-private-sundar-karimpur-to-bongaon-3053,Sundar Karimpur to Bongaon 3053,Private,Private - NON AC,,,Karimpur,Bongaon 1 No Railgate Petrol Pump,,,,26,kolkata-travel-router (GitHub),https://busjatri.in/
ktr-private-sundar-karimpur-to-bongaon-3053-1,Sundar Karimpur to Bongaon 3053,Private,Private - NON AC,,,Bongaon 1 No Railgate Petrol Pump,Karimpur,,,,26,kolkata-travel-router (GitHub),https://busjatri.in/
ktr-private-palki-karimpur-to-bongaon-4977,Palki Karimpur to Bongaon 4977,Private,Private - NON AC,,,Karimpur,Bongaon 1 No Railgate Petrol Pump,,,,26,kolkata-travel-router (GitHub),https://busjatri.in/
ktr-private-palki-karimpur-to-bongaon-4977-1,Palki Karimpur to Bongaon 4977,Private,Private - NON AC,,,Bongaon 1 No Railgate Petrol Pump,Karimpur,,,,26,kolkata-travel-router (GitHub),https://busjatri.in/
ktr-private-ranar-karimpur-to-bongaon-7861,Ranar Karimpur to Bongaon 7861,Private,Private - NON AC,,,Joyrampur,Ranaghat,,,,20,kolkata-travel-router (GitHub),https://busjatri.in/
ktr-private-ranar-karimpur-to-bongaon-7861-1,Ranar Karimpur to Bongaon 7861,Private,Private - NON AC,,,Ranaghat,Joyrampur,,,,20,kolkata-travel-router (GitHub),https://busjatri.in/
ktr-private-pratidin-ranaghat-to-karimpur-9151,Pratidin Ranaghat To Karimpur 9151,Private,Private - NON AC,,,Ranaghat,Karimpur,,,,20,kolkata-travel-router (GitHub),https://busjatri.in/
ktr-private-pratidin-ranaghat-to-karimpur-9151-1,Pratidin Ranaghat To Karimpur 9151,Private,Private - NON AC,,,Karimpur,Ranaghat,,,,20,kolkata-travel-router (GitHub),https://busjatri.in/
ktr-private-ghosh-shikarpur-to-barddhaman-1324,Ghosh Shikarpur To Barddhaman 1324,Private,Private - NON AC,,,Shikarpur,Barddhaman Nawabhat Bus Stand,,,,28,kolkata-travel-router (GitHub),https://busjatri.in/
ktr-private-ghosh-shikarpur-to-barddhaman-1324-1,Ghosh Shikarpur To Barddhaman 1324,Private,Private - NON AC,,,Barddhaman Nawabhat Bus Stand,Shikarpur,,,,28,kolkata-travel-router (GitHub),https://busjatri.in/
ktr-private-amit-barddhaman-to-shikarpur-3223,Amit Barddhaman To Shikarpur 3223,Private,Private - NON AC,,,Barddhaman Nawabhat Bus Stand,Shikarpur,,,,28,kolkata-travel-router (GitHub),https://busjatri.in/
ktr-private-amit-barddhaman-to-shikarpur-3223-1,Amit Barddhaman To Shikarpur 3223,Private,Private - NON AC,,,Shikarpur,Barddhaman Nawabhat Bus Stand,,,,28,kolkata-travel-router (GitHub),https://busjatri.in/
ktr-private-rumirik-karimpur-to-barddhaman-9781,Rumirik Karimpur To Barddhaman 9781,Private,Private - NON AC,,,Karimpur,Barddhaman Nawabhat Bus Stand,,,,28,kolkata-travel-router (GitHub),https://busjatri.in/
ktr-private-rumirik-karimpur-to-barddhaman-9781-1,Rumirik Karimpur To Barddhaman 9781,Private,Private - NON AC,,,Barddhaman Nawabhat Bus Stand,Karimpur,,,,28,kolkata-travel-router (GitHub),https://busjatri.in/
ktr-private-rimkim-barddhaman-to-karimpur-5726,Rimkim Barddhaman To Karimpur 5726,Private,Private - NON AC,,,Barddhaman Nawabhat Bus Stand,Karimpur,,,,28,kolkata-travel-router (GitHub),https://busjatri.in/
ktr-private-rimkim-barddhaman-to-karimpur-5726-1,Rimkim Barddhaman To Karimpur 5726,Private,Private - NON AC,,,Karimpur,Barddhaman Nawabhat Bus Stand,,,,28,kolkata-travel-router (GitHub),https://busjatri.in/
ktr-private-maharshi-sagarpara-to-barddhaman-5220,Maharshi Sagarpara To Barddhaman 5220,Private,Private - NON AC,,,Sagarpara,Barddhaman Nawabhat Bus Stand,,,,31,kolkata-travel-router (GitHub),https://busjatri.in/
ktr-private-maharshi-sagarpara-to-barddhaman-5220-1,Maharshi Sagarpara To Barddhaman 5220,Private,Private - NON AC,,,Barddhaman Nawabhat Bus Stand,Sagarpara,,,,31,kolkata-travel-router (GitHub),https://busjatri.in/
ktr-private-rubina-mayapur-to-barddhaman-1234,Rubina Mayapur To Barddhaman 1234,Private,Private - NON AC,,,Mayapur Hulor Ghat Bus Stand,Barddhaman Nawabhat Bus Stand,,,,22,kolkata-travel-router (GitHub),https://busjatri.in/
ktr-private-rubina-mayapur-to-barddhaman-1234-1,Rubina Mayapur To Barddhaman 1234,Private,Private - NON AC,,,Barddhaman Nawabhat Bus Stand,Mayapur Hulor Ghat Bus Stand,,,,22,kolkata-travel-router (GitHub),https://busjatri.in/
ktr-private-radha-damodar-barddhaman-to-mecheda-station-7565,Radha Damodar Barddhaman To Mecheda Station 7565,Private,Private - NON AC,,,Barddhaman Tinkonia,Mecheda Station,,,,33,kolkata-travel-router (GitHub),https://busjatri.in/
ktr-private-radha-damodar-barddhaman-to-mecheda-station-7565-1,Radha Damodar Barddhaman To Mecheda Station 7565,Private,Private - NON AC,,,Mecheda Station,Barddhaman,,,,33,kolkata-travel-router (GitHub),https://busjatri.in/
ktr-private-gitanjali-barddhaman-to-mecheda-station-7171,Gitanjali Barddhaman To Mecheda Station 7171,Private,Private - NON AC,,,Barddhaman Alisha Bus Stand,Mecheda Station,,,,33,kolkata-travel-router (GitHub),https://busjatri.in/
ktr-private-gitanjali-barddhaman-to-mecheda-station-7171-1,Gitanjali Barddhaman To Mecheda Station 7171,Private,Private - NON AC,,,Mecheda Station,Barddhaman Alisha Bus Stand,,,,33,kolkata-travel-router (GitHub),https://busjatri.in/
ktr-private-sakil-barddhaman-to-mecheda-station-0540,Sakil Barddhaman To Mecheda Station 0540,Private,Private - NON AC,,,Barddhaman Alisha Bus Stand,Mecheda Station,,,,33,kolkata-travel-router (GitHub),https://busjatri.in/
ktr-private-radha-damodar-barddhaman-to-mecheda-station-7565-2,Radha Damodar Barddhaman To Mecheda Station 7565,Private,Private - NON AC,,,Mecheda Station,Barddhaman Alisha Bus Stand,,,,33,kolkata-travel-router (GitHub),https://busjatri.in/
ktr-private-sahin-barddhaman-to-mecheda-station-2806,Sahin Barddhaman To Mecheda Station 2806,Private,Private - NON AC,,,Mecheda Station,Barddhaman,,,,33,kolkata-travel-router (GitHub),https://busjatri.in/
ktr-private-sahin-barddhaman-to-mecheda-station-2806-1,Sahin Barddhaman To Mecheda Station 2806,Private,Private - NON AC,,,Barddhaman Alisha Bus Stand,Mecheda Station,,,,33,kolkata-travel-router (GitHub),https://busjatri.in/
ktr-private-kgn-mecheda-station-to-barddhaman-0605,KGN Mecheda Station To Barddhaman 0605,Private,Private - NON AC,,,Mecheda Station,Barddhaman Alisha Bus Stand,,,,33,kolkata-travel-router (GitHub),https://busjatri.in/
ktr-private-kgn-mecheda-station-to-barddhaman-0605-1,KGN Mecheda Station To Barddhaman 0605,Private,Private - NON AC,,,Barddhaman Alisha Bus Stand,Mecheda Station,,,,33,kolkata-travel-router (GitHub),https://busjatri.in/
ktr-private-maa-kokondeshwari-mecheda-station-to-barddhaman-2163,Maa Kokondeshwari Mecheda Station To Barddhaman 2163,Private,Private - NON AC,,,Mecheda Station,Barddhaman Alisha Bus Stand,,,,33,kolkata-travel-router (GitHub),https://busjatri.in/
ktr-private-maa-kokondeshwari-mecheda-station-to-barddhaman-2163-1,Maa Kokondeshwari Mecheda Station To Barddhaman 2163,Private,Private - NON AC,,,Barddhaman Alisha Bus Stand,Mecheda Station,,,,33,kolkata-travel-router (GitHub),https://busjatri.in/
ktr-private-raima-barddhaman-to-panshkura-9385,Raima Barddhaman To Panshkura 9385,Private,Private - NON AC,,,Barddhaman Alisha Bus Stand,Panshkura,,,,30,kolkata-travel-router (GitHub),https://busjatri.in/
ktr-private-raima-barddhaman-to-panshkura-9385-1,Raima Barddhaman To Panshkura 9385,Private,Private - NON AC,,,Panshkura,Barddhaman Alisha Bus Stand,,,,30,kolkata-travel-router (GitHub),https://busjatri.in/
ktr-private-md-labib-barddhaman-to-panshkura-1189,Md Labib Barddhaman To Panshkura 1189,Private,Private - NON AC,,,Barddhaman Alisha Bus Stand,Panshkura,,,,30,kolkata-travel-router (GitHub),https://busjatri.in/
ktr-private-md-labib-barddhaman-to-panshkura-1189-1,Md Labib Barddhaman To Panshkura 1189,Private,Private - NON AC,,,Panshkura,Barddhaman Alisha Bus Stand,,,,30,kolkata-travel-router (GitHub),https://busjatri.in/
ktr-private-ram-krishna-panshkura-to-barddhaman-2874,Ram Krishna Panshkura To Barddhaman 2874,Private,Private - NON AC,,,Panshkura,Barddhaman Alisha Bus Stand,,,,30,kolkata-travel-router (GitHub),https://busjatri.in/
ktr-private-ram-krishna-panshkura-to-barddhaman-2874-1,Ram Krishna Panshkura To Barddhaman 2874,Private,Private - NON AC,,,Barddhaman Alisha Bus Stand,Panshkura,,,,30,kolkata-travel-router (GitHub),https://busjatri.in/
ktr-private-pather-sathi-panshkura-to-barddhaman-6559,Pather Sathi Panshkura To Barddhaman 6559,Private,Private - NON AC,,,Panshkura,Barddhaman Alisha Bus Stand,,,,30,kolkata-travel-router (GitHub),https://busjatri.in/
ktr-private-pather-sathi-panshkura-to-barddhaman-6559-1,Pather Sathi Panshkura To Barddhaman 6559,Private,Private - NON AC,,,Barddhaman Alisha Bus Stand,Panshkura,,,,30,kolkata-travel-router (GitHub),https://busjatri.in/
ktr-private-roshni-panshkura-to-barddhaman-3164,Roshni Panshkura To Barddhaman 3164,Private,Private - NON AC,,,Panshkura,Barddhaman Alisha Bus Stand,,,,29,kolkata-travel-router (GitHub),https://busjatri.in/
ktr-private-roshni-panshkura-to-barddhaman-3164-1,Roshni Panshkura To Barddhaman 3164,Private,Private - NON AC,,,Barddhaman Alisha Bus Stand,Panshkura,,,,30,kolkata-travel-router (GitHub),https://busjatri.in/
ktr-private-apsara-panshkura-to-barddhaman-4503,Apsara Panshkura To Barddhaman 4503,Private,Private - NON AC,,,Panshkura,Barddhaman Alisha Bus Stand,,,,30,kolkata-travel-router (GitHub),https://busjatri.in/
ktr-private-apsara-panshkura-to-barddhaman-4503-1,Apsara Panshkura To Barddhaman 4503,Private,Private - NON AC,,,Barddhaman Alisha Bus Stand,Panshkura,,,,30,kolkata-travel-router (GitHub),https://busjatri.in/
ktr-private-sutrishna-panshkura-to-barddhaman-9522,Sutrishna Panshkura To Barddhaman 9522,Private,Private - NON AC,,,Panshkura,Barddhaman Alisha Bus Stand,,,,30,kolkata-travel-router (GitHub),https://busjatri.in/
ktr-private-sutrishna-panshkura-to-barddhaman-9522-1,Sutrishna Panshkura To Barddhaman 9522,Private,Private - NON AC,,,Barddhaman Alisha Bus Stand,Panshkura,,,,30,kolkata-travel-router (GitHub),https://busjatri.in/
ktr-private-maa-sarada-barddhaman-to-hoomgarh-3747,Maa Sarada Barddhaman To Hoomgarh 3747,Private,Private - NON AC,,,Barddhaman Alisha Bus Stand,Hoomgarh,,,,30,kolkata-travel-router (GitHub),https://busjatri.in/
ktr-private-maa-sarada-barddhaman-to-hoomgarh-3747-1,Maa Sarada Barddhaman To Hoomgarh 3747,Private,Private - NON AC,,,Hoomgarh,Barddhaman Alisha Bus Stand,,,,30,kolkata-travel-router (GitHub),https://busjatri.in/
ktr-private-maa-sarada-barddhaman-to-bishnupur-2047,Maa Sarada Barddhaman To Bishnupur 2047,Private,Private - NON AC,,,Barddhaman Alisha Bus Stand,Bishnupur,,,,21,kolkata-travel-router (GitHub),https://busjatri.in/
ktr-private-maa-sarada-barddhaman-to-bishnupur-2047-1,Maa Sarada Barddhaman To Bishnupur 2047,Private,Private - NON AC,,,Bishnupur,Barddhaman Alisha Bus Stand,,,,21,kolkata-travel-router (GitHub),https://busjatri.in/
ktr-private-saptarishi-barddhaman-to-bankura-7248,Saptarishi Barddhaman To Bankura 7248,Private,Private - NON AC,,,Barddhaman Tinkonia,Dhaldanga,,,,25,kolkata-travel-router (GitHub),https://busjatri.in/
ktr-private-saptarishi-barddhaman-to-bankura-7248-1,Saptarishi Barddhaman To Bankura 7248,Private,Private - NON AC,,,Dhaldanga,Barddhaman,,,,24,kolkata-travel-router (GitHub),https://busjatri.in/
ktr-private-boroma-barddhaman-to-bankura-8684,Boroma Barddhaman To Bankura 8684,Private,Private - NON AC,,,Barddhaman Birhata,Dhaldanga,,,,24,kolkata-travel-router (GitHub),https://busjatri.in/
ktr-private-boroma-barddhaman-to-bankura-8684-1,Boroma Barddhaman To Bankura 8684,Private,Private - NON AC,,,Dhaldanga,Barddhaman,,,,24,kolkata-travel-router (GitHub),https://busjatri.in/
ktr-private-maa-manasa-barddhaman-to-purulia-3201,Maa Manasa Barddhaman To Purulia 3201,Private,Private - NON AC,,,Barddhaman Tinkonia,Purulia,,,,19,kolkata-travel-router (GitHub),https://busjatri.in/
ktr-private-maa-manasa-barddhaman-to-purulia-3201-1,Maa Manasa Barddhaman To Purulia 3201,Private,Private - NON AC,,,Purulia,Barddhaman Nawabhat,,,,18,kolkata-travel-router (GitHub),https://busjatri.in/
ktr-private-sitanath-purulia-to-barddhaman-3154,Sitanath Purulia To Barddhaman 3154,Private,Private - NON AC,,,Purulia,Barddhaman Alisha Bus Stand,,,,23,kolkata-travel-router (GitHub),https://busjatri.in/
ktr-private-sitanath-purulia-to-barddhaman-3154-1,Sitanath Purulia To Barddhaman 3154,Private,Private - NON AC,,,Barddhaman Alisha Bus Stand,Purulia,,,,23,kolkata-travel-router (GitHub),https://busjatri.in/
ktr-private-ishika-barddhaman-to-manbazar-8198,Ishika Barddhaman To Manbazar 8198,Private,Private - NON AC,,,Barddhaman Alisha Bus Stand,Manbazar,,,,16,kolkata-travel-router (GitHub),https://busjatri.in/
ktr-private-ishika-barddhaman-to-manbazar-8198-1,Ishika Barddhaman To Manbazar 8198,Private,Private - NON AC,,,Manbazar,Barddhaman Alisha Bus Stand,,,,16,kolkata-travel-router (GitHub),https://busjatri.in/
ktr-private-pather-dabi-barddhaman-to-kharagpur-1170,Pather Dabi Barddhaman To Kharagpur 1170,Private,Private - NON AC,,,Barddhaman Tinkonia,Kharagpur,,,,29,kolkata-travel-router (GitHub),https://busjatri.in/
ktr-private-pather-dabi-barddhaman-to-kharagpur-1170-1,Pather Dabi Barddhaman To Kharagpur 1170,Private,Private - NON AC,,,Kharagpur,Barddhaman Alisha Bus Stand,,,,28,kolkata-travel-router (GitHub),https://busjatri.in/
ktr-private-kuhelika-barddhaman-to-kharagpur-5115,Kuhelika Barddhaman To Kharagpur 5115,Private,Private - NON AC,,,Barddhaman Birhata,Kharagpur,,,,28,kolkata-travel-router (GitHub),https://busjatri.in/
ktr-private-kuhelika-barddhaman-to-kharagpur-5115-1,Kuhelika Barddhaman To Kharagpur 5115,Private,Private - NON AC,,,Kharagpur,Barddhaman Alisha Bus Stand,,,,28,kolkata-travel-router (GitHub),https://busjatri.in/
ktr-private-sahin-barddhaman-to-kharagpur-3768,Sahin Barddhaman To Kharagpur 3768,Private,Private - NON AC,,,Barddhaman Birhata,Kharagpur,,,,28,kolkata-travel-router (GitHub),https://busjatri.in/
ktr-private-sahin-barddhaman-to-kharagpur-3768-1,Sahin Barddhaman To Kharagpur 3768,Private,Private - NON AC,,,Kharagpur,Barddhaman,,,,28,kolkata-travel-router (GitHub),https://busjatri.in/
ktr-private-maa-bhawani-kharagpur-to-barddhaman-5389,Maa Bhawani Kharagpur To Barddhaman 5389,Private,Private - NON AC,,,Kharagpur,Barddhaman Alisha Bus Stand,,,,28,kolkata-travel-router (GitHub),https://busjatri.in/
ktr-private-maa-bhawani-kharagpur-to-barddhaman-5389-1,Maa Bhawani Kharagpur To Barddhaman 5389,Private,Private - NON AC,,,Barddhaman Alisha Bus Stand,Kharagpur,,,,28,kolkata-travel-router (GitHub),https://busjatri.in/
ktr-private-nosib-kharagpur-to-barddhaman-3135,Nosib Kharagpur To Barddhaman 3135,Private,Private - NON AC,,,Kharagpur,Barddhaman Alisha Bus Stand,,,,28,kolkata-travel-router (GitHub),https://busjatri.in/
ktr-private-nosib-kharagpur-to-barddhaman-3135-1,Nosib Kharagpur To Barddhaman 3135,Private,Private - NON AC,,,Barddhaman Alisha Bus Stand,Kharagpur,,,,28,kolkata-travel-router (GitHub),https://busjatri.in/
ktr-private-nosib-kharagpur-to-barddhaman-1317,Nosib Kharagpur To Barddhaman 1317,Private,Private - NON AC,,,Kharagpur,Barddhaman Alisha Bus Stand,,,,28,kolkata-travel-router (GitHub),https://busjatri.in/
ktr-private-nosib-kharagpur-to-barddhaman-1317-1,Nosib Kharagpur To Barddhaman 1317,Private,Private - NON AC,,,Barddhaman Alisha Bus Stand,Kharagpur,,,,28,kolkata-travel-router (GitHub),https://busjatri.in/
ktr-private-tanveer-line-kharagpur-to-barddhaman-2039,Tanveer Line Kharagpur To Barddhaman 2039,Private,Private - NON AC,,,Kharagpur,Barddhaman Alisha Bus Stand,,,,28,kolkata-travel-router (GitHub),https://busjatri.in/
ktr-private-tanveer-line-kharagpur-to-barddhaman-2039-1,Tanveer Line Kharagpur To Barddhaman 2039,Private,Private - NON AC,,,Barddhaman Alisha Bus Stand,Kharagpur,,,,28,kolkata-travel-router (GitHub),https://busjatri.in/
ktr-private-tithy-belpahari-to-barddhaman-8707,Tithy Belpahari To Barddhaman 8707,Private,Private - NON AC,,,Belpahari,Barddhaman Alisha Bus Stand,,,,20,kolkata-travel-router (GitHub),https://busjatri.in/
ktr-private-tithy-belpahari-to-barddhaman-8707-1,Tithy Belpahari To Barddhaman 8707,Private,Private - NON AC,,,Barddhaman Alisha Bus Stand,Belpahari,,,,20,kolkata-travel-router (GitHub),https://busjatri.in/
ktr-private-tithy-jhargram-to-barddhaman-7337,Tithy Jhargram To Barddhaman 7337,Private,Private - NON AC,,,Jhargram,Barddhaman Alisha Bus Stand,,,,20,kolkata-travel-router (GitHub),https://busjatri.in/
ktr-private-tithy-jhargram-to-barddhaman-7337-1,Tithy Jhargram To Barddhaman 7337,Private,Private - NON AC,,,Barddhaman Alisha Bus Stand,Jhargram,,,,20,kolkata-travel-router (GitHub),https://busjatri.in/
ktr-private-tithy-barddhaman-to-garhbeta-67d-7337,Tithy Barddhaman To Garhbeta 67D 7337,Private,Private - NON AC,,,Barddhaman Alisha Bus Stand,Garhbeta,,,,15,kolkata-travel-router (GitHub),https://busjatri.in/
ktr-private-tithy-barddhaman-to-garhbeta-67d-7337-1,Tithy Barddhaman To Garhbeta 67D 7337,Private,Private - NON AC,,,Garhbeta,Barddhaman Alisha Bus Stand,,,,15,kolkata-travel-router (GitHub),https://busjatri.in/
ktr-private-pratidin-itaberia-to-barddhaman-3038,Pratidin Itaberia To Barddhaman 3038,Private,Private - NON AC,,,Itaberia,Barddhaman Alisha Bus Stand,,,,44,kolkata-travel-router (GitHub),https://busjatri.in/
ktr-private-pratidin-itaberia-to-barddhaman-3038-1,Pratidin Itaberia To Barddhaman 3038,Private,Private - NON AC,,,Barddhaman Alisha Bus Stand,Itaberia,,,,44,kolkata-travel-router (GitHub),https://busjatri.in/
ktr-private-ambika-itaberia-to-barddhaman-3751,Ambika Itaberia To Barddhaman 3751,Private,Private - NON AC,,,Itaberia,Barddhaman Alisha Bus Stand,,,,44,kolkata-travel-router (GitHub),https://busjatri.in/
ktr-private-ambika-itaberia-to-barddhaman-3751-1,Ambika Itaberia To Barddhaman 3751,Private,Private - NON AC,,,Barddhaman Alisha Bus Stand,Itaberia,,,,44,kolkata-travel-router (GitHub),https://busjatri.in/
ktr-private-pratiksha-barddhaman-to-tatanagar-7004-and-3204,Pratiksha Barddhaman To Tatanagar 7004 and 3204,Private,Private - NON AC,,,Barddhaman Alisha Bus Stand,Tatanagar,,,,24,kolkata-travel-router (GitHub),https://busjatri.in/
ktr-private-pratiksha-barddhaman-to-tatanagar-7004-and-3204-1,Pratiksha Barddhaman To Tatanagar 7004 and 3204,Private,Private - NON AC,,,Tatanagar,Barddhaman Alisha Bus Stand,,,,24,kolkata-travel-router (GitHub),https://busjatri.in/
ktr-private-kangsabati-barddhaman-to-ranchi-4949-and-4296,Kangsabati Barddhaman to Ranchi 4949 and 4296,Private,Private - NON AC,,,Barddhaman Nawabhat Bus Stand,Ranchi,,,,28,kolkata-travel-router (GitHub),https://busjatri.in/
ktr-private-kangsabati-barddhaman-to-ranchi-4949-and-4296-1,Kangsabati Barddhaman to Ranchi 4949 and 4296,Private,Private - NON AC,,,Ranchi,Barddhaman Nawabhat Bus Stand,,,,27,kolkata-travel-router (GitHub),https://busjatri.in/
ktr-private-devi-laxmi-banduan-to-barddhaman-5178,Devi Laxmi Banduan to Barddhaman 5178,Private,Private - NON AC,,,Banduan,Barddhaman Nawabhat Bus Stand,,,,18,kolkata-travel-router (GitHub),https://busjatri.in/
ktr-private-devi-laxmi-banduan-to-barddhaman-5178-1,Devi Laxmi Banduan to Barddhaman 5178,Private,Private - NON AC,,,Barddhaman Nawabhat Bus Stand,Banduan,,,,18,kolkata-travel-router (GitHub),https://busjatri.in/
ktr-private-devi-parul-ranibandh-to-barddhaman-5978,Devi Parul Ranibandh to Barddhaman 5978,Private,Private - NON AC,,,Ranibandh,Barddhaman Nawabhat Bus Stand,,,,18,kolkata-travel-router (GitHub),https://busjatri.in/
ktr-private-devi-parul-ranibandh-to-barddhaman-5978-1,Devi Parul Ranibandh to Barddhaman 5978,Private,Private - NON AC,,,Barddhaman Nawabhat Bus Stand,Ranibandh,,,,18,kolkata-travel-router (GitHub),https://busjatri.in/
ktr-private-devi-laxmi-kutni-to-barddhaman-5978,Devi Laxmi Kutni to Barddhaman 5978,Private,Private - NON AC,,,Kutni,Barddhaman Nawabhat Bus Stand,,,,18,kolkata-travel-router (GitHub),https://busjatri.in/
ktr-private-devi-laxmi-kutni-to-barddhaman-5978-1,Devi Laxmi Kutni to Barddhaman 5978,Private,Private - NON AC,,,Barddhaman Nawabhat Bus Stand,Kutni,,,,18,kolkata-travel-router (GitHub),https://busjatri.in/
ktr-private-sweety-manihara-to-barddhaman-4536,Sweety Manihara to Barddhaman 4536,Private,Private - NON AC,,,Manihara,Barddhaman Nawabhat Bus Stand,,,,15,kolkata-travel-router (GitHub),https://busjatri.in/
ktr-private-sweety-manihara-to-barddhaman-4536-1,Sweety Manihara to Barddhaman 4536,Private,Private - NON AC,,,Barddhaman Nawabhat Bus Stand,Manihara,,,,15,kolkata-travel-router (GitHub),https://busjatri.in/
ktr-private-kandari-barddhaman-to-berhampore-9293,Kandari Barddhaman To Berhampore 9293,Private,Private - NON AC,,,Barddhaman Nawabhat Bus Stand,Berhampore,,,,20,kolkata-travel-router (GitHub),https://busjatri.in/
ktr-private-kandari-barddhaman-to-berhampore-9293-1,Kandari Barddhaman To Berhampore 9293,Private,Private - NON AC,,,Berhampore,Barddhaman Nawabhat Bus Stand,,,,19,kolkata-travel-router (GitHub),https://busjatri.in/
ktr-private-kalyani-barddhaman-to-berhampore-7500,Kalyani Barddhaman To Berhampore 7500,Private,Private - NON AC,,,Barddhaman Nawabhat Bus Stand,Berhampore,,,,19,kolkata-travel-router (GitHub),https://busjatri.in/
ktr-private-kalyani-barddhaman-to-berhampore-7500-1,Kalyani Barddhaman To Berhampore 7500,Private,Private - NON AC,,,Berhampore,Barddhaman Nawabhat Bus Stand,,,,20,kolkata-travel-router (GitHub),https://busjatri.in/
ktr-private-krishna-barddhaman-to-berhampore-8020,Krishna Barddhaman To Berhampore 8020,Private,Private - NON AC,,,Barddhaman Nawabhat Bus Stand,Berhampore,,,,19,kolkata-travel-router (GitHub),https://busjatri.in/
ktr-private-krishna-barddhaman-to-berhampore-8020-1,Krishna Barddhaman To Berhampore 8020,Private,Private - NON AC,,,Berhampore,Barddhaman Nawabhat Bus Stand,,,,20,kolkata-travel-router (GitHub),https://busjatri.in/
ktr-private-ghosh-berhampore-to-barddhaman-1155,Ghosh Berhampore To Barddhaman 1155,Private,Private - NON AC,,,Berhampore,Barddhaman Nawabhat Bus Stand,,,,20,kolkata-travel-router (GitHub),https://busjatri.in/
ktr-private-ghosh-berhampore-to-barddhaman-1155-1,Ghosh Berhampore To Barddhaman 1155,Private,Private - NON AC,,,Barddhaman Nawabhat Bus Stand,Berhampore,,,,19,kolkata-travel-router (GitHub),https://busjatri.in/
ktr-private-kalimata-berhampore-to-barddhaman-8491,Kalimata Berhampore To Barddhaman 8491,Private,Private - NON AC,,,Berhampore,Barddhaman Nawabhat Bus Stand,,,,20,kolkata-travel-router (GitHub),https://busjatri.in/
ktr-private-kalimata-berhampore-to-barddhaman-8491-1,Kalimata Berhampore To Barddhaman 8491,Private,Private - NON AC,,,Barddhaman Nawabhat Bus Stand,Berhampore,,,,19,kolkata-travel-router (GitHub),https://busjatri.in/
ktr-private-maa-jahura-berhampore-to-barddhaman-6591,Maa Jahura Berhampore To Barddhaman 6591,Private,Private - NON AC,,,Berhampore,Barddhaman Nawabhat Bus Stand,,,,20,kolkata-travel-router (GitHub),https://busjatri.in/
ktr-private-maa-jahura-berhampore-to-barddhaman-6591-1,Maa Jahura Berhampore To Barddhaman 6591,Private,Private - NON AC,,,Barddhaman Nawabhat Bus Stand,Berhampore,,,,19,kolkata-travel-router (GitHub),https://busjatri.in/
ktr-private-the-popular-berhampore-to-barddhaman-3095,The Popular Berhampore To Barddhaman 3095,Private,Private - NON AC,,,Berhampore,Barddhaman Nawabhat Bus Stand,,,,20,kolkata-travel-router (GitHub),https://busjatri.in/
ktr-private-the-popular-berhampore-to-barddhaman-3095-1,The Popular Berhampore To Barddhaman 3095,Private,Private - NON AC,,,Barddhaman Nawabhat Bus Stand,Berhampore,,,,19,kolkata-travel-router (GitHub),https://busjatri.in/
ktr-private-krishna-barddhaman-to-berhampore-4400,Krishna Barddhaman To Berhampore 4400,Private,Private - NON AC,,,Barddhaman Nawabhat Bus Stand,Berhampore,,,,18,kolkata-travel-router (GitHub),https://busjatri.in/
ktr-private-krishna-barddhaman-to-berhampore-4400-1,Krishna Barddhaman To Berhampore 4400,Private,Private - NON AC,,,Berhampore,Barddhaman Nawabhat Bus Stand,,,,18,kolkata-travel-router (GitHub),https://busjatri.in/
ktr-private-nabarupa-barddhaman-to-berhampore-5296,Nabarupa Barddhaman To Berhampore 5296,Private,Private - NON AC,,,Barddhaman Nawabhat Bus Stand,Berhampore,,,,18,kolkata-travel-router (GitHub),https://busjatri.in/
ktr-private-nabarupa-barddhaman-to-berhampore-5296-1,Nabarupa Barddhaman To Berhampore 5296,Private,Private - NON AC,,,Berhampore,Barddhaman Nawabhat Bus Stand,,,,18,kolkata-travel-router (GitHub),https://busjatri.in/
ktr-private-maharaj-nabarupa-barddhaman-to-berhampore,Maharaj/Nabarupa Barddhaman To Berhampore,Private,Private - NON AC,,,Barddhaman Nawabhat Bus Stand,Berhampore,,,,18,kolkata-travel-router (GitHub),https://busjatri.in/
ktr-private-maharaj-nabarupa-barddhaman-to-berhampore-1,Maharaj/Nabarupa Barddhaman To Berhampore,Private,Private - NON AC,,,Berhampore,Barddhaman Nawabhat Bus Stand,,,,18,kolkata-travel-router (GitHub),https://busjatri.in/
ktr-private-maharaj-barddhaman-to-berhampore-4576,Maharaj Barddhaman To Berhampore 4576,Private,Private - NON AC,,,Barddhaman Nawabhat Bus Stand,Berhampore,,,,19,kolkata-travel-router (GitHub),https://busjatri.in/
ktr-private-maharaj-barddhaman-to-berhampore-4576-1,Maharaj Barddhaman To Berhampore 4576,Private,Private - NON AC,,,Berhampore,Barddhaman Nawabhat Bus Stand,,,,19,kolkata-travel-router (GitHub),https://busjatri.in/
ktr-private-new-nabarupa-barddhaman-to-suri-4296,New Nabarupa Barddhaman To Suri 4296,Private,Private - NON AC,,,Barddhaman Nawabhat Bus Stand,Suri,,,,15,kolkata-travel-router (GitHub),https://busjatri.in/
ktr-private-new-nabarupa-barddhaman-to-suri-4296-1,New Nabarupa Barddhaman To Suri 4296,Private,Private - NON AC,,,Berhampore,Barddhaman Nawabhat Bus Stand,,,,18,kolkata-travel-router (GitHub),https://busjatri.in/
ktr-private-puja-barddhaman-to-suri-0201,Puja Barddhaman To Suri 0201,Private,Private - NON AC,,,Barddhaman Nawabhat Bus Stand,Suri,,,,19,kolkata-travel-router (GitHub),https://busjatri.in/
ktr-private-puja-barddhaman-to-suri-0201-1,Puja Barddhaman To Suri 0201,Private,Private - NON AC,,,Suri,Barddhaman Nawabhat Bus Stand,,,,19,kolkata-travel-router (GitHub),https://busjatri.in/
ktr-private-maharaj-barddhaman-to-suri-2930,Maharaj Barddhaman To Suri 2930,Private,Private - NON AC,,,Barddhaman Nawabhat Bus Stand,Suri,,,,19,kolkata-travel-router (GitHub),https://busjatri.in/
ktr-private-maharaj-barddhaman-to-suri-2930-1,Maharaj Barddhaman To Suri 2930,Private,Private - NON AC,,,Suri,Barddhaman Nawabhat Bus Stand,,,,19,kolkata-travel-router (GitHub),https://busjatri.in/
ktr-private-bidhata-suri-to-barddhaman-0092,Bidhata Suri To Barddhaman 0092,Private,Private - NON AC,,,Suri,Barddhaman Nawabhat Bus Stand,,,,19,kolkata-travel-router (GitHub),https://busjatri.in/
ktr-private-bidhata-suri-to-barddhaman-0092-1,Bidhata Suri To Barddhaman 0092,Private,Private - NON AC,,,Barddhaman Nawabhat Bus Stand,Suri,,,,19,kolkata-travel-router (GitHub),https://busjatri.in/
ktr-private-rubi-suri-to-barddhaman-0707,Rubi Suri To Barddhaman 0707,Private,Private - NON AC,,,Suri,Barddhaman Nawabhat Bus Stand,,,,19,kolkata-travel-router (GitHub),https://busjatri.in/
ktr-private-rubi-suri-to-barddhaman-0707-1,Rubi Suri To Barddhaman 0707,Private,Private - NON AC,,,Barddhaman Nawabhat Bus Stand,Suri,,,,19,kolkata-travel-router (GitHub),https://busjatri.in/
ktr-private-krishnagopal-barddhaman-to-suri-3984,Krishnagopal Barddhaman To Suri 3984,Private,Private - NON AC,,,Barddhaman Nawabhat Bus Stand,Suri,,,,22,kolkata-travel-router (GitHub),https://busjatri.in/
ktr-private-krishnagopal-barddhaman-to-suri-3984-1,Krishnagopal Barddhaman To Suri 3984,Private,Private - NON AC,,,Suri,Barddhaman Nawabhat Bus Stand,,,,22,kolkata-travel-router (GitHub),https://busjatri.in/
ktr-private-neha-patharchapuri-to-barddhaman-6392,Neha Patharchapuri To Barddhaman 6392,Private,Private - NON AC,,,Suri,Barddhaman Nawabhat Bus Stand,,,,15,kolkata-travel-router (GitHub),https://busjatri.in/
ktr-private-neha-patharchapuri-to-barddhaman-6392-1,Neha Patharchapuri To Barddhaman 6392,Private,Private - NON AC,,,Barddhaman Nawabhat Bus Stand,Suri,,,,15,kolkata-travel-router (GitHub),https://busjatri.in/
ktr-private-uttaran-barddhaman-to-patharchapuri-4998,Uttaran Barddhaman To Patharchapuri 4998,Private,Private - NON AC,,,Barddhaman Nawabhat Bus Stand,Suri,,,,15,kolkata-travel-router (GitHub),https://busjatri.in/
ktr-private-uttaran-barddhaman-to-patharchapuri-4998-1,Uttaran Barddhaman To Patharchapuri 4998,Private,Private - NON AC,,,Suri,Barddhaman Nawabhat Bus Stand,,,,15,kolkata-travel-router (GitHub),https://busjatri.in/
ktr-private-prince-lalgola-to-barddhaman-3775,Prince Lalgola To Barddhaman 3775,Private,Private - NON AC,,,Lalgola,Barddhaman Nawabhat Bus Stand,,,,21,kolkata-travel-router (GitHub),https://busjatri.in/
ktr-private-prince-lalgola-to-barddhaman-3775-1,Prince Lalgola To Barddhaman 3775,Private,Private - NON AC,,,Barddhaman Nawabhat Bus Stand,Lalgola,,,,21,kolkata-travel-router (GitHub),https://busjatri.in/
ktr-private-dada-bhai-lalgola-to-barddhaman-5038,Dada Bhai Lalgola To Barddhaman 5038,Private,Private - NON AC,,,Lalgola,Barddhaman Nawabhat Bus Stand,,,,21,kolkata-travel-router (GitHub),https://busjatri.in/
ktr-private-dada-bhai-lalgola-to-barddhaman-5038-1,Dada Bhai Lalgola To Barddhaman 5038,Private,Private - NON AC,,,Barddhaman Nawabhat Bus Stand,Lalgola,,,,21,kolkata-travel-router (GitHub),https://busjatri.in/
ktr-private-maharaj-barddhaman-to-jangipur-4571,Maharaj Barddhaman To Jangipur 4571,Private,Private - NON AC,,,Barddhaman Nawabhat Bus Stand,Jangipur,,,,20,kolkata-travel-router (GitHub),https://busjatri.in/
ktr-private-maharaj-barddhaman-to-jangipur-4571-1,Maharaj Barddhaman To Jangipur 4571,Private,Private - NON AC,,,Jangipur,Barddhaman Nawabhat Bus Stand,,,,20,kolkata-travel-router (GitHub),https://busjatri.in/
ktr-private-abhi-jangipur-to-barddhaman-1435,Abhi Jangipur To Barddhaman 1435,Private,Private - NON AC,,,Jangipur,Barddhaman Nawabhat Bus Stand,,,,20,kolkata-travel-router (GitHub),https://busjatri.in/
ktr-private-abhi-jangipur-to-barddhaman-1435-1,Abhi Jangipur To Barddhaman 1435,Private,Private - NON AC,,,Barddhaman Nawabhat Bus Stand,Jangipur,,,,20,kolkata-travel-router (GitHub),https://busjatri.in/
ktr-private-sahin-kalyani-to-asansol-3258,Sahin Kalyani To Asansol 3258,Private,Private - NON AC,,,Kalyani Ishwsar Gupta Setu,Asansol,,,,17,kolkata-travel-router (GitHub),https://busjatri.in/
ktr-private-sahin-kalyani-to-asansol-3258-1,Sahin Kalyani To Asansol 3258,Private,Private - NON AC,,,Asansol,Kalyani Ishwsar Gupta Setu,,,,17,kolkata-travel-router (GitHub),https://busjatri.in/
ktr-private-aniket-kalna-to-asansol-1000,Aniket Kalna To Asansol 1000,Private,Private - NON AC,,,Kalna,Asansol,,,,19,kolkata-travel-router (GitHub),https://busjatri.in/
ktr-private-aniket-kalna-to-asansol-1000-1,Aniket Kalna To Asansol 1000,Private,Private - NON AC,,,Asansol,Kalna,,,,19,kolkata-travel-router (GitHub),https://busjatri.in/
ktr-private-bijoykrishna-kalna-to-benachity-0557,Bijoykrishna Kalna to Benachity 0557,Private,Private - NON AC,,,Kalna,Bankura,,,,23,kolkata-travel-router (GitHub),https://busjatri.in/
ktr-private-rajaram-kalna-to-bankura-0557,Rajaram Kalna to Bankura 0557,Private,Private - NON AC,,,Bankura,Kalna,,,,22,kolkata-travel-router (GitHub),https://busjatri.in/
ktr-private-bijoykrishna-kalna-to-benachity-0655,Bijoykrishna Kalna To Benachity 0655,Private,Private - NON AC,,,Kalna,Benachity,,,,18,kolkata-travel-router (GitHub),https://busjatri.in/
ktr-private-bijoykrishna-kalna-to-benachity-0655-1,Bijoykrishna Kalna To Benachity 0655,Private,Private - NON AC,,,Benachity,Kalna,,,,18,kolkata-travel-router (GitHub),https://busjatri.in/
ktr-private-bijoykrishna-benachity-to-kalna-5755,Bijoykrishna Benachity To Kalna 5755,Private,Private - NON AC,,,Benachity,Kalna,,,,18,kolkata-travel-router (GitHub),https://busjatri.in/
ktr-private-bijoykrishna-benachity-to-kalna-5755-1,Bijoykrishna Benachity To Kalna 5755,Private,Private - NON AC,,,Kalna,Benachity,,,,18,kolkata-travel-router (GitHub),https://busjatri.in/
ktr-private-bijoykrishna-benachity-to-kalna-0638,Bijoykrishna Benachity To Kalna 0638,Private,Private - NON AC,,,Benachity,Kalna,,,,18,kolkata-travel-router (GitHub),https://busjatri.in/
ktr-private-bijoykrishna-benachity-to-kalna-0638-1,Bijoykrishna Benachity To Kalna 0638,Private,Private - NON AC,,,Kalna,Benachity,,,,18,kolkata-travel-router (GitHub),https://busjatri.in/
ktr-private-joy-mata-di-chittaranjan-to-kalna-3015,Joy Mata Di Chittaranjan To Kalna 3015,Private,Private - NON AC,,,Chittaranjan,Kalna,,,,28,kolkata-travel-router (GitHub),https://busjatri.in/
ktr-private-joy-mata-di-chittaranjan-to-kalna-3015-1,Joy Mata Di Chittaranjan To Kalna 3015,Private,Private - NON AC,,,Kalna,Rupnarayanpur,,,,26,kolkata-travel-router (GitHub),https://busjatri.in/
ktr-private-shyamsundar-kalna-to-bolpur-9155,Shyamsundar Kalna To Bolpur 9155,Private,Private - NON AC,,,Kalna,Bolpur,,,,27,kolkata-travel-router (GitHub),https://busjatri.in/
ktr-private-shyamsundar-kalna-to-bolpur-9155-1,Shyamsundar Kalna To Bolpur 9155,Private,Private - NON AC,,,Bolpur,Kalna,,,,27,kolkata-travel-router (GitHub),https://busjatri.in/
ktr-private-maa-laxmi-bolpur-to-kalna-5659,Maa Laxmi Bolpur To Kalna 5659,Private,Private - NON AC,,,Bolpur,Kalna,,,,27,kolkata-travel-router (GitHub),https://busjatri.in/
ktr-private-maa-laxmi-bolpur-to-kalna-5659-1,Maa Laxmi Bolpur To Kalna 5659,Private,Private - NON AC,,,Kalna,Bolpur,,,,27,kolkata-travel-router (GitHub),https://busjatri.in/
ktr-private-shyamsundar-kalna-to-bolpur-2955,Shyamsundar Kalna To Bolpur 2955,Private,Private - NON AC,,,Kalna,Bolpur,,,,24,kolkata-travel-router (GitHub),https://busjatri.in/
ktr-private-shyamsundar-kalna-to-bolpur-2955-1,Shyamsundar Kalna To Bolpur 2955,Private,Private - NON AC,,,Bolpur,Kalna,,,,24,kolkata-travel-router (GitHub),https://busjatri.in/
ktr-private-joy-maa-tara-guskara-to-kalna-4867,Joy Maa Tara Guskara To Kalna 4867,Private,Private - NON AC,,,Guskara,Kalna,,,,18,kolkata-travel-router (GitHub),https://busjatri.in/
ktr-private-joy-maa-tara-guskara-to-kalna-4867-1,Joy Maa Tara Guskara To Kalna 4867,Private,Private - NON AC,,,Kalna,Guskara,,,,18,kolkata-travel-router (GitHub),https://busjatri.in/
ktr-private-tara-maa-tarakeshwar-to-kharagpur-1881,Tara Maa Tarakeshwar To Kharagpur 1881,Private,Private - NON AC,,,Tarakeshwar,Kharagpur,,,,23,kolkata-travel-router (GitHub),https://busjatri.in/
ktr-private-tara-maa-tarakeshwar-to-kharagpur-1881-1,Tara Maa Tarakeshwar To Kharagpur 1881,Private,Private - NON AC,,,Kharagpur,Tarakeshwar,,,,23,kolkata-travel-router (GitHub),https://busjatri.in/
ktr-private-mahaprabhu-tarakeshwar-to-kharagpur-5580,Mahaprabhu Tarakeshwar To Kharagpur 5580,Private,Private - NON AC,,,Tarakeshwar,Kharagpur,,,,23,kolkata-travel-router (GitHub),https://busjatri.in/
ktr-private-mahaprabhu-tarakeshwar-to-kharagpur-5580-1,Mahaprabhu Tarakeshwar To Kharagpur 5580,Private,Private - NON AC,,,Kharagpur,Tarakeshwar,,,,23,kolkata-travel-router (GitHub),https://busjatri.in/
ktr-private-kailash-kharagpur-to-tarakeshwar-8899,Kailash Kharagpur To Tarakeshwar 8899,Private,Private - NON AC,,,Kharagpur,Tarakeshwar,,,,23,kolkata-travel-router (GitHub),https://busjatri.in/
ktr-private-kailash-kharagpur-to-tarakeshwar-8899-1,Kailash Kharagpur To Tarakeshwar 8899,Private,Private - NON AC,,,Tarakeshwar,Kharagpur,,,,23,kolkata-travel-router (GitHub),https://busjatri.in/
ktr-private-payel-kharagpur-to-tarakeshwar-5689,Payel Kharagpur To Tarakeshwar 5689,Private,Private - NON AC,,,Kharagpur,Tarakeshwar,,,,25,kolkata-travel-router (GitHub),https://busjatri.in/
ktr-private-payel-kharagpur-to-tarakeshwar-5689-1,Payel Kharagpur To Tarakeshwar 5689,Private,Private - NON AC,,,Tarakeshwar,Kharagpur,,,,25,kolkata-travel-router (GitHub),https://busjatri.in/
ktr-private-kailash-kharagpur-to-tarakeshwar-9817,Kailash Kharagpur To Tarakeshwar 9817,Private,Private - NON AC,,,Kharagpur,Tarakeshwar,,,,25,kolkata-travel-router (GitHub),https://busjatri.in/
ktr-private-kailash-kharagpur-to-tarakeshwar-9817-1,Kailash Kharagpur To Tarakeshwar 9817,Private,Private - NON AC,,,Tarakeshwar,Kharagpur,,,,25,kolkata-travel-router (GitHub),https://busjatri.in/
ktr-private-avijan-tarakeshwar-to-medinipur-0266,Avijan Tarakeshwar To Medinipur 0266,Private,Private - NON AC,,,Tarakeshwar,Medinipur,,,,20,kolkata-travel-router (GitHub),https://busjatri.in/
ktr-private-avijan-tarakeshwar-to-medinipur-0266-1,Avijan Tarakeshwar To Medinipur 0266,Private,Private - NON AC,,,Medinipur,Tarakeshwar,,,,20,kolkata-travel-router (GitHub),https://busjatri.in/
ktr-private-avijan-tarakeshwar-to-medinipur-9200,Avijan Tarakeshwar To Medinipur 9200,Private,Private - NON AC,,,Tarakeshwar,Medinipur,,,,20,kolkata-travel-router (GitHub),https://busjatri.in/
ktr-private-avijan-tarakeshwar-to-medinipur-9200-1,Avijan Tarakeshwar To Medinipur 9200,Private,Private - NON AC,,,Medinipur,Tarakeshwar,,,,20,kolkata-travel-router (GitHub),https://busjatri.in/
ktr-private-baba-taraknath-tarakeshwar-to-medinipur-6662,Baba Taraknath Tarakeshwar To Medinipur 6662,Private,Private - NON AC,,,Tarakeshwar,Medinipur,,,,22,kolkata-travel-router (GitHub),https://busjatri.in/
ktr-private-baba-taraknath-tarakeshwar-to-medinipur-6662-1,Baba Taraknath Tarakeshwar To Medinipur 6662,Private,Private - NON AC,,,Medinipur,Tarakeshwar,,,,22,kolkata-travel-router (GitHub),https://busjatri.in/
ktr-private-tanveer-line-arambagh-to-kharagpur-6656,Tanveer Line Arambagh To Kharagpur 6656,Private,Private - NON AC,,,Arambagh,Kharagpur,,,,21,kolkata-travel-router (GitHub),https://busjatri.in/
ktr-private-tanveer-line-arambagh-to-kharagpur-6656-1,Tanveer Line Arambagh To Kharagpur 6656,Private,Private - NON AC,,,Kharagpur,Arambagh,,,,21,kolkata-travel-router (GitHub),https://busjatri.in/
ktr-private-saklin-tarakeshwar-to-ramgarh-3349,Saklin Tarakeshwar To Ramgarh 3349,Private,Private - NON AC,,,Tarakeshwar,Ramgarh,,,,23,kolkata-travel-router (GitHub),https://busjatri.in/
ktr-private-saklin-tarakeshwar-to-ramgarh-3349-1,Saklin Tarakeshwar To Ramgarh 3349,Private,Private - NON AC,,,Ramgarh,Tarakeshwar,,,,23,kolkata-travel-router (GitHub),https://busjatri.in/
ktr-private-tasin-tarakeshwar-to-ramgarh-9500,Tasin Tarakeshwar To Ramgarh 9500,Private,Private - NON AC,,,Tarakeshwar,Ramgarh,,,,23,kolkata-travel-router (GitHub),https://busjatri.in/
ktr-private-tasin-tarakeshwar-to-ramgarh-9500-1,Tasin Tarakeshwar To Ramgarh 9500,Private,Private - NON AC,,,Ramgarh,Tarakeshwar,,,,23,kolkata-travel-router (GitHub),https://busjatri.in/
ktr-private-tara-maa-tarakeshwar-to-silda-2847,Tara Maa Tarakeshwar To Silda 2847,Private,Private - NON AC,,,Tarakeshwar,Silda,,,,26,kolkata-travel-router (GitHub),https://busjatri.in/
ktr-private-tara-maa-tarakeshwar-to-silda-2847-1,Tara Maa Tarakeshwar To Silda 2847,Private,Private - NON AC,,,Silda,Tarakeshwar,,,,26,kolkata-travel-router (GitHub),https://busjatri.in/
ktr-private-tara-maa-tarakeshwar-to-silda-6443,Tara Maa Tarakeshwar To Silda 6443,Private,Private - NON AC,,,Tarakeshwar,Silda,,,,30,kolkata-travel-router (GitHub),https://busjatri.in/
ktr-private-tara-maa-tarakeshwar-to-silda-6443-1,Tara Maa Tarakeshwar To Silda 6443,Private,Private - NON AC,,,Silda,Tarakeshwar,,,,30,kolkata-travel-router (GitHub),https://busjatri.in/
kbop-s12g,S12G,WBTC,Government - NON AC,,,Newtown Bus Stand,Nabanna Bus Terminus,,,,18,kolbusopedia.com,https://www.kolbusopedia.com/bus-routes-government
kbop-s23,S23,WBTC,Government - NON AC,,,Saltlake Karunamoyee,Howrah Station,,,,25,kolbusopedia.com,https://www.kolbusopedia.com/bus-routes-government
kbop-ac36,AC36,WBTC,Government - AC,,,Barasat,Saltlake Karunamoyee,,,,29,kolbusopedia.com,https://www.kolbusopedia.com/bus-routes-government
kbop-s37a,S37A,WBTC,Government - NON AC,,,Airport Gate 1,Garia Bus Stand,,,,30,kolbusopedia.com,https://www.kolbusopedia.com/bus-routes-government
kbop-ac37c,AC37C,WBTC,Government - AC,,,Airport Domestic Terminus,Garia Bus Stand,,,,30,kolbusopedia.com,https://www.kolbusopedia.com/bus-routes-government
kbop-ac41,AC41,WBTC,Government - AC,,,Santragachi,Amity University (Ecospace),,,,28,kolbusopedia.com,https://www.kolbusopedia.com/bus-routes-government
kbop-ac50,AC50,WBTC,Government - AC,,,Belurmath,Garia Bus Stand,,,,39,kolbusopedia.com,https://www.kolbusopedia.com/bus-routes-government
kbop-s59,S59,WBTC,Government - NON AC,,,Saltlake Karunamoyee,Howrah Station,,,,20,kolbusopedia.com,https://www.kolbusopedia.com/bus-routes-government
kbop-ac59,AC59,WBTC,Government - AC,,,Saltlake Karunamoyee,Howrah Station,,,,12,kolbusopedia.com,https://www.kolbusopedia.com/bus-routes-government
kbop-vs12,VS12,WBTC,Government - AC,,,Saltlake Karunamoyee,Santragachi,,,,23,kolbusopedia.com,https://www.kolbusopedia.com/bus-routes-government
kbop-st10,ST10,WBTC,Government - NON AC,,,Balaka Housing (EcoPark),Santragachi,,,,20,kolbusopedia.com,https://www.kolbusopedia.com/bus-routes-government
kbop-st12,ST12,WBTC,Government - NON AC,,,Shapooji Housing,Baruipur Fultala Central Terminus,,,,38,kolbusopedia.com,https://www.kolbusopedia.com/bus-routes-government
kbop-st16,ST16,WBTC,Government - NON AC,,,Shapooji Housing,Jainpur,,,,24,kolbusopedia.com,https://www.kolbusopedia.com/bus-routes-government
kbop-st25,ST25,WBTC,Government - NON AC,,,Esplanade,Ramganga,,,,30,kolbusopedia.com,https://www.kolbusopedia.com/bus-routes-government
kbop-c8,C8,WBTC (CTC),Government - NON AC,,,Barasat Kazipara Depot,Joka Tram Depot,,,,43,kolbusopedia.com,https://www.kolbusopedia.com/bus-routes-government
kbop-c30,C30,WBTC (CTC),Government - NON AC,,,Rajabazar Tram Depot,Sankrail,,,,18,kolbusopedia.com,https://www.kolbusopedia.com/bus-routes-government
kbop-c36,C36,WBTC (CTC),Government - NON AC,,,Rajabazar Tram Depot,Chandmari,,,,15,kolbusopedia.com,https://www.kolbusopedia.com/bus-routes-government
kbop-c43,C43,WBTC (CTC),Government - NON AC,,,Habra WBTC Depot,Garia Bus Stand,,,,38,kolbusopedia.com,https://www.kolbusopedia.com/bus-routes-government
kbop-d7,D7,NBSTC,Government - NON AC,,,Barasat,Bagdah,,,,11,kolbusopedia.com,https://www.kolbusopedia.com/bus-routes-government
kbop-d9,D9,NBSTC,Government - NON AC,,,Barasat,Hakimpur,,,,12,kolbusopedia.com,https://www.kolbusopedia.com/bus-routes-government
kbop-d26,D26,NBSTC,Government - NON AC,,,Park Circus,Hakimpur,,,,15,kolbusopedia.com,https://www.kolbusopedia.com/bus-routes-government
kbop-d31,D31,NBSTC,Government - NON AC,,,Esplanade,Srinathpur,,,,14,kolbusopedia.com,https://www.kolbusopedia.com/bus-routes-government
nbstc-in-mathabhanga-sitai-0,NBSTC Mathabhanga-Sitai,NBSTC,Government,,Mathabhanga,Mathabhanga,Sitai,8:00 AM,,,3,nbstc.in,https://nbstc.in/bus-routes.php
nbstc-in-mathabhanga-sitai-1,NBSTC Mathabhanga-Sitai,NBSTC,Government,,Mathabhanga,Mathabhanga,Sitai,12:00 Noon,,,3,nbstc.in,https://nbstc.in/bus-routes.php
nbstc-in-siliguri-jiyaganj-68,NBSTC Siliguri-Jiyaganj,NBSTC,Government,,Siliguri,Siliguri,Jiyaganj,6:30 AM,,,2,nbstc.in,https://nbstc.in/bus-routes.php
nbstc-in-jalpaiguri-tncbt-siliguri-74,NBSTC Jalpaiguri-TNCBT Siliguri,NBSTC,Government,,Jalpaiguri,Jalpaiguri,TNCBT Siliguri,7:00 AM,,,2,nbstc.in,https://nbstc.in/bus-routes.php
nbstc-in-jalpaiguri-tncbt-siliguri-75,NBSTC Jalpaiguri-TNCBT Siliguri,NBSTC,Government,,Jalpaiguri,Jalpaiguri,TNCBT Siliguri,7:15 AM,,,2,nbstc.in,https://nbstc.in/bus-routes.php
nbstc-in-jalpaiguri-tncbt-siliguri-76,NBSTC Jalpaiguri-TNCBT Siliguri,NBSTC,Government,,Jalpaiguri,Jalpaiguri,TNCBT Siliguri,7:45 AM,,,2,nbstc.in,https://nbstc.in/bus-routes.php
nbstc-in-jalpaiguri-tncbt-siliguri-77,NBSTC Jalpaiguri-TNCBT Siliguri,NBSTC,Government,,Jalpaiguri,Jalpaiguri,TNCBT Siliguri,8:20 AM,,,2,nbstc.in,https://nbstc.in/bus-routes.php
nbstc-in-jalpaiguri-tncbt-siliguri-78,NBSTC Jalpaiguri-TNCBT Siliguri,NBSTC,Government,,Jalpaiguri,Jalpaiguri,TNCBT Siliguri,9:20 AM,,,2,nbstc.in,https://nbstc.in/bus-routes.php
shyamoli-kolkata-delhi-0,Shyamoli Paribahan,Shyamoli Paribahan,Private - AC Volvo,,Kolkata,Kolkata,Delhi,08:00,,,2,shyamolibus.com,https://www.shyamolibus.com/
shyamoli-kolkata-delhi-1,Shyamoli Paribahan,Shyamoli Paribahan,Private - AC Volvo,,Kolkata,Kolkata,Delhi,17:00,,,2,shyamolibus.com,https://www.shyamolibus.com/
shyamoli-kolkata-burdwan-2,Shyamoli Paribahan,Shyamoli Paribahan,Private - AC Volvo,,Kolkata,Kolkata,Burdwan,08:00,,,2,shyamolibus.com,https://www.shyamolibus.com/
shyamoli-kolkata-burdwan-3,Shyamoli Paribahan,Shyamoli Paribahan,Private - AC Volvo,,Kolkata,Kolkata,Burdwan,17:00,,,2,shyamolibus.com,https://www.shyamolibus.com/
shyamoli-kolkata-asansol-4,Shyamoli Paribahan,Shyamoli Paribahan,Private - AC Volvo,,Kolkata,Kolkata,Asansol,08:00,,,11,shyamolibus.com,https://www.shyamolibus.com/
shyamoli-kolkata-asansol-5,Shyamoli Paribahan,Shyamoli Paribahan,Private - AC Volvo,,Kolkata,Kolkata,Asansol,17:00,,,11,shyamolibus.com,https://www.shyamolibus.com/
shyamoli-burdwan-asansol-6,Shyamoli Paribahan,Shyamoli Paribahan,Private - AC Volvo,,Burdwan,Burdwan,Asansol,10:20,,,2,shyamolibus.com,https://www.shyamolibus.com/
shyamoli-burdwan-asansol-7,Shyamoli Paribahan,Shyamoli Paribahan,Private - AC Volvo,,Burdwan,Burdwan,Asansol,19:20,,,2,shyamolibus.com,https://www.shyamolibus.com/
shyamoli-kolkata-dhanbad-8,Shyamoli Paribahan,Shyamoli Paribahan,Private - AC Volvo,,Kolkata,Kolkata,Dhanbad,08:00,,,2,shyamolibus.com,https://www.shyamolibus.com/
shyamoli-kolkata-dhanbad-9,Shyamoli Paribahan,Shyamoli Paribahan,Private - AC Volvo,,Kolkata,Kolkata,Dhanbad,17:00,,,2,shyamolibus.com,https://www.shyamolibus.com/
shyamoli-burdwan-dhanbad-10,Shyamoli Paribahan,Shyamoli Paribahan,Private - AC Volvo,,Burdwan,Burdwan,Dhanbad,10:20,,,2,shyamolibus.com,https://www.shyamolibus.com/
shyamoli-burdwan-dhanbad-11,Shyamoli Paribahan,Shyamoli Paribahan,Private - AC Volvo,,Burdwan,Burdwan,Dhanbad,19:20,,,2,shyamolibus.com,https://www.shyamolibus.com/
shyamoli-kolkata-aurangabad-bihar-12,Shyamoli Paribahan,Shyamoli Paribahan,Private - AC Volvo,,Kolkata,Kolkata,Aurangabad Bihar,08:00,,,2,shyamolibus.com,https://www.shyamolibus.com/
shyamoli-kolkata-aurangabad-bihar-13,Shyamoli Paribahan,Shyamoli Paribahan,Private - AC Volvo,,Kolkata,Kolkata,Aurangabad Bihar,17:00,,,2,shyamolibus.com,https://www.shyamolibus.com/
shyamoli-burdwan-aurangabad-bihar-14,Shyamoli Paribahan,Shyamoli Paribahan,Private - AC Volvo,,Burdwan,Burdwan,Aurangabad Bihar,10:20,,,2,shyamolibus.com,https://www.shyamolibus.com/
shyamoli-burdwan-aurangabad-bihar-15,Shyamoli Paribahan,Shyamoli Paribahan,Private - AC Volvo,,Burdwan,Burdwan,Aurangabad Bihar,19:20,,,2,shyamolibus.com,https://www.shyamolibus.com/
shyamoli-asansol-aurangabad-bihar-16,Shyamoli Paribahan,Shyamoli Paribahan,Private - AC Volvo,,Asansol,Asansol,Aurangabad Bihar,12:10,,,2,shyamolibus.com,https://www.shyamolibus.com/
shyamoli-asansol-aurangabad-bihar-17,Shyamoli Paribahan,Shyamoli Paribahan,Private - AC Volvo,,Asansol,Asansol,Aurangabad Bihar,21:10,,,2,shyamolibus.com,https://www.shyamolibus.com/
shyamoli-dhanbad-aurangabad-bihar-18,Shyamoli Paribahan,Shyamoli Paribahan,Private - AC Volvo,,Dhanbad,Dhanbad,Aurangabad Bihar,14:10,,,2,shyamolibus.com,https://www.shyamolibus.com/
shyamoli-dhanbad-aurangabad-bihar-19,Shyamoli Paribahan,Shyamoli Paribahan,Private - AC Volvo,,Dhanbad,Dhanbad,Aurangabad Bihar,23:10,,,2,shyamolibus.com,https://www.shyamolibus.com/
shyamoli-kolkata-sasaram-20,Shyamoli Paribahan,Shyamoli Paribahan,Private - AC Volvo,,Kolkata,Kolkata,Sasaram,08:00,,,2,shyamolibus.com,https://www.shyamolibus.com/
shyamoli-kolkata-sasaram-21,Shyamoli Paribahan,Shyamoli Paribahan,Private - AC Volvo,,Kolkata,Kolkata,Sasaram,17:00,,,2,shyamolibus.com,https://www.shyamolibus.com/
shyamoli-burdwan-sasaram-22,Shyamoli Paribahan,Shyamoli Paribahan,Private - AC Volvo,,Burdwan,Burdwan,Sasaram,10:20,,,2,shyamolibus.com,https://www.shyamolibus.com/
shyamoli-burdwan-sasaram-23,Shyamoli Paribahan,Shyamoli Paribahan,Private - AC Volvo,,Burdwan,Burdwan,Sasaram,19:20,,,2,shyamolibus.com,https://www.shyamolibus.com/
shyamoli-asansol-sasaram-24,Shyamoli Paribahan,Shyamoli Paribahan,Private - AC Volvo,,Asansol,Asansol,Sasaram,12:10,,,2,shyamolibus.com,https://www.shyamolibus.com/
shyamoli-asansol-sasaram-25,Shyamoli Paribahan,Shyamoli Paribahan,Private - AC Volvo,,Asansol,Asansol,Sasaram,21:10,,,2,shyamolibus.com,https://www.shyamolibus.com/
shyamoli-dhanbad-sasaram-26,Shyamoli Paribahan,Shyamoli Paribahan,Private - AC Volvo,,Dhanbad,Dhanbad,Sasaram,14:10,,,2,shyamolibus.com,https://www.shyamolibus.com/
shyamoli-dhanbad-sasaram-27,Shyamoli Paribahan,Shyamoli Paribahan,Private - AC Volvo,,Dhanbad,Dhanbad,Sasaram,23:10,,,2,shyamolibus.com,https://www.shyamolibus.com/
shyamoli-burdwan-varanasi-28,Shyamoli Paribahan,Shyamoli Paribahan,Private - AC Volvo,,Burdwan,Burdwan,Varanasi,10:20,,,2,shyamolibus.com,https://www.shyamolibus.com/
shyamoli-burdwan-varanasi-29,Shyamoli Paribahan,Shyamoli Paribahan,Private - AC Volvo,,Burdwan,Burdwan,Varanasi,19:20,,,2,shyamolibus.com,https://www.shyamolibus.com/
shyamoli-asansol-varanasi-30,Shyamoli Paribahan,Shyamoli Paribahan,Private - AC Volvo,,Asansol,Asansol,Varanasi,12:10,,,2,shyamolibus.com,https://www.shyamolibus.com/
shyamoli-asansol-varanasi-31,Shyamoli Paribahan,Shyamoli Paribahan,Private - AC Volvo,,Asansol,Asansol,Varanasi,21:10,,,2,shyamolibus.com,https://www.shyamolibus.com/
shyamoli-dhanbad-varanasi-32,Shyamoli Paribahan,Shyamoli Paribahan,Private - AC Volvo,,Dhanbad,Dhanbad,Varanasi,14:10,,,2,shyamolibus.com,https://www.shyamolibus.com/
shyamoli-dhanbad-varanasi-33,Shyamoli Paribahan,Shyamoli Paribahan,Private - AC Volvo,,Dhanbad,Dhanbad,Varanasi,23:10,,,2,shyamolibus.com,https://www.shyamolibus.com/
shyamoli-kolkata-dobhi-34,Shyamoli Paribahan,Shyamoli Paribahan,Private - AC Volvo,,Kolkata,Kolkata,Dobhi,08:00,,,2,shyamolibus.com,https://www.shyamolibus.com/
shyamoli-kolkata-dobhi-35,Shyamoli Paribahan,Shyamoli Paribahan,Private - AC Volvo,,Kolkata,Kolkata,Dobhi,17:00,,,2,shyamolibus.com,https://www.shyamolibus.com/
shyamoli-burdwan-dobhi-36,Shyamoli Paribahan,Shyamoli Paribahan,Private - AC Volvo,,Burdwan,Burdwan,Dobhi,10:20,,,2,shyamolibus.com,https://www.shyamolibus.com/
shyamoli-burdwan-dobhi-37,Shyamoli Paribahan,Shyamoli Paribahan,Private - AC Volvo,,Burdwan,Burdwan,Dobhi,19:20,,,2,shyamolibus.com,https://www.shyamolibus.com/
shyamoli-asansol-dobhi-38,Shyamoli Paribahan,Shyamoli Paribahan,Private - AC Volvo,,Asansol,Asansol,Dobhi,12:10,,,2,shyamolibus.com,https://www.shyamolibus.com/
shyamoli-asansol-dobhi-39,Shyamoli Paribahan,Shyamoli Paribahan,Private - AC Volvo,,Asansol,Asansol,Dobhi,21:10,,,2,shyamolibus.com,https://www.shyamolibus.com/
shyamoli-dhanbad-dobhi-40,Shyamoli Paribahan,Shyamoli Paribahan,Private - AC Volvo,,Dhanbad,Dhanbad,Dobhi,14:10,,,2,shyamolibus.com,https://www.shyamolibus.com/
shyamoli-dhanbad-dobhi-41,Shyamoli Paribahan,Shyamoli Paribahan,Private - AC Volvo,,Dhanbad,Dhanbad,Dobhi,23:10,,,2,shyamolibus.com,https://www.shyamolibus.com/
shyamoli-asansol-dhanbad-42,Shyamoli Paribahan,Shyamoli Paribahan,Private - AC Volvo,,Asansol,Asansol,Dhanbad,12:10,,,2,shyamolibus.com,https://www.shyamolibus.com/
shyamoli-asansol-dhanbad-43,Shyamoli Paribahan,Shyamoli Paribahan,Private - AC Volvo,,Asansol,Asansol,Dhanbad,21:10,,,2,shyamolibus.com,https://www.shyamolibus.com/
shyamoli-kolkata-prayagraj-44,Shyamoli Paribahan,Shyamoli Paribahan,Private - AC Volvo,,Kolkata,Kolkata,Prayagraj,08:00,,,2,shyamolibus.com,https://www.shyamolibus.com/
shyamoli-kolkata-prayagraj-45,Shyamoli Paribahan,Shyamoli Paribahan,Private - AC Volvo,,Kolkata,Kolkata,Prayagraj,17:00,,,2,shyamolibus.com,https://www.shyamolibus.com/
shyamoli-burdwan-prayagraj-46,Shyamoli Paribahan,Shyamoli Paribahan,Private - AC Volvo,,Burdwan,Burdwan,Prayagraj,10:20,,,2,shyamolibus.com,https://www.shyamolibus.com/
shyamoli-burdwan-prayagraj-47,Shyamoli Paribahan,Shyamoli Paribahan,Private - AC Volvo,,Burdwan,Burdwan,Prayagraj,19:20,,,2,shyamolibus.com,https://www.shyamolibus.com/
shyamoli-asansol-prayagraj-48,Shyamoli Paribahan,Shyamoli Paribahan,Private - AC Volvo,,Asansol,Asansol,Prayagraj,12:10,,,2,shyamolibus.com,https://www.shyamolibus.com/
shyamoli-asansol-prayagraj-49,Shyamoli Paribahan,Shyamoli Paribahan,Private - AC Volvo,,Asansol,Asansol,Prayagraj,21:10,,,2,shyamolibus.com,https://www.shyamolibus.com/
shyamoli-dhanbad-prayagraj-50,Shyamoli Paribahan,Shyamoli Paribahan,Private - AC Volvo,,Dhanbad,Dhanbad,Prayagraj,14:10,,,2,shyamolibus.com,https://www.shyamolibus.com/
shyamoli-dhanbad-prayagraj-51,Shyamoli Paribahan,Shyamoli Paribahan,Private - AC Volvo,,Dhanbad,Dhanbad,Prayagraj,23:10,,,2,shyamolibus.com,https://www.shyamolibus.com/
shyamoli-burdwan-delhi-52,Shyamoli Paribahan,Shyamoli Paribahan,Private - AC Volvo,,Burdwan,Burdwan,Delhi,10:20,,,2,shyamolibus.com,https://www.shyamolibus.com/
shyamoli-burdwan-delhi-53,Shyamoli Paribahan,Shyamoli Paribahan,Private - AC Volvo,,Burdwan,Burdwan,Delhi,19:20,,,2,shyamolibus.com,https://www.shyamolibus.com/
shyamoli-asansol-delhi-54,Shyamoli Paribahan,Shyamoli Paribahan,Private - AC Volvo,,Asansol,Asansol,Delhi,12:10,,,2,shyamolibus.com,https://www.shyamolibus.com/
shyamoli-asansol-delhi-55,Shyamoli Paribahan,Shyamoli Paribahan,Private - AC Volvo,,Asansol,Asansol,Delhi,21:10,,,2,shyamolibus.com,https://www.shyamolibus.com/
shyamoli-dhanbad-delhi-56,Shyamoli Paribahan,Shyamoli Paribahan,Private - AC Volvo,,Dhanbad,Dhanbad,Delhi,14:10,,,2,shyamolibus.com,https://www.shyamolibus.com/
shyamoli-dhanbad-delhi-57,Shyamoli Paribahan,Shyamoli Paribahan,Private - AC Volvo,,Dhanbad,Dhanbad,Delhi,23:10,,,2,shyamolibus.com,https://www.shyamolibus.com/
shyamoli-kolkata-barhi-58,Shyamoli Paribahan,Shyamoli Paribahan,Private - AC Volvo,,Kolkata,Kolkata,Barhi,08:00,,,2,shyamolibus.com,https://www.shyamolibus.com/
shyamoli-kolkata-barhi-59,Shyamoli Paribahan,Shyamoli Paribahan,Private - AC Volvo,,Kolkata,Kolkata,Barhi,17:00,,,2,shyamolibus.com,https://www.shyamolibus.com/
shyamoli-burdwan-barhi-60,Shyamoli Paribahan,Shyamoli Paribahan,Private - AC Volvo,,Burdwan,Burdwan,Barhi,10:20,,,2,shyamolibus.com,https://www.shyamolibus.com/
shyamoli-burdwan-barhi-61,Shyamoli Paribahan,Shyamoli Paribahan,Private - AC Volvo,,Burdwan,Burdwan,Barhi,19:20,,,2,shyamolibus.com,https://www.shyamolibus.com/
shyamoli-asansol-barhi-62,Shyamoli Paribahan,Shyamoli Paribahan,Private - AC Volvo,,Asansol,Asansol,Barhi,12:10,,,2,shyamolibus.com,https://www.shyamolibus.com/
shyamoli-asansol-barhi-63,Shyamoli Paribahan,Shyamoli Paribahan,Private - AC Volvo,,Asansol,Asansol,Barhi,21:10,,,2,shyamolibus.com,https://www.shyamolibus.com/
shyamoli-dhanbad-barhi-64,Shyamoli Paribahan,Shyamoli Paribahan,Private - AC Volvo,,Dhanbad,Dhanbad,Barhi,14:10,,,2,shyamolibus.com,https://www.shyamolibus.com/
shyamoli-dhanbad-barhi-65,Shyamoli Paribahan,Shyamoli Paribahan,Private - AC Volvo,,Dhanbad,Dhanbad,Barhi,23:10,,,2,shyamolibus.com,https://www.shyamolibus.com/
shyamoli-kolkata-varanasi-66,Shyamoli Paribahan,Shyamoli Paribahan,Private - AC Volvo,,Kolkata,Kolkata,Varanasi,08:00,,,2,shyamolibus.com,https://www.shyamolibus.com/
shyamoli-kolkata-varanasi-67,Shyamoli Paribahan,Shyamoli Paribahan,Private - AC Volvo,,Kolkata,Kolkata,Varanasi,17:00,,,2,shyamolibus.com,https://www.shyamolibus.com/
shyamoli-kolkata-durgapur-68,Shyamoli Paribahan,Shyamoli Paribahan,Private - AC Volvo,,Kolkata,Kolkata,Durgapur,08:00,,,11,shyamolibus.com,https://www.shyamolibus.com/
shyamoli-kolkata-durgapur-69,Shyamoli Paribahan,Shyamoli Paribahan,Private - AC Volvo,,Kolkata,Kolkata,Durgapur,17:00,,,11,shyamolibus.com,https://www.shyamolibus.com/
shyamoli-burdwan-durgapur-70,Shyamoli Paribahan,Shyamoli Paribahan,Private - AC Volvo,,Burdwan,Burdwan,Durgapur,10:20,,,2,shyamolibus.com,https://www.shyamolibus.com/
shyamoli-burdwan-durgapur-71,Shyamoli Paribahan,Shyamoli Paribahan,Private - AC Volvo,,Burdwan,Burdwan,Durgapur,19:20,,,2,shyamolibus.com,https://www.shyamolibus.com/
shyamoli-durgapur-asansol-72,Shyamoli Paribahan,Shyamoli Paribahan,Private - AC Volvo,,Durgapur,Durgapur,Asansol,11:30,,,2,shyamolibus.com,https://www.shyamolibus.com/
shyamoli-durgapur-asansol-73,Shyamoli Paribahan,Shyamoli Paribahan,Private - AC Volvo,,Durgapur,Durgapur,Asansol,20:30,,,2,shyamolibus.com,https://www.shyamolibus.com/
shyamoli-durgapur-dhanbad-74,Shyamoli Paribahan,Shyamoli Paribahan,Private - AC Volvo,,Durgapur,Durgapur,Dhanbad,11:30,,,2,shyamolibus.com,https://www.shyamolibus.com/
shyamoli-durgapur-dhanbad-75,Shyamoli Paribahan,Shyamoli Paribahan,Private - AC Volvo,,Durgapur,Durgapur,Dhanbad,20:30,,,2,shyamolibus.com,https://www.shyamolibus.com/
shyamoli-durgapur-barhi-76,Shyamoli Paribahan,Shyamoli Paribahan,Private - AC Volvo,,Durgapur,Durgapur,Barhi,11:30,,,2,shyamolibus.com,https://www.shyamolibus.com/
shyamoli-durgapur-barhi-77,Shyamoli Paribahan,Shyamoli Paribahan,Private - AC Volvo,,Durgapur,Durgapur,Barhi,20:30,,,2,shyamolibus.com,https://www.shyamolibus.com/
shyamoli-durgapur-dobhi-78,Shyamoli Paribahan,Shyamoli Paribahan,Private - AC Volvo,,Durgapur,Durgapur,Dobhi,11:30,,,2,shyamolibus.com,https://www.shyamolibus.com/
shyamoli-durgapur-dobhi-79,Shyamoli Paribahan,Shyamoli Paribahan,Private - AC Volvo,,Durgapur,Durgapur,Dobhi,20:30,,,2,shyamolibus.com,https://www.shyamolibus.com/
shyamoli-durgapur-aurangabad-bihar-80,Shyamoli Paribahan,Shyamoli Paribahan,Private - AC Volvo,,Durgapur,Durgapur,Aurangabad Bihar,11:30,,,2,shyamolibus.com,https://www.shyamolibus.com/
shyamoli-durgapur-aurangabad-bihar-81,Shyamoli Paribahan,Shyamoli Paribahan,Private - AC Volvo,,Durgapur,Durgapur,Aurangabad Bihar,20:30,,,2,shyamolibus.com,https://www.shyamolibus.com/
shyamoli-durgapur-sasaram-82,Shyamoli Paribahan,Shyamoli Paribahan,Private - AC Volvo,,Durgapur,Durgapur,Sasaram,11:30,,,2,shyamolibus.com,https://www.shyamolibus.com/
shyamoli-durgapur-sasaram-83,Shyamoli Paribahan,Shyamoli Paribahan,Private - AC Volvo,,Durgapur,Durgapur,Sasaram,20:30,,,2,shyamolibus.com,https://www.shyamolibus.com/
shyamoli-durgapur-varanasi-84,Shyamoli Paribahan,Shyamoli Paribahan,Private - AC Volvo,,Durgapur,Durgapur,Varanasi,11:30,,,2,shyamolibus.com,https://www.shyamolibus.com/
shyamoli-durgapur-varanasi-85,Shyamoli Paribahan,Shyamoli Paribahan,Private - AC Volvo,,Durgapur,Durgapur,Varanasi,20:30,,,2,shyamolibus.com,https://www.shyamolibus.com/
shyamoli-durgapur-prayagraj-86,Shyamoli Paribahan,Shyamoli Paribahan,Private - AC Volvo,,Durgapur,Durgapur,Prayagraj,11:30,,,2,shyamolibus.com,https://www.shyamolibus.com/
shyamoli-durgapur-prayagraj-87,Shyamoli Paribahan,Shyamoli Paribahan,Private - AC Volvo,,Durgapur,Durgapur,Prayagraj,20:30,,,2,shyamolibus.com,https://www.shyamolibus.com/
shyamoli-durgapur-delhi-88,Shyamoli Paribahan,Shyamoli Paribahan,Private - AC Volvo,,Durgapur,Durgapur,Delhi,11:30,,,2,shyamolibus.com,https://www.shyamolibus.com/
shyamoli-durgapur-delhi-89,Shyamoli Paribahan,Shyamoli Paribahan,Private - AC Volvo,,Durgapur,Durgapur,Delhi,20:30,,,2,shyamolibus.com,https://www.shyamolibus.com/
shyamoli-delhi-kolkata-90,Shyamoli Paribahan,Shyamoli Paribahan,Private - AC Volvo,,Delhi,Delhi,Kolkata,08:00,,,2,shyamolibus.com,https://www.shyamolibus.com/
shyamoli-delhi-kolkata-91,Shyamoli Paribahan,Shyamoli Paribahan,Private - AC Volvo,,Delhi,Delhi,Kolkata,17:00,,,2,shyamolibus.com,https://www.shyamolibus.com/
shyamoli-sasaram-kolkata-92,Shyamoli Paribahan,Shyamoli Paribahan,Private - AC Volvo,,Sasaram,Sasaram,Kolkata,22:20,,,2,shyamolibus.com,https://www.shyamolibus.com/
shyamoli-aurangabad-bihar-kolkata-93,Shyamoli Paribahan,Shyamoli Paribahan,Private - AC Volvo,,Aurangabad Bihar,Aurangabad Bihar,Kolkata,23:35,,,2,shyamolibus.com,https://www.shyamolibus.com/
shyamoli-dobhi-kolkata-94,Shyamoli Paribahan,Shyamoli Paribahan,Private - AC Volvo,,Dobhi,Dobhi,Kolkata,00:30,,,2,shyamolibus.com,https://www.shyamolibus.com/
shyamoli-dhanbad-kolkata-95,Shyamoli Paribahan,Shyamoli Paribahan,Private - AC Volvo,,Dhanbad,Dhanbad,Kolkata,03:20,,,2,shyamolibus.com,https://www.shyamolibus.com/
shyamoli-asansol-kolkata-96,Shyamoli Paribahan,Shyamoli Paribahan,Private - AC Volvo,,Asansol,Asansol,Kolkata,05:20,,,11,shyamolibus.com,https://www.shyamolibus.com/
shyamoli-burdwan-kolkata-97,Shyamoli Paribahan,Shyamoli Paribahan,Private - AC Volvo,,Burdwan,Burdwan,Kolkata,07:10,,,2,shyamolibus.com,https://www.shyamolibus.com/
shyamoli-durgapur-kolkata-98,Shyamoli Paribahan,Shyamoli Paribahan,Private - AC Volvo,,Durgapur,Durgapur,Kolkata,06:00,,,11,shyamolibus.com,https://www.shyamolibus.com/
shyamoli-kolkata-fatehpur-99,Shyamoli Paribahan,Shyamoli Paribahan,Private - AC Volvo,,Kolkata,Kolkata,Fatehpur,17:00,,,2,shyamolibus.com,https://www.shyamolibus.com/
shyamoli-burdwan-fatehpur-100,Shyamoli Paribahan,Shyamoli Paribahan,Private - AC Volvo,,Burdwan,Burdwan,Fatehpur,19:20,,,2,shyamolibus.com,https://www.shyamolibus.com/
shyamoli-durgapur-fatehpur-101,Shyamoli Paribahan,Shyamoli Paribahan,Private - AC Volvo,,Durgapur,Durgapur,Fatehpur,20:30,,,2,shyamolibus.com,https://www.shyamolibus.com/
shyamoli-asansol-fatehpur-102,Shyamoli Paribahan,Shyamoli Paribahan,Private - AC Volvo,,Asansol,Asansol,Fatehpur,21:10,,,2,shyamolibus.com,https://www.shyamolibus.com/
shyamoli-dhanbad-fatehpur-103,Shyamoli Paribahan,Shyamoli Paribahan,Private - AC Volvo,,Dhanbad,Dhanbad,Fatehpur,23:10,,,2,shyamolibus.com,https://www.shyamolibus.com/
shyamoli-kolkata-etawah-104,Shyamoli Paribahan,Shyamoli Paribahan,Private - AC Volvo,,Kolkata,Kolkata,Etawah,17:00,,,2,shyamolibus.com,https://www.shyamolibus.com/
shyamoli-burdwan-etawah-105,Shyamoli Paribahan,Shyamoli Paribahan,Private - AC Volvo,,Burdwan,Burdwan,Etawah,19:20,,,2,shyamolibus.com,https://www.shyamolibus.com/
shyamoli-durgapur-etawah-106,Shyamoli Paribahan,Shyamoli Paribahan,Private - AC Volvo,,Durgapur,Durgapur,Etawah,20:30,,,2,shyamolibus.com,https://www.shyamolibus.com/
shyamoli-asansol-etawah-107,Shyamoli Paribahan,Shyamoli Paribahan,Private - AC Volvo,,Asansol,Asansol,Etawah,21:10,,,2,shyamolibus.com,https://www.shyamolibus.com/
shyamoli-dhanbad-etawah-108,Shyamoli Paribahan,Shyamoli Paribahan,Private - AC Volvo,,Dhanbad,Dhanbad,Etawah,23:10,,,2,shyamolibus.com,https://www.shyamolibus.com/
shyamoli-kolkata-agra-109,Shyamoli Paribahan,Shyamoli Paribahan,Private - AC Volvo,,Kolkata,Kolkata,Agra,17:00,,,2,shyamolibus.com,https://www.shyamolibus.com/
shyamoli-burdwan-agra-110,Shyamoli Paribahan,Shyamoli Paribahan,Private - AC Volvo,,Burdwan,Burdwan,Agra,19:20,,,2,shyamolibus.com,https://www.shyamolibus.com/
shyamoli-durgapur-agra-111,Shyamoli Paribahan,Shyamoli Paribahan,Private - AC Volvo,,Durgapur,Durgapur,Agra,20:30,,,2,shyamolibus.com,https://www.shyamolibus.com/
shyamoli-asansol-agra-112,Shyamoli Paribahan,Shyamoli Paribahan,Private - AC Volvo,,Asansol,Asansol,Agra,21:10,,,2,shyamolibus.com,https://www.shyamolibus.com/
shyamoli-dhanbad-agra-113,Shyamoli Paribahan,Shyamoli Paribahan,Private - AC Volvo,,Dhanbad,Dhanbad,Agra,23:10,,,2,shyamolibus.com,https://www.shyamolibus.com/
shyamoli-kolkata-mathura-114,Shyamoli Paribahan,Shyamoli Paribahan,Private - AC Volvo,,Kolkata,Kolkata,Mathura,17:00,,,2,shyamolibus.com,https://www.shyamolibus.com/
shyamoli-burdwan-mathura-115,Shyamoli Paribahan,Shyamoli Paribahan,Private - AC Volvo,,Burdwan,Burdwan,Mathura,19:20,,,2,shyamolibus.com,https://www.shyamolibus.com/
shyamoli-durgapur-mathura-116,Shyamoli Paribahan,Shyamoli Paribahan,Private - AC Volvo,,Durgapur,Durgapur,Mathura,20:30,,,2,shyamolibus.com,https://www.shyamolibus.com/
shyamoli-asansol-mathura-117,Shyamoli Paribahan,Shyamoli Paribahan,Private - AC Volvo,,Asansol,Asansol,Mathura,21:10,,,2,shyamolibus.com,https://www.shyamolibus.com/
shyamoli-dhanbad-mathura-118,Shyamoli Paribahan,Shyamoli Paribahan,Private - AC Volvo,,Dhanbad,Dhanbad,Mathura,23:10,,,2,shyamolibus.com,https://www.shyamolibus.com/
shyamoli-kolkata-bangalore-119,Shyamoli Paribahan,Shyamoli Paribahan,Private - AC Volvo,,Kolkata,Kolkata,Bangalore,19:00,,,2,shyamolibus.com,https://www.shyamolibus.com/
shyamoli-bangalore-kolkata-120,Shyamoli Paribahan,Shyamoli Paribahan,Private - AC Volvo,,Bangalore,Bangalore,Kolkata,20:00,,,2,shyamolibus.com,https://www.shyamolibus.com/
shyamoli-kolkata-visakhapatnam-121,Shyamoli Paribahan,Shyamoli Paribahan,Private - AC Volvo,,Kolkata,Kolkata,Visakhapatnam,19:00,,,2,shyamolibus.com,https://www.shyamolibus.com/
shyamoli-kolkata-vijayawada-122,Shyamoli Paribahan,Shyamoli Paribahan,Private - AC Volvo,,Kolkata,Kolkata,Vijayawada,19:00,,,2,shyamolibus.com,https://www.shyamolibus.com/
shyamoli-kolkata-guntur-123,Shyamoli Paribahan,Shyamoli Paribahan,Private - AC Volvo,,Kolkata,Kolkata,Guntur,19:00,,,2,shyamolibus.com,https://www.shyamolibus.com/
shyamoli-kolkata-tirupati-124,Shyamoli Paribahan,Shyamoli Paribahan,Private - AC Volvo,,Kolkata,Kolkata,Tirupati,19:00,,,2,shyamolibus.com,https://www.shyamolibus.com/
shyamoli-kolkata-nellore-125,Shyamoli Paribahan,Shyamoli Paribahan,Private - AC Volvo,,Kolkata,Kolkata,Nellore,19:00,,,2,shyamolibus.com,https://www.shyamolibus.com/
shyamoli-kolkata-eluru-126,Shyamoli Paribahan,Shyamoli Paribahan,Private - AC Volvo,,Kolkata,Kolkata,Eluru,19:00,,,2,shyamolibus.com,https://www.shyamolibus.com/
shyamoli-kolkata-rajahmundry-127,Shyamoli Paribahan,Shyamoli Paribahan,Private - AC Volvo,,Kolkata,Kolkata,Rajahmundry,19:00,,,2,shyamolibus.com,https://www.shyamolibus.com/
shyamoli-kolkata-bhubaneswar-128,Shyamoli Paribahan,Shyamoli Paribahan,Private - AC Volvo,,Kolkata,Kolkata,Bhubaneswar,19:00,,,2,shyamolibus.com,https://www.shyamolibus.com/
shyamoli-bangalore-kharagpur-129,Shyamoli Paribahan,Shyamoli Paribahan,Private - AC Volvo,,Bangalore,Bangalore,Kharagpur,20:00,,,2,shyamolibus.com,https://www.shyamolibus.com/
shyamoli-delhi-siliguri-130,Shyamoli Paribahan,Shyamoli Paribahan,Private - AC Volvo,,Delhi,Delhi,Siliguri,14:00,,,2,shyamolibus.com,https://www.shyamolibus.com/
shyamoli-siliguri-delhi-131,Shyamoli Paribahan,Shyamoli Paribahan,Private - AC Volvo,,Siliguri,Siliguri,Delhi,08:30,,,2,shyamolibus.com,https://www.shyamolibus.com/
shyamoli-lucknow-siliguri-132,Shyamoli Paribahan,Shyamoli Paribahan,Private - AC Volvo,,Lucknow,Lucknow,Siliguri,20:35,,,2,shyamolibus.com,https://www.shyamolibus.com/
shyamoli-gorakhpur-siliguri-133,Shyamoli Paribahan,Shyamoli Paribahan,Private - AC Volvo,,Gorakhpur,Gorakhpur,Siliguri,22:05,,,2,shyamolibus.com,https://www.shyamolibus.com/
shyamoli-gopalganj-bihar-siliguri-134,Shyamoli Paribahan,Shyamoli Paribahan,Private - AC Volvo,,Gopalganj Bihar,Gopalganj Bihar,Siliguri,01:15,,,2,shyamolibus.com,https://www.shyamolibus.com/
shyamoli-muzaffarpur-bihar-siliguri-135,Shyamoli Paribahan,Shyamoli Paribahan,Private - AC Volvo,,Muzaffarpur Bihar,Muzaffarpur Bihar,Siliguri,03:45,,,2,shyamolibus.com,https://www.shyamolibus.com/
shyamoli-darbhanga-bihar-siliguri-136,Shyamoli Paribahan,Shyamoli Paribahan,Private - AC Volvo,,Darbhanga Bihar,Darbhanga Bihar,Siliguri,05:15,,,2,shyamolibus.com,https://www.shyamolibus.com/
shyamoli-forbesganj-bihar-siliguri-137,Shyamoli Paribahan,Shyamoli Paribahan,Private - AC Volvo,,Forbesganj Bihar,Forbesganj Bihar,Siliguri,08:20,,,2,shyamolibus.com,https://www.shyamolibus.com/
shyamoli-araria-bihar-siliguri-138,Shyamoli Paribahan,Shyamoli Paribahan,Private - AC Volvo,,Araria Bihar,Araria Bihar,Siliguri,09:00,,,2,shyamolibus.com,https://www.shyamolibus.com/
shyamoli-siliguri-gorakhpur-139,Shyamoli Paribahan,Shyamoli Paribahan,Private - AC Volvo,,Siliguri,Siliguri,Gorakhpur,08:30,,,2,shyamolibus.com,https://www.shyamolibus.com/
shyamoli-siliguri-lucknow-140,Shyamoli Paribahan,Shyamoli Paribahan,Private - AC Volvo,,Siliguri,Siliguri,Lucknow,08:30,,,2,shyamolibus.com,https://www.shyamolibus.com/
shyamoli-siliguri-kushinagar-141,Shyamoli Paribahan,Shyamoli Paribahan,Private - AC Volvo,,Siliguri,Siliguri,Kushinagar,08:30,,,2,shyamolibus.com,https://www.shyamolibus.com/
shyamoli-siliguri-hapur-142,Shyamoli Paribahan,Shyamoli Paribahan,Private - AC Volvo,,Siliguri,Siliguri,Hapur,08:30,,,2,shyamolibus.com,https://www.shyamolibus.com/
shyamoli-siliguri-tamkuhi-raj-143,Shyamoli Paribahan,Shyamoli Paribahan,Private - AC Volvo,,Siliguri,Siliguri,Tamkuhi Raj,08:30,,,2,shyamolibus.com,https://www.shyamolibus.com/
shyamoli-siliguri-fazilnagar-144,Shyamoli Paribahan,Shyamoli Paribahan,Private - AC Volvo,,Siliguri,Siliguri,Fazilnagar,08:30,,,2,shyamolibus.com,https://www.shyamolibus.com/
shyamoli-siliguri-gopalganj-bihar-145,Shyamoli Paribahan,Shyamoli Paribahan,Private - AC Volvo,,Siliguri,Siliguri,Gopalganj Bihar,08:30,,,2,shyamolibus.com,https://www.shyamolibus.com/
shyamoli-siliguri-mohammadpur-bihar-146,Shyamoli Paribahan,Shyamoli Paribahan,Private - AC Volvo,,Siliguri,Siliguri,Mohammadpur Bihar,08:30,,,2,shyamolibus.com,https://www.shyamolibus.com/
shyamoli-siliguri-pipra-kothi-147,Shyamoli Paribahan,Shyamoli Paribahan,Private - AC Volvo,,Siliguri,Siliguri,Pipra Kothi,08:30,,,2,shyamolibus.com,https://www.shyamolibus.com/
shyamoli-kolkata-puri-148,Shyamoli Paribahan,Shyamoli Paribahan,Private - AC Volvo,,Kolkata,Kolkata,Puri,08:00,,,2,shyamolibus.com,https://www.shyamolibus.com/
shyamoli-kolkata-digha-149,Shyamoli Paribahan,Shyamoli Paribahan,Private - AC Volvo,,Kolkata,Kolkata,Digha,08:00,,,13,shyamolibus.com,https://www.shyamolibus.com/
shyamoli-kolkata-siliguri-150,Shyamoli Paribahan,Shyamoli Paribahan,Private - AC Volvo,,Kolkata,Kolkata,Siliguri,17:00,,,2,shyamolibus.com,https://www.shyamolibus.com/
shyamoli-kolkata-bokaro-151,Shyamoli Paribahan,Shyamoli Paribahan,Private - AC Volvo,,Kolkata,Kolkata,Bokaro,17:00,,,2,shyamolibus.com,https://www.shyamolibus.com/
shyamoli-kolkata-malda-152,Shyamoli Paribahan,Shyamoli Paribahan,Private - AC Volvo,,Kolkata,Kolkata,Malda,17:00,,,2,shyamolibus.com,https://www.shyamolibus.com/
shyamoli-puri-durgapur-153,Shyamoli Paribahan,Shyamoli Paribahan,Private - AC Volvo,,Puri,Puri,Durgapur,06:00,,,2,shyamolibus.com,https://www.shyamolibus.com/
shyamoli-durgapur-siliguri-154,Shyamoli Paribahan,Shyamoli Paribahan,Private - AC Volvo,,Durgapur,Durgapur,Siliguri,18:00,,,2,shyamolibus.com,https://www.shyamolibus.com/
shyamoli-bhubaneswar-bankura-155,Shyamoli Paribahan,Shyamoli Paribahan,Private - AC Volvo,,Bhubaneswar,Bhubaneswar,Bankura,04:00,,,2,shyamolibus.com,https://www.shyamolibus.com/
santosh-bus-service-digha-kolkata-4019,Santosh Bus Service Digha-Kolkata,Santosh Bus Service,Private - AC,,,Digha,Kolkata,12:05 PM,4:40 PM,,13,santoshbusservice.com,https://www.santoshbusservice.com/schedules
santosh-bus-service-tajpur-kolkata-4020,Santosh Bus Service Tajpur-Kolkata,Santosh Bus Service,Private - AC,,,Tajpur,Kolkata,12:30 PM,4:40 PM,,2,santoshbusservice.com,https://www.santoshbusservice.com/schedules
santosh-bus-service-mandarmani-kolkata-4021,Santosh Bus Service Mandarmani-Kolkata,Santosh Bus Service,Private - AC,,,Mandarmani,Kolkata,12:40 PM,4:40 PM,,2,santoshbusservice.com,https://www.santoshbusservice.com/schedules
santosh-bus-service-contai-kolkata-4022,Santosh Bus Service Contai-Kolkata,Santosh Bus Service,Private - AC,,,Contai,Kolkata,1:05 PM,4:40 PM,,2,santoshbusservice.com,https://www.santoshbusservice.com/schedules
santosh-bus-service-ramnagar-kolkata-4023,Santosh Bus Service Ramnagar-Kolkata,Santosh Bus Service,Private - AC,,,Ramnagar,Kolkata,12:25 PM,4:40 PM,,2,santoshbusservice.com,https://www.santoshbusservice.com/schedules
santosh-bus-service-henria-kolkata-4024,Santosh Bus Service Henria-Kolkata,Santosh Bus Service,Private - AC,,,Henria,Kolkata,1:40 PM,4:40 PM,,2,santoshbusservice.com,https://www.santoshbusservice.com/schedules
santosh-bus-service-bajkul-kolkata-4025,Santosh Bus Service Bajkul-Kolkata,Santosh Bus Service,Private - AC,,,Bajkul,Kolkata,1:55 PM,4:40 PM,,2,santoshbusservice.com,https://www.santoshbusservice.com/schedules
santosh-bus-service-nandakumar-kolkata-4026,Santosh Bus Service Nandakumar-Kolkata,Santosh Bus Service,Private - AC,,,Nandakumar,Kolkata,2:20 PM,4:40 PM,,2,santoshbusservice.com,https://www.santoshbusservice.com/schedules
santosh-bus-service-digha-kolkata-4027,Santosh Bus Service Digha-Kolkata,Santosh Bus Service,Private - AC,,,Digha,Kolkata,8:30 AM,12:50 PM,,13,santoshbusservice.com,https://www.santoshbusservice.com/schedules
santosh-bus-service-shankarpur-kolkata-4028,Santosh Bus Service Shankarpur-Kolkata,Santosh Bus Service,Private - AC,,,Shankarpur,Kolkata,9:10 AM,12:50 PM,,2,santoshbusservice.com,https://www.santoshbusservice.com/schedules
santosh-bus-service-tajpur-kolkata-4029,Santosh Bus Service Tajpur-Kolkata,Santosh Bus Service,Private - AC,,,Tajpur,Kolkata,9:15 AM,12:50 PM,,2,santoshbusservice.com,https://www.santoshbusservice.com/schedules
santosh-bus-service-mandarmani-kolkata-4030,Santosh Bus Service Mandarmani-Kolkata,Santosh Bus Service,Private - AC,,,Mandarmani,Kolkata,9:25 AM,12:50 PM,,2,santoshbusservice.com,https://www.santoshbusservice.com/schedules
santosh-bus-service-contai-kolkata-4031,Santosh Bus Service Contai-Kolkata,Santosh Bus Service,Private - AC,,,Contai,Kolkata,9:45 AM,12:50 PM,,2,santoshbusservice.com,https://www.santoshbusservice.com/schedules
santosh-bus-service-habra-digha-4032,Santosh Bus Service Habra-Digha,Santosh Bus Service,Private - AC,,,Habra,Digha,5:15 AM,10:20 AM,,2,santoshbusservice.com,https://www.santoshbusservice.com/schedules
santosh-bus-service-barasat-contai-4033,Santosh Bus Service Barasat-Contai,Santosh Bus Service,Private - AC,,,Barasat,Contai,5:55 AM,9:20 AM,,2,santoshbusservice.com,https://www.santoshbusservice.com/schedules
santosh-bus-service-kolkata-contai-4034,Santosh Bus Service Kolkata-Contai,Santosh Bus Service,Private - AC,,,Kolkata,Contai,6:00 AM,9:20 AM,,2,santoshbusservice.com,https://www.santoshbusservice.com/schedules
santosh-bus-service-barasat-mandarmani-4035,Santosh Bus Service Barasat-Mandarmani,Santosh Bus Service,Private - AC,,,Barasat,Mandarmani,5:55 AM,9:45 AM,,2,santoshbusservice.com,https://www.santoshbusservice.com/schedules
santosh-bus-service-kolkata-mandarmani-4036,Santosh Bus Service Kolkata-Mandarmani,Santosh Bus Service,Private - AC,,,Kolkata,Mandarmani,6:00 AM,9:45 AM,,2,santoshbusservice.com,https://www.santoshbusservice.com/schedules
santosh-bus-service-barasat-tajpur-4037,Santosh Bus Service Barasat-Tajpur,Santosh Bus Service,Private - AC,,,Barasat,Tajpur,5:55 AM,9:55 AM,,2,santoshbusservice.com,https://www.santoshbusservice.com/schedules
santosh-bus-service-kolkata-tajpur-4038,Santosh Bus Service Kolkata-Tajpur,Santosh Bus Service,Private - AC,,,Kolkata,Tajpur,6:00 AM,9:55 AM,,2,santoshbusservice.com,https://www.santoshbusservice.com/schedules
santosh-bus-service-barasat-shankarpur-4039,Santosh Bus Service Barasat-Shankarpur,Santosh Bus Service,Private - AC,,,Barasat,Shankarpur,5:55 AM,10:00 AM,,2,santoshbusservice.com,https://www.santoshbusservice.com/schedules
santosh-bus-service-kolkata-shankarpur-4040,Santosh Bus Service Kolkata-Shankarpur,Santosh Bus Service,Private - AC,,,Kolkata,Shankarpur,6:00 AM,10:00 AM,,2,santoshbusservice.com,https://www.santoshbusservice.com/schedules
santosh-bus-service-barasat-digha-4041,Santosh Bus Service Barasat-Digha,Santosh Bus Service,Private - AC,,,Barasat,Digha,5:55 AM,10:20 AM,,2,santoshbusservice.com,https://www.santoshbusservice.com/schedules
santosh-bus-service-kolkata-digha-4042,Santosh Bus Service Kolkata-Digha,Santosh Bus Service,Private - AC,,,Kolkata,Digha,6:00 AM,10:20 AM,,13,santoshbusservice.com,https://www.santoshbusservice.com/schedules
santosh-bus-service-habra-digha-4043,Santosh Bus Service Habra-Digha,Santosh Bus Service,Private - AC,,,Habra,Digha,5:10 AM,10:20 AM,,2,santoshbusservice.com,https://www.santoshbusservice.com/schedules
santosh-bus-service-habra-contai-4044,Santosh Bus Service Habra-Contai,Santosh Bus Service,Private - AC,,,Habra,Contai,5:10 AM,9:30 AM,,2,santoshbusservice.com,https://www.santoshbusservice.com/schedules
santosh-bus-service-habra-mandarmani-4045,Santosh Bus Service Habra-Mandarmani,Santosh Bus Service,Private - AC,,,Habra,Mandarmani,5:10 AM,9:45 AM,,2,santoshbusservice.com,https://www.santoshbusservice.com/schedules
santosh-bus-service-habra-tajpur-4046,Santosh Bus Service Habra-Tajpur,Santosh Bus Service,Private - AC,,,Habra,Tajpur,5:10 AM,9:55 AM,,2,santoshbusservice.com,https://www.santoshbusservice.com/schedules
santosh-bus-service-digha-salt-lake-4047,Santosh Bus Service Digha-Salt Lake,Santosh Bus Service,Private - AC,,,Digha,Salt Lake,4:30 AM,9:50 AM,,2,santoshbusservice.com,https://www.santoshbusservice.com/schedules
santosh-bus-service-digha-kolkata-4048,Santosh Bus Service Digha-Kolkata,Santosh Bus Service,Private - AC,,,Digha,Kolkata,4:30 AM,9:00 AM,,13,santoshbusservice.com,https://www.santoshbusservice.com/schedules
santosh-bus-service-mandarmani-salt-lake-4049,Santosh Bus Service Mandarmani-Salt Lake,Santosh Bus Service,Private - AC,,,Mandarmani,Salt Lake,5:15 AM,9:50 AM,,2,santoshbusservice.com,https://www.santoshbusservice.com/schedules
santosh-bus-service-contai-salt-lake-4050,Santosh Bus Service Contai-Salt Lake,Santosh Bus Service,Private - AC,,,Contai,Salt Lake,5:45 AM,9:50 AM,,2,santoshbusservice.com,https://www.santoshbusservice.com/schedules
santosh-bus-service-bajkul-salt-lake-4051,Santosh Bus Service Bajkul-Salt Lake,Santosh Bus Service,Private - AC,,,Bajkul,Salt Lake,6:10 AM,9:30 AM,,2,santoshbusservice.com,https://www.santoshbusservice.com/schedules
santosh-bus-service-nandakumar-salt-lake-4052,Santosh Bus Service Nandakumar-Salt Lake,Santosh Bus Service,Private - AC,,,Nandakumar,Salt Lake,6:40 AM,9:40 AM,,2,santoshbusservice.com,https://www.santoshbusservice.com/schedules
santosh-bus-service-egra-kolkata-4053,Santosh Bus Service Egra-Kolkata,Santosh Bus Service,Private - AC,,,Egra,Kolkata,5:10 AM,9:55 AM,,2,santoshbusservice.com,https://www.santoshbusservice.com/schedules
santosh-bus-service-egra-salt-lake-4054,Santosh Bus Service Egra-Salt Lake,Santosh Bus Service,Private - AC,,,Egra,Salt Lake,5:10 AM,10:00 AM,,2,santoshbusservice.com,https://www.santoshbusservice.com/schedules
santosh-bus-service-contai-kolkata-4055,Santosh Bus Service Contai-Kolkata,Santosh Bus Service,Private - AC,,,Contai,Kolkata,5:55 AM,9:55 AM,,2,santoshbusservice.com,https://www.santoshbusservice.com/schedules
santosh-bus-service-bajkul-kolkata-4056,Santosh Bus Service Bajkul-Kolkata,Santosh Bus Service,Private - AC,,,Bajkul,Kolkata,6:40 AM,9:55 AM,,2,santoshbusservice.com,https://www.santoshbusservice.com/schedules
santosh-bus-service-nandakumar-kolkata-4057,Santosh Bus Service Nandakumar-Kolkata,Santosh Bus Service,Private - AC,,,Nandakumar,Kolkata,7:00 AM,9:55 AM,,2,santoshbusservice.com,https://www.santoshbusservice.com/schedules
santosh-bus-service-digha-kolkata-4058,Santosh Bus Service Digha-Kolkata,Santosh Bus Service,Private - AC,,,Digha,Kolkata,9:55 AM,2:20 PM,,13,santoshbusservice.com,https://www.santoshbusservice.com/schedules
santosh-bus-service-tajpur-kolkata-4059,Santosh Bus Service Tajpur-Kolkata,Santosh Bus Service,Private - AC,,,Tajpur,Kolkata,10:20 AM,2:20 PM,,2,santoshbusservice.com,https://www.santoshbusservice.com/schedules
santosh-bus-service-mandarmani-kolkata-4060,Santosh Bus Service Mandarmani-Kolkata,Santosh Bus Service,Private - AC,,,Mandarmani,Kolkata,10:30 AM,2:20 PM,,2,santoshbusservice.com,https://www.santoshbusservice.com/schedules
santosh-bus-service-contai-kolkata-4061,Santosh Bus Service Contai-Kolkata,Santosh Bus Service,Private - AC,,,Contai,Kolkata,11:00 AM,2:20 PM,,2,santoshbusservice.com,https://www.santoshbusservice.com/schedules
santosh-bus-service-digha-kolkata-4062,Santosh Bus Service Digha-Kolkata,Santosh Bus Service,Private - AC,,,Digha,Kolkata,10:56 AM,3:15 PM,,13,santoshbusservice.com,https://www.santoshbusservice.com/schedules
santosh-bus-service-tajpur-kolkata-4063,Santosh Bus Service Tajpur-Kolkata,Santosh Bus Service,Private - AC,,,Tajpur,Kolkata,11:20 AM,3:15 PM,,2,santoshbusservice.com,https://www.santoshbusservice.com/schedules
santosh-bus-service-mandarmani-kolkata-4064,Santosh Bus Service Mandarmani-Kolkata,Santosh Bus Service,Private - AC,,,Mandarmani,Kolkata,11:30 AM,3:15 PM,,2,santoshbusservice.com,https://www.santoshbusservice.com/schedules
santosh-bus-service-contai-kolkata-4065,Santosh Bus Service Contai-Kolkata,Santosh Bus Service,Private - AC,,,Contai,Kolkata,11:55 AM,3:15 PM,,2,santoshbusservice.com,https://www.santoshbusservice.com/schedules
santosh-bus-service-digha-howrah-4066,Santosh Bus Service Digha-Howrah,Santosh Bus Service,Private - AC,,,Digha,Howrah,5:05 PM,10:05 PM,,2,santoshbusservice.com,https://www.santoshbusservice.com/schedules
santosh-bus-service-digha-kolkata-4067,Santosh Bus Service Digha-Kolkata,Santosh Bus Service,Private - AC,,,Digha,Kolkata,5:05 PM,9:30 PM,,13,santoshbusservice.com,https://www.santoshbusservice.com/schedules
santosh-bus-service-tajpur-kolkata-4068,Santosh Bus Service Tajpur-Kolkata,Santosh Bus Service,Private - AC,,,Tajpur,Kolkata,5:25 PM,9:30 PM,,2,santoshbusservice.com,https://www.santoshbusservice.com/schedules
santosh-bus-service-mandarmani-kolkata-4069,Santosh Bus Service Mandarmani-Kolkata,Santosh Bus Service,Private - AC,,,Mandarmani,Kolkata,5:35 PM,9:30 PM,,2,santoshbusservice.com,https://www.santoshbusservice.com/schedules
santosh-bus-service-contai-kolkata-4070,Santosh Bus Service Contai-Kolkata,Santosh Bus Service,Private - AC,,,Contai,Kolkata,6:05 PM,9:30 PM,,2,santoshbusservice.com,https://www.santoshbusservice.com/schedules
santosh-bus-service-digha-kolkata-4071,Santosh Bus Service Digha-Kolkata,Santosh Bus Service,Private - AC,,,Digha,Kolkata,1:40 PM,6:00 PM,,13,santoshbusservice.com,https://www.santoshbusservice.com/schedules
santosh-bus-service-ramnagar-kolkata-4072,Santosh Bus Service Ramnagar-Kolkata,Santosh Bus Service,Private - AC,,,Ramnagar,Kolkata,1:50 PM,6:00 PM,,2,santoshbusservice.com,https://www.santoshbusservice.com/schedules
santosh-bus-service-shankarpur-kolkata-4073,Santosh Bus Service Shankarpur-Kolkata,Santosh Bus Service,Private - AC,,,Shankarpur,Kolkata,2:00 PM,6:00 PM,,2,santoshbusservice.com,https://www.santoshbusservice.com/schedules
santosh-bus-service-tajpur-kolkata-4074,Santosh Bus Service Tajpur-Kolkata,Santosh Bus Service,Private - AC,,,Tajpur,Kolkata,2:05 PM,6:00 PM,,2,santoshbusservice.com,https://www.santoshbusservice.com/schedules
santosh-bus-service-mandarmani-kolkata-4075,Santosh Bus Service Mandarmani-Kolkata,Santosh Bus Service,Private - AC,,,Mandarmani,Kolkata,2:10 PM,6:00 PM,,2,santoshbusservice.com,https://www.santoshbusservice.com/schedules
santosh-bus-service-contai-kolkata-4076,Santosh Bus Service Contai-Kolkata,Santosh Bus Service,Private - AC,,,Contai,Kolkata,2:30 PM,6:00 PM,,2,santoshbusservice.com,https://www.santoshbusservice.com/schedules
santosh-bus-service-bajkul-kolkata-4077,Santosh Bus Service Bajkul-Kolkata,Santosh Bus Service,Private - AC,,,Bajkul,Kolkata,3:05 PM,6:00 PM,,2,santoshbusservice.com,https://www.santoshbusservice.com/schedules
simran-travels-durgapur-babughat-4078,Simran Travels Durgapur-Babughat,Simran Travels,Private - Non AC,,,Durgapur,Babughat,12:30 AM,5:30 AM,,2,durgapurhub.com,https://durgapurhub.com/durgapur-to-kolkata-buses-routes-timings-and-fares/
royal-cruiser-durgapur-esplanade-4079,Royal Cruiser Durgapur-Esplanade,Royal Cruiser,Private - AC,,,Durgapur,Esplanade,2:00 AM,6:00 AM,,2,durgapurhub.com,https://durgapurhub.com/durgapur-to-kolkata-buses-routes-timings-and-fares/
pammi-travels-durgapur-babughat-4080,PAMMI Travels Durgapur-Babughat,PAMMI Travels,Private - Non AC,,,Durgapur,Babughat,2:00 AM,6:00 AM,,2,durgapurhub.com,https://durgapurhub.com/durgapur-to-kolkata-buses-routes-timings-and-fares/
jgd-travels-durgapur-howrah-4081,JGD Travels Durgapur-Howrah,JGD Travels,Private - AC,,,Durgapur,Howrah,2:30 AM,6:00 AM,,2,durgapurhub.com,https://durgapurhub.com/durgapur-to-kolkata-buses-routes-timings-and-fares/
pammi-travels-durgapur-babughat-4082,PAMMI Travels Durgapur-Babughat,PAMMI Travels,Private - AC,,,Durgapur,Babughat,3:00 AM,6:30 AM,,2,durgapurhub.com,https://durgapurhub.com/durgapur-to-kolkata-buses-routes-timings-and-fares/
shyamoli-paribahan-durgapur-karunamoyee-4083,Shyamoli Paribahan Durgapur-Karunamoyee,Shyamoli Paribahan,Private - AC Volvo,,,Durgapur,Karunamoyee,6:20 AM,9:30 AM,,2,durgapurhub.com,https://durgapurhub.com/durgapur-to-kolkata-buses-routes-timings-and-fares/
greenline-durgapur-esplanade-4084,Greenline Durgapur-Esplanade,Greenline,Private - AC Volvo,,,Durgapur,Esplanade,6:30 AM,9:45 AM,,2,durgapurhub.com,https://durgapurhub.com/durgapur-to-kolkata-buses-routes-timings-and-fares/
shyamoli-paribahan-durgapur-karunamoyee-4085,Shyamoli Paribahan Durgapur-Karunamoyee,Shyamoli Paribahan,Private - AC Volvo,,,Durgapur,Karunamoyee,6:40 AM,10:00 AM,,2,durgapurhub.com,https://durgapurhub.com/durgapur-to-kolkata-buses-routes-timings-and-fares/
express-line-durgapur-esplanade-4086,Express Line Durgapur-Esplanade,Express Line,Private - AC Volvo,,,Durgapur,Esplanade,6:50 AM,10:00 AM,,2,durgapurhub.com,https://durgapurhub.com/durgapur-to-kolkata-buses-routes-timings-and-fares/
greenline-durgapur-karunamoyee-4087,Greenline Durgapur-Karunamoyee,Greenline,Private - AC Volvo,,,Durgapur,Karunamoyee,6:55 AM,10:10 AM,,2,durgapurhub.com,https://durgapurhub.com/durgapur-to-kolkata-buses-routes-timings-and-fares/
shyamoli-paribahan-durgapur-esplanade-4088,Shyamoli Paribahan Durgapur-Esplanade,Shyamoli Paribahan,Private - AC Volvo,,,Durgapur,Esplanade,7:00 AM,10:15 AM,,2,durgapurhub.com,https://durgapurhub.com/durgapur-to-kolkata-buses-routes-timings-and-fares/
express-line-durgapur-karunamoyee-4089,Express Line Durgapur-Karunamoyee,Express Line,Private - AC Volvo,,,Durgapur,Karunamoyee,7:10 AM,11:10 AM,,2,durgapurhub.com,https://durgapurhub.com/durgapur-to-kolkata-buses-routes-timings-and-fares/
shyamoli-paribahan-durgapur-karunamoyee-4090,Shyamoli Paribahan Durgapur-Karunamoyee,Shyamoli Paribahan,Private - AC Volvo,,,Durgapur,Karunamoyee,7:15 AM,10:30 AM,,2,durgapurhub.com,https://durgapurhub.com/durgapur-to-kolkata-buses-routes-timings-and-fares/
express-line-durgapur-karunamoyee-4091,Express Line Durgapur-Karunamoyee,Express Line,Private - AC Volvo,,,Durgapur,Karunamoyee,7:20 AM,11:20 AM,,2,durgapurhub.com,https://durgapurhub.com/durgapur-to-kolkata-buses-routes-timings-and-fares/
shyamoli-paribahan-durgapur-esplanade-4092,Shyamoli Paribahan Durgapur-Esplanade,Shyamoli Paribahan,Private - AC Volvo,,,Durgapur,Esplanade,7:30 AM,10:45 AM,,2,durgapurhub.com,https://durgapurhub.com/durgapur-to-kolkata-buses-routes-timings-and-fares/
greenline-durgapur-karunamoyee-4093,Greenline Durgapur-Karunamoyee,Greenline,Private - AC Volvo,,,Durgapur,Karunamoyee,7:50 AM,11:50 AM,,2,durgapurhub.com,https://durgapurhub.com/durgapur-to-kolkata-buses-routes-timings-and-fares/
shyamoli-paribahan-durgapur-esplanade-4094,Shyamoli Paribahan Durgapur-Esplanade,Shyamoli Paribahan,Private - AC Volvo,,,Durgapur,Esplanade,8:00 AM,12:00 PM,,2,durgapurhub.com,https://durgapurhub.com/durgapur-to-kolkata-buses-routes-timings-and-fares/
express-line-durgapur-esplanade-4095,Express Line Durgapur-Esplanade,Express Line,Private - AC Volvo,,,Durgapur,Esplanade,8:05 AM,11:05 AM,,2,durgapurhub.com,https://durgapurhub.com/durgapur-to-kolkata-buses-routes-timings-and-fares/
greenline-durgapur-esplanade-4096,Greenline Durgapur-Esplanade,Greenline,Private - AC Volvo,,,Durgapur,Esplanade,8:10 AM,11:00 AM,,2,durgapurhub.com,https://durgapurhub.com/durgapur-to-kolkata-buses-routes-timings-and-fares/
shyamoli-paribahan-durgapur-esplanade-4097,Shyamoli Paribahan Durgapur-Esplanade,Shyamoli Paribahan,Private - AC Volvo,,,Durgapur,Esplanade,8:30 AM,11:10 AM,,2,durgapurhub.com,https://durgapurhub.com/durgapur-to-kolkata-buses-routes-timings-and-fares/
express-line-durgapur-karunamoyee-4098,Express Line Durgapur-Karunamoyee,Express Line,Private - AC Volvo,,,Durgapur,Karunamoyee,8:30 AM,12:30 PM,,2,durgapurhub.com,https://durgapurhub.com/durgapur-to-kolkata-buses-routes-timings-and-fares/
shyamoli-paribahan-durgapur-karunamoyee-4099,Shyamoli Paribahan Durgapur-Karunamoyee,Shyamoli Paribahan,Private - AC Volvo,,,Durgapur,Karunamoyee,8:45 AM,12:45 PM,,2,durgapurhub.com,https://durgapurhub.com/durgapur-to-kolkata-buses-routes-timings-and-fares/
shyamoli-paribahan-durgapur-esplanade-4100,Shyamoli Paribahan Durgapur-Esplanade,Shyamoli Paribahan,Private - AC Volvo,,,Durgapur,Esplanade,9:30 AM,1:30 PM,,2,durgapurhub.com,https://durgapurhub.com/durgapur-to-kolkata-buses-routes-timings-and-fares/
shyamoli-paribahan-durgapur-karunamoyee-4101,Shyamoli Paribahan Durgapur-Karunamoyee,Shyamoli Paribahan,Private - AC Volvo,,,Durgapur,Karunamoyee,9:45 AM,1:45 PM,,2,durgapurhub.com,https://durgapurhub.com/durgapur-to-kolkata-buses-routes-timings-and-fares/
greenline-durgapur-karunamoyee-4102,Greenline Durgapur-Karunamoyee,Greenline,Private - AC Volvo,,,Durgapur,Karunamoyee,10:00 AM,2:00 PM,,2,durgapurhub.com,https://durgapurhub.com/durgapur-to-kolkata-buses-routes-timings-and-fares/
express-line-durgapur-esplanade-4103,Express Line Durgapur-Esplanade,Express Line,Private - AC Volvo,,,Durgapur,Esplanade,10:30 AM,2:30 PM,,2,durgapurhub.com,https://durgapurhub.com/durgapur-to-kolkata-buses-routes-timings-and-fares/
shyamoli-paribahan-durgapur-karunamoyee-4104,Shyamoli Paribahan Durgapur-Karunamoyee,Shyamoli Paribahan,Private - AC Volvo,,,Durgapur,Karunamoyee,10:40 AM,2:40 PM,,2,durgapurhub.com,https://durgapurhub.com/durgapur-to-kolkata-buses-routes-timings-and-fares/
shyamoli-paribahan-durgapur-esplanade-4105,Shyamoli Paribahan Durgapur-Esplanade,Shyamoli Paribahan,Private - AC Volvo,,,Durgapur,Esplanade,10:45 AM,2:45 PM,,2,durgapurhub.com,https://durgapurhub.com/durgapur-to-kolkata-buses-routes-timings-and-fares/
greenline-durgapur-esplanade-4106,Greenline Durgapur-Esplanade,Greenline,Private - AC Volvo,,,Durgapur,Esplanade,11:30 AM,3:30 PM,,2,durgapurhub.com,https://durgapurhub.com/durgapur-to-kolkata-buses-routes-timings-and-fares/
greenline-durgapur-karunamoyee-4107,Greenline Durgapur-Karunamoyee,Greenline,Private - AC Volvo,,,Durgapur,Karunamoyee,12:00 PM,3:50 PM,,2,durgapurhub.com,https://durgapurhub.com/durgapur-to-kolkata-buses-routes-timings-and-fares/
shyamoli-paribahan-durgapur-karunamoyee-4108,Shyamoli Paribahan Durgapur-Karunamoyee,Shyamoli Paribahan,Private - AC Volvo,,,Durgapur,Karunamoyee,12:30 PM,4:30 PM,,2,durgapurhub.com,https://durgapurhub.com/durgapur-to-kolkata-buses-routes-timings-and-fares/
shyamoli-paribahan-durgapur-esplanade-4109,Shyamoli Paribahan Durgapur-Esplanade,Shyamoli Paribahan,Private - AC Volvo,,,Durgapur,Esplanade,12:55 PM,4:45 PM,,2,durgapurhub.com,https://durgapurhub.com/durgapur-to-kolkata-buses-routes-timings-and-fares/
greenline-durgapur-karunamoyee-4110,Greenline Durgapur-Karunamoyee,Greenline,Private - AC Volvo,,,Durgapur,Karunamoyee,1:10 PM,5:10 PM,,2,durgapurhub.com,https://durgapurhub.com/durgapur-to-kolkata-buses-routes-timings-and-fares/
shyamoli-paribahan-durgapur-karunamoyee-4111,Shyamoli Paribahan Durgapur-Karunamoyee,Shyamoli Paribahan,Private - AC Volvo,,,Durgapur,Karunamoyee,1:45 PM,5:45 PM,,2,durgapurhub.com,https://durgapurhub.com/durgapur-to-kolkata-buses-routes-timings-and-fares/
shyamoli-paribahan-durgapur-esplanade-4112,Shyamoli Paribahan Durgapur-Esplanade,Shyamoli Paribahan,Private - AC Volvo,,,Durgapur,Esplanade,2:10 PM,6:00 PM,,2,durgapurhub.com,https://durgapurhub.com/durgapur-to-kolkata-buses-routes-timings-and-fares/
express-line-durgapur-karunamoyee-4113,Express Line Durgapur-Karunamoyee,Express Line,Private - AC Volvo,,,Durgapur,Karunamoyee,2:20 PM,6:10 PM,,2,durgapurhub.com,https://durgapurhub.com/durgapur-to-kolkata-buses-routes-timings-and-fares/
greenline-durgapur-karunamoyee-4114,Greenline Durgapur-Karunamoyee,Greenline,Private - AC Volvo,,,Durgapur,Karunamoyee,2:35 PM,6:35 PM,,2,durgapurhub.com,https://durgapurhub.com/durgapur-to-kolkata-buses-routes-timings-and-fares/
greenline-durgapur-esplanade-4115,Greenline Durgapur-Esplanade,Greenline,Private - AC Volvo,,,Durgapur,Esplanade,2:50 PM,6:50 PM,,2,durgapurhub.com,https://durgapurhub.com/durgapur-to-kolkata-buses-routes-timings-and-fares/
express-line-durgapur-esplanade-4116,Express Line Durgapur-Esplanade,Express Line,Private - AC Volvo,,,Durgapur,Esplanade,3:10 PM,7:00 PM,,2,durgapurhub.com,https://durgapurhub.com/durgapur-to-kolkata-buses-routes-timings-and-fares/
shyamoli-paribahan-durgapur-esplanade-4117,Shyamoli Paribahan Durgapur-Esplanade,Shyamoli Paribahan,Private - AC Volvo,,,Durgapur,Esplanade,3:30 PM,7:20 PM,,2,durgapurhub.com,https://durgapurhub.com/durgapur-to-kolkata-buses-routes-timings-and-fares/
greenline-durgapur-karunamoyee-4118,Greenline Durgapur-Karunamoyee,Greenline,Private - AC Volvo,,,Durgapur,Karunamoyee,3:30 PM,7:30 PM,,2,durgapurhub.com,https://durgapurhub.com/durgapur-to-kolkata-buses-routes-timings-and-fares/
shyamoli-paribahan-durgapur-karunamoyee-4119,Shyamoli Paribahan Durgapur-Karunamoyee,Shyamoli Paribahan,Private - AC Volvo,,,Durgapur,Karunamoyee,4:00 PM,8:00 PM,,2,durgapurhub.com,https://durgapurhub.com/durgapur-to-kolkata-buses-routes-timings-and-fares/
greenline-durgapur-esplanade-4120,Greenline Durgapur-Esplanade,Greenline,Private - AC Volvo,,,Durgapur,Esplanade,4:00 PM,7:50 PM,,2,durgapurhub.com,https://durgapurhub.com/durgapur-to-kolkata-buses-routes-timings-and-fares/
express-line-durgapur-karunamoyee-4121,Express Line Durgapur-Karunamoyee,Express Line,Private - AC Volvo,,,Durgapur,Karunamoyee,4:20 PM,8:25 PM,,2,durgapurhub.com,https://durgapurhub.com/durgapur-to-kolkata-buses-routes-timings-and-fares/
shyamoli-paribahan-durgapur-esplanade-4122,Shyamoli Paribahan Durgapur-Esplanade,Shyamoli Paribahan,Private - AC Volvo,,,Durgapur,Esplanade,4:30 PM,8:30 PM,,2,durgapurhub.com,https://durgapurhub.com/durgapur-to-kolkata-buses-routes-timings-and-fares/
shyamoli-paribahan-durgapur-karunamoyee-4123,Shyamoli Paribahan Durgapur-Karunamoyee,Shyamoli Paribahan,Private - AC Volvo,,,Durgapur,Karunamoyee,4:45 PM,8:45 PM,,2,durgapurhub.com,https://durgapurhub.com/durgapur-to-kolkata-buses-routes-timings-and-fares/
greenline-durgapur-esplanade-4124,Greenline Durgapur-Esplanade,Greenline,Private - AC Volvo,,,Durgapur,Esplanade,5:10 PM,9:00 PM,,2,durgapurhub.com,https://durgapurhub.com/durgapur-to-kolkata-buses-routes-timings-and-fares/
greenline-durgapur-karunamoyee-4125,Greenline Durgapur-Karunamoyee,Greenline,Private - AC Volvo,,,Durgapur,Karunamoyee,5:30 PM,9:20 PM,,2,durgapurhub.com,https://durgapurhub.com/durgapur-to-kolkata-buses-routes-timings-and-fares/
shyamoli-paribahan-durgapur-karunamoyee-4126,Shyamoli Paribahan Durgapur-Karunamoyee,Shyamoli Paribahan,Private - AC Volvo,,,Durgapur,Karunamoyee,5:50 PM,9:35 PM,,2,durgapurhub.com,https://durgapurhub.com/durgapur-to-kolkata-buses-routes-timings-and-fares/
shyamoli-paribahan-durgapur-esplanade-4127,Shyamoli Paribahan Durgapur-Esplanade,Shyamoli Paribahan,Private - AC Volvo,,,Durgapur,Esplanade,6:15 PM,10:00 PM,,2,durgapurhub.com,https://durgapurhub.com/durgapur-to-kolkata-buses-routes-timings-and-fares/
express-line-durgapur-esplanade-4128,Express Line Durgapur-Esplanade,Express Line,Private - AC Volvo,,,Durgapur,Esplanade,6:30 PM,10:50 PM,,2,durgapurhub.com,https://durgapurhub.com/durgapur-to-kolkata-buses-routes-timings-and-fares/
nbstc-siliguri-kalyani-4130,NBSTC Siliguri-Kalyani,NBSTC,Government,,Siliguri,Siliguri,Kalyani,5:30 AM,,,2,siligurismc.in,https://www.siligurismc.in/bus-schedule.php
nbstc-siliguri-balurghat-4131,NBSTC Siliguri-Balurghat,NBSTC,Government,,Siliguri,Siliguri,Balurghat,6:15 AM,,,2,siligurismc.in,https://www.siligurismc.in/bus-schedule.php
nbstc-siliguri-bagdogra-4160,NBSTC Siliguri-Bagdogra,NBSTC,Government,,Siliguri,Siliguri,Bagdogra,8:00 AM,,,2,siligurismc.in,https://www.siligurismc.in/bus-schedule.php
nbstc-siliguri-dhapra-4161,NBSTC Siliguri-Dhapra,NBSTC,Government,,Siliguri,Siliguri,Dhapra,8:00 AM,,,2,siligurismc.in,https://www.siligurismc.in/bus-schedule.php
nbstc-salugara-njp-4162,NBSTC Salugara-NJP,NBSTC,Government,,Siliguri,Salugara,NJP,7:00 AM,,,2,siligurismc.in,https://www.siligurismc.in/bus-schedule.php
nbstc-salugara-njp-4163,NBSTC Salugara-NJP,NBSTC,Government,,Siliguri,Salugara,NJP,7:45 AM,,,2,siligurismc.in,https://www.siligurismc.in/bus-schedule.php
nbstc-njp-salugara-4164,NBSTC NJP-Salugara,NBSTC,Government,,Siliguri,NJP,Salugara,7:00 AM,,,2,siligurismc.in,https://www.siligurismc.in/bus-schedule.php
nbstc-njp-salugara-4165,NBSTC NJP-Salugara,NBSTC,Government,,Siliguri,NJP,Salugara,7:45 AM,,,2,siligurismc.in,https://www.siligurismc.in/bus-schedule.php
nbstc-milan-more-njp-4166,NBSTC Milan More-NJP,NBSTC,Government,,Siliguri,Milan More,NJP,7:10 AM,,,2,siligurismc.in,https://www.siligurismc.in/bus-schedule.php
nbstc-milan-more-njp-4167,NBSTC Milan More-NJP,NBSTC,Government,,Siliguri,Milan More,NJP,9:00 AM,,,2,siligurismc.in,https://www.siligurismc.in/bus-schedule.php
nbstc-milan-more-njp-4168,NBSTC Milan More-NJP,NBSTC,Government,,Siliguri,Milan More,NJP,10:40 AM,,,2,siligurismc.in,https://www.siligurismc.in/bus-schedule.php
nbstc-njp-milan-more-4169,NBSTC NJP-Milan More,NBSTC,Government,,Siliguri,NJP,Milan More,7:10 AM,,,2,siligurismc.in,https://www.siligurismc.in/bus-schedule.php
nbstc-njp-milan-more-4170,NBSTC NJP-Milan More,NBSTC,Government,,Siliguri,NJP,Milan More,9:00 AM,,,2,siligurismc.in,https://www.siligurismc.in/bus-schedule.php
nbstc-njp-milan-more-4171,NBSTC NJP-Milan More,NBSTC,Government,,Siliguri,NJP,Milan More,10:40 AM,,,2,siligurismc.in,https://www.siligurismc.in/bus-schedule.php
sbstc-egra-kolkata-4173,SBSTC Egra-Kolkata (Bhagwanpur-Manglamaro),SBSTC,Government,WB 39B 3627,,Egra,Kolkata,6:00 AM,3:25 PM,,34,facebook (community report),
aradhana-travels-berhampore-kolkata-4174,Aradhana Travels Berhampore-Kolkata (AC),Aradhana Travels,Private - AC,WB 57Q 0197,,Berhampore,Kolkata,6:53 AM,12:20 PM,,14,facebook (community report),https://aradhanatravel.com
shree-krishna-travels-khatra-medinipur-4175,Shree Krishna Travels Khatra-Medinipur,Shree Krishna Travels,Private - Non AC,WB 33E 5415,,Khatra,Medinipur,6:10 AM,11:15 AM,,22,facebook (community report),
snemita-paribahan-kolkata-dharmatala-digha-border-udaypur-4008,Snemita Paribahan Kolkata-Digha Border (AC Coach),Snemita Paribahan,Private - AC Seater/Sleeper,WB 31AB 4746,,Kolkata (Dharmatala),Digha Border (Udaypur),7:00 AM,11:45 AM,,40,facebook (community report),
ayan-express-jhargram-digha-4009,Ayan Express Jhargram-Digha (Super Fast),Ayan Express,Private,,,Jhargram,Digha,5:30 AM,10:25 AM,,12,facebook (community report),
ayush-riya-berhampore-digha-4010,Ayush Riya (Devi Maa Bargabhima) Berhampore-Digha AC Sleeper,Ayush Riya,Private - AC Sleeper (2/1),WB 29J 9676,,Berhampore,Digha,6:50 PM,9:00 PM,,30,facebook (community report),
maa-kajal-travels-digha-medinipur-4011,Maa Kajal Travels Digha-Medinipur,Maa Kajal Travels,Private,,,Digha,Medinipur,5:20 AM,11:40 AM,,8,facebook (community report),
shinjini-paribahan-kolkata-dharmatala-digha-border-udaypur-4012,Shinjini Paribahan Kolkata-Digha Border (AC Coach),Shinjini Paribahan,Private - AC Seater/Sleeper,,,Kolkata (Dharmatala),Digha Border (Udaypur),6:30 AM,11:15 AM,,40,facebook (community report),
droupadi-travels-durgachak-medinipur-4013,Droupadi Travels (Baba Lokenath) Durgachak-Medinipur,Droupadi Travels,Private,WB 31 N 0044,,Durgachak,Medinipur,9:45 AM,4:40 PM,,31,facebook (community report),
krishna-supa-baruipur-4014,Krishna Supa-Baruipur (Super Fast),Krishna,Private,WB 39C 2142,,Supa,Baruipur,4:00 AM,12:00 PM,,24,facebook (community report),
sbstc-kalna-digha-4015,SBSTC Kalna-Bardhaman-Digha,SBSTC,Government,WB 39B 9153,,Kalna,Digha,5:30 AM,10:15 AM,,52,facebook (community report),
bishwabharati-ray-travels-bolpur-bardhaman-4015,Bishwabharati Ray Travels Bolpur-Bardhaman,Bishwabharati Ray Travels,Private,WB 41F 9125,,Bolpur,Bardhaman,7:20 AM,12:10 PM,,28,facebook (community report),
mdg-paribahan-bishnupur-karunamoyee-4016,MDG Paribahan Bishnupur-Karunamoyee,MDG Paribahan,Private,WB 18AP 8592,,Bishnupur,Karunamoyee,5:10 AM,1:50 PM,,31,facebook (community report),
x-kulpi-newtown-shapoorji-4017,Kulpi-Newtown (Shapoorji) New BS6 Bus,,Private - New BS6,WB 07AA 1323,,Kulpi,Newtown (Shapoorji),7:15 AM,11:00 AM,,30,facebook (community report),
express-line-kolkata-karunamoyee-bangalore-4021,Express Line Kolkata-Bangalore (Volvo AC Sleeper),Express Line,Private - Interstate AC Sleeper,WB 11K 6999,,Kolkata (Karunamoyee),Bangalore,5:30 PM,8:20 AM (2nd day),,32,facebook (community report),
ishika-traders-asansol-digha-4022,Ishika Traders Asansol-Digha (AC Sleeper),Ishika Traders,Private - AC Sleeper (2x2),WB 41K 2500 & WB 41K 2452,,Asansol,Digha,8:00 PM,5:00 AM,,47,facebook (community report),
baba-baidyanath-junput-baligeria-4010,BABA BAIDYANATH,Baba Baidyanath,Private - Non AC,,,Junput,Baligeria,6:30 AM,10:40 AM,,5,facebook (community report),
maa-binapani-kantakhali-jhargram-4011,MAA BINAPANI,Maa Binapani,Private - Non AC,,,Kantakhali,Jhargram,6:30 AM,11:00 AM,,16,facebook (community report),
sbstc-purulia-durgapur-4012,SBSTC Purulia-Durgapur,SBSTC,Government - SBSTC,WB 39B 9072,Purulia Depot,Purulia,Durgapur,9:05 AM,1:00 PM,,12,facebook (community report),
sbstc-durgapur-balrampur-4013,SBSTC Durgapur-Balrampur,SBSTC,Government - SBSTC,WB 39C 5072,Durgapur Depot,Durgapur,Balrampur,5:30 AM,10:10 AM,,17,facebook (community report),
gobinda-aishani-medinipur-contai-4014,GOBINDA AISHANI,Gobinda Aishani,Private - Non AC,,,Medinipur,Contai,8:05 AM,11:35 AM,,7,facebook (community report),
madhusudan-khatra-kharagpur-4015,APURBA,Madhusudan,Private - Non AC,WB 49D 0372,,Khatra,Kharagpur,6:45 AM,11:20 AM,,10,facebook (Manbazar Bus Route Update),
priyanka-bhutshahar-bankura-4016,SHIVAM (PRIYANKA),Priyanka,Private - Non AC,,,Bhutshahar,Bankura,7:50 AM,11:50 AM,,8,facebook (community report),
rbn-travels-barabazar-bishnupur-4017,RBN TRAVELS,RBN Travels,Private - Non AC,WB 55B 5418,,Barabazar,Bishnupur,7:15 AM,11:30 AM,,13,facebook (community report),
monikanchan-bus-service-egra-karunamoyee-4018,Monikanchan Bus Service,Monikanchan Bus Service,Private - Non AC,WB 29C 4457,,Egra,Karunamoyee,4:25 AM,10:45 AM,,24,facebook (community report),
sao-travels-purulia-lalgola-4019,SAO Travels (Pari Pallabi),SAO Travels,Private - Non AC,WB 55F 7775 / WB 55F 7760,,Purulia,Lalgola,7:00 PM,3:40 AM,,21,facebook (community report),
sbstc-fb-midnapur-kolkata-530am,SBSTC Midnapur-Kolkata,SBSTC,Government - SBSTC,,Midnapur,Midnapur,Kolkata,5:30 AM,,,3,SBSTC Medinipur depot timetable (Facebook),
sbstc-fb-midnapur-kolkata-730am-ac,SBSTC Midnapur-Kolkata (AC),SBSTC,Government - SBSTC,,Midnapur,Midnapur,Kolkata,7:30 AM,,,3,SBSTC Medinipur depot timetable (Facebook),
sbstc-fb-midnapur-kolkata-800am-ac,SBSTC Midnapur-Kolkata (AC),SBSTC,Government - SBSTC,,Midnapur,Midnapur,Kolkata,8:00 AM,,,3,SBSTC Medinipur depot timetable (Facebook),
sbstc-fb-midnapur-kolkata-1130am,SBSTC Midnapur-Kolkata,SBSTC,Government - SBSTC,,Midnapur,Midnapur,Kolkata,11:30 AM,,,3,SBSTC Medinipur depot timetable (Facebook),
sbstc-fb-midnapur-karunamoyee-305pm,SBSTC Midnapur-Karunamoyee,SBSTC,Government - SBSTC,,Midnapur,Midnapur,Karunamoyee,3:05 PM,,,4,SBSTC Medinipur depot timetable (Facebook),
sbstc-fb-midnapur-karunamoyee-440pm,SBSTC Midnapur-Karunamoyee,SBSTC,Government - SBSTC,,Midnapur,Midnapur,Karunamoyee,4:40 PM,,,4,SBSTC Medinipur depot timetable (Facebook),
sbstc-fb-midnapore-garia-1220pm,SBSTC Midnapore-Garia,SBSTC,Government - SBSTC,,Midnapur,Midnapore,Garia,12:20 PM,,,4,SBSTC Medinipur depot timetable (Facebook),
sbstc-fb-midnapore-garia-330pm,SBSTC Midnapore-Garia,SBSTC,Government - SBSTC,,Midnapur,Midnapore,Garia,3:30 PM,,,4,SBSTC Medinipur depot timetable (Facebook),
sbstc-fb-midnapore-habra-200pm,SBSTC Midnapore-Habra,SBSTC,Government - SBSTC,,Midnapur,Midnapore,Habra,2:00 PM,,,5,SBSTC Medinipur depot timetable (Facebook),
sbstc-fb-medinipur-barasat-400pm,SBSTC Medinipur-Barasat,SBSTC,Government - SBSTC,,Midnapur,Medinipur,Barasat,4:00 PM,,,5,SBSTC Medinipur depot timetable (Facebook),
sbstc-fb-kolkata-midnapur-600am,SBSTC Kolkata-Midnapur,SBSTC,Government - SBSTC,,Midnapur,Kolkata,Midnapur,6:00 AM,,,3,SBSTC Medinipur depot timetable (Facebook),
sbstc-fb-kolkata-midnapur-700am,SBSTC Kolkata-Midnapur,SBSTC,Government - SBSTC,,Midnapur,Kolkata,Midnapur,7:00 AM,,,3,SBSTC Medinipur depot timetable (Facebook),
sbstc-fb-kolkata-midnapur-845am,SBSTC Kolkata-Midnapur,SBSTC,Government - SBSTC,,Midnapur,Kolkata,Midnapur,8:45 AM,,,3,SBSTC Medinipur depot timetable (Facebook),
sbstc-fb-kolkata-midnapur-130pm-ac,SBSTC Kolkata-Midnapur (AC),SBSTC,Government - SBSTC,,Midnapur,Kolkata,Midnapur,1:30 PM,,,3,SBSTC Medinipur depot timetable (Facebook),
sbstc-fb-kolkata-midnapur-200pm,SBSTC Kolkata-Midnapur,SBSTC,Government - SBSTC,,Midnapur,Kolkata,Midnapur,2:00 PM,,,3,SBSTC Medinipur depot timetable (Facebook),
sbstc-fb-kolkata-midnapur-350pm,SBSTC Kolkata-Midnapur,SBSTC,Government - SBSTC,,Midnapur,Kolkata,Midnapur,3:50 PM,,,3,SBSTC Medinipur depot timetable (Facebook),
sbstc-fb-kolkata-midnapur-400pm,SBSTC Kolkata-Midnapur,SBSTC,Government - SBSTC,,Midnapur,Kolkata,Midnapur,4:00 PM,,,3,SBSTC Medinipur depot timetable (Facebook),
sbstc-fb-kolkata-midnapur-430pm-ac,SBSTC Kolkata-Midnapur (AC),SBSTC,Government - SBSTC,,Midnapur,Kolkata,Midnapur,4:30 PM,,,3,SBSTC Medinipur depot timetable (Facebook),
sbstc-fb-kolkata-jhargram-630am,SBSTC Kolkata-Jhargram,SBSTC,Government - SBSTC,,Midnapur,Kolkata,Jhargram,6:30 AM,,,4,SBSTC Medinipur depot timetable (Facebook),
sbstc-fb-kolkata-jhargram-730am,SBSTC Kolkata-Jhargram,SBSTC,Government - SBSTC,,Midnapur,Kolkata,Jhargram,7:30 AM,,,4,SBSTC Medinipur depot timetable (Facebook),
sbstc-fb-kolkata-jhargram-825am,SBSTC Kolkata-Jhargram,SBSTC,Government - SBSTC,,Midnapur,Kolkata,Jhargram,8:25 AM,,,4,SBSTC Medinipur depot timetable (Facebook),
sbstc-fb-kolkata-jhargram-925am,SBSTC Kolkata-Jhargram,SBSTC,Government - SBSTC,,Midnapur,Kolkata,Jhargram,9:25 AM,,,4,SBSTC Medinipur depot timetable (Facebook),
sbstc-fb-kolkata-jhargram-245pm,SBSTC Kolkata-Jhargram,SBSTC,Government - SBSTC,,Midnapur,Kolkata,Jhargram,2:45 PM,,,4,SBSTC Medinipur depot timetable (Facebook),
sbstc-fb-kolkata-jhargram-315pm,SBSTC Kolkata-Jhargram,SBSTC,Government - SBSTC,,Midnapur,Kolkata,Jhargram,3:15 PM,,,4,SBSTC Medinipur depot timetable (Facebook),
sbstc-fb-haldia-kolkata-910am,SBSTC Haldia-Kolkata,SBSTC,Government - SBSTC,,Haldia,Haldia,Kolkata,9:10 AM,,,4,SBSTC Haldia depot timetable (Facebook),
sbstc-fb-haldia-kolkata-1200pm,SBSTC Haldia-Kolkata,SBSTC,Government - SBSTC,,Haldia,Haldia,Kolkata,12:00 PM,,,4,SBSTC Haldia depot timetable (Facebook),
sbstc-fb-haldia-kolkata-1220pm,SBSTC Haldia-Kolkata,SBSTC,Government - SBSTC,,Haldia,Haldia,Kolkata,12:20 PM,,,4,SBSTC Haldia depot timetable (Facebook),
sbstc-fb-haldia-kolkata-100pm,SBSTC Haldia-Kolkata,SBSTC,Government - SBSTC,,Haldia,Haldia,Kolkata,1:00 PM,,,4,SBSTC Haldia depot timetable (Facebook),
sbstc-fb-haldia-kolkata-300pm,SBSTC Haldia-Kolkata,SBSTC,Government - SBSTC,,Haldia,Haldia,Kolkata,3:00 PM,,,4,SBSTC Haldia depot timetable (Facebook),
sbstc-fb-haldia-kolkata-430pm,SBSTC Haldia-Kolkata,SBSTC,Government - SBSTC,,Haldia,Haldia,Kolkata,4:30 PM,,,4,SBSTC Haldia depot timetable (Facebook),
sbstc-fb-haldia-chittaranjan-500am,SBSTC Haldia-Chittaranjan,SBSTC,Government - SBSTC,,Haldia,Haldia,Chittaranjan,5:00 AM,,,5,SBSTC Haldia depot timetable (Facebook),
sbstc-fb-haldia-dhamakhali-600am,SBSTC Haldia-Dhamakhali,SBSTC,Government - SBSTC,,Haldia,Haldia,Dhamakhali,6:00 AM,,,5,SBSTC Haldia depot timetable (Facebook),
sbstc-fb-haldia-karunamoyee-715am-ns,SBSTC Haldia-Karunamoyee (Nonstop),SBSTC,Government - SBSTC,,Haldia,Haldia,Karunamoyee,7:15 AM,,,3,SBSTC Haldia depot timetable (Facebook),
sbstc-fb-haldia-township-asansol-930am,SBSTC Haldia-Asansol,SBSTC,Government - SBSTC,,Haldia,Haldia Township,Asansol,9:30 AM,,,5,SBSTC Haldia depot timetable (Facebook),
sbstc-fb-haldia-tarapith-1025am,SBSTC Haldia-Tarapith,SBSTC,Government - SBSTC,,Haldia,Haldia,Tarapith,10:25 AM,,,5,SBSTC Haldia depot timetable (Facebook),
sbstc-fb-haldia-kuli-1050am,SBSTC Haldia-Kuli,SBSTC,Government - SBSTC,,Haldia,Haldia,Kuli,10:50 AM,,,5,SBSTC Haldia depot timetable (Facebook),
sbstc-fb-haldia-barakar-1130am,SBSTC Haldia-Barakar,SBSTC,Government - SBSTC,,Haldia,Haldia,Barakar,11:30 AM,,,5,SBSTC Haldia depot timetable (Facebook),
sbstc-fb-haldia-township-asansol-1240pm,SBSTC Haldia-Asansol,SBSTC,Government - SBSTC,,Haldia,Haldia Township,Asansol,12:40 PM,,,5,SBSTC Haldia depot timetable (Facebook),
sbstc-fb-haldia-diamond-harbour-400pm,SBSTC Haldia-Diamond Harbour,SBSTC,Government - SBSTC,,Haldia,Haldia,Diamond Harbour,4:00 PM,,,5,SBSTC Haldia depot timetable (Facebook),
sbstc-fb-kolkata-haldia-600am,SBSTC Kolkata-Haldia,SBSTC,Government - SBSTC,,Haldia,Kolkata,Haldia,6:00 AM,,,4,SBSTC Haldia depot timetable (Facebook),
sbstc-fb-kolkata-haldia-630am,SBSTC Kolkata-Haldia,SBSTC,Government - SBSTC,,Haldia,Kolkata,Haldia,6:30 AM,,,4,SBSTC Haldia depot timetable (Facebook),
sbstc-fb-kolkata-haldia-800am,SBSTC Kolkata-Haldia,SBSTC,Government - SBSTC,,Haldia,Kolkata,Haldia,8:00 AM,,,4,SBSTC Haldia depot timetable (Facebook),
sbstc-fb-kolkata-haldia-900am-ns,SBSTC Kolkata-Haldia (Nonstop),SBSTC,Government - SBSTC,,Haldia,Kolkata,Haldia,9:00 AM,,,2,SBSTC Haldia depot timetable (Facebook),
sbstc-fb-kolkata-haldia-930am-ns,SBSTC Kolkata-Haldia (Nonstop),SBSTC,Government - SBSTC,,Haldia,Kolkata,Haldia,9:30 AM,,,2,SBSTC Haldia depot timetable (Facebook),
sbstc-fb-kolkata-haldia-1000am,SBSTC Kolkata-Haldia,SBSTC,Government - SBSTC,,Haldia,Kolkata,Haldia,10:00 AM,,,4,SBSTC Haldia depot timetable (Facebook),
sbstc-fb-kolkata-haldia-1015am,SBSTC Kolkata-Haldia,SBSTC,Government - SBSTC,,Haldia,Kolkata,Haldia,10:15 AM,,,4,SBSTC Haldia depot timetable (Facebook),
sbstc-fb-kolkata-haldia-1030am,SBSTC Kolkata-Haldia,SBSTC,Government - SBSTC,,Haldia,Kolkata,Haldia,10:30 AM,,,4,SBSTC Haldia depot timetable (Facebook),
sbstc-fb-kolkata-haldia-1200pm,SBSTC Kolkata-Haldia,SBSTC,Government - SBSTC,,Haldia,Kolkata,Haldia,12:00 PM,,,4,SBSTC Haldia depot timetable (Facebook),
sbstc-fb-kolkata-haldia-100pm,SBSTC Kolkata-Haldia,SBSTC,Government - SBSTC,,Haldia,Kolkata,Haldia,1:00 PM,,,4,SBSTC Haldia depot timetable (Facebook),
sbstc-fb-kolkata-haldia-130pm,SBSTC Kolkata-Haldia,SBSTC,Government - SBSTC,,Haldia,Kolkata,Haldia,1:30 PM,,,4,SBSTC Haldia depot timetable (Facebook),
sbstc-fb-kolkata-haldia-300pm,SBSTC Kolkata-Haldia,SBSTC,Government - SBSTC,,Haldia,Kolkata,Haldia,3:00 PM,,,4,SBSTC Haldia depot timetable (Facebook),
sbstc-fb-kolkata-haldia-330pm-ns,SBSTC Kolkata-Haldia (Nonstop),SBSTC,Government - SBSTC,,Haldia,Kolkata,Haldia,3:30 PM,,,2,SBSTC Haldia depot timetable (Facebook),
sbstc-fb-kolkata-haldia-400pm,SBSTC Kolkata-Haldia,SBSTC,Government - SBSTC,,Haldia,Kolkata,Haldia,4:00 PM,,,4,SBSTC Haldia depot timetable (Facebook),
sbstc-fb-kolkata-haldia-430pm,SBSTC Kolkata-Haldia,SBSTC,Government - SBSTC,,Haldia,Kolkata,Haldia,4:30 PM,,,4,SBSTC Haldia depot timetable (Facebook),
sbstc-fb-bankura-kolkata-500am,SBSTC Harkusum Express,SBSTC,Government - SBSTC,WB 39E 9255,Bankura,Bankura,Kolkata,5:00 AM,10:45 AM,,11,SBSTC Bankura depot timetable (Facebook),
sbstc-fb-bankura-kolkata-450am-arambag,SBSTC Bankura-Kolkata (via Arambag),SBSTC,Government - SBSTC,,Bankura,Bankura,Kolkata,4:50 AM,,,3,SBSTC Bankura depot timetable (Facebook),
sbstc-fb-bankura-karunamoyee-515am-ac,SBSTC Bankura-Karunamoyee (AC),SBSTC,Government - SBSTC,,Bankura,Bankura,Karunamoyee,5:15 AM,,,2,SBSTC Bankura depot timetable (Facebook),
sbstc-fb-bankura-karunamoyee-1015am,SBSTC Bankura-Karunamoyee,SBSTC,Government - SBSTC,,Bankura,Bankura,Karunamoyee,10:15 AM,,,2,SBSTC Bankura depot timetable (Facebook),
sbstc-fb-bankura-karunamoyee-320pm-ac,SBSTC Bankura-Karunamoyee (AC),SBSTC,Government - SBSTC,,Bankura,Bankura,Karunamoyee,3:20 PM,,,2,SBSTC Bankura depot timetable (Facebook),
sbstc-fb-bankura-malda-515am,SBSTC Bankura-Malda,SBSTC,Government - SBSTC,,Bankura,Bankura,Malda,5:15 AM,,,2,SBSTC Bankura depot timetable (Facebook),
sbstc-fb-bankura-ramganj-615am,SBSTC Bankura-Ramganj,SBSTC,Government - SBSTC,,Bankura,Bankura,Ramganj,6:15 AM,,,2,SBSTC Bankura depot timetable (Facebook),
sbstc-fb-bankura-kabilepur-830am,SBSTC Bankura-Kabilepur,SBSTC,Government - SBSTC,,Bankura,Bankura,Kabilepur,8:30 AM,,,2,SBSTC Bankura depot timetable (Facebook),
sbstc-fb-bankura-lalgola-900am,SBSTC Bankura-Lalgola,SBSTC,Government - SBSTC,,Bankura,Bankura,Lalgola,9:00 AM,,,2,SBSTC Bankura depot timetable (Facebook),
sbstc-fb-bankura-siliguri-500pm,SBSTC Bankura-Siliguri,SBSTC,Government - SBSTC,,Bankura,Bankura,Siliguri,5:00 PM,,,2,SBSTC Bankura depot timetable (Facebook),
sbstc-fb-bankura-durgapur-640am,SBSTC Bankura-Durgapur,SBSTC,Government - SBSTC,,Bankura,Bankura,Durgapur,6:40 AM,,,2,SBSTC Bankura depot timetable (Facebook),
sbstc-fb-bankura-durgapur-715am,SBSTC Bankura-Durgapur,SBSTC,Government - SBSTC,,Bankura,Bankura,Durgapur,7:15 AM,,,2,SBSTC Bankura depot timetable (Facebook),
sbstc-fb-bankura-durgapur-740am-ac,SBSTC Bankura-Durgapur (AC),SBSTC,Government - SBSTC,,Bankura,Bankura,Durgapur,7:40 AM,,,2,SBSTC Bankura depot timetable (Facebook),
sbstc-fb-bankura-durgapur-315pm,SBSTC Bankura-Durgapur,SBSTC,Government - SBSTC,,Bankura,Bankura,Durgapur,3:15 PM,,,2,SBSTC Bankura depot timetable (Facebook),
sbstc-fb-bankura-durgapur-400pm-ac,SBSTC Bankura-Durgapur (AC),SBSTC,Government - SBSTC,,Bankura,Bankura,Durgapur,4:00 PM,,,2,SBSTC Bankura depot timetable (Facebook),
sbstc-fb-bankura-durgapur-430pm,SBSTC Bankura-Durgapur,SBSTC,Government - SBSTC,,Bankura,Bankura,Durgapur,4:30 PM,,,2,SBSTC Bankura depot timetable (Facebook),
sbstc-fb-bankura-city-centre-600am,SBSTC Bankura-City Centre,SBSTC,Government - SBSTC,,Bankura,Bankura,Durgapur City Centre,6:00 AM,,,2,SBSTC Bankura depot timetable (Facebook),
sbstc-fb-bankura-city-centre-815am-via-mejia,SBSTC Bankura-City Centre (via Mejia),SBSTC,Government - SBSTC,,Bankura,Bankura,Durgapur City Centre,8:15 AM,,,4,SBSTC Bankura depot timetable (Facebook),
sbstc-fb-bankura-city-centre-130pm,SBSTC Bankura-City Centre,SBSTC,Government - SBSTC,,Bankura,Bankura,Durgapur City Centre,1:30 PM,,,2,SBSTC Bankura depot timetable (Facebook),
wbbus-in-abba-mayer-dua-kaktiya-karunamoyee-4103,ABBA MAYER DUA,,Private,WB29E6925,Kaktiya,Kaktiya,Karunamoyee,7:40 AM,,,2,wbbus.in,https://wbbus.in/bus/abba-mayer-dua-wb29e6925-kaktiya-karunamoyee-777
wbbus-in-abha-morebandh-krishnanagar-4104,ABHA,,Private,WB41H7892,Morebandh,Morebandh,Krishnanagar,6:50 AM,12:10 PM,,2,wbbus.in,https://wbbus.in/bus/abha-wb41h7892-morebandh-krishnanagar-1419
wbbus-in-basana-bolpur-memari-4105,BASANA,,Private,WB537333,Bolpur,Bolpur,Memari,6:00 AM,,,2,wbbus.in,https://wbbus.in/bus/basana-wb537333-bolpur-tarkeshwar-820
wbbus-in-bed-mata-bajkul-medinipur-4106,BED MATA,,Private,WB33C3399,Bajkul,Bajkul,Medinipur,3:45 AM,,,2,wbbus.in,https://wbbus.in/bus/bed-mata-wb33c3399-bajkul-medinipur-106
wbbus-in-bed-mata-solpatta-barasat-4107,BED MATA,,Private,WB29G5599,Solpatta,Solpatta,Barasat,3:55 AM,,,2,wbbus.in,https://wbbus.in/bus/bed-mata-wb29g5599-solpatta-barasat-1136
wbbus-in-binarani-egra-howrah-4108,BINARANI,,Private,WB31A7100,Egra,Egra,Howrah,5:25 AM,,,2,wbbus.in,https://wbbus.in/bus/binarani-wb31a7100-egra-howrah-1160
wbbus-in-biswas-illambazar-bowaichandi-4109,BISWAS,,Private,WB41J3173,Illambazar,Illambazar,Bowaichandi,6:25 AM,10:40 AM,,2,wbbus.in,https://wbbus.in/bus/biswas-wb41j3173-illambazar-bowaichondi-1415
wbbus-in-bk-travels-contai-medinipur-4110,BK TRAVELS,,Private,WB315899,Contai,Contai,Medinipur,6:30 AM,,,2,wbbus.in,https://wbbus.in/bus/bk-travels-wb315899-contai-medinipur-254
wbbus-in-bondhu-travels-haldia-jhargram-4111,BONDHU TRAVELS,,Private,WB33F1893,Haldia,Haldia,Jhargram,7:00 AM,,,2,wbbus.in,https://wbbus.in/bus/bondhu-travels-wb33f1893-haldia-jhargram-1049
wbbus-in-boro-maa-tarkeshwar-benachity-4112,BORO MAA,,Private,WB41K2952,Tarkeshwar,Tarkeshwar,Benachity,5:45 AM,,,2,wbbus.in,https://wbbus.in/bus/boro-maa-wb41k2952-tarkeshwar-benachity-1231
wbbus-in-chaitali-raniganj-bankura-4113,CHAITALI,,Private,WB37B8237,Raniganj,Raniganj,Bankura,7:25 AM,,,2,wbbus.in,https://wbbus.in/bus/chaitali-wb37b8237-raniganj-bankura-771
wbbus-in-chennai-express-egra-karunamoyee-4114,CHENNAI EXPRESS,,Private,WB29B9103,Egra,Egra,Karunamoyee,9:55 AM,3:45 PM,,2,wbbus.in,https://wbbus.in/bus/chennai-express-wb29b9103-egra-karunamoyee-687
wbbus-in-chiranjit-asansol-nabadwip-4115,CHIRANJIT,,Private,WB41G8115,Asansol,Asansol,Nabadwip,5:15 AM,,,2,wbbus.in,https://wbbus.in/bus/chiranjit-wb41g8115-asansol-nabadwip-608
wbbus-in-cyclone-ramgarh-contai-4116,CYCLONE,,Private,WB33C8185,Ramgarh,Ramgarh,Contai,6:40 AM,,,2,wbbus.in,https://wbbus.in/bus/cyclone-wb33c8185-ramgarh-contai-219
wbbus-in-dada-bhai-haldia-chandrakona-road-4117,DADA BHAI,,Private,WB29B7439,Haldia,Haldia,Chandrakona Road,5:05 AM,,,2,wbbus.in,https://wbbus.in/bus/dada-bhai-wb29b7439-haldia-chandrakona-road-604
wbbus-in-dakshayani-belpahari-contai-4118,DAKSHAYANI,,Private,WB33C1324,Belpahari,Belpahari,Contai,4:50 AM,10:45 AM,,2,wbbus.in,https://wbbus.in/bus/dakshayani-wb33c1324-belpahari-contai-1420
wbbus-in-debdut-kirnahar-suri-4119,DEBDUT,,Private,WB537292,Kirnahar,Kirnahar,Suri,6:00 AM,,,2,wbbus.in,https://wbbus.in/bus/debdut-wb537292-kirnahar-suri-986
wbbus-in-debi-chandi-simlabandh-tarkeshwar-4120,DEBI CHANDI,,Private,WB67B0369,Simlabandh,Simlabandh,Tarkeshwar,4:20 AM,,,2,wbbus.in,https://wbbus.in/bus/debi-chandi-wb67b0369-simlabandh-tarkeshwar-445
wbbus-in-devi-durga-patrasayer-molian-4121,DEVI DURGA,,Private,WB676065,Patrasayer,Patrasayer,Molian,6:40 AM,,,2,wbbus.in,https://wbbus.in/bus/devi-durga-wb676065-patrasayer-molian-780
wbbus-in-disha-haldia-medinipur-4122,DISHA,,Private,WB29C4422,Haldia,Haldia,Medinipur,5:20 AM,,,2,wbbus.in,https://wbbus.in/bus/disha-wb29c4422-haldia-medinipur-155
wbbus-in-disha-raskundu-medinipur-4123,DISHA,,Private,WB33L2216,Raskundu,Raskundu,Medinipur,5:35 AM,8:45 AM,,2,wbbus.in,https://wbbus.in/bus/disha-wb33l2216-raskundu-medinipur-1404
wbbus-in-disha-medinipur-raskundu-4124,DISHA,,Private,WB33L2216,Medinipur,Medinipur,Raskundu,9:15 AM,11:00 AM,,2,wbbus.in,https://wbbus.in/bus/disha-wb33l2216-medinipur-raskundu-1405
wbbus-in-dynamic-lalgarh-contai-4125,DYNAMIC,,Private,WB33F0379,Lalgarh,Lalgarh,Contai,7:30 AM,,,2,wbbus.in,https://wbbus.in/bus/dynamic-wb33f0379-lalgarh-contai-527
wbbus-in-ganadebta-suri-bardhaman-4126,GANADEBTA,,Private,WB536335,Suri,Suri,Bardhaman,6:50 AM,,,2,wbbus.in,https://wbbus.in/bus/ganadebta-wb536335-suri-bardhaman-938
wbbus-in-garib-nawaz-bankura-chandrakona-road-4127,GARIB NAWAZ,,Private,WB67A9590,Bankura,Bankura,Chandrakona Road,7:00 AM,,,2,wbbus.in,https://wbbus.in/bus/garib-nawaz-wb67a9590-bankura-chandrakona-town-514
wbbus-in-ghosh-baharampur-bardhaman-4128,GHOSH,,Private,WB57D1155,Baharampur,Baharampur,Bardhaman,4:20 AM,,,2,wbbus.in,https://wbbus.in/bus/ghosh-wb57d1155-baharampur-bardhaman-884
wbbus-in-gitanjali-bardhaman-mecheda-4129,GITANJALI,,Private,WB41J7171,Bardhaman,Bardhaman,Mecheda,6:25 AM,,,2,wbbus.in,https://wbbus.in/bus/gitanjali-wb41j7171-bardhaman-mecheda-318
wbbus-in-adr-gold-bandwan-kolkata-esplanade-4130,ADR GOLD,,Private,WB41G0408,Bandwan,Bandwan,Kolkata (Esplanade),7:10 PM,,,2,wbbus.in,https://wbbus.in/bus/adr-gold-wb41g0408-bandwan-kolkata-esplaned-610
wbbus-in-agamani-bankura-raniganj-4131,AGAMANI,,Private,WB67C0511,Bankura,Bankura,Raniganj,8:05 AM,,,2,wbbus.in,https://wbbus.in/bus/agamani-wb67c0511-bankura-raniganj-372
wbbus-in-akash-bristi-tarkeshwar-tamluk-4132,AKASH BRISTI,,Private,WB15A8046,Tarkeshwar,Tarkeshwar,Tamluk,5:25 AM,,,2,wbbus.in,https://wbbus.in/bus/akash-bristi-wb15a8046-tarkeshwar-tamluk-111
wbbus-in-gobinda-medinipur-digha-4133,GOBINDA,,Private,WB33L0675,Medinipur,Medinipur,Digha,8:45 AM,12:40 PM,,2,wbbus.in,https://wbbus.in/bus/gobinda-wb33l0675-medinipur-digha-1410
wbbus-in-gogol-durgachak-kolkata-esplanade-4134,GOGOL,,Private,WB29B3914,Durgachak,Durgachak,Kolkata (Esplanade),8:00 AM,,,2,wbbus.in,https://wbbus.in/bus/gogol-wb29b3914-haldia-kolkata-esplanade-1156
wbbus-in-golden-panskura-tarkeshwar-4135,GOLDEN,,Private,WB33A6521,Panskura,Panskura,Tarkeshwar,7:55 AM,,,2,wbbus.in,https://wbbus.in/bus/golden-wb33a6521-panskura-tarkeshwar-201
wbbus-in-gopal-gold-bishnupur-bankura-4136,GOPAL GOLD,,Private,WB314172,Bishnupur,Bishnupur,Bankura,7:00 AM,,,2,wbbus.in,https://wbbus.in/bus/gopal-gold-wb314172-bishnupur-bankura-535
wbbus-in-green-valley-raipur-howrah-4137,GREEN VALLEY,,Private,WB33E2462,Raipur,Raipur,Howrah,3:50 AM,,,2,wbbus.in,https://wbbus.in/bus/green-valley-wb33e2462-raipur-howrah-460
wbbus-in-imon-bardhaman-bankura-4138,IMON,,Private,WB41S7195,Bardhaman,Bardhaman,Bankura,6:30 AM,,,2,wbbus.in,https://wbbus.in/bus/imon-wb41h0075-bardhaman-bankura-660
wbbus-in-jai-maa-durga-bandwan-siliguri-4139,JAI MAA DURGA,,Private,WB45B6992,Bandwan,Bandwan,Siliguri,3:05 PM,7:00 AM,,2,wbbus.in,https://wbbus.in/bus/jai-maa-durga-wb45b6992-bandwan-siliguri-794
wbbus-in-jaleswar-patharpara-chandrakona-town-4140,JALESWAR,,Private,WB132540,Patharpara,Patharpara,Chandrakona Town,6:00 AM,,,2,wbbus.in,https://wbbus.in/bus/jaleswar-wb132540-patharpara-chandrakona-town-265
wbbus-in-jana-travels-karunamoyee-solpatta-4141,JANA TRAVELS,,Private,WB31B2824,Karunamoyee,Karunamoyee,Solpatta,7:40 AM,,,2,wbbus.in,https://wbbus.in/bus/jana-travels-wb31b2824-karunamoyee-solpatta-782
wbbus-in-janaki-chandrakona-road-howrah-4142,JANAKI,,Private,WB49N1043,Chandrakona Road,Chandrakona Road,Howrah,7:25 AM,,,2,wbbus.in,https://wbbus.in/bus/janaki-wb49n1043-chandrakona-road-howrah-942
wbbus-in-janardan-bankura-arambagh-4143,JANARDAN,,Private,WB67B7424,Bankura,Bankura,Arambagh,6:50 AM,,,2,wbbus.in,https://wbbus.in/bus/janardan-wb67b7424-bankura-arambagh-264
wbbus-in-jay-mata-di-madansole-kolkata-esplanade-4144,JAY MATA DI,,Private,WB33L3011,Madansole,Madansole,Kolkata (Esplanade),4:30 AM,,,2,wbbus.in,https://wbbus.in/bus/jay-mata-di-wb33l3011-madansole-kolkata-%28esplanade%29-1242
wbbus-in-jayanti-egra-karunamoyee-4145,JAYANTI,,Private,WB31A6794,Egra,Egra,Karunamoyee,,,,2,wbbus.in,https://wbbus.in/bus/jayanti-wb31a6794-egra-karunamoyee-291
wbbus-in-joy-baba-taraknath-rohini-howrah-4146,JOY BABA TARAKNATH,,Private,WB33F1345,Rohini,Rohini,Howrah,6:40 AM,,,2,wbbus.in,https://wbbus.in/bus/joy-baba-taraknath-wb33f1345-rohini-howrah-626
wbbus-in-joy-ganesh-bankura-hijli-sorif-4147,JOY GANESH,,Private,WB29B0964,Bankura,Bankura,Hijli Sorif,5:00 AM,,,2,wbbus.in,https://wbbus.in/bus/joy-ganesh-wb29b0964-bankura-hijli-sorif-364
wbbus-in-joy-sri-krishna-durgapur-station-tatanagar-4148,JOY SRI KRISHNA,,Private,WB67E3393,Durgapur (Station),Durgapur (Station),Tatanagar,5:25 AM,,,2,wbbus.in,https://wbbus.in/bus/joy-sri-krishna-wb67e3393-durgapur-%28station%29-tatanagar-1325
wbbus-in-kakoli-memari-bolpur-4149,KAKOLI,,Private,WB41G5539,Memari,Memari,Bolpur,5:50 AM,11:00 AM,,2,wbbus.in,https://wbbus.in/bus/kakoli-wb41g5539-memari-bolpur-573
wbbus-in-kalimata-baharampur-bardhaman-4150,KALIMATA,,Private,WB57C8491,Baharampur,Baharampur,Bardhaman,5:20 AM,,,2,wbbus.in,https://wbbus.in/bus/kalimata-wb57c8491-baharampur-bardhaman-1277
wbbus-in-kalosona-kolkata-esplanade-siliguri-4151,KALOSONA,,Private,WB29F3099,Kolkata (Esplanade),Kolkata (Esplanade),Siliguri,6:45 PM,,,2,wbbus.in,https://wbbus.in/bus/kalosona-wb29f3099-kolkata-esplanade-siliguri-909
wbbus-in-kalosona-ghatal-digha-4152,KALOSONA,,Private,WB29F1195,Ghatal,Ghatal,Digha,5:30 AM,,,2,wbbus.in,https://wbbus.in/bus/kalosona-wb29f1195-ghatal-digha-1051
wbbus-in-kalyani-bardhaman-baharampur-4154,KALYANI,,Private,WB41D7500,Bardhaman,Bardhaman,Baharampur,5:40 AM,,,2,wbbus.in,https://wbbus.in/bus/kalyani-wb41d7500-bardhaman-baharampur-1412
wbbus-in-kgn-mecheda-bardhaman-4155,KGN,,Private,WB33F0605,Mecheda,Mecheda,Bardhaman,6:10 AM,,,2,wbbus.in,https://wbbus.in/bus/kgn-wb33f0605-mecheda-bardhaman-675
wbbus-in-krishna-kanhaiaya-madha-khali-medinipur-4156,KRISHNA KANHAIAYA,,Private,WB313233,Madha Khali,Madha Khali,Medinipur,7:45 AM,,,2,wbbus.in,https://wbbus.in/bus/krishna-kanhaiaya-wb313233-madha-khali-medinipur-721
wbbus-in-krishna-sudama-garhbeta-ghatal-4157,KRISHNA SUDAMA,,Private,WB33A5221,Garhbeta,Garhbeta,Ghatal,6:15 AM,,,2,wbbus.in,https://wbbus.in/bus/krishna-sudama-wb33a5221-garhbeta-ghatal-129
wbbus-in-krishnashree-baharampur-bardhaman-4158,KRISHNASHREE,,Private,WB57B3904,Baharampur,Baharampur,Bardhaman,6:00 AM,,,2,wbbus.in,https://wbbus.in/bus/krishnashree-wb57b3904-baharampur-bardhaman-914
wbbus-in-lal-kamal-silda-medinipur-4159,LAL KAMAL,,Private,WB339754,Silda,Silda,Medinipur,5:50 AM,,,2,wbbus.in,https://wbbus.in/bus/basudev-wb339754-silda-medinipur-813
wbbus-in-anadi-boga-howrah-4160,ANADI,,Private,WB29B2773,Boga,Boga,Howrah,7:00 AM,,,2,wbbus.in,https://wbbus.in/bus/anadi-wb29b2773-boga-howrah-1020
wbbus-in-anadi-travels-boga-barasat-4161,ANADI TRAVELS,,Private,WB29C2507,Boga,Boga,Barasat,7:40 AM,,,2,wbbus.in,https://wbbus.in/bus/anadi-travels-wb29c2507-boga-barasat-1361
wbbus-in-anindya-bristi-bishnupur-kolkata-4162,ANINDYA BRISTI,,Private,WB23D0661,Bishnupur,Bishnupur,Kolkata,6:00 AM,,,2,wbbus.in,https://wbbus.in/bus/anindya-bristi-wb23d0661-bishnupur-kolkata-112
wbbus-in-anindya-bristi-tarkeshwar-bankura-4163,ANINDYA BRISTI,,Private,WB15C0583,Tarkeshwar,Tarkeshwar,Bankura,7:55 AM,,,2,wbbus.in,https://wbbus.in/bus/anindya-bristi-wb15c0583-tarkeshwar-bankura-400
wbbus-in-anish-neradeul-kolkata-4164,ANISH,,Private,WB33C4114,Neradeul,Neradeul,Kolkata,5:30 AM,,,2,wbbus.in,https://wbbus.in/bus/anish-wb33c4114-khetua-kolkata-437
wbbus-in-lal-parul-bardhaman-manbazar-4165,LAL PARUL,,Private,WB67B9980,Bardhaman,Bardhaman,Manbazar,4:25 AM,,,2,wbbus.in,https://wbbus.in/bus/lal-parul-wb67b9980-bardhaman-manbazar-198
wbbus-in-laxmi-janardan-jhilimili-medinipur-4166,LAXMI JANARDAN,,Private,WB33F1493,Jhilimili,Jhilimili,Medinipur,6:20 AM,,,2,wbbus.in,https://wbbus.in/bus/laxmi-janardan-wb33f1493-jhilimili-medinipur-252
wbbus-in-laxmi-narayan-chandrakona-town-howrah-4167,LAXMI NARAYAN,,Private,WB49N1977,Chandrakona Town,Chandrakona Town,Howrah,6:10 AM,,,2,wbbus.in,https://wbbus.in/bus/laxmi-narayan-wb49n1977-chandrakona-town-howrah-150
wbbus-in-laxmi-narayan-mecheda-khatra-4168,LAXMI NARAYAN,,Private,WB67A5273,Mecheda,Mecheda,Khatra,6:20 AM,,,2,wbbus.in,https://wbbus.in/bus/laxmi-narayan-wb67a5273-mecheda-khatra-704
wbbus-in-maa-annapurna-khatra-purulia-4169,MAA ANNAPURNA,,Private,WB67B7873,Khatra,Khatra,Purulia,6:50 AM,,,2,wbbus.in,https://wbbus.in/bus/maa-annapurna-wb67b7873-khatra-purulia-738
wbbus-in-maa-bagala-digha-sarenga-4170,MAA BAGALA,,Private,WB49N2412,Digha,Digha,Sarenga,6:10 AM,,,2,wbbus.in,https://wbbus.in/bus/maa-bagala-wb49n2412-digha-sarenga-671
wbbus-in-maa-binapani-kantakhali-kolkata-esplanade-4171,MAA BINAPANI,,Private,WB33L2661,Kantakhali,Kantakhali,Kolkata (Esplanade),6:30 AM,,,2,wbbus.in,https://wbbus.in/bus/maa-binapani-wb33l2661-kantakhali-kolkata-%28esplanade%29-1153
wbbus-in-maa-chandi-egra-karunamoyee-4172,MAA CHANDI,,Private,WB29C4551,Egra,Egra,Karunamoyee,8:10 AM,,,2,wbbus.in,https://wbbus.in/bus/maa-chandi-wb29c4551-solpatta-karunamoyee-472
wbbus-in-maa-chandi-mangrul-kolkata-4173,MAA CHANDI,,Private,WB29C4851,Mangrul,Mangrul,Kolkata,8:10 AM,,,2,wbbus.in,https://wbbus.in/bus/maa-chandi-wb29c4851-mangrul-kolkata-497
wbbus-in-maa-devi-cooch-behar-siliguri-4174,MAA DEVI,,Private,WB63B6048,Cooch Behar,Cooch Behar,Siliguri,9:30 AM,,,7,wbbus.in,https://wbbus.in/bus/maa-devi-wb63b6048-cooch-behar-siliguri-1155
wbbus-in-maa-durga-domkal-kolkata-esplanade-4175,MAA DURGA,,Private,WB73E8208,Domkal,Domkal,Kolkata (Esplanade),8:45 PM,,,2,wbbus.in,https://wbbus.in/bus/maa-durga-wb73e8208-domkal-kolkata-esplanade-1247
wbbus-in-maa-gita-kukrahati-medinipur-4176,MAA GITA,,Private,WB29C2431,Kukrahati,Kukrahati,Medinipur,7:50 AM,,,2,wbbus.in,https://wbbus.in/bus/maa-gita-wb29c2431-kukrahati-medinipur-1118
wbbus-in-maa-jagadamba-barabazar-durgapur-station-4177,MAA JAGADAMBA,,Private,WB55B5556,Barabazar,Barabazar,Durgapur (Station),6:20 AM,,,2,wbbus.in,https://wbbus.in/bus/maa-jagadamba-wb55b5556-barabazar-durgapur-station-529
wbbus-in-maa-jagadamba-garia-solpatta-4178,MAA JAGADAMBA,,Private,WB29B7454,Garia,Garia,Solpatta,4:50 AM,,,2,wbbus.in,https://wbbus.in/bus/maa-jagadamba-wb29b7454-garia-solpatta-1168
wbbus-in-maa-jahura-baharampur-bardhaman-4179,MAA JAHURA,,Private,WB57A6591,Baharampur,Baharampur,Bardhaman,7:20 AM,,,2,wbbus.in,https://wbbus.in/bus/maa-jahura-wb57a6591-baharampur-bardhaman-629
wbbus-in-maa-josoda-hili-siliguri-4180,MAA JOSODA,,Private,WB73P5220,Hili,Hili,Siliguri,7:00 PM,,,2,wbbus.in,https://wbbus.in/bus/maa-josoda-wb73p5220-hili-siliguri-1094
wbbus-in-maa-kajal-digha-medinipur-4181,MAA KAJAL,,Private,WB315722,Digha,Digha,Medinipur,5:20 AM,,,2,wbbus.in,https://wbbus.in/bus/maa-kajal-wb315722-digha-medinipur-810
wbbus-in-maa-kali-sautia-howrah-4182,MAA KALI,,Private,WB31A4339,Sautia,Sautia,Howrah,5:00 AM,,,2,wbbus.in,https://wbbus.in/bus/maa-kali-wb31a4339-sautia-howrah-390
wbbus-in-maa-kali-ramjibanpur-medinipur-4183,MAA KALI,,Private,WB33F3367,Ramjibanpur,Ramjibanpur,Medinipur,5:45 AM,,,2,wbbus.in,https://wbbus.in/bus/maa-kali-wb33f3367-ramjibanpur-medinipur-632
wbbus-in-maa-kali-kukrahati-balichak-4184,MAA KALI,,Private,WB33F3257,Kukrahati,Kukrahati,Balichak,7:40 AM,,,2,wbbus.in,https://wbbus.in/bus/maa-kali-wb33f3257-kukrahati-balichak-1112
wbbus-in-maa-kamala-badanganj-kolkata-esplanade-4185,MAA KAMALA,,Private,WB57A1735,Badanganj,Badanganj,Kolkata (Esplanade),6:10 AM,,,2,wbbus.in,https://wbbus.in/bus/maa-kamala-wb57a1735-badanganj-kolkata-esplaned-655
wbbus-in-maa-kamala-medinipur-haldia-4186,MAA KAMALA,,Private,WB29A9578,Medinipur,Medinipur,Haldia,7:40 AM,,,2,wbbus.in,https://wbbus.in/bus/maa-kamala-wb29a9578-medinipur-haldia-1023
wbbus-in-maa-kattayani-egra-karunamoyee-4187,MAA KATTAYANI,,Private,WB29D9117,Egra,Egra,Karunamoyee,4:00 AM,,,2,wbbus.in,https://wbbus.in/bus/kattyani-wb29b2415-egra-karunamoyee-234
wbbus-in-maa-kokondeshwari-kamarpukur-durgachak-4188,MAA KOKONDESHWARI,,Private,WB33A9973,Kamarpukur,Kamarpukur,Durgachak,6:00 AM,,,2,wbbus.in,https://wbbus.in/bus/maa-kokondeshwari-wb33a9973-kamarpukur-durgachak-174
wbbus-in-maa-laxmi-ranaghat-katwa-4189,MAA LAXMI,,Private,WB19H3778,Ranaghat,Ranaghat,Katwa,6:40 AM,,,2,wbbus.in,https://wbbus.in/bus/maa-laxmi-wb19h3778-ranaghat-katwa-893
wbbus-in-maa-laxmi-boga-karunamoyee-4190,MAA LAXMI,,Private,WB29B6171,Boga,Boga,Karunamoyee,5:00 AM,,,2,wbbus.in,https://wbbus.in/bus/maa-laxmi-wb29b6171-boga-karunamoyee-1120
wbbus-in-maa-laxmi-silda-kolkata-esplanade-4191,MAA LAXMI,,Private,WB29J2393,Silda,Silda,Kolkata (Esplanade),7:00 PM,,,2,wbbus.in,https://wbbus.in/bus/maa-laxmi-wb29j2393-silda-kolkata-%28esplanade%29-1302
wbbus-in-maa-laxmi-manbazar-bardhaman-4192,MAA LAXMI,,Private,WB41S6980,Manbazar,Manbazar,Bardhaman,5:25 AM,10:40 AM,,2,wbbus.in,https://wbbus.in/bus/maa-laxmi-wb41s6980-manbazar-bardhaman-1328
wbbus-in-maa-mahamaya-alipurduar-siliguri-4193,MAA MAHAMAYA,,Private,WB69A7817,Alipurduar,Alipurduar,Siliguri,8:50 AM,,,2,wbbus.in,https://wbbus.in/bus/maa-mahamaya-wb69a7817-alipurduar-siliguri-1129
wbbus-in-maa-manasa-bishnupur-molian-4194,MAA MANASA,,Private,WB673172,Bishnupur,Bishnupur,Molian,7:15 AM,,,2,wbbus.in,https://wbbus.in/bus/maa-manasa-wb673172-bishnupur-molian-752
wbbus-in-maa-manasa-panchmura-bishnupur-4195,MAA MANASA,,Private,WB67A0419,Panchmura,Panchmura,Bishnupur,6:40 AM,,,2,wbbus.in,https://wbbus.in/bus/maa-manasa-wb67a0419-panchmura-bishnupur-862
wbbus-in-maa-parbati-purulia-bankura-4196,MAA PARBATI,,Private,WB552093,Purulia,Purulia,Bankura,6:35 AM,,,2,wbbus.in,https://wbbus.in/bus/maa-parbbati-wb552093-purulia-bankura-253
wbbus-in-maa-parul-jayrambati-durgapur-station-4197,MAA PARUL,,Private,WB67C2099,Jayrambati,Jayrambati,Durgapur (Station),4:30 AM,9:45 AM,,2,wbbus.in,https://wbbus.in/bus/maa-parul-wb67c2099-jayrambati-durgapur-station-324
wbbus-in-maa-rakshakali-chandrakona-road-bankura-4198,MAA RAKSHAKALI,,Private,WB67B0053,Chandrakona Road,Chandrakona Road,Bankura,9:30 AM,,,2,wbbus.in,https://wbbus.in/bus/maa-rakshakali-wb67b0053-chandrakona-road-bankura-406
wbbus-in-maa-rudrayani-medinipur-mayapur-4199,MAA RUDRAYANI,,Private,WB35E2746,Medinipur,Medinipur,Mayapur,7:10 AM,1:10 PM,,2,wbbus.in,https://wbbus.in/bus/maa-rudrayani-wb35e2746-medinipur-mayapur-1176
wbbus-in-maa-sarada-taldangra-bardhaman-4200,MAA SARADA,,Private,WB67B7082,Taldangra,Taldangra,Bardhaman,4:35 AM,9:10 AM,,2,wbbus.in,https://wbbus.in/bus/maa-sarada-wb67b7082-taldangra-bardhaman-1396
wbbus-in-maa-sarbajoya-bankura-tarkeshwar-4201,MAA SARBAJOYA,,Private,WB67B0712,Bankura,Bankura,Tarkeshwar,4:30 AM,,,2,wbbus.in,https://wbbus.in/bus/maa-sarbajoya-wb67b0712-bankura-tarkeshwar-330
wbbus-in-maa-sharada-patrasayer-bankura-4202,MAA SHARADA,,Private,WB67C2882,Patrasayer,Patrasayer,Bankura,5:30 AM,,,2,wbbus.in,https://wbbus.in/bus/maa-sharada-wb67c2882-patrasayer-bankura-292
wbbus-in-maa-shitala-chandrakona-town-howrah-4203,MAA SHITALA,,Private,WB49N2221,Chandrakona Town,Chandrakona Town,Howrah,4:45 AM,,,2,wbbus.in,https://wbbus.in/bus/maa-shitala-wb49n2221-chandrakona-town-howrah-407
wbbus-in-maa-shitala-irhpala-howrah-4204,MAA SHITALA,,Private,WB49N0554,Irhpala,Irhpala,Howrah,7:30 AM,,,2,wbbus.in,https://wbbus.in/bus/maa-shitala-wb49n0554-irhpala-howrah-498
wbbus-in-maa-singhabahini-chakta-katwa-4205,MAA SINGHABAHINI,,Private,WB41F9422,Chakta,Chakta,Katwa,8:00 AM,,,2,wbbus.in,https://wbbus.in/bus/maa-singhabahini-wb41f9422-chakta-katwa-1106
wbbus-in-maa-tara-medinipur-mayapur-4206,MAA TARA,,Private,WB35E2745,Medinipur,Medinipur,Mayapur,7:10 AM,1:10 PM,,2,wbbus.in,https://wbbus.in/bus/maa-tara-wb35e2745-medinipur-mayapur-1174
wbbus-in-maa-tara-chandrakona-town-bishnupur-4207,MAA TARA,,Private,WB33C6950,Chandrakona Town,Chandrakona Town,Bishnupur,5:20 AM,,,2,wbbus.in,https://wbbus.in/bus/maa-tara-wb33c6950-chandrakona-town-bishnupur-1406
wbbus-in-maa-tulsi-khatra-raipur-4208,MAA TULSI,,Private,WB67B1288,Khatra,Khatra,Raipur,7:00 AM,8:40 AM,,2,wbbus.in,https://wbbus.in/bus/maa-tulsi-wb67b1288-khatra-raipur-706
wbbus-in-maa-tulsi-khatra-durgapur-station-4209,MAA TULSI,,Private,WB67B1288,Khatra,Khatra,Durgapur (Station),10:50 AM,,,2,wbbus.in,https://wbbus.in/bus/maa-tulsi-wb67b1288-khatra-durgapur-station-707
wbbus-in-maa-vaishnodevi-chittaranjan-khatra-4210,MAA VAISHNODEVI,,Private,WB37D3018,Chittaranjan,Chittaranjan,Khatra,6:20 AM,,,2,wbbus.in,https://wbbus.in/bus/joy-maa-vaishnodevi-wb37d3018-chittaranjan-khatra-167
wbbus-in-madan-mohan-bankura-bishnupur-4211,MADAN MOHAN,,Private,WB159138,Bankura,Bankura,Bishnupur,6:30 AM,,,2,wbbus.in,https://wbbus.in/bus/madan-mohan-wb159138-bankura-bishnupur-379
wbbus-in-ankush-medinipur-ghatal-4212,ANKUSH,,Private,WB33F2066,Medinipur,Medinipur,Ghatal,5:35 AM,,,2,wbbus.in,https://wbbus.in/bus/ankush-wb33f2066-medinipur-ghatal-1104
wbbus-in-annesha-majhdia-bardhaman-4213,ANNESHA,,Private,WB51A8807,Majhdia,Majhdia,Bardhaman,7:10 AM,11:30 AM,,2,wbbus.in,https://wbbus.in/bus/annesha-wb51a8807-majhdia-bardhaman-818
wbbus-in-anubha-maheshpur-garhbeta-4214,Anubha,,Private,WB333226,Maheshpur,Maheshpur,Garhbeta,,,,2,wbbus.in,https://wbbus.in/bus/anubha-wb333226-maheshpur-garhbeta-1082
wbbus-in-apanjan-ghatal-medinipur-4215,APANJAN,,Private,WB67A8736,Ghatal,Ghatal,Medinipur,7:00 AM,,,2,wbbus.in,https://wbbus.in/bus/apanjan-wb67a8736-ghatal-medinipur-1041
wbbus-in-mahamaya-ranibandh-kolkata-4216,MAHAMAYA,,Private,WB23E0985,Ranibandh,Ranibandh,Kolkata,7:00 AM,,,2,wbbus.in,https://wbbus.in/bus/mahamaya-wb23e0985-ranibandh-kolkata-429
wbbus-in-mahamaya-kolkata-manbazar-4217,MAHAMAYA,,Private,WB29E4991,Kolkata,Kolkata,Manbazar,4:30 AM,12:10 PM,,2,wbbus.in,https://wbbus.in/bus/mahamaya-wb29e4991-kolkata-manbazar-712
wbbus-in-mahamaya-manbazar-kolkata-4218,MAHAMAYA,,Private,WB29E4954,Manbazar,Manbazar,Kolkata,10:20 AM,5:50 PM,,2,wbbus.in,https://wbbus.in/bus/mahamaya-wb29e4954-manbazar-kolkata-1425
wbbus-in-mahanayak-nandigram-garia-4219,MAHANAYAK,,Private,WB29G7596,Nandigram,Nandigram,Garia,4:15 AM,,,2,wbbus.in,https://wbbus.in/bus/mahanayak-wb29g7596-nandigram-garia-1187
wbbus-in-mahaprabhu-tarkeshwar-bankura-4220,MAHAPRABHU,,Private,WB17N2530,Tarkeshwar,Tarkeshwar,Bankura,6:55 AM,,,2,wbbus.in,https://wbbus.in/bus/mahaprabhu-wb17n2530-tarkeshwar-bankura-720
wbbus-in-mahaprabhu-cooch-behar-siliguri-4221,MAHAPRABHU,,Private,WB73F5865,Cooch Behar,Cooch Behar,Siliguri,7:45 AM,,,7,wbbus.in,https://wbbus.in/bus/mahaprabhu-wb73f5865-cooch-behar-siliguri-874
wbbus-in-maity-super-khetua-howrah-4223,MAITY SUPER,,Private,WB33B5590,Khetua,Khetua,Howrah,4:30 AM,,,2,wbbus.in,https://wbbus.in/bus/maity-super-wb33b5590-khetua-howrah-411
wbbus-in-mamani-garerghat-kolkata-esplanade-4224,MAMANI,,Private,WB17N3929,Garerghat,Garerghat,Kolkata (Esplanade),7:00 AM,,,2,wbbus.in,https://wbbus.in/bus/mamani-wb17n3929-garerghat-kolkata-esplaned-597
wbbus-in-marichika-contai-raipur-4225,MARICHIKA,,Private,WB33D4243,Contai,Contai,Raipur,6:10 AM,,,2,wbbus.in,https://wbbus.in/bus/marichika-wb33d4243-contai-raipur-153
wbbus-in-mayabati-bishnupur-kolkata-esplanade-4226,MAYABATI,,Private,WB17N3789,Bishnupur,Bishnupur,Kolkata (Esplanade),4:25 AM,,,2,wbbus.in,https://wbbus.in/bus/mayabati-wb17n3789-bishnupur-kolkata-esplaned-670
wbbus-in-mayalu-gangtok-siliguri-4227,MAYALU,,Private,WB73D5416,Gangtok,Gangtok,Siliguri,7:10 AM,,,2,wbbus.in,https://wbbus.in/bus/mayalu-wb73d5416-gangtok-siliguri-956
wbbus-in-mayer-anchol-siddheshwari-durgapur-station-bolpur-4228,MAYER ANCHOL (SIDDHESHWARI),,Private,WB53C4134,Durgapur (Station),Durgapur (Station),Bolpur,6:00 AM,8:00 AM,,2,wbbus.in,https://wbbus.in/bus/mayer-anchol-siddheshwari-wb53c4134-durgapur-station-bolpur-335
wbbus-in-monami-jhargram-manbazar-4229,MONAMI,,Private,WB39F2442,Jhargram,Jhargram,Manbazar,5:15 AM,9:30 AM,,2,wbbus.in,https://wbbus.in/bus/monami-wb39f2442-jhargram-manbazar-831
wbbus-in-monika-ramharipur-purulia-4230,MONIKA,,Private,WB679660,Ramharipur,Ramharipur,Purulia,6:30 AM,,,2,wbbus.in,https://wbbus.in/bus/monika-wb679660-ramharipur-purulia-192
wbbus-in-nabajatra-ghatal-medinipur-4231,NABAJATRA,,Private,WB33D3053,Ghatal,Ghatal,Medinipur,7:00 AM,,,2,wbbus.in,https://wbbus.in/bus/nabajatra-wb33d3053-ghatal-medinipur-295
wbbus-in-nabarupa-bardhaman-suri-4232,NABARUPA,,Private,WB41A9596,Bardhaman,Bardhaman,Suri,6:30 AM,,,2,wbbus.in,https://wbbus.in/bus/nabarupa-wb41a9596-bardhaman-suri-530
wbbus-in-nibedita-guskara-illambazar-4233,NIBEDITA,,Private,WB41E0528,Guskara,Guskara,Illambazar,6:15 AM,8:10 AM,,2,wbbus.in,https://wbbus.in/bus/nibedita-wb41e0528-guskara-illambazar-1417
wbbus-in-nilachal-haldia-lalgarh-4234,NILACHAL,,Private,WB29C3350,Haldia,Haldia,Lalgarh,7:15 AM,,,2,wbbus.in,https://wbbus.in/bus/nilachal-wb29c3350-haldia-lalgarh-134
wbbus-in-nilachal-contai-medinipur-4235,NILACHAL,,Private,WB33A6078,Contai,Contai,Medinipur,10:20 AM,,,2,wbbus.in,https://wbbus.in/bus/nilachal-wb33a6078-contai-medinipur-154
wbbus-in-nilanjali-egra-medinipur-4236,NILANJALI,,Private,WB315572,Egra,Egra,Medinipur,7:00 AM,,,2,wbbus.in,https://wbbus.in/bus/nilanjali-wb315572-egra-medinipur-229
wbbus-in-nilkantha-chaitanyapur-digha-4237,NILKANTHA,,Private,WB29A3009,Chaitanyapur,Chaitanyapur,Digha,5:45 AM,,,2,wbbus.in,https://wbbus.in/bus/nilkantha-wb29a3009-chaitanyapur-digha-212
wbbus-in-nilkantha-solpatta-kolkata-esplanade-4238,NILKANTHA,,Private,WB31A0273,Solpatta,Solpatta,Kolkata (Esplanade),3:40 AM,,,2,wbbus.in,https://wbbus.in/bus/nilkantha-wb31a0273-solpatta-kolkata-esplaned-250
wbbus-in-nilkantha-jhilimili-bankura-4239,NILKANTHA,,Private,WB676193,Jhilimili,Jhilimili,Bankura,5:10 AM,,,2,wbbus.in,https://wbbus.in/bus/nilkantha-wb676193-jhilimili-bankura-850
wbbus-in-nourin-bardhaman-nabadwip-4240,NOURIN,,Private,WB41G6238,Bardhaman,Bardhaman,Nabadwip,8:30 AM,,,2,wbbus.in,https://wbbus.in/bus/nourin-wb41g6238-bardhaman-nabadwip-1423
wbbus-in-om-sai-ram-raiganj-siliguri-4241,OM SAI RAM,,Private,WB591959,Raiganj,Raiganj,Siliguri,8:25 AM,,,2,wbbus.in,https://wbbus.in/bus/om-sai-ram-wb591959-raiganj-siliguri-910
wbbus-in-p-travels-haldia-tarkeshwar-4242,P TRAVELS,,Private,WB29C4626,Haldia,Haldia,Tarkeshwar,3:15 AM,,,2,wbbus.in,https://wbbus.in/bus/p-travels-wb29c4626-haldia-tarkeshwar-255
wbbus-in-palki-shikarpur-bangaon-4243,PALKI,,Private,WB51A4977,Shikarpur,Shikarpur,Bangaon,5:30 AM,,,2,wbbus.in,https://wbbus.in/bus/palki-wb51a4977-shikarpur-bangaon-937
wbbus-in-paramita-medinipur-haldia-4244,PARAMITA,,Private,WB11B6660,Medinipur,Medinipur,Haldia,6:10 AM,,,2,wbbus.in,https://wbbus.in/bus/paramita-wb11b6660-medinipur-haldia-143
wbbus-in-parashmoni-ghatal-digha-4245,PARASHMONI,,Private,WB297341,Ghatal,Ghatal,Digha,4:40 AM,,,2,wbbus.in,https://wbbus.in/bus/parashmoni-wb297341-ghatal-digha-1036
wbbus-in-partha-sakha-mangrul-kolkata-4246,PARTHA SAKHA,,Private,WB49N2139,Mangrul,Mangrul,Kolkata,5:40 AM,,,2,wbbus.in,https://wbbus.in/bus/partha-sakha-wb49n2139-mangrul-kolkata-359
wbbus-in-parthasakha-ghatal-medinipur-4247,PARTHASAKHA,,Private,WB33F1557,Ghatal,Ghatal,Medinipur,5:40 AM,7:50 AM,,2,wbbus.in,https://wbbus.in/bus/parthashaka-wb33f1557-ghatal-medinipur-1329
wbbus-in-apu-baruipur-hoomgarh-4248,APU,,Private,WB29E6138,Baruipur,Baruipur,Hoomgarh,6:30 AM,,,2,wbbus.in,https://wbbus.in/bus/apu-wb29e6138-baruipur-hoomgarh-1116
wbbus-in-aradhana-baharampur-digha-4249,ARADHANA,,Private,WB57L0358,Baharampur,Baharampur,Digha,9:45 PM,,,2,wbbus.in,https://wbbus.in/bus/aradhana-wb57l0358-baharampur-digha-1223
wbbus-in-pather-sathi-panskura-bardhaman-4250,PATHER SATHI,,Private,WB41M6559,Panskura,Panskura,Bardhaman,5:05 AM,,,2,wbbus.in,https://wbbus.in/bus/pather-sathi-wb41m6559-panskura-bardhaman-764
wbbus-in-platinum-ghatal-medinipur-4251,PLATINUM,,Private,WB33D0020,Ghatal,Ghatal,Medinipur,5:10 AM,,,2,wbbus.in,https://wbbus.in/bus/platinum-wb33d0020-ghatal-medinipur-225
wbbus-in-prince-egra-baruipur-4252,PRINCE,,Private,WB29K2296,Egra,Egra,Baruipur,4:50 AM,,,2,wbbus.in,https://wbbus.in/bus/prince-wb29k2296-egra-baruipur-1312
wbbus-in-priti-egra-ghatal-4253,PRITI,,Private,WB23C9977,Egra,Egra,Ghatal,6:35 AM,,,2,wbbus.in,https://wbbus.in/bus/priti-wb23c9977-egra-ghatal-1119
wbbus-in-priyajit-ramjibanpur-howrah-4254,PRIYAJIT,,Private,WB15C4942,Ramjibanpur,Ramjibanpur,Howrah,4:45 AM,,,2,wbbus.in,https://wbbus.in/bus/priyajit-wb15c4942-ramjibanpur-howrah-210
wbbus-in-priyajit-kolkata-chandrakona-town-4255,PRIYAJIT,,Private,WB25F5052,Kolkata,Kolkata,Chandrakona Town,6:00 AM,,,2,wbbus.in,https://wbbus.in/bus/priyajit-wb25f5052-kolkata-chandrakona-town-352
wbbus-in-promila-bolpur-barakar-4256,PROMILA,,Private,WB53B5780,Bolpur,Bolpur,Barakar,6:20 AM,10:00 AM,,2,wbbus.in,https://wbbus.in/bus/promila-wb53b5780-bolpur-barakar-1401
wbbus-in-puspanjali-kolkata-chandrakona-town-4257,PUSPANJALI,,Private,WB19H5896,Kolkata,Kolkata,Chandrakona Town,7:20 AM,,,2,wbbus.in,https://wbbus.in/bus/puspanjali-wb19h5896-kolkata-chandrakona-town-402
wbbus-in-puspanjali-chandrakona-road-kolkata-4258,PUSPANJALI,,Private,WB33C3674,Chandrakona Road,Chandrakona Road,Kolkata,5:35 AM,,,2,wbbus.in,https://wbbus.in/bus/puspanjali-wb33c3674-chandrakona-road-kolkata-596
wbbus-in-radhamadhab-egra-mukundapur-4259,RADHAMADHAB,,Private,WB29C3215,Egra,Egra,Mukundapur,4:25 AM,,,2,wbbus.in,https://wbbus.in/bus/radhamadhab-wb29c3215-egra-mukundapur-494
wbbus-in-radharani-ghatal-medinipur-4260,RADHARANI,,Private,WB33A8173,Ghatal,Ghatal,Medinipur,6:50 AM,,,2,wbbus.in,https://wbbus.in/bus/radharani-wb33a8173-ghatal-medinipur-92
wbbus-in-radharani-jaigaon-siliguri-4261,RADHARANI,,Private,WB71B9529,Jaigaon,Jaigaon,Siliguri,8:30 AM,,,2,wbbus.in,https://wbbus.in/bus/radharani-wb71b9529-jaigaon-siliguri-1101
wbbus-in-radhashyam-garia-egra-4262,RADHASHYAM,,Private,WB31A3465,Garia,Garia,Egra,4:20 AM,,,2,wbbus.in,https://wbbus.in/bus/radhashyam-wb31a3465-garia-egra-526
wbbus-in-radhika-chittaranjan-bardhaman-4263,RADHIKA,,Private,WB37C9545,Chittaranjan,Chittaranjan,Bardhaman,4:20 AM,,,2,wbbus.in,https://wbbus.in/bus/radhika-wb37c9545-chittaranjan-bardhaman-1193
wbbus-in-rahul-bandwan-bankura-4264,RAHUL,,Private,WB679527,Bandwan,Bandwan,Bankura,8:35 AM,,,2,wbbus.in,https://wbbus.in/bus/rahul-wb679527-bandwan-bankura-257
wbbus-in-raj-dhanara-durgapur-station-4265,RAJ,,Private,WB67A0155,Dhanara,Dhanara,Durgapur (Station),7:00 AM,,,2,wbbus.in,https://wbbus.in/bus/raj-wb67a0155-dhanara-durgapur-station-425
wbbus-in-rajdip-nabadwip-sainthia-4266,RAJDIP,,Private,WB518974,Nabadwip,Nabadwip,Sainthia,4:50 AM,9:20 AM,,2,wbbus.in,https://wbbus.in/bus/rajdip-wb518974-nabadwip-sainthia-1414
wbbus-in-rajdoot-tangrakhali-baharagora-4267,RAJDOOT,,Private,WB11C4317,Tangrakhali,Tangrakhali,Baharagora,5:00 AM,,,2,wbbus.in,https://wbbus.in/bus/rajdoot-wb11c4317-tangrakhali-baharagora-444
wbbus-in-rajlaxmi-bardhaman-bishnupur-4268,RAJLAXMI,,Private,WB41K2045,Bardhaman,Bardhaman,Bishnupur,5:50 AM,,,2,wbbus.in,https://wbbus.in/bus/rajlaxmi-wb41k2045-bardhaman-bishnupur-728
wbbus-in-ram-krishna-panskura-bardhaman-4269,RAM KRISHNA,,Private,WB33B2874,Panskura,Panskura,Bardhaman,3:10 AM,,,2,wbbus.in,https://wbbus.in/bus/ram-krishna-wb33b2874-panskura-bardhaman-637
wbbus-in-ramnidhi-nandigram-karunamoyee-4270,RAMNIDHI,,Private,WB29B9949,Nandigram,Nandigram,Karunamoyee,7:30 AM,,,2,wbbus.in,https://wbbus.in/bus/ramnidhi-wb29b9949-nandigram-karunamoyee-615
wbbus-in-ramnidhi-nandigram-howrah-4271,RAMNIDHI,,Private,WB29D9753,Nandigram,Nandigram,Howrah,7:00 AM,,,2,wbbus.in,https://wbbus.in/bus/ramnidhi-wb29d9753-nandigram-howrah-983
wbbus-in-ranar-joyrampur-ranaghat-4272,RANAR,,Private,WB517861,Joyrampur,Joyrampur,Ranaghat,6:50 AM,,,2,wbbus.in,https://wbbus.in/bus/ranarr-wb517861-joyrampur-ranaghat-560
wbbus-in-rbn-travels-kharagpur-barabazar-4273,RBN TRAVELS,,Private,WB55B7065,Kharagpur,Kharagpur,Barabazar,4:40 AM,11:20 AM,,2,wbbus.in,https://wbbus.in/bus/rbn-travels-wb55b7065-kharagpur-barabazar-1391
wbbus-in-ria-super-medinipur-contai-4274,RIA SUPER,,Private,WB33C8858,Medinipur,Medinipur,Contai,5:40 AM,8:50 AM,,2,wbbus.in,https://wbbus.in/bus/ria-super-wb33c8858-medinipur-contai-1134
wbbus-in-rina-boga-karunamoyee-4275,RINA,,Private,WB29E6956,Boga,Boga,Karunamoyee,6:20 AM,,,2,wbbus.in,https://wbbus.in/bus/rina-wb29e6956-boga-karunamoyee-1113
wbbus-in-rocket-jhilimili-kolkata-4276,ROCKET,,Private,WB41H0905,Jhilimili,Jhilimili,Kolkata,7:10 PM,,,2,wbbus.in,https://wbbus.in/bus/rocket-wb41h0905-jhilimili-kolkata-464
wbbus-in-rohit-bardhaman-hazaribagh-4277,ROHIT,,Private,JH02AM2482,Bardhaman,Bardhaman,Hazaribagh,8:15 AM,,,2,wbbus.in,https://wbbus.in/bus/rohit-jh02am2482-bardhaman-hazaribagh-1164
wbbus-in-rohit-hazaribagh-bardhaman-4278,ROHIT,,Private,JH02BR6360,Hazaribagh,Hazaribagh,Bardhaman,9:15 AM,,,2,wbbus.in,https://wbbus.in/bus/rohit-jh02br6360-hazaribagh-bardhaman-1165
wbbus-in-roj-sokal-bardhaman-bankura-4279,ROJ SOKAL,,Private,WB37C6594,Bardhaman,Bardhaman,Bankura,6:10 AM,10:00 AM,,2,wbbus.in,https://wbbus.in/bus/roj-sokal-wb37c6594-bardhaman-bankura-1411
wbbus-in-roshni-debra-bajkul-4280,ROSHNI,,Private,WB33F3443,Debra,Debra,Bajkul,8:50 AM,,,2,wbbus.in,https://wbbus.in/bus/roshni-wb33f3443-debra-bajkul-340
wbbus-in-roshni-sandhipur-kolkata-esplanade-4281,ROSHNI,,Private,WB31N0324,Sandhipur,Sandhipur,Kolkata (Esplanade),4:50 AM,,,2,wbbus.in,https://wbbus.in/bus/roshni-wb31n0324-sandhipur-kolkata-esplanade-958
wbbus-in-roshni-balichak-kukrahati-4282,ROSHNI,,Private,WB29D9462,Balichak,Balichak,Kukrahati,6:20 AM,,,2,wbbus.in,https://wbbus.in/bus/roshni-wb29d9462-balichak-kukrahati-1166
wbbus-in-rubi-suri-bardhaman-4283,RUBI,,Private,WB370092,Suri,Suri,Bardhaman,5:00 AM,,,2,wbbus.in,https://wbbus.in/bus/rubi-wb370092-suri-bardhaman-922
wbbus-in-rudrapriya-digha-kolkata-esplanade-4284,RUDRAPRIYA,,Private,WB29G6945,Digha,Digha,Kolkata (Esplanade),2:50 AM,,,2,wbbus.in,https://wbbus.in/bus/rudrapriya-wb29g6945-digha-kolkata-esplanade-1115
wbbus-in-rupak-turka-howrah-4286,RUPAK,,Private,WB31A4445,Turka,Turka,Howrah,4:45 AM,,,2,wbbus.in,https://wbbus.in/bus/rupak-super-wb31a4445-turka-howrah-1224
wbbus-in-rupali-durgapur-station-arambagh-4287,RUPALI,,Private,WB39C4629,Durgapur (Station),Durgapur (Station),Arambagh,7:10 AM,,,2,wbbus.in,https://wbbus.in/bus/rupali-wb39c4629-durgapur-station-arambagh-471
wbbus-in-rupasi-bangla-bardhaman-bankura-4288,RUPASI BANGLA,,Private,WB67B3652,Bardhaman,Bardhaman,Bankura,,,,2,wbbus.in,https://wbbus.in/bus/rupasi-bangla-wb67b3652-bardhaman-bankura-1390
wbbus-in-s-s-travels-medinipur-ghatal-4289,S.S. TRAVELS,,Private,WB33E4717,Medinipur,Medinipur,Ghatal,5:30 AM,,,2,wbbus.in,https://wbbus.in/bus/s-s-travels-wb33e4717-medinipur-ghatal-144
wbbus-in-sabitri-bardhaman-barakar-4290,SABITRI,,Private,WB41C5061,Bardhaman,Bardhaman,Barakar,7:30 AM,,,2,wbbus.in,https://wbbus.in/bus/sabitri-wb41c5061-bardhaman-barakar-927
wbbus-in-sabyasachi-kalna-bardhaman-4291,SABYASACHI,,Private,WB41J1264,Kalna,Kalna,Bardhaman,6:55 AM,,,2,wbbus.in,https://wbbus.in/bus/sabyasachi-wb41j1264-kalna-bardhaman-924
wbbus-in-sagarika-amlai-bardhaman-4292,SAGARIKA,,Private,WB67A3341,Amlai,Amlai,Bardhaman,7:00 AM,,,2,wbbus.in,https://wbbus.in/bus/sagarika-wb67a3341-amlai-bardhaman-1413
wbbus-in-sahara-panskura-arambagh-4293,SAHARA,,Private,WB50AB4218,Panskura,Panskura,Arambagh,3:50 AM,,,2,wbbus.in,https://wbbus.in/bus/sahara-wb50ab4218-panskura-arambagh-1053
wbbus-in-saheli-benachity-jamalpur-4294,SAHELI,,Private,WB39A8282,Benachity,Benachity,Jamalpur,7:40 AM,,,2,wbbus.in,https://wbbus.in/bus/saheli-wb39a8282-benachity-jamalpur-1360
wbbus-in-samanta-travel-s-howrah-paniparul-4295,SAMANTA TRAVEL'S,,Private,WB29C5069,Howrah,Howrah,Paniparul,8:20 AM,,,2,wbbus.in,https://wbbus.in/bus/samanta-travel%27s-wb29c5069-howrah-station-paniparulpur-1179
wbbus-in-asr-travels-haludkanali-kolkata-esplanade-4296,ASR TRAVELS,,Private,WB57C0999,Haludkanali,Haludkanali,Kolkata (Esplanade),4:30 AM,,,2,wbbus.in,https://wbbus.in/bus/asr-travels-wb57c0999-haludkanali-kolkata-esplaned-326
wbbus-in-atithi-sarenga-medinipur-4297,ATITHI,,Private,WB33A4667,Sarenga,Sarenga,Medinipur,5:50 AM,8:30 AM,,2,wbbus.in,https://wbbus.in/bus/atithi-wb33a4667-sarenga-medinipur-1079
wbbus-in-avijan-tarkeshwar-kharagpur-4298,AVIJAN,,Private,WB33B9200,Tarkeshwar,Tarkeshwar,Kharagpur,5:50 AM,,,2,wbbus.in,https://wbbus.in/bus/abhijan-wb33b9200-tarkeshwar-kharagpur-280
wbbus-in-avijan-patharchapuri-bardhaman-4299,AVIJAN,,Private,WB41F1133,Patharchapuri,Patharchapuri,Bardhaman,4:40 AM,,,2,wbbus.in,https://wbbus.in/bus/avijan-wb41f1133-patharchapuri-bardhaman-890
wbbus-in-sampa-medinipur-contai-4300,SAMPA,,Private,WB33B5342,Medinipur,Medinipur,Contai,7:30 AM,11:20 AM,,2,wbbus.in,https://wbbus.in/bus/sampa-wb33b5342-medinipur-contai-1330
wbbus-in-samrat-bolpur-dumka-4301,SAMRAT,,Private,WB53C5564,Bolpur,Bolpur,Dumka,6:50 AM,10:40 AM,,2,wbbus.in,https://wbbus.in/bus/samrat-wb53c5564-bolpur-dumka-1346
wbbus-in-sankhababa-chandrakona-road-bishnupur-4302,SANKHABABA,,Private,WB33A8285,Chandrakona Road,Chandrakona Road,Bishnupur,6:50 AM,8:10 AM,,2,wbbus.in,https://wbbus.in/bus/sankhababa-wb33a8285-chandrakona-road-bishnupur-1321
wbbus-in-sankhababa-bishnupur-medinipur-4303,SANKHABABA,,Private,WB33A8285,Bishnupur,Bishnupur,Medinipur,9:15 AM,11:50 AM,,2,wbbus.in,https://wbbus.in/bus/sankhababa-wb33a8285-bishnupur-medinipur-1322
wbbus-in-santosh-solpatta-karunamoyee-4304,SANTOSH,,Private,WB29C3159,Solpatta,Solpatta,Karunamoyee,4:15 AM,,,2,wbbus.in,https://wbbus.in/bus/santosh-wb29c3159-solpatta-karunamoyee-832
wbbus-in-santosh-gomunda-kolkata-esplanade-4305,SANTOSH,,Private,WB317029,Gomunda,Gomunda,Kolkata (Esplanade),9:55 AM,,,2,wbbus.in,https://wbbus.in/bus/santosh-wb317029-gomunda-kolkata-esplanade-858
wbbus-in-sany-egra-mukundapur-4306,SANY,,Private,WB29C3776,Egra,Egra,Mukundapur,3:50 AM,,,2,wbbus.in,https://wbbus.in/bus/sany-wb29c3776-egra-mukundapur-1124
wbbus-in-sanyasi-baba-manbazar-kharagpur-4307,SANYASI BABA,,Private,WB33F3536,Manbazar,Manbazar,Kharagpur,6:30 AM,,,2,wbbus.in,https://wbbus.in/bus/sanyasi-baba-wb33f3536-manbazar-kharagpur-561
wbbus-in-saptarishi-bardhaman-bankura-4308,SAPTARISHI,,Private,WB41A7248,Bardhaman,Bardhaman,Bankura,5:25 AM,,,2,wbbus.in,https://wbbus.in/bus/saptarishi-wb41a7248-bardhaman-bankura-805
wbbus-in-sarathi-kenjakura-bankura-4309,SARATHI,,Private,WB33B1924,Kenjakura,Kenjakura,Bankura,7:40 AM,,,2,wbbus.in,https://wbbus.in/bus/sarathi-wb33b1924-kenjakura-bankura-432
wbbus-in-satadal-durgachak-shyambazar-4310,SATADAL,,Private,WB29B6869,Durgachak,Durgachak,Shyambazar,5:45 AM,,,2,wbbus.in,https://wbbus.in/bus/satadal-wb29b6869-durgachak-shyambazar-273
wbbus-in-sbstc-medinipur-malda-4311,SBSTC,,Government - SBSTC,,Medinipur,Medinipur,Malda,4:30 AM,5:00 PM,,2,wbbus.in,https://wbbus.in/bus/sbstc-medinipur-malda-408
wbbus-in-sbstc-durgapur-city-center-purulia-4312,SBSTC Durgapur-Purulia,SBSTC,Government - SBSTC,WB 39B 4813,Durgapur (City Center),Durgapur (City Center),Purulia,9:00 AM,1:30 PM,,15,wbbus.in,https://wbbus.in/bus/sbstc-durgapur-city-center-purulia-420
wbbus-in-sbstc-durgapur-city-center-gopiballabpur-4313,SBSTC Durgapur-Gopiballabpur,SBSTC,Government - SBSTC,,Durgapur (City Center),Durgapur (City Center),Gopiballabpur,5:15 AM,11:15 AM,,26,wbbus.in,https://wbbus.in/bus/sbstc-durgapur-city-center-gopiballabpur-434
wbbus-in-sbstc-jhargram-durgapur-city-center-4314,SBSTC,,Government - SBSTC,,Jhargram,Jhargram,Durgapur (City Center),5:20 AM,9:25 AM,,2,wbbus.in,https://wbbus.in/bus/sbstc-jhargram-durgapur-city-center-451
wbbus-in-sbstc-bankura-kolkata-esplanade-4315,SBSTC,,Government - SBSTC,,Bankura,Bankura,Kolkata (Esplanade),5:00 AM,10:45 AM,,2,wbbus.in,https://wbbus.in/bus/sbstc-bankura-kolkata-esplaned-454
wbbus-in-sbstc-arambagh-purulia-4316,SBSTC,,Government - SBSTC,,Arambagh,Arambagh,Purulia,5:20 AM,10:50 AM,,2,wbbus.in,https://wbbus.in/bus/sbstc-arambagh-purulia-549
wbbus-in-sbstc-purulia-durgapur-station-4317,SBSTC,,Government - SBSTC,,Purulia,Purulia,Durgapur (Station),8:15 AM,11:55 AM,,2,wbbus.in,https://wbbus.in/bus/sbstc-purulia-durgapur-station-651
wbbus-in-sbstc-bankura-asansol-4318,SBSTC,,Government - SBSTC,,Bankura,Bankura,Asansol,8:25 AM,10:20 AM,,2,wbbus.in,https://wbbus.in/bus/sbstc-bankura-asansol-683
wbbus-in-sbstc-bardhaman-manbazar-4319,SBSTC,,Government - SBSTC,,Bardhaman,Bardhaman,Manbazar,5:50 AM,10:20 AM,,2,wbbus.in,https://wbbus.in/bus/sbstc-bardhaman-manbazar-692
wbbus-in-sbstc-bolpur-digha-4320,SBSTC Bolpur-Digha,SBSTC,Government - SBSTC,,Digha,Bolpur,Digha,5:30 AM,7:30 AM,,45,wbbus.in,https://wbbus.in/bus/sbstc-bolpur-digha-742
wbbus-in-sbstc-kharagpur-manbazar-4321,SBSTC Kharagpur-Manbazar,SBSTC,Government - SBSTC,WB 39B 8543,Kharagpur,Kharagpur,Manbazar,6:05 AM,11:50 AM,,18,wbbus.in,https://wbbus.in/bus/sbstc-kharagpur-manbazar-817
wbbus-in-sbstc-nabadwip-manbazar-4322,SBSTC,,Government - SBSTC,,Nabadwip,Nabadwip,Manbazar,3:45 AM,12:30 PM,,2,wbbus.in,https://wbbus.in/bus/sbstc-nabadwip-manbazar-844
wbbus-in-sbstc-baghmundi-kolkata-esplanade-4323,SBSTC,,Government - SBSTC,,Baghmundi,Baghmundi,Kolkata (Esplanade),5:00 AM,,,2,wbbus.in,https://wbbus.in/bus/sbstc-baghmundi-kolkata-esplanade-896
wbbus-in-sbstc-bardhaman-purulia-4324,SBSTC,,Government - SBSTC,,Bardhaman,Bardhaman,Purulia,6:10 AM,11:45 AM,,2,wbbus.in,https://wbbus.in/bus/sbstc-bardhaman-purulia-936
wbbus-in-sbstc-purulia-ajodhya-hills-4325,SBSTC,,Government - SBSTC,,Purulia,Purulia,Ajodhya Hills,8:00 AM,9:40 AM,,2,wbbus.in,https://wbbus.in/bus/sbstc-purulia-ajodhya-hills-1109
wbbus-in-sbstc-karunamoyee-bandwan-4326,SBSTC,,Government - SBSTC,,Karunamoyee,Karunamoyee,Bandwan,4:45 AM,11:00 AM,,2,wbbus.in,https://wbbus.in/bus/sbstc-karunamoye-bandwan-1158
wbbus-in-sbstc-manbazar-durgapur-city-center-4327,SBSTC,,Government - SBSTC,,Manbazar,Manbazar,Durgapur (City Center),5:30 AM,8:45 AM,,2,wbbus.in,https://wbbus.in/bus/sbstc--manbazar-durgapur-%28city-center%29-1159
wbbus-in-senjuti-kolkata-esplanade-baharampur-4328,SENJUTI,,Private,WB57E7140,Kolkata (Esplanade),Kolkata (Esplanade),Baharampur,5:40 AM,,,2,wbbus.in,https://wbbus.in/bus/senjuti-wb57e7140-kolkata-esplaned-baharampur-724
wbbus-in-shankar-parwati-tatanagar-kolkata-esplanade-4329,SHANKAR PARWATI,,Private,WB55B7070,Tatanagar,Tatanagar,Kolkata (Esplanade),7:15 PM,,,2,wbbus.in,https://wbbus.in/bus/shankar-parwati-wb55b7070-tatanagar-kolkata-esplanade-795
wbbus-in-shanti-bokaro-durgapur-station-4330,SHANTI,,Private,JH09AF3342,Bokaro,Bokaro,Durgapur (Station),6:40 AM,,,2,wbbus.in,https://wbbus.in/bus/shanti-jh09af3342-bokaro-durgapur-station-574
wbbus-in-shefali-raniganj-bankura-4331,SHEFALI,,Private,WB67A5155,Raniganj,Raniganj,Bankura,4:45 AM,,,2,wbbus.in,https://wbbus.in/bus/shefali-wb67a5155-raniganj-bankura-744
wbbus-in-shib-shakti-bishnupur-bankura-4332,SHIB SHAKTI,,Private,WB33A1259,Bishnupur,Bishnupur,Bankura,7:15 AM,10:00 AM,,2,wbbus.in,https://wbbus.in/bus/shib-shakti-wb33a1259-bishnupur-bankura-1408
wbbus-in-shivshakti-solpatta-howrah-4333,SHIVSHAKTI,,Private,WB29B2132,Solpatta,Solpatta,Howrah,4:25 AM,,,2,wbbus.in,https://wbbus.in/bus/shivshakti-wb29b2132-solpatta-howrah-177
wbbus-in-shivshakti-mirzapur-kolkata-esplanade-4334,SHIVSHAKTI,,Private,WB31A3464,Mirzapur,Mirzapur,Kolkata (Esplanade),7:10 AM,,,2,wbbus.in,https://wbbus.in/bus/shivshakti-wb31a3464-mirzapur-kolkata-esplaned-182
wbbus-in-shradhanjali-chandrakona-road-medinipur-4335,SHRADHANJALI,,Private,WB33L2755,Chandrakona Road,Chandrakona Road,Medinipur,8:20 AM,9:45 AM,,2,wbbus.in,https://wbbus.in/bus/shradhanjali-wb33l2755-chandrakona-road-medinipur-1354
wbbus-in-shradhanjali-medinipur-ghatal-4336,SHRADHANJALI,,Private,WB33L2755,Medinipur,Medinipur,Ghatal,10:45 AM,,,2,wbbus.in,https://wbbus.in/bus/shradhanjali-wb33l2755-medinipur-ghatal-1355
wbbus-in-shradhanjali-chandrakona-road-bishnupur-4337,SHRADHANJALI,,Private,WB335116,Chandrakona Road,Chandrakona Road,Bishnupur,4:50 AM,6:30 AM,,2,wbbus.in,https://wbbus.in/bus/shradhanjali-wb335116-chandrakona-road-bishnupur-1375
wbbus-in-shradhanjali-bishnupur-ghatal-4338,SHRADHANJALI,,Private,WB335116,Bishnupur,Bishnupur,Ghatal,6:50 AM,10:25 AM,,2,wbbus.in,https://wbbus.in/bus/shradhanjali-wb335116-bishnupur-ghatal-1376
wbbus-in-shreedhar-chandrakona-road-howrah-4339,SHREEDHAR,,Private,WB49N1966,Chandrakona Road,Chandrakona Road,Howrah,5:50 AM,,,2,wbbus.in,https://wbbus.in/bus/sreedhar-wb49n1966-chandrakona-road-howrah-381
wbbus-in-shreedhar-moynapur-kolkata-esplanade-4340,SHREEDHAR,,Private,WB870588,Moynapur,Moynapur,Kolkata (Esplanade),7:40 AM,,,2,wbbus.in,https://wbbus.in/bus/sreedhar-wb870588-moynapur-kolkata-esplaned-726
wbbus-in-shreedhar-mangrul-howrah-4341,SHREEDHAR,,Private,WB33D4362,Mangrul,Mangrul,Howrah,5:20 AM,,,2,wbbus.in,https://wbbus.in/bus/shreedhar-wb33d4362-mangrul-howrah-1072
wbbus-in-shreedhar-mangrul-karunamoyee-4342,SHREEDHAR,,Private,WB50AB8193,Mangrul,Mangrul,Karunamoyee,6:40 AM,,,2,wbbus.in,https://wbbus.in/bus/shreedhar-wb50ab8193-mangrul-karunamoyee-1399
wbbus-in-sitanath-purulia-bardhaman-4343,SITANATH,,Private,WB55A3154,Purulia,Purulia,Bardhaman,5:50 AM,,,2,wbbus.in,https://wbbus.in/bus/sitanath-wb55a3154-purulia-bardhaman-701
wbbus-in-snemita-kalyani-digha-4344,SNEMITA,,Private,WB31A4284,Kalyani,Kalyani,Digha,4:40 AM,,,2,wbbus.in,https://wbbus.in/bus/snemita-wb31a4284-kalyani-digha-1146
wbbus-in-sonar-harin-karimpur-krishnanagar-4346,SONAR HARIN,,Private,WB51A0181,Karimpur,Karimpur,Krishnanagar,8:05 AM,,,2,wbbus.in,https://wbbus.in/bus/sonar-harin-wb51a0181-karimpur-krishnanagar-1416
wbbus-in-sourav-jamtoria-bankura-4347,SOURAV,,Private,WB674511,Jamtoria,Jamtoria,Bankura,5:00 AM,,,2,wbbus.in,https://wbbus.in/bus/sourav-wb674511-jamtoria-bankura-871
wbbus-in-sri-krishna-fulkusma-howrah-4348,SRI KRISHNA,,Private,WB33C8888,Fulkusma,Fulkusma,Howrah,3:45 AM,,,2,wbbus.in,https://wbbus.in/bus/sri-krishna-wb33c8888-fulkusma-howrah-232
wbbus-in-sri-krishna-garhbeta-howrah-4349,SRI KRISHNA,,Private,WB29C3007,Garhbeta,Garhbeta,Howrah,6:50 AM,,,2,wbbus.in,https://wbbus.in/bus/sri-krishna-wb29c3007-garhbeta-howrah-945
wbbus-in-sri-krishna-bajitpur-bolpur-4350,SRI KRISHNA,,Private,WB41K1946,Bajitpur,Bajitpur,Bolpur,4:55 AM,9:30 AM,,2,wbbus.in,https://wbbus.in/bus/sri-krishna-wb41k1946-bajitpur-bolpur-1326
wbbus-in-ayesha-bankura-bardhaman-4351,AYESHA,,Private,WB67C1808,Bankura,Bankura,Bardhaman,7:25 AM,,,2,wbbus.in,https://wbbus.in/bus/ayesha-wb67c1808-bankura-bardhaman-356
wbbus-in-ayush-baharampur-digha-4352,AYUSH,,Private,WB29D1556,Baharampur,Baharampur,Digha,6:50 PM,,,2,wbbus.in,https://wbbus.in/bus/ayush-wb29d1556-baharampur-digha-921
wbbus-in-azad-hind-bankura-durgapur-station-4353,AZAD HIND,,Private,WB675299,Bankura,Bankura,Durgapur (Station),7:25 AM,,,2,wbbus.in,https://wbbus.in/bus/azad-hind-wb675299-bankura-durgapur-station-581
wbbus-in-srijita-suri-bardhaman-4354,SRIJITA,,Private,WB535712,Suri,Suri,Bardhaman,3:40 AM,,,2,wbbus.in,https://wbbus.in/bus/srijita-wb535712-suri-bardhaman-119
wbbus-in-sulekha-digha-kolkata-esplanade-4355,SULEKHA,,Private,WB29J1560,Digha,Digha,Kolkata (Esplanade),5:10 AM,9:50 AM,,2,wbbus.in,https://wbbus.in/bus/sulekha-wb29j1560-digha-kolkata-%28esplanade%29-1395
wbbus-in-sultan-baidyanathpur-kashipur-4356,SULTAN,,Private,WB67B5266,Baidyanathpur,Baidyanathpur,Kashipur,5:50 AM,,,2,wbbus.in,https://wbbus.in/bus/sultan-wb67b5266-baidyanathpur-kashipur-515
wbbus-in-sumaiya-brahmandiha-kukrahati-4357,SUMAIYA,,Private,WB50AA2540,Brahmandiha,Brahmandiha,Kukrahati,6:10 AM,,,2,wbbus.in,https://wbbus.in/bus/sumaiya-wb50aa2540-brahmandiha-kukrahati-612
wbbus-in-sundar-karimpur-bangaon-4358,SUNDAR,,Private,WB513053,Karimpur,Karimpur,Bangaon,5:50 AM,,,2,wbbus.in,https://wbbus.in/bus/sundar-wb513053-karimpur-bangaon-877
wbbus-in-suparna-pratap-dighi-tarkeshwar-4359,SUPARNA,,Private,WB318394,Pratap Dighi,Pratap Dighi,Tarkeshwar,4:30 AM,,,2,wbbus.in,https://wbbus.in/bus/suparna-wb318394-pratap-dighi-tarkeshwar-590
wbbus-in-super-citizen-lakshmisagar-kolkata-esplanade-4360,SUPER CITIZEN,,Private,WB33C7295,Lakshmisagar,Lakshmisagar,Kolkata (Esplanade),3:20 AM,,,2,wbbus.in,https://wbbus.in/bus/super-citizen-wb33c7295-lakshmisagar-kolkata-esplaned-180
wbbus-in-super-citizen-goaltore-howrah-4361,SUPER CITIZEN,,Private,WB67B7852,Goaltore,Goaltore,Howrah,4:50 AM,9:50 AM,,2,wbbus.in,https://wbbus.in/bus/super-citizen-wb67b7852-goaltore-howrah-1324
wbbus-in-surya-lodda-kenjakura-4362,SURYA,,Private,WB11C7532,Lodda,Lodda,Kenjakura,7:00 AM,,,2,wbbus.in,https://wbbus.in/bus/surya-wb11c7532-lodda-kenjakura-584
wbbus-in-swapan-smiriti-arambagh-barakar-4363,SWAPAN SMIRITI,,Private,WB41E3658,Arambagh,Arambagh,Barakar,6:10 AM,,,2,wbbus.in,https://wbbus.in/bus/swapan-smiriti-wb41e3658-arambagh-barakar-781
wbbus-in-swapnamay-haldia-durgapur-city-center-4364,SWAPNAMAY,,Private,WB29H4087,Haldia,Haldia,Durgapur (City Center),12:05 AM,8:35 AM,,2,wbbus.in,https://wbbus.in/bus/swapnamay-wb29h4087-haldia-durgapur-%28city-center%29-1398
wbbus-in-swarnadeep-jhargram-bardhaman-4365,SWARNADEEP,,Private,WB39B6162,Jhargram,Jhargram,Bardhaman,7:25 AM,2:20 PM,,2,wbbus.in,https://wbbus.in/bus/swarnadeep-wb39b6162-jhargram-bardhaman-1374
wbbus-in-swastibahi-nabadwip-tarkeshwar-4366,SWASTIBAHI,,Private,WB04G3104,Nabadwip,Nabadwip,Tarkeshwar,,,,2,wbbus.in,https://wbbus.in/bus/swastibahi-wb04g3104-nabadwip-tarkeshwar-928
wbbus-in-sweety-manihara-bardhaman-4367,SWEETY,,Private,WB39B4536,Manihara,Manihara,Bardhaman,6:00 AM,,,2,wbbus.in,https://wbbus.in/bus/sweety-wb39b4536-manihara-bardhaman-867
wbbus-in-taj-international-ramjibanpur-howrah-4368,TAJ INTERNATIONAL,,Private,WB33B8949,Ramjibanpur,Ramjibanpur,Howrah,8:50 AM,,,2,wbbus.in,https://wbbus.in/bus/taj-wb33b8949-ramjibanpur-howrah-599
wbbus-in-tanveer-bankura-bardhaman-4369,TANVEER,,Private,WB33B5549,Bankura,Bankura,Bardhaman,9:20 AM,,,2,wbbus.in,https://wbbus.in/bus/tanveer-wb33b5549-bankura-bardhaman-277
wbbus-in-tanveer-rasulpur-pirakata-4370,TANVEER,,Private,WB41K2839,Rasulpur,Rasulpur,Pirakata,5:45 AM,,,2,wbbus.in,https://wbbus.in/bus/tanveer-wb41k2839-rasulpur-pirakata-482
wbbus-in-tanveer-line-bardhaman-manbazar-4371,TANVEER LINE,,Private,WB41S6840,Bardhaman,Bardhaman,Manbazar,6:25 AM,11:00 AM,,2,wbbus.in,https://wbbus.in/bus/tanveer-line-wb41s6840-bardhaman-manbazar-1339
wbbus-in-tara-maa-tarkeshwar-kharagpur-4372,TARA MAA,,Private,WB15C1881,Tarkeshwar,Tarkeshwar,Kharagpur,7:10 AM,,,2,wbbus.in,https://wbbus.in/bus/tara-maa-wb15c1881-tarkeshwar-kharagpur-674
wbbus-in-tara-maa-khatra-tarkeshwar-4373,TARA MAA,,Private,WB159701,Khatra,Khatra,Tarkeshwar,6:05 AM,,,2,wbbus.in,https://wbbus.in/bus/tara-maa-wb159701-khatra-tarkeshwar-1180
wbbus-in-tilottama-egra-ghatal-4374,TILOTTAMA,,Private,WB29D6332,Egra,Egra,Ghatal,5:00 AM,,,2,wbbus.in,https://wbbus.in/bus/tilottama-wb29d6332-egra-ghatal-741
wbbus-in-tirupati-kenjakura-kolkata-esplanade-4375,TIRUPATI,,Private,WB67B9099,Kenjakura,Kenjakura,Kolkata (Esplanade),8:30 PM,,,2,wbbus.in,https://wbbus.in/bus/tirupati-wb67b9099-kenjakura-kolkata-esplaned-315
wbbus-in-toofan-joypur-kolkata-4376,TOOFAN,,Private,WB33C4881,Joypur,Joypur,Kolkata,5:35 AM,,,2,wbbus.in,https://wbbus.in/bus/toofan-wb33c4881-joypur-kolkata-439
wbbus-in-tufan-kamarpukur-khatra-4377,TUFAN,,Private,WB673259,Kamarpukur,Kamarpukur,Khatra,7:25 AM,,,2,wbbus.in,https://wbbus.in/bus/tufan-wb673259-kamarpukur-khatra-221
wbbus-in-tufan-gold-haludkanali-kolkata-esplanade-4378,TUFAN GOLD,,Private,WB65D1907,Haludkanali,Haludkanali,Kolkata (Esplanade),4:40 AM,,,2,wbbus.in,https://wbbus.in/bus/tufan-gold-wb65d1907-haludkanali-kolkata-esplaned-248
wbbus-in-usha-cooch-behar-siliguri-4379,USHA,,Private,WB63B1790,Cooch Behar,Cooch Behar,Siliguri,6:30 AM,,,7,wbbus.in,https://wbbus.in/bus/usha-wb63b1790-cooch-behar-siliguri-873
wbbus-in-vidyasagar-belpahari-contai-4380,VIDYASAGAR,,Private,WB495999,Belpahari,Belpahari,Contai,4:25 AM,,,2,wbbus.in,https://wbbus.in/bus/vidyasagar-wb495999-belpahari-contai-580
wbbus-in-western-diamond-chandrakona-road-belpahari-4381,WESTERN DIAMOND,,Private,WB33B1714,Chandrakona Road,Chandrakona Road,Belpahari,6:40 AM,11:15 AM,,2,wbbus.in,https://wbbus.in/bus/western-diamond-wb33b1714-chandrakona-road-belpahari-1297
wbbus-in-western-diamond-bishnupur-gopiballabpur-4382,WESTERN DIAMOND,,Private,WB33F3255,Bishnupur,Bishnupur,Gopiballabpur,6:15 AM,11:45 AM,,2,wbbus.in,https://wbbus.in/bus/western-diamond-wb33f3255-bishnupur-gopiballabpur-1313
wbbus-in-yuvaan-digha-siliguri-4383,YUVAAN,,Private,WB33P9991,Digha,Digha,Siliguri,12:10 PM,7:30 AM,,2,wbbus.in,https://wbbus.in/bus/yuvaan-wb33p9991-digha-siliguri-1424
wbbus-in-baba-bhairav-lakshanpur-raniganj-4384,BABA BHAIRAV,,Private,WB67D8130,Lakshanpur,Lakshanpur,Raniganj,6:40 AM,,,2,wbbus.in,https://wbbus.in/bus/baba-bhairav-wb67d8130-lakshanpur-raniganj-689
wbbus-in-baba-lokenath-kankrajhore-medinipur-4385,BABA LOKENATH,,Private,WB490756,Kankrajhore,Kankrajhore,Medinipur,9:30 AM,,,2,wbbus.in,https://wbbus.in/bus/baba-lokenath-wb490756-kankrajhore-medinipur-595
wbbus-in-baba-mrityunjay-itaberia-medinipur-4386,BABA MRITYUNJAY,,Private,WB29A2334,Itaberia,Itaberia,Medinipur,5:00 AM,,,2,wbbus.in,https://wbbus.in/bus/baba-mrityunjay-wb29a2334-itaberia-medinipur-1403
wbbus-in-baba-tarakeswar-haldia-dhumsai-4387,BABA TARAKESWAR,,Private,WB29C2987,Haldia,Haldia,Dhumsai,3:10 AM,,,2,wbbus.in,https://wbbus.in/bus/baba-tarakeswar-wb29c2987-haldia-dhumsai-341
wbbus-in-balaji-egra-karunamoyee-4388,BALAJI,,Private,WB29E0912,Egra,Egra,Karunamoyee,3:35 AM,,,2,wbbus.in,https://wbbus.in/bus/balaji-wb29e0912-egra-karunamoyee-755
wbbus-in-banerjee-kolkata-esplanade-purulia-4389,BANERJEE,,Private,WB41J6203,Kolkata (Esplanade),Kolkata (Esplanade),Purulia,5:25 AM,,,2,wbbus.in,https://wbbus.in/bus/banerjee-wb41j6203-kolkata-purulia-624
wbbus-in-baneswar-kantore-jhargram-4390,BANESWAR,,Private,WB33D1039,Kantore,Kantore,Jhargram,9:00 AM,1:45 PM,,2,wbbus.in,https://wbbus.in/bus/baneswar-wb33d1039-kantore-jhargram-1397
wbbus-in-banga-bhumi-jaleswar-medinipur-4391,BANGA BHUMI,,Private,WB29C3063,Jaleswar,Jaleswar,Medinipur,8:00 AM,,,2,wbbus.in,https://wbbus.in/bus/sankat-mochan-wb29c3063-mecheda-durgapur-station-82
nbstc-blg-coochbehar-520am,NBSTC Balurghat-Cooch Behar,NBSTC,Government,,Balurghat,Balurghat,Cooch Behar,5:20 AM,,,2,NBSTC Balurghat terminus timetable (user-verified photo),
nbstc-blg-ranaghat-600am,NBSTC Balurghat-Ranaghat,NBSTC,Government,,Balurghat,Balurghat,Ranaghat,6:00 AM,,,2,NBSTC Balurghat terminus timetable (user-verified photo),
nbstc-blg-farakka-1240pm,NBSTC Balurghat-Farakka,NBSTC,Government,,Balurghat,Balurghat,Farakka,12:40 PM,,,2,NBSTC Balurghat terminus timetable (user-verified photo),
nbstc-blg-farakka-1250pm,NBSTC Balurghat-Farakka,NBSTC,Government,,Balurghat,Balurghat,Farakka,12:50 PM,,,2,NBSTC Balurghat terminus timetable (user-verified photo),
nbstc-blg-farakka-100pm,NBSTC Balurghat-Farakka,NBSTC,Government,,Balurghat,Balurghat,Farakka,1:00 PM,,,2,NBSTC Balurghat terminus timetable (user-verified photo),
nbstc-blg-farakka-150pm,NBSTC Balurghat-Farakka,NBSTC,Government,,Balurghat,Balurghat,Farakka,1:50 PM,,,2,NBSTC Balurghat terminus timetable (user-verified photo),
nbstc-blg-farakka-200pm,NBSTC Balurghat-Farakka,NBSTC,Government,,Balurghat,Balurghat,Farakka,2:00 PM,,,2,NBSTC Balurghat terminus timetable (user-verified photo),
nbstc-blg-jalpaiguri-900am,NBSTC Balurghat-Jalpaiguri,NBSTC,Government,,Balurghat,Balurghat,Jalpaiguri,9:00 AM,,,2,NBSTC Balurghat terminus timetable (user-verified photo),
golden-mecheda-station-tarakeswar-4363,Golden Mecheda-Tarakeswar,Golden,Private,WB 29H 2439,,Mecheda Station,Tarakeswar,6:50 AM,12:05 PM,,24,facebook (community report),
madan-mohan-bandwan-durgapur-station-4364,MADANMOHAN,Madan Mohan,Private - NON AC,WB67B4671,,Bandwan,Durgapur (Station),10:30 AM,3:05 PM,,21,facebook (community report),
didibhai-suri-katwa-4365,Didibhai Suri-Katwa,Didibhai,Private,WB53B8677,,Suri,Katwa,6:10 AM,9:40 AM,,16,facebook (community report),
didibhai-katwa-suri-4366,Didibhai Suri-Katwa,Didibhai,Private,WB53B8677,,Katwa,Suri,3:10 PM,6:30 PM,,16,facebook (community report),
sbstc-jhrdep-jhargram-kolkata-1,SBSTC Jhargram-Kolkata,SBSTC,Government - SBSTC,,Jhargram,Jhargram,Kolkata,4:40 AM,,,3,"SBSTC Jhargram depot board (community photo, Sep 2026)",
sbstc-jhrdep-jhargram-kolkata-2,SBSTC Jhargram-Kolkata,SBSTC,Government - SBSTC,,Jhargram,Jhargram,Kolkata,5:00 AM,,,3,"SBSTC Jhargram depot board (community photo, Sep 2026)",
sbstc-jhrdep-jhargram-kolkata-3,SBSTC Jhargram-Kolkata,SBSTC,Government - SBSTC,,Jhargram,Jhargram,Kolkata,5:40 AM,,,3,"SBSTC Jhargram depot board (community photo, Sep 2026)",
sbstc-jhrdep-jhargram-kolkata-4,SBSTC Jhargram-Kolkata,SBSTC,Government - SBSTC,,Jhargram,Jhargram,Kolkata,6:30 AM,,,3,"SBSTC Jhargram depot board (community photo, Sep 2026)",
sbstc-jhrdep-jhargram-kolkata-5,SBSTC Jhargram-Kolkata,SBSTC,Government - SBSTC,,Jhargram,Jhargram,Kolkata,6:50 AM,,,4,"SBSTC Jhargram depot board (community photo, Sep 2026)",
sbstc-jhrdep-jhargram-kolkata-6,SBSTC Jhargram-Kolkata,SBSTC,Government - SBSTC,,Jhargram,Jhargram,Kolkata,7:30 AM,,,3,"SBSTC Jhargram depot board (community photo, Sep 2026)",
sbstc-jhrdep-jhargram-kolkata-7,SBSTC Jhargram-Kolkata,SBSTC,Government - SBSTC,,Jhargram,Jhargram,Kolkata,9:00 AM,,,3,"SBSTC Jhargram depot board (community photo, Sep 2026)",
sbstc-jhrdep-jhargram-kolkata-8,SBSTC Jhargram-Kolkata,SBSTC,Government - SBSTC,,Jhargram,Jhargram,Kolkata,1:35 PM,,,3,"SBSTC Jhargram depot board (community photo, Sep 2026)",
sbstc-jhrdep-jhargram-kolkata-9,SBSTC Jhargram-Kolkata,SBSTC,Government - SBSTC,,Jhargram,Jhargram,Kolkata,3:10 PM,,,4,"SBSTC Jhargram depot board (community photo, Sep 2026)",
sbstc-jhrdep-bandwan-kolkata-10,SBSTC Bandwan-Kolkata,SBSTC,Government - SBSTC,,Jhargram,Bandwan,Kolkata,6:10 AM,,,4,"SBSTC Jhargram depot board (community photo, Sep 2026)",
sbstc-jhrdep-belpahari-kolkata-11,SBSTC Belpahari-Kolkata,SBSTC,Government - SBSTC,,Jhargram,Belpahari,Kolkata,8:30 AM,,,4,"SBSTC Jhargram depot board (community photo, Sep 2026)",
sbstc-jhrdep-jhargram-garia-12,SBSTC Jhargram-Garia,SBSTC,Government - SBSTC,,Jhargram,Jhargram,Garia,10:45 AM,,,3,"SBSTC Jhargram depot board (community photo, Sep 2026)",
sbstc-jhrdep-jhargram-garia-13,SBSTC Jhargram-Garia,SBSTC,Government - SBSTC,,Jhargram,Jhargram,Garia,2:10 PM,,,3,"SBSTC Jhargram depot board (community photo, Sep 2026)",
sbstc-jhrdep-jhargram-karunamoyee-14,SBSTC Jhargram-Karunamoyee,SBSTC,Government - SBSTC,,Jhargram,Jhargram,Karunamoyee,3:00 PM,,,3,"SBSTC Jhargram depot board (community photo, Sep 2026)",
sbstc-jhrdep-jhargram-medinipur-15,SBSTC Jhargram-Medinipur,SBSTC,Government - SBSTC,,Jhargram,Jhargram,Medinipur,6:15 AM,,,3,"SBSTC Jhargram depot board (community photo, Sep 2026)",
sbstc-jhrdep-jhargram-medinipur-16,SBSTC Jhargram-Medinipur,SBSTC,Government - SBSTC,,Jhargram,Jhargram,Medinipur,7:22 AM,,,3,"SBSTC Jhargram depot board (community photo, Sep 2026)",
sbstc-jhrdep-jhargram-medinipur-17,SBSTC Jhargram-Medinipur,SBSTC,Government - SBSTC,,Jhargram,Jhargram,Medinipur,7:45 AM,,,3,"SBSTC Jhargram depot board (community photo, Sep 2026)",
sbstc-jhrdep-jhargram-medinipur-18,SBSTC Jhargram-Medinipur,SBSTC,Government - SBSTC,,Jhargram,Jhargram,Medinipur,9:00 AM,,,3,"SBSTC Jhargram depot board (community photo, Sep 2026)",
sbstc-jhrdep-jhargram-medinipur-19,SBSTC Jhargram-Medinipur,SBSTC,Government - SBSTC,,Jhargram,Jhargram,Medinipur,10:05 AM,,,3,"SBSTC Jhargram depot board (community photo, Sep 2026)",
sbstc-jhrdep-jhargram-medinipur-20,SBSTC Jhargram-Medinipur,SBSTC,Government - SBSTC,,Jhargram,Jhargram,Medinipur,12:10 PM,,,3,"SBSTC Jhargram depot board (community photo, Sep 2026)",
sbstc-jhrdep-jhargram-medinipur-21,SBSTC Jhargram-Medinipur,SBSTC,Government - SBSTC,,Jhargram,Jhargram,Medinipur,5:00 PM,,,3,"SBSTC Jhargram depot board (community photo, Sep 2026)",
sbstc-jhrdep-jhargram-medinipur-22,SBSTC Jhargram-Medinipur,SBSTC,Government - SBSTC,,Jhargram,Jhargram,Medinipur,5:50 PM,,,3,"SBSTC Jhargram depot board (community photo, Sep 2026)",
sbstc-jhrdep-medinipur-jhargram-23,SBSTC Jhargram-Medinipur,SBSTC,Government - SBSTC,,Jhargram,Medinipur,Jhargram,6:55 AM,,,3,"SBSTC Jhargram depot board (community photo, Sep 2026)",
sbstc-jhrdep-medinipur-jhargram-24,SBSTC Jhargram-Medinipur,SBSTC,Government - SBSTC,,Jhargram,Medinipur,Jhargram,8:00 AM,,,3,"SBSTC Jhargram depot board (community photo, Sep 2026)",
sbstc-jhrdep-medinipur-jhargram-25,SBSTC Jhargram-Medinipur,SBSTC,Government - SBSTC,,Jhargram,Medinipur,Jhargram,9:50 AM,,,3,"SBSTC Jhargram depot board (community photo, Sep 2026)",
sbstc-jhrdep-medinipur-jhargram-26,SBSTC Jhargram-Medinipur,SBSTC,Government - SBSTC,,Jhargram,Medinipur,Jhargram,10:20 AM,,,3,"SBSTC Jhargram depot board (community photo, Sep 2026)",
sbstc-jhrdep-medinipur-jhargram-27,SBSTC Jhargram-Medinipur,SBSTC,Government - SBSTC,,Jhargram,Medinipur,Jhargram,2:40 PM,,,3,"SBSTC Jhargram depot board (community photo, Sep 2026)",
sbstc-jhrdep-medinipur-jhargram-28,SBSTC Jhargram-Medinipur,SBSTC,Government - SBSTC,,Jhargram,Medinipur,Jhargram,6:15 PM,,,3,"SBSTC Jhargram depot board (community photo, Sep 2026)",
sbstc-jhrdep-medinipur-jhargram-29,SBSTC Jhargram-Medinipur,SBSTC,Government - SBSTC,,Jhargram,Medinipur,Jhargram,7:00 PM,,,3,"SBSTC Jhargram depot board (community photo, Sep 2026)",
sbstc-jhrdep-jhargram-durgapur-30,SBSTC Jhargram-Durgapur,SBSTC,Government - SBSTC,,Jhargram,Jhargram,Durgapur,2:50 AM,,,2,"SBSTC Jhargram depot board (community photo, Sep 2026)",
sbstc-jhrdep-jhargram-durgapur-31,SBSTC Jhargram-Durgapur,SBSTC,Government - SBSTC,,Jhargram,Jhargram,Durgapur,5:20 AM,,,2,"SBSTC Jhargram depot board (community photo, Sep 2026)",
sbstc-jhrdep-jhargram-durgapur-32,SBSTC Jhargram-Durgapur,SBSTC,Government - SBSTC,,Jhargram,Jhargram,Durgapur,5:50 AM,,,2,"SBSTC Jhargram depot board (community photo, Sep 2026)",
sbstc-jhrdep-jhargram-durgapur-33,SBSTC Jhargram-Durgapur,SBSTC,Government - SBSTC,,Jhargram,Jhargram,Durgapur,7:05 AM,,,2,"SBSTC Jhargram depot board (community photo, Sep 2026)",
sbstc-jhrdep-jhargram-durgapur-34,SBSTC Jhargram-Durgapur,SBSTC,Government - SBSTC,,Jhargram,Jhargram,Durgapur,9:30 AM,,,2,"SBSTC Jhargram depot board (community photo, Sep 2026)",
sbstc-jhrdep-jhargram-durgapur-35,SBSTC Jhargram-Durgapur,SBSTC,Government - SBSTC,,Jhargram,Jhargram,Durgapur,1:05 PM,,,2,"SBSTC Jhargram depot board (community photo, Sep 2026)",
sbstc-jhrdep-jhargram-durgapur-36,SBSTC Jhargram-Durgapur,SBSTC,Government - SBSTC,,Jhargram,Jhargram,Durgapur,2:20 PM,,,2,"SBSTC Jhargram depot board (community photo, Sep 2026)",
sbstc-jhrdep-jhargram-durgapur-37,SBSTC Jhargram-Durgapur,SBSTC,Government - SBSTC,,Jhargram,Jhargram,Durgapur,3:35 PM,,,2,"SBSTC Jhargram depot board (community photo, Sep 2026)",
sbstc-jhrdep-jhargram-purulia-38,SBSTC Jhargram-Purulia,SBSTC,Government - SBSTC,,Jhargram,Jhargram,Purulia,6:30 AM,,,2,"SBSTC Jhargram depot board (community photo, Sep 2026)",
sbstc-jhrdep-medinipur-purulia-39,SBSTC Medinipur-Purulia,SBSTC,Government - SBSTC,,Jhargram,Medinipur,Purulia,6:40 AM,,,3,"SBSTC Jhargram depot board (community photo, Sep 2026)",
sbstc-jhrdep-jhargram-suri-40,SBSTC Jhargram-Suri,SBSTC,Government - SBSTC,,Jhargram,Jhargram,Suri,1:00 PM,,,2,"SBSTC Jhargram depot board (community photo, Sep 2026)",
sbstc-jhrdep-jhargram-bandwan-41,SBSTC Jhargram-Bandwan,SBSTC,Government - SBSTC,,Jhargram,Jhargram,Bandwan,1:40 PM,,,2,"SBSTC Jhargram depot board (community photo, Sep 2026)",
sbstc-jhrdep-jhargram-belpahari-42,SBSTC Jhargram-Belpahari,SBSTC,Government - SBSTC,,Jhargram,Jhargram,Belpahari,4:22 PM,,,2,"SBSTC Jhargram depot board (community photo, Sep 2026)",
sbstc-jhrdep-jhargram-belpahari-43,SBSTC Jhargram-Belpahari,SBSTC,Government - SBSTC,,Jhargram,Jhargram,Belpahari,5:30 PM,,,2,"SBSTC Jhargram depot board (community photo, Sep 2026)",
sbstc-jhrdep-kolkata-jhargram-44,SBSTC Kolkata-Jhargram,SBSTC,Government - SBSTC,,Jhargram,Kolkata,Jhargram,2:00 AM,,,3,"SBSTC Jhargram depot board (community photo, Sep 2026)",
sbstc-jhrdep-kolkata-jhargram-45,SBSTC Kolkata-Jhargram,SBSTC,Government - SBSTC,,Jhargram,Kolkata,Jhargram,9:15 AM,,,3,"SBSTC Jhargram depot board (community photo, Sep 2026)",
sbstc-jhrdep-kolkata-jhargram-46,SBSTC Kolkata-Jhargram,SBSTC,Government - SBSTC,,Jhargram,Kolkata,Jhargram,10:30 AM,,,3,"SBSTC Jhargram depot board (community photo, Sep 2026)",
sbstc-jhrdep-kolkata-jhargram-47,SBSTC Kolkata-Jhargram,SBSTC,Government - SBSTC,,Jhargram,Kolkata,Jhargram,11:40 AM,,,3,"SBSTC Jhargram depot board (community photo, Sep 2026)",
sbstc-jhrdep-kolkata-jhargram-48,SBSTC Kolkata-Jhargram,SBSTC,Government - SBSTC,,Jhargram,Kolkata,Jhargram,1:15 PM,,,3,"SBSTC Jhargram depot board (community photo, Sep 2026)",
sbstc-jhrdep-kolkata-jhargram-49,SBSTC Kolkata-Jhargram,SBSTC,Government - SBSTC,,Jhargram,Kolkata,Jhargram,2:15 PM,,,3,"SBSTC Jhargram depot board (community photo, Sep 2026)",
sbstc-jhrdep-kolkata-jhargram-50,SBSTC Kolkata-Jhargram,SBSTC,Government - SBSTC,,Jhargram,Kolkata,Jhargram,4:20 PM,,,3,"SBSTC Jhargram depot board (community photo, Sep 2026)",
sbstc-jhrdep-kolkata-jhargram-51,SBSTC Kolkata-Jhargram,SBSTC,Government - SBSTC,,Jhargram,Kolkata,Jhargram,6:20 PM,,,3,"SBSTC Jhargram depot board (community photo, Sep 2026)",
sbstc-jhrdep-kolkata-dhumsai-52,SBSTC Kolkata-Dhumsai,SBSTC,Government - SBSTC,,Jhargram,Kolkata,Dhumsai,6:14 AM,,,4,"SBSTC Jhargram depot board (community photo, Sep 2026)",
sbstc-jhrdep-jhargram-dhumsai-53,SBSTC Jhargram-Dhumsai,SBSTC,Government - SBSTC,,Jhargram,Jhargram,Dhumsai,6:10 AM,,,2,"SBSTC Jhargram depot board (community photo, Sep 2026)",
sbstc-jhrdep-jhargram-dhumsai-54,SBSTC Jhargram-Dhumsai,SBSTC,Government - SBSTC,,Jhargram,Jhargram,Dhumsai,8:20 AM,,,2,"SBSTC Jhargram depot board (community photo, Sep 2026)",
sbstc-jhrdep-jhargram-dhumsai-55,SBSTC Jhargram-Dhumsai,SBSTC,Government - SBSTC,,Jhargram,Jhargram,Dhumsai,12:00 PM,,,2,"SBSTC Jhargram depot board (community photo, Sep 2026)",
sbstc-jhrdep-dhumsai-jhargram-56,SBSTC Jhargram-Dhumsai,SBSTC,Government - SBSTC,,Jhargram,Dhumsai,Jhargram,5:00 AM,,,2,"SBSTC Jhargram depot board (community photo, Sep 2026)",
sbstc-jhrdep-dhumsai-jhargram-57,SBSTC Jhargram-Dhumsai,SBSTC,Government - SBSTC,,Jhargram,Dhumsai,Jhargram,10:00 AM,,,2,"SBSTC Jhargram depot board (community photo, Sep 2026)",
sbstc-jhrdep-dhumsai-jhargram-58,SBSTC Jhargram-Dhumsai,SBSTC,Government - SBSTC,,Jhargram,Dhumsai,Jhargram,12:00 PM,,,2,"SBSTC Jhargram depot board (community photo, Sep 2026)",
sbstc-jhilimili-kolkata-4426,SBSTC Jhilimili-Kolkata,SBSTC,Government - SBSTC,WB 39B 3633,Jhilimili,Jhilimili,Kolkata,4:25 AM,10:30 AM,,22,facebook (community report),
sbstc-kudghat-manbazar-4427,SBSTC Kudghat-Manbazar,SBSTC,Government - SBSTC,,,Kudghat,Manbazar,5:20 AM,11:20 AM,,26,facebook (community report),
sbstc-purulia-lalgola-4428,SBSTC Purulia-Lalgola,SBSTC,Government - SBSTC,WB 39B 4712,Purulia,Purulia,Lalgola,11:00 AM,8:30 PM,,21,facebook (community report),
sbstc-durgapur-city-center-santaldihi-4429,SBSTC Durgapur-Santaldihi,SBSTC,Government - SBSTC,WB 39E 8839,,Durgapur (City Center),Santaldihi,7:15 AM,10:50 AM,,13,facebook (community report),
nbstc-malda-dinhata-4431,NBSTC Malda-Dinhata,NBSTC,Government,WB 63B 6327,Dinhata,Malda,Dinhata,7:00 AM,4:30 AM,,57,facebook (community report),
sbstc-kolkata-medinipur-4432,SBSTC Kolkata-Medinipur,SBSTC,Government - SBSTC,,Belghoria,Kolkata,Medinipur,7:20 AM,,,2,facebook (community report),
sbstc-kolkata-medinipur-4433,SBSTC Kolkata-Medinipur,SBSTC,Government - SBSTC,,Belghoria,Kolkata,Medinipur,7:45 AM,,,2,facebook (community report),
sbstc-kolkata-medinipur-4434,SBSTC Kolkata-Medinipur,SBSTC,Government - SBSTC,,Medinipur,Kolkata,Medinipur,1:00 PM,,,2,facebook (community report),
sbstc-kolkata-medinipur-4435,SBSTC Kolkata-Medinipur,SBSTC,Government - SBSTC,,Khirapai,Kolkata,Medinipur,1:40 PM,,,2,facebook (community report),
sbstc-medinipur-kolkata-4436,SBSTC Medinipur-Kolkata,SBSTC,Government - SBSTC,,Medinipur,Medinipur,Kolkata,7:50 AM,,,2,facebook (community report),
sbstc-medinipur-kolkata-4437,SBSTC Medinipur-Kolkata,SBSTC,Government - SBSTC,,Khirapai,Medinipur,Kolkata,9:15 AM,,,2,facebook (community report),
sbstc-medinipur-kolkata-4438,SBSTC Medinipur-Kolkata,SBSTC,Government - SBSTC,,Belghoria,Medinipur,Kolkata,2:15 PM,,,2,facebook (community report),
sbstc-medinipur-kolkata-4439,SBSTC Medinipur-Kolkata,SBSTC,Government - SBSTC,,Belghoria,Medinipur,Kolkata,2:50 PM,,,2,facebook (community report),
sbstc-suri-digha-4440,SBSTC Suri-Digha,SBSTC,Government - SBSTC,,,Suri,Digha,6:30 AM,4:40 PM,,52,facebook (community report),
nbstc-official-cooch-behar-siliguri-1,NBSTC Cooch Behar-Siliguri,NBSTC,Government,,Cooch Behar,Cooch Behar,Siliguri,5:00 AM,,,7,NBSTC official (Cooch Behar) PDF,
nbstc-official-cooch-behar-siliguri-2,NBSTC Cooch Behar-Siliguri,NBSTC,Government,,Cooch Behar,Cooch Behar,Siliguri,5:30 AM,,,7,NBSTC official (Cooch Behar) PDF,
nbstc-official-cooch-behar-siliguri-3,NBSTC Cooch Behar-Siliguri,NBSTC,Government,,Cooch Behar,Cooch Behar,Siliguri,5:40 AM,,,7,NBSTC official (Cooch Behar) PDF,
nbstc-official-cooch-behar-siliguri-4,NBSTC Cooch Behar-Siliguri,NBSTC,Government,,Cooch Behar,Cooch Behar,Siliguri,6:10 AM,,,7,NBSTC official (Cooch Behar) PDF,
nbstc-official-cooch-behar-siliguri-5,NBSTC Cooch Behar-Siliguri,NBSTC,Government,,Cooch Behar,Cooch Behar,Siliguri,6:20 AM,,,7,NBSTC official (Cooch Behar) PDF,
nbstc-official-cooch-behar-siliguri-6,NBSTC Cooch Behar-Siliguri,NBSTC,Government,,Cooch Behar,Cooch Behar,Siliguri,7:30 AM,,,7,NBSTC official (Cooch Behar) PDF,
nbstc-official-cooch-behar-siliguri-7,NBSTC Cooch Behar-Siliguri,NBSTC,Government,,Cooch Behar,Cooch Behar,Siliguri,8:00 AM,,,7,NBSTC official (Cooch Behar) PDF,
nbstc-official-cooch-behar-siliguri-8,NBSTC Cooch Behar-Siliguri,NBSTC,Government,,Cooch Behar,Cooch Behar,Siliguri,8:20 AM,,,7,NBSTC official (Cooch Behar) PDF,
nbstc-official-cooch-behar-siliguri-9,NBSTC Cooch Behar-Siliguri,NBSTC,Government,,Cooch Behar,Cooch Behar,Siliguri,8:50 AM,,,7,NBSTC official (Cooch Behar) PDF,
nbstc-official-cooch-behar-siliguri-10,NBSTC Cooch Behar-Siliguri,NBSTC,Government,,Cooch Behar,Cooch Behar,Siliguri,9:30 AM,,,7,NBSTC official (Cooch Behar) PDF,
nbstc-official-cooch-behar-siliguri-11,NBSTC Cooch Behar-Siliguri,NBSTC,Government,,Cooch Behar,Cooch Behar,Siliguri,10:15 AM,,,7,NBSTC official (Cooch Behar) PDF,
nbstc-official-cooch-behar-siliguri-12,NBSTC Cooch Behar-Siliguri,NBSTC,Government,,Cooch Behar,Cooch Behar,Siliguri,10:25 AM,,,7,NBSTC official (Cooch Behar) PDF,
nbstc-official-cooch-behar-siliguri-13,NBSTC Cooch Behar-Siliguri,NBSTC,Government,,Cooch Behar,Cooch Behar,Siliguri,10:40 AM,,,7,NBSTC official (Cooch Behar) PDF,
nbstc-official-cooch-behar-siliguri-14,NBSTC Cooch Behar-Siliguri,NBSTC,Government,,Cooch Behar,Cooch Behar,Siliguri,11:00 AM,,,7,NBSTC official (Cooch Behar) PDF,
nbstc-official-cooch-behar-siliguri-15,NBSTC Cooch Behar-Siliguri,NBSTC,Government,,Cooch Behar,Cooch Behar,Siliguri,11:20 AM,,,7,NBSTC official (Cooch Behar) PDF,
nbstc-official-cooch-behar-siliguri-16,NBSTC Cooch Behar-Siliguri,NBSTC,Government,,Cooch Behar,Cooch Behar,Siliguri,11:40 AM,,,7,NBSTC official (Cooch Behar) PDF,
nbstc-official-cooch-behar-siliguri-17,NBSTC Cooch Behar-Siliguri,NBSTC,Government,,Cooch Behar,Cooch Behar,Siliguri,12:00 PM,,,7,NBSTC official (Cooch Behar) PDF,
nbstc-official-cooch-behar-siliguri-18,NBSTC Cooch Behar-Siliguri,NBSTC,Government,,Cooch Behar,Cooch Behar,Siliguri,12:20 PM,,,7,NBSTC official (Cooch Behar) PDF,
nbstc-official-cooch-behar-siliguri-19,NBSTC Cooch Behar-Siliguri,NBSTC,Government,,Cooch Behar,Cooch Behar,Siliguri,12:30 PM,,,7,NBSTC official (Cooch Behar) PDF,
nbstc-official-cooch-behar-siliguri-20,NBSTC Cooch Behar-Siliguri,NBSTC,Government,,Cooch Behar,Cooch Behar,Siliguri,1:00 PM,,,7,NBSTC official (Cooch Behar) PDF,
nbstc-official-cooch-behar-siliguri-21,NBSTC Cooch Behar-Siliguri,NBSTC,Government,,Cooch Behar,Cooch Behar,Siliguri,2:00 PM,,,7,NBSTC official (Cooch Behar) PDF,
nbstc-official-cooch-behar-siliguri-22,NBSTC Cooch Behar-Siliguri,NBSTC,Government,,Cooch Behar,Cooch Behar,Siliguri,2:30 PM,,,7,NBSTC official (Cooch Behar) PDF,
nbstc-official-cooch-behar-siliguri-23,NBSTC Cooch Behar-Siliguri,NBSTC,Government,,Cooch Behar,Cooch Behar,Siliguri,3:00 PM,,,7,NBSTC official (Cooch Behar) PDF,
nbstc-official-cooch-behar-siliguri-24,NBSTC Cooch Behar-Siliguri,NBSTC,Government,,Cooch Behar,Cooch Behar,Siliguri,3:15 PM,,,7,NBSTC official (Cooch Behar) PDF,
nbstc-official-cooch-behar-siliguri-25,NBSTC Cooch Behar-Siliguri,NBSTC,Government,,Cooch Behar,Cooch Behar,Siliguri,3:30 PM,,,7,NBSTC official (Cooch Behar) PDF,
nbstc-official-cooch-behar-siliguri-26,NBSTC Cooch Behar-Siliguri,NBSTC,Government,,Cooch Behar,Cooch Behar,Siliguri,4:00 PM,,,7,NBSTC official (Cooch Behar) PDF,
nbstc-official-cooch-behar-siliguri-27,NBSTC Cooch Behar-Siliguri,NBSTC,Government,,Cooch Behar,Cooch Behar,Siliguri,4:45 PM,,,7,NBSTC official (Cooch Behar) PDF,
nbstc-official-cooch-behar-siliguri-28,NBSTC Cooch Behar-Siliguri,NBSTC,Government,,Cooch Behar,Cooch Behar,Siliguri,5:15 PM,,,7,NBSTC official (Cooch Behar) PDF,
nbstc-official-cooch-behar-siliguri-29,NBSTC Cooch Behar-Siliguri,NBSTC,Government,,Cooch Behar,Cooch Behar,Siliguri,6:00 PM,,,7,NBSTC official (Cooch Behar) PDF,
nbstc-official-cooch-behar-beldanga-1,NBSTC Cooch Behar-Beldanga,NBSTC,Government,,Cooch Behar,Cooch Behar,Beldanga,5:15 AM,,,3,NBSTC official (Cooch Behar) PDF,
nbstc-official-cooch-behar-balurghat-1,NBSTC Cooch Behar-Balurghat,NBSTC,Government,,Cooch Behar,Cooch Behar,Balurghat,6:00 AM,,,3,NBSTC official (Cooch Behar) PDF,
nbstc-official-cooch-behar-krishnagar-1,NBSTC Cooch Behar-Krishnagar,NBSTC,Government,,Cooch Behar,Cooch Behar,Krishnagar,7:00 AM,,,3,NBSTC official (Cooch Behar) PDF,
nbstc-official-cooch-behar-gazole-1,NBSTC Cooch Behar-Gazole,NBSTC,Government,,Cooch Behar,Cooch Behar,Gazole,7:40 AM,,,3,NBSTC official (Cooch Behar) PDF,
nbstc-official-cooch-behar-buniadpur-1,NBSTC Cooch Behar-Buniadpur,NBSTC,Government,,Cooch Behar,Cooch Behar,Buniadpur,8:10 AM,,,3,NBSTC official (Cooch Behar) PDF,
nbstc-official-cooch-behar-kolkata-1,NBSTC Cooch Behar-Kolkata,NBSTC,Government,,Cooch Behar,Cooch Behar,Kolkata,9:15 AM,,,3,NBSTC official (Cooch Behar) PDF,
nbstc-official-cooch-behar-kolkata-2,NBSTC Cooch Behar-Kolkata,NBSTC,Government,,Cooch Behar,Cooch Behar,Kolkata,1:30 PM,,,3,NBSTC official (Cooch Behar) PDF,
nbstc-official-cooch-behar-haldibari-1,NBSTC Cooch Behar-Haldibari,NBSTC,Government,,Cooch Behar,Cooch Behar,Haldibari,4:30 AM,,,3,NBSTC official (Cooch Behar) PDF,
nbstc-official-cooch-behar-berhampur-1,NBSTC Cooch Behar-Berhampur,NBSTC,Government,,Cooch Behar,Cooch Behar,Berhampur,7:00 AM,,,3,NBSTC official (Cooch Behar) PDF,
nbstc-official-tufanganj-balurghat-1,NBSTC Tufanganj-Balurghat,NBSTC,Government,,Cooch Behar,Tufanganj,Balurghat,6:15 AM,,,3,NBSTC official (Cooch Behar) PDF,
nbstc-official-tufanganj-kaliyaganj-1,NBSTC Tufanganj-Kaliyaganj,NBSTC,Government,,Cooch Behar,Tufanganj,Kaliyaganj,6:30 AM,,,3,NBSTC official (Cooch Behar) PDF,
nbstc-official-tufanganj-raiganj-1,NBSTC Tufanganj-Raiganj,NBSTC,Government,,Cooch Behar,Tufanganj,Raiganj,8:30 AM,,,3,NBSTC official (Cooch Behar) PDF,
nbstc-official-tufanganj-siliguri-1,NBSTC Tufanganj-Siliguri,NBSTC,Government,,Cooch Behar,Tufanganj,Siliguri,5:00 AM,,,3,NBSTC official (Cooch Behar) PDF,
nbstc-official-tufanganj-siliguri-2,NBSTC Tufanganj-Siliguri,NBSTC,Government,,Cooch Behar,Tufanganj,Siliguri,7:15 AM,,,3,NBSTC official (Cooch Behar) PDF,
nbstc-official-tufanganj-siliguri-3,NBSTC Tufanganj-Siliguri,NBSTC,Government,,Cooch Behar,Tufanganj,Siliguri,8:45 AM,,,3,NBSTC official (Cooch Behar) PDF,
nbstc-official-tufanganj-siliguri-4,NBSTC Tufanganj-Siliguri,NBSTC,Government,,Cooch Behar,Tufanganj,Siliguri,9:00 AM,,,3,NBSTC official (Cooch Behar) PDF,
nbstc-official-alipurduar-kolkata-1,NBSTC Alipurduar-Kolkata,NBSTC,Government,,Cooch Behar,Alipurduar,Kolkata,5:30 AM,,,3,NBSTC official (Cooch Behar) PDF,
nbstc-official-alipurduar-gangarampur-1,NBSTC Alipurduar-Gangarampur,NBSTC,Government,,Cooch Behar,Alipurduar,Gangarampur,7:00 AM,,,3,NBSTC official (Cooch Behar) PDF,
nbstc-official-alipurduar-raiganj-1,NBSTC Alipurduar-Raiganj,NBSTC,Government,,Cooch Behar,Alipurduar,Raiganj,9:10 AM,,,3,NBSTC official (Cooch Behar) PDF,
nbstc-official-alipurduar-bongaigaon-1,NBSTC Alipurduar-Bongaigaon,NBSTC,Government,,Cooch Behar,Alipurduar,Bongaigaon,5:00 AM,,,3,NBSTC official (Cooch Behar) PDF,
nbstc-official-alipurduar-dhubri-1,NBSTC Alipurduar-Dhubri,NBSTC,Government,,Cooch Behar,Alipurduar,Dhubri,5:15 AM,,,3,NBSTC official (Cooch Behar) PDF,
nbstc-official-alipurduar-dhubri-2,NBSTC Alipurduar-Dhubri,NBSTC,Government,,Cooch Behar,Alipurduar,Dhubri,1:30 PM,,,3,NBSTC official (Cooch Behar) PDF,
nbstc-official-alipurduar-bagdogra-1,NBSTC Alipurduar-Bagdogra,NBSTC,Government,,Cooch Behar,Alipurduar,Bagdogra,6:15 AM,,,3,NBSTC official (Cooch Behar) PDF,
nbstc-official-alipurduar-siliguri-1,NBSTC Alipurduar-Siliguri,NBSTC,Government,,Cooch Behar,Alipurduar,Siliguri,7:30 AM,,,3,NBSTC official (Cooch Behar) PDF,
nbstc-official-alipurduar-siliguri-2,NBSTC Alipurduar-Siliguri,NBSTC,Government,,Cooch Behar,Alipurduar,Siliguri,7:40 AM,,,3,NBSTC official (Cooch Behar) PDF,
nbstc-official-alipurduar-siliguri-3,NBSTC Alipurduar-Siliguri,NBSTC,Government,,Cooch Behar,Alipurduar,Siliguri,5:00 AM,,,3,NBSTC official (Cooch Behar) PDF,
nbstc-official-alipurduar-siliguri-4,NBSTC Alipurduar-Siliguri,NBSTC,Government,,Cooch Behar,Alipurduar,Siliguri,8:30 AM,,,3,NBSTC official (Cooch Behar) PDF,
nbstc-official-alipurduar-siliguri-5,NBSTC Alipurduar-Siliguri,NBSTC,Government,,Cooch Behar,Alipurduar,Siliguri,9:40 AM,,,3,NBSTC official (Cooch Behar) PDF,
nbstc-official-alipurduar-siliguri-6,NBSTC Alipurduar-Siliguri,NBSTC,Government,,Cooch Behar,Alipurduar,Siliguri,10:40 AM,,,3,NBSTC official (Cooch Behar) PDF,
nbstc-official-alipurduar-siliguri-7,NBSTC Alipurduar-Siliguri,NBSTC,Government,,Cooch Behar,Alipurduar,Siliguri,12:00 PM,,,3,NBSTC official (Cooch Behar) PDF,
nbstc-official-alipurduar-siliguri-8,NBSTC Alipurduar-Siliguri,NBSTC,Government,,Cooch Behar,Alipurduar,Siliguri,1:00 PM,,,3,NBSTC official (Cooch Behar) PDF,
nbstc-official-mathabhanga-farakka-1,NBSTC Mathabhanga-Farakka,NBSTC,Government,,Cooch Behar,Mathabhanga,Farakka,5:45 AM,,,3,NBSTC official (Cooch Behar) PDF,
nbstc-official-mathabhanga-gangarampur-1,NBSTC Mathabhanga-Gangarampur,NBSTC,Government,,Cooch Behar,Mathabhanga,Gangarampur,6:45 AM,,,3,NBSTC official (Cooch Behar) PDF,
nbstc-official-mathabhanga-harirampur-1,NBSTC Mathabhanga-Harirampur,NBSTC,Government,,Cooch Behar,Mathabhanga,Harirampur,8:00 AM,,,3,NBSTC official (Cooch Behar) PDF,
nbstc-official-mathabhanga-malda-1,NBSTC Mathabhanga-Malda,NBSTC,Government,,Cooch Behar,Mathabhanga,Malda,10:00 AM,,,3,NBSTC official (Cooch Behar) PDF,
nbstc-official-mathabhanga-islampur-1,NBSTC Mathabhanga-Islampur,NBSTC,Government,,Cooch Behar,Mathabhanga,Islampur,11:00 AM,,,3,NBSTC official (Cooch Behar) PDF,
nbstc-official-mathabhanga-siliguri-1,NBSTC Mathabhanga-Siliguri,NBSTC,Government,,Cooch Behar,Mathabhanga,Siliguri,5:15 AM,,,3,NBSTC official (Cooch Behar) PDF,
nbstc-official-mathabhanga-siliguri-2,NBSTC Mathabhanga-Siliguri,NBSTC,Government,,Cooch Behar,Mathabhanga,Siliguri,6:10 AM,,,3,NBSTC official (Cooch Behar) PDF,
nbstc-official-mathabhanga-siliguri-3,NBSTC Mathabhanga-Siliguri,NBSTC,Government,,Cooch Behar,Mathabhanga,Siliguri,6:30 AM,,,3,NBSTC official (Cooch Behar) PDF,
nbstc-official-mathabhanga-siliguri-4,NBSTC Mathabhanga-Siliguri,NBSTC,Government,,Cooch Behar,Mathabhanga,Siliguri,7:30 AM,,,3,NBSTC official (Cooch Behar) PDF,
nbstc-official-mathabhanga-siliguri-5,NBSTC Mathabhanga-Siliguri,NBSTC,Government,,Cooch Behar,Mathabhanga,Siliguri,9:00 AM,,,3,NBSTC official (Cooch Behar) PDF,
nbstc-official-mathabhanga-siliguri-6,NBSTC Mathabhanga-Siliguri,NBSTC,Government,,Cooch Behar,Mathabhanga,Siliguri,10:15 AM,,,3,NBSTC official (Cooch Behar) PDF,
nbstc-official-mathabhanga-siliguri-7,NBSTC Mathabhanga-Siliguri,NBSTC,Government,,Cooch Behar,Mathabhanga,Siliguri,6:00 AM,,,3,NBSTC official (Cooch Behar) PDF,
nbstc-official-mathabhanga-siliguri-8,NBSTC Mathabhanga-Siliguri,NBSTC,Government,,Cooch Behar,Mathabhanga,Siliguri,8:00 AM,,,3,NBSTC official (Cooch Behar) PDF,
nbstc-official-mathabhanga-siliguri-9,NBSTC Mathabhanga-Siliguri,NBSTC,Government,,Cooch Behar,Mathabhanga,Siliguri,9:00 AM,,,3,NBSTC official (Cooch Behar) PDF,
nbstc-official-mathabhanga-siliguri-10,NBSTC Mathabhanga-Siliguri,NBSTC,Government,,Cooch Behar,Mathabhanga,Siliguri,9:20 AM,,,3,NBSTC official (Cooch Behar) PDF,
nbstc-official-mathabhanga-siliguri-11,NBSTC Mathabhanga-Siliguri,NBSTC,Government,,Cooch Behar,Mathabhanga,Siliguri,9:45 AM,,,3,NBSTC official (Cooch Behar) PDF,
nbstc-official-mathabhanga-siliguri-12,NBSTC Mathabhanga-Siliguri,NBSTC,Government,,Cooch Behar,Mathabhanga,Siliguri,11:30 AM,,,3,NBSTC official (Cooch Behar) PDF,
nbstc-official-mathabhanga-siliguri-13,NBSTC Mathabhanga-Siliguri,NBSTC,Government,,Cooch Behar,Mathabhanga,Siliguri,1:00 PM,,,3,NBSTC official (Cooch Behar) PDF,
nbstc-official-mathabhanga-siliguri-14,NBSTC Mathabhanga-Siliguri,NBSTC,Government,,Cooch Behar,Mathabhanga,Siliguri,1:30 PM,,,3,NBSTC official (Cooch Behar) PDF,
nbstc-official-mathabhanga-sitai-siliguri-1,NBSTC Mathabhanga-Sitai - Siliguri,NBSTC,Government,,Cooch Behar,Mathabhanga,Sitai - Siliguri,8:00 AM,,,2,NBSTC official (Cooch Behar) PDF,
nbstc-official-mathabhanga-sitai-siliguri-2,NBSTC Mathabhanga-Sitai - Siliguri,NBSTC,Government,,Cooch Behar,Mathabhanga,Sitai - Siliguri,12:00 PM,,,2,NBSTC official (Cooch Behar) PDF,
nbstc-official-mathabhanga-siliguri-sitai-1,NBSTC Mathabhanga-Siliguri - Sitai,NBSTC,Government,,Cooch Behar,Mathabhanga,Siliguri - Sitai,8:30 AM,,,2,NBSTC official (Cooch Behar) PDF,
nbstc-official-mathabhanga-barobisha-1,NBSTC Mathabhanga-Barobisha,NBSTC,Government,,Cooch Behar,Mathabhanga,Barobisha,7:30 AM,,,3,NBSTC official (Cooch Behar) PDF,
nbstc-official-mathabhanga-barobisha-2,NBSTC Mathabhanga-Barobisha,NBSTC,Government,,Cooch Behar,Mathabhanga,Barobisha,3:00 PM,,,3,NBSTC official (Cooch Behar) PDF,
nbstc-official-mathabhanga-alipurduar-1,NBSTC Mathabhanga-Alipurduar,NBSTC,Government,,Cooch Behar,Mathabhanga,Alipurduar,9:00 AM,,,3,NBSTC official (Cooch Behar) PDF,
nbstc-official-mathabhanga-alipurduar-2,NBSTC Mathabhanga-Alipurduar,NBSTC,Government,,Cooch Behar,Mathabhanga,Alipurduar,2:15 PM,,,3,NBSTC official (Cooch Behar) PDF,
nbstc-official-dinhata-nalagola-1,NBSTC Dinhata-Nalagola,NBSTC,Government,,Cooch Behar,Dinhata,Nalagola,4:30 AM,,,3,NBSTC official (Cooch Behar) PDF,
nbstc-official-dinhata-tapan-1,NBSTC Dinhata-Tapan,NBSTC,Government,,Cooch Behar,Dinhata,Tapan,5:00 AM,,,3,NBSTC official (Cooch Behar) PDF,
nbstc-official-dinhata-chanchal-1,NBSTC Dinhata-Chanchal,NBSTC,Government,,Cooch Behar,Dinhata,Chanchal,5:30 AM,,,3,NBSTC official (Cooch Behar) PDF,
nbstc-official-dinhata-kaliyaganj-1,NBSTC Dinhata-Kaliyaganj,NBSTC,Government,,Cooch Behar,Dinhata,Kaliyaganj,6:00 AM,,,3,NBSTC official (Cooch Behar) PDF,
nbstc-official-dinhata-raiganj-1,NBSTC Dinhata-Raiganj,NBSTC,Government,,Cooch Behar,Dinhata,Raiganj,7:30 AM,,,3,NBSTC official (Cooch Behar) PDF,
nbstc-official-dinhata-siliguri-1,NBSTC Dinhata-Siliguri,NBSTC,Government,,Cooch Behar,Dinhata,Siliguri,6:30 AM,,,3,NBSTC official (Cooch Behar) PDF,
nbstc-official-dinhata-siliguri-2,NBSTC Dinhata-Siliguri,NBSTC,Government,,Cooch Behar,Dinhata,Siliguri,6:45 AM,,,3,NBSTC official (Cooch Behar) PDF,
nbstc-official-dinhata-siliguri-3,NBSTC Dinhata-Siliguri,NBSTC,Government,,Cooch Behar,Dinhata,Siliguri,7:15 AM,,,3,NBSTC official (Cooch Behar) PDF,
nbstc-official-dinhata-siliguri-4,NBSTC Dinhata-Siliguri,NBSTC,Government,,Cooch Behar,Dinhata,Siliguri,7:45 AM,,,3,NBSTC official (Cooch Behar) PDF,
nbstc-official-dinhata-siliguri-5,NBSTC Dinhata-Siliguri,NBSTC,Government,,Cooch Behar,Dinhata,Siliguri,4:10 AM,,,3,NBSTC official (Cooch Behar) PDF,
nbstc-official-dinhata-siliguri-6,NBSTC Dinhata-Siliguri,NBSTC,Government,,Cooch Behar,Dinhata,Siliguri,6:20 AM,,,3,NBSTC official (Cooch Behar) PDF,
nbstc-official-dinhata-siliguri-7,NBSTC Dinhata-Siliguri,NBSTC,Government,,Cooch Behar,Dinhata,Siliguri,8:05 AM,,,3,NBSTC official (Cooch Behar) PDF,
nbstc-official-dinhata-cooch-behar-1,NBSTC Dinhata-Cooch Behar,NBSTC,Government,,Cooch Behar,Dinhata,Cooch Behar,7:15 AM,,,3,NBSTC official (Cooch Behar) PDF,
nbstc-official-dinhata-cooch-behar-2,NBSTC Dinhata-Cooch Behar,NBSTC,Government,,Cooch Behar,Dinhata,Cooch Behar,7:45 AM,,,3,NBSTC official (Cooch Behar) PDF,
nbstc-official-dinhata-cooch-behar-3,NBSTC Dinhata-Cooch Behar,NBSTC,Government,,Cooch Behar,Dinhata,Cooch Behar,8:00 AM,,,3,NBSTC official (Cooch Behar) PDF,
nbstc-official-dinhata-cooch-behar-4,NBSTC Dinhata-Cooch Behar,NBSTC,Government,,Cooch Behar,Dinhata,Cooch Behar,8:15 AM,,,3,NBSTC official (Cooch Behar) PDF,
nbstc-official-dinhata-cooch-behar-5,NBSTC Dinhata-Cooch Behar,NBSTC,Government,,Cooch Behar,Dinhata,Cooch Behar,8:30 AM,,,3,NBSTC official (Cooch Behar) PDF,
nbstc-official-dinhata-cooch-behar-6,NBSTC Dinhata-Cooch Behar,NBSTC,Government,,Cooch Behar,Dinhata,Cooch Behar,8:45 AM,,,3,NBSTC official (Cooch Behar) PDF,
nbstc-official-dinhata-cooch-behar-7,NBSTC Dinhata-Cooch Behar,NBSTC,Government,,Cooch Behar,Dinhata,Cooch Behar,9:00 AM,,,3,NBSTC official (Cooch Behar) PDF,
nbstc-official-dinhata-alipurduar-1,NBSTC Dinhata-Alipurduar,NBSTC,Government,,Cooch Behar,Dinhata,Alipurduar,1:00 PM,,,3,NBSTC official (Cooch Behar) PDF,
nbstc-official-dinhata-alipurduar-2,NBSTC Dinhata-Alipurduar,NBSTC,Government,,Cooch Behar,Dinhata,Alipurduar,2:00 PM,,,3,NBSTC official (Cooch Behar) PDF,
nbstc-official-dinhata-choudhuri-hat-1,NBSTC Dinhata-Choudhuri Hat,NBSTC,Government,,Cooch Behar,Dinhata,Choudhuri Hat,9:00 AM,,,3,NBSTC official (Cooch Behar) PDF,
nbstc-official-siliguri-jalpaiguri-1,NBSTC Siliguri-Jalpaiguri,NBSTC,Government,,Cooch Behar,Siliguri,Jalpaiguri,6:15 AM,,,2,NBSTC official (Cooch Behar) PDF,
nbstc-official-siliguri-jalpaiguri-2,NBSTC Siliguri-Jalpaiguri,NBSTC,Government,,Cooch Behar,Siliguri,Jalpaiguri,6:30 AM,,,2,NBSTC official (Cooch Behar) PDF,
nbstc-official-siliguri-jalpaiguri-3,NBSTC Siliguri-Jalpaiguri,NBSTC,Government,,Cooch Behar,Siliguri,Jalpaiguri,6:45 AM,,,2,NBSTC official (Cooch Behar) PDF,
nbstc-official-siliguri-jalpaiguri-4,NBSTC Siliguri-Jalpaiguri,NBSTC,Government,,Cooch Behar,Siliguri,Jalpaiguri,7:00 AM,,,2,NBSTC official (Cooch Behar) PDF,
nbstc-official-siliguri-jalpaiguri-5,NBSTC Siliguri-Jalpaiguri,NBSTC,Government,,Cooch Behar,Siliguri,Jalpaiguri,7:15 AM,,,2,NBSTC official (Cooch Behar) PDF,
nbstc-official-siliguri-jalpaiguri-6,NBSTC Siliguri-Jalpaiguri,NBSTC,Government,,Cooch Behar,Siliguri,Jalpaiguri,7:30 AM,,,2,NBSTC official (Cooch Behar) PDF,
nbstc-official-siliguri-jalpaiguri-7,NBSTC Siliguri-Jalpaiguri,NBSTC,Government,,Cooch Behar,Siliguri,Jalpaiguri,7:45 AM,,,2,NBSTC official (Cooch Behar) PDF,
nbstc-official-siliguri-jalpaiguri-8,NBSTC Siliguri-Jalpaiguri,NBSTC,Government,,Cooch Behar,Siliguri,Jalpaiguri,8:00 AM,,,2,NBSTC official (Cooch Behar) PDF,
nbstc-official-siliguri-jalpaiguri-9,NBSTC Siliguri-Jalpaiguri,NBSTC,Government,,Cooch Behar,Siliguri,Jalpaiguri,8:30 AM,,,2,NBSTC official (Cooch Behar) PDF,
nbstc-official-siliguri-jalpaiguri-10,NBSTC Siliguri-Jalpaiguri,NBSTC,Government,,Cooch Behar,Siliguri,Jalpaiguri,9:00 AM,,,2,NBSTC official (Cooch Behar) PDF,
nbstc-official-siliguri-jalpaiguri-11,NBSTC Siliguri-Jalpaiguri,NBSTC,Government,,Cooch Behar,Siliguri,Jalpaiguri,9:30 AM,,,2,NBSTC official (Cooch Behar) PDF,
nbstc-official-siliguri-jalpaiguri-12,NBSTC Siliguri-Jalpaiguri,NBSTC,Government,,Cooch Behar,Siliguri,Jalpaiguri,10:00 AM,,,2,NBSTC official (Cooch Behar) PDF,
nbstc-official-siliguri-cooch-behar-1,NBSTC Siliguri-Cooch Behar,NBSTC,Government,,Cooch Behar,Siliguri,Cooch Behar,5:30 AM,,,7,NBSTC official (Cooch Behar) PDF,
nbstc-official-siliguri-cooch-behar-2,NBSTC Siliguri-Cooch Behar,NBSTC,Government,,Cooch Behar,Siliguri,Cooch Behar,5:45 AM,,,7,NBSTC official (Cooch Behar) PDF,
nbstc-official-siliguri-cooch-behar-3,NBSTC Siliguri-Cooch Behar,NBSTC,Government,,Cooch Behar,Siliguri,Cooch Behar,6:30 AM,,,7,NBSTC official (Cooch Behar) PDF,
nbstc-official-siliguri-cooch-behar-4,NBSTC Siliguri-Cooch Behar,NBSTC,Government,,Cooch Behar,Siliguri,Cooch Behar,6:45 AM,,,7,NBSTC official (Cooch Behar) PDF,
nbstc-official-siliguri-cooch-behar-5,NBSTC Siliguri-Cooch Behar,NBSTC,Government,,Cooch Behar,Siliguri,Cooch Behar,7:00 AM,,,7,NBSTC official (Cooch Behar) PDF,
nbstc-official-siliguri-cooch-behar-6,NBSTC Siliguri-Cooch Behar,NBSTC,Government,,Cooch Behar,Siliguri,Cooch Behar,7:30 AM,,,7,NBSTC official (Cooch Behar) PDF,
nbstc-official-siliguri-cooch-behar-7,NBSTC Siliguri-Cooch Behar,NBSTC,Government,,Cooch Behar,Siliguri,Cooch Behar,8:05 AM,,,7,NBSTC official (Cooch Behar) PDF,
nbstc-official-siliguri-cooch-behar-8,NBSTC Siliguri-Cooch Behar,NBSTC,Government,,Cooch Behar,Siliguri,Cooch Behar,8:30 AM,,,7,NBSTC official (Cooch Behar) PDF,
nbstc-official-siliguri-cooch-behar-9,NBSTC Siliguri-Cooch Behar,NBSTC,Government,,Cooch Behar,Siliguri,Cooch Behar,9:30 AM,,,7,NBSTC official (Cooch Behar) PDF,
nbstc-official-siliguri-cooch-behar-10,NBSTC Siliguri-Cooch Behar,NBSTC,Government,,Cooch Behar,Siliguri,Cooch Behar,10:00 AM,,,7,NBSTC official (Cooch Behar) PDF,
nbstc-official-siliguri-alipurduar-1,NBSTC Siliguri-Alipurduar,NBSTC,Government,,Cooch Behar,Siliguri,Alipurduar,6:20 AM,,,2,NBSTC official (Cooch Behar) PDF,
nbstc-official-siliguri-alipurduar-2,NBSTC Siliguri-Alipurduar,NBSTC,Government,,Cooch Behar,Siliguri,Alipurduar,7:00 AM,,,2,NBSTC official (Cooch Behar) PDF,
nbstc-official-siliguri-alipurduar-3,NBSTC Siliguri-Alipurduar,NBSTC,Government,,Cooch Behar,Siliguri,Alipurduar,8:45 AM,,,2,NBSTC official (Cooch Behar) PDF,
nbstc-official-siliguri-kharibari-1,NBSTC Siliguri-Kharibari,NBSTC,Government,,Cooch Behar,Siliguri,Kharibari,6:00 AM,,,2,NBSTC official (Cooch Behar) PDF,
nbstc-official-siliguri-islampur-1,NBSTC Siliguri-Islampur,NBSTC,Government,,Cooch Behar,Siliguri,Islampur,6:15 AM,,,2,NBSTC official (Cooch Behar) PDF,
nbstc-official-siliguri-islampur-2,NBSTC Siliguri-Islampur,NBSTC,Government,,Cooch Behar,Siliguri,Islampur,6:45 AM,,,2,NBSTC official (Cooch Behar) PDF,
nbstc-official-siliguri-islampur-3,NBSTC Siliguri-Islampur,NBSTC,Government,,Cooch Behar,Siliguri,Islampur,7:30 AM,,,2,NBSTC official (Cooch Behar) PDF,
nbstc-official-siliguri-islampur-4,NBSTC Siliguri-Islampur,NBSTC,Government,,Cooch Behar,Siliguri,Islampur,7:45 AM,,,2,NBSTC official (Cooch Behar) PDF,
nbstc-official-siliguri-islampur-5,NBSTC Siliguri-Islampur,NBSTC,Government,,Cooch Behar,Siliguri,Islampur,8:15 AM,,,2,NBSTC official (Cooch Behar) PDF,
nbstc-official-siliguri-islampur-6,NBSTC Siliguri-Islampur,NBSTC,Government,,Cooch Behar,Siliguri,Islampur,8:45 AM,,,2,NBSTC official (Cooch Behar) PDF,
nbstc-official-siliguri-islampur-7,NBSTC Siliguri-Islampur,NBSTC,Government,,Cooch Behar,Siliguri,Islampur,9:15 AM,,,2,NBSTC official (Cooch Behar) PDF,
nbstc-official-siliguri-islampur-8,NBSTC Siliguri-Islampur,NBSTC,Government,,Cooch Behar,Siliguri,Islampur,9:45 AM,,,2,NBSTC official (Cooch Behar) PDF,
nbstc-official-siliguri-islampur-9,NBSTC Siliguri-Islampur,NBSTC,Government,,Cooch Behar,Siliguri,Islampur,10:15 AM,,,2,NBSTC official (Cooch Behar) PDF,
nbstc-official-siliguri-darjeeling-1,NBSTC Siliguri-Darjeeling,NBSTC,Government,,Cooch Behar,Siliguri,Darjeeling,6:00 AM,,,2,NBSTC official (Cooch Behar) PDF,
nbstc-official-siliguri-darjeeling-2,NBSTC Siliguri-Darjeeling,NBSTC,Government,,Cooch Behar,Siliguri,Darjeeling,6:30 AM,,,2,NBSTC official (Cooch Behar) PDF,
nbstc-official-siliguri-darjeeling-3,NBSTC Siliguri-Darjeeling,NBSTC,Government,,Cooch Behar,Siliguri,Darjeeling,7:00 AM,,,2,NBSTC official (Cooch Behar) PDF,
nbstc-official-siliguri-darjeeling-4,NBSTC Siliguri-Darjeeling,NBSTC,Government,,Cooch Behar,Siliguri,Darjeeling,7:30 AM,,,2,NBSTC official (Cooch Behar) PDF,
nbstc-official-siliguri-darjeeling-5,NBSTC Siliguri-Darjeeling,NBSTC,Government,,Cooch Behar,Siliguri,Darjeeling,9:30 AM,,,2,NBSTC official (Cooch Behar) PDF,
nbstc-official-siliguri-darjeeling-6,NBSTC Siliguri-Darjeeling,NBSTC,Government,,Cooch Behar,Siliguri,Darjeeling,10:00 AM,,,2,NBSTC official (Cooch Behar) PDF,
nbstc-official-siliguri-darjeeling-7,NBSTC Siliguri-Darjeeling,NBSTC,Government,,Cooch Behar,Siliguri,Darjeeling,10:30 AM,,,2,NBSTC official (Cooch Behar) PDF,
nbstc-official-siliguri-darjeeling-8,NBSTC Siliguri-Darjeeling,NBSTC,Government,,Cooch Behar,Siliguri,Darjeeling,8:00 AM,,,2,NBSTC official (Cooch Behar) PDF,
nbstc-official-siliguri-darjeeling-9,NBSTC Siliguri-Darjeeling,NBSTC,Government,,Cooch Behar,Siliguri,Darjeeling,5:00 AM,,,2,NBSTC official (Cooch Behar) PDF,
nbstc-official-siliguri-kalimpong-1,NBSTC Siliguri-Kalimpong,NBSTC,Government,,Cooch Behar,Siliguri,Kalimpong,5:30 AM,,,2,NBSTC official (Cooch Behar) PDF,
nbstc-official-siliguri-kalimpong-2,NBSTC Siliguri-Kalimpong,NBSTC,Government,,Cooch Behar,Siliguri,Kalimpong,6:30 AM,,,2,NBSTC official (Cooch Behar) PDF,
nbstc-official-siliguri-courtmore-bijanbari-1,NBSTC Siliguri-Courtmore-Bijanbari,NBSTC,Government,,Cooch Behar,Siliguri-Courtmore,Bijanbari,1:00 PM,,,2,NBSTC official (Cooch Behar) PDF,
nbstc-official-siliguri-courtmore-belgachi-1,NBSTC Siliguri-Courtmore-Belgachi,NBSTC,Government,,Cooch Behar,Siliguri-Courtmore,Belgachi,5:30 AM,,,2,NBSTC official (Cooch Behar) PDF,
nbstc-official-siliguri-courtmore-panighata-1,NBSTC Siliguri-Courtmore-Panighata,NBSTC,Government,,Cooch Behar,Siliguri-Courtmore,Panighata,5:30 AM,,,2,NBSTC official (Cooch Behar) PDF,
nbstc-official-siliguri-courtmore-sukna-1,NBSTC Siliguri-Courtmore-Sukna,NBSTC,Government,,Cooch Behar,Siliguri-Courtmore,Sukna,8:15 AM,,,2,NBSTC official (Cooch Behar) PDF,
nbstc-official-siliguri-courtmore-airport-1,NBSTC Siliguri-Courtmore-Airport,NBSTC,Government,,Cooch Behar,Siliguri-Courtmore,Airport,7:30 AM,,,2,NBSTC official (Cooch Behar) PDF,
nbstc-official-siliguri-courtmore-pahargumia-1,NBSTC Siliguri-Courtmore-Pahargumia,NBSTC,Government,,Cooch Behar,Siliguri-Courtmore,Pahargumia,7:30 AM,,,2,NBSTC official (Cooch Behar) PDF,
nbstc-official-siliguri-courtmore-panitanki-1-1,NBSTC Siliguri-Courtmore-Panitanki-1,NBSTC,Government,,Cooch Behar,Siliguri-Courtmore,Panitanki-1,8:00 AM,,,2,NBSTC official (Cooch Behar) PDF,
nbstc-official-siliguri-courtmore-panitanki-2-1,NBSTC Siliguri-Courtmore-Panitanki-2,NBSTC,Government,,Cooch Behar,Siliguri-Courtmore,Panitanki-2,8:30 AM,,,2,NBSTC official (Cooch Behar) PDF,
nbstc-official-siliguri-courtmore-panitanki-3-1,NBSTC Siliguri-Courtmore-Panitanki-3,NBSTC,Government,,Cooch Behar,Siliguri-Courtmore,Panitanki-3,9:00 AM,,,2,NBSTC official (Cooch Behar) PDF,
nbstc-official-siliguri-courtmore-panitanki-4-1,NBSTC Siliguri-Courtmore-Panitanki-4,NBSTC,Government,,Cooch Behar,Siliguri-Courtmore,Panitanki-4,6:30 AM,,,2,NBSTC official (Cooch Behar) PDF,
nbstc-official-siliguri-courtmore-panitanki-5-1,NBSTC Siliguri-Courtmore-Panitanki-5,NBSTC,Government,,Cooch Behar,Siliguri-Courtmore,Panitanki-5,6:50 AM,,,2,NBSTC official (Cooch Behar) PDF,
nbstc-official-siliguri-courtmore-panitanki-6-1,NBSTC Siliguri-Courtmore-Panitanki-6,NBSTC,Government,,Cooch Behar,Siliguri-Courtmore,Panitanki-6,7:10 AM,,,2,NBSTC official (Cooch Behar) PDF,
nbstc-official-siliguri-courtmore-panitanki-7-1,NBSTC Siliguri-Courtmore-Panitanki-7,NBSTC,Government,,Cooch Behar,Siliguri-Courtmore,Panitanki-7,7:30 AM,,,2,NBSTC official (Cooch Behar) PDF,
nbstc-official-siliguri-courtmore-panitanki-8-1,NBSTC Siliguri-Courtmore-Panitanki-8,NBSTC,Government,,Cooch Behar,Siliguri-Courtmore,Panitanki-8,7:50 AM,,,2,NBSTC official (Cooch Behar) PDF,
nbstc-official-siliguri-courtmore-panitanki-9-1,NBSTC Siliguri-Courtmore-Panitanki-9,NBSTC,Government,,Cooch Behar,Siliguri-Courtmore,Panitanki-9,7:10 AM,,,2,NBSTC official (Cooch Behar) PDF,
nbstc-official-siliguri-courtmore-panitanki-10-1,NBSTC Siliguri-Courtmore-Panitanki-10,NBSTC,Government,,Cooch Behar,Siliguri-Courtmore,Panitanki-10,8:30 AM,,,2,NBSTC official (Cooch Behar) PDF,
nbstc-official-siliguri-courtmore-panitanki-11-1,NBSTC Siliguri-Courtmore-Panitanki-11,NBSTC,Government,,Cooch Behar,Siliguri-Courtmore,Panitanki-11,8:50 AM,,,2,NBSTC official (Cooch Behar) PDF,
nbstc-official-siliguri-courtmore-panitanki-12-1,NBSTC Siliguri-Courtmore-Panitanki-12,NBSTC,Government,,Cooch Behar,Siliguri-Courtmore,Panitanki-12,9:10 AM,,,2,NBSTC official (Cooch Behar) PDF,
nbstc-official-siliguri-courtmore-naxalbari-1-1,NBSTC Siliguri-Courtmore-Naxalbari-1,NBSTC,Government,,Cooch Behar,Siliguri-Courtmore,Naxalbari-1,7:00 AM,,,2,NBSTC official (Cooch Behar) PDF,
nbstc-official-siliguri-njp-suriyapark-1,NBSTC Siliguri NJP-Suriyapark,NBSTC,Government,,Cooch Behar,Siliguri NJP,Suriyapark,8:00 AM,,,2,NBSTC official (Cooch Behar) PDF,
nbstc-official-siliguri-mm-city-1-1,NBSTC Siliguri MM-City 1,NBSTC,Government,,Cooch Behar,Siliguri MM,City 1,6:30 AM,,,2,NBSTC official (Cooch Behar) PDF,
nbstc-official-siliguri-mm-city-2-1,NBSTC Siliguri MM-City 2,NBSTC,Government,,Cooch Behar,Siliguri MM,City 2,7:30 AM,,,2,NBSTC official (Cooch Behar) PDF,
nbstc-official-siliguri-mm-city-3-1,NBSTC Siliguri MM-City 3,NBSTC,Government,,Cooch Behar,Siliguri MM,City 3,8:30 AM,,,2,NBSTC official (Cooch Behar) PDF,
nbstc-official-siliguri-mm-city-4-1,NBSTC Siliguri MM-City 4,NBSTC,Government,,Cooch Behar,Siliguri MM,City 4,9:30 AM,,,2,NBSTC official (Cooch Behar) PDF,
nbstc-official-siliguri-njp-city-1-1,NBSTC Siliguri NJP-City 1,NBSTC,Government,,Cooch Behar,Siliguri NJP,City 1,6:30 AM,,,2,NBSTC official (Cooch Behar) PDF,
nbstc-official-njp-gb-mm-city-2-1,NBSTC NJP-GB-MM-City 2,NBSTC,Government,,Cooch Behar,NJP-GB-MM,City 2,7:30 AM,,,2,NBSTC official (Cooch Behar) PDF,
nbstc-official-njp-gb-mm-city-3-1,NBSTC NJP-GB-MM-City 3,NBSTC,Government,,Cooch Behar,NJP-GB-MM,City 3,8:30 AM,,,2,NBSTC official (Cooch Behar) PDF,
nbstc-official-njp-gb-mm-city-4-1,NBSTC NJP-GB-MM-City 4,NBSTC,Government,,Cooch Behar,NJP-GB-MM,City 4,9:30 AM,,,2,NBSTC official (Cooch Behar) PDF,
nbstc-official-siliguri-mirik-1,NBSTC Siliguri-Mirik,NBSTC,Government,,Cooch Behar,Siliguri,Mirik,7:00 AM,,,2,NBSTC official (Cooch Behar) PDF,
nbstc-official-siliguri-garu-bathan-1,NBSTC Siliguri-Garu Bathan,NBSTC,Government,,Cooch Behar,Siliguri,Garu Bathan,,,,2,NBSTC official (Cooch Behar) PDF,
nbstc-official-siliguri-bindu-1,NBSTC Siliguri-Bindu,NBSTC,Government,,Cooch Behar,Siliguri,Bindu,6:30 AM,,,2,NBSTC official (Cooch Behar) PDF,
nbstc-official-siliguri-bindu-2,NBSTC Siliguri-Bindu,NBSTC,Government,,Cooch Behar,Siliguri,Bindu,1:00 PM,,,2,NBSTC official (Cooch Behar) PDF,
nbstc-official-siliguri-cooch-behar-non-ac-1,NBSTC Siliguri-Cooch Behar (Non-AC),NBSTC,Government,,Cooch Behar,Siliguri,Cooch Behar (Non-AC),2:30 PM,,,2,NBSTC official (Cooch Behar) PDF,
nbstc-official-siliguri-cooch-behar-ac-1,NBSTC Siliguri-Cooch Behar (AC),NBSTC,Government,,Cooch Behar,Siliguri,Cooch Behar (AC),7:00 AM,,,2,NBSTC official (Cooch Behar) PDF,
nbstc-official-siliguri-farakka-1,NBSTC Siliguri-Farakka,NBSTC,Government,,Cooch Behar,Siliguri,Farakka,7:45 AM,,,2,NBSTC official (Cooch Behar) PDF,
nbstc-official-siliguri-farakka-2,NBSTC Siliguri-Farakka,NBSTC,Government,,Cooch Behar,Siliguri,Farakka,8:30 AM,,,2,NBSTC official (Cooch Behar) PDF,
nbstc-official-siliguri-gangtok-1,NBSTC Siliguri-Gangtok,NBSTC,Government,,Cooch Behar,Siliguri,Gangtok,5:30 AM,,,2,NBSTC official (Cooch Behar) PDF,
nbstc-official-siliguri-gangtok-2,NBSTC Siliguri-Gangtok,NBSTC,Government,,Cooch Behar,Siliguri,Gangtok,8:15 AM,,,2,NBSTC official (Cooch Behar) PDF,
nbstc-official-siliguri-hili-hili-1,NBSTC Siliguri-Hili-Hili,NBSTC,Government,,Cooch Behar,Siliguri-Hili,Hili,6:00 AM,,,2,NBSTC official (Cooch Behar) PDF,
nbstc-official-siliguri-kaliaganj-1,NBSTC Siliguri-Kaliaganj,NBSTC,Government,,Cooch Behar,Siliguri,Kaliaganj,3:00 PM,,,2,NBSTC official (Cooch Behar) PDF,
nbstc-official-siliguri-mekhliganj-1,NBSTC Siliguri-Mekhliganj,NBSTC,Government,,Cooch Behar,Siliguri,Mekhliganj,3:30 PM,,,2,NBSTC official (Cooch Behar) PDF,
nbstc-official-siliguri-delo-1,NBSTC Siliguri-Delo,NBSTC,Government,,Cooch Behar,Siliguri,Delo,5:30 AM,,,2,NBSTC official (Cooch Behar) PDF,
nbstc-official-siliguri-kolkata-rocket-1,NBSTC Siliguri-Kolkata (Rocket),NBSTC,Government,,Cooch Behar,Siliguri,Kolkata (Rocket),5:30 AM,,,2,NBSTC official (Cooch Behar) PDF,
nbstc-official-siliguri-kolkata-ac-1,NBSTC Siliguri-Kolkata (AC),NBSTC,Government,,Cooch Behar,Siliguri,Kolkata (AC),6:30 PM,,,2,NBSTC official (Cooch Behar) PDF,
nbstc-official-siliguri-krishnanagar-1,NBSTC Siliguri-Krishnanagar,NBSTC,Government,,Cooch Behar,Siliguri,Krishnanagar,4:15 AM,,,2,NBSTC official (Cooch Behar) PDF,
nbstc-official-siliguri-krishnanagar-2,NBSTC Siliguri-Krishnanagar,NBSTC,Government,,Cooch Behar,Siliguri,Krishnanagar,5:00 AM,,,2,NBSTC official (Cooch Behar) PDF,
nbstc-official-siliguri-krishnanagar-3,NBSTC Siliguri-Krishnanagar,NBSTC,Government,,Cooch Behar,Siliguri,Krishnanagar,5:30 AM,,,2,NBSTC official (Cooch Behar) PDF,
nbstc-official-siliguri-omarpur-1,NBSTC Siliguri-Omarpur,NBSTC,Government,,Cooch Behar,Siliguri,Omarpur,5:45 AM,,,2,NBSTC official (Cooch Behar) PDF,
nbstc-official-siliguri-omarpur-2,NBSTC Siliguri-Omarpur,NBSTC,Government,,Cooch Behar,Siliguri,Omarpur,7:00 AM,,,2,NBSTC official (Cooch Behar) PDF,
nbstc-official-siliguri-omarpur-3,NBSTC Siliguri-Omarpur,NBSTC,Government,,Cooch Behar,Siliguri,Omarpur,7:45 AM,,,2,NBSTC official (Cooch Behar) PDF,
nbstc-official-siliguri-raghunathganj-1,NBSTC Siliguri-Raghunathganj,NBSTC,Government,,Cooch Behar,Siliguri,Raghunathganj,7:30 AM,,,2,NBSTC official (Cooch Behar) PDF,
nbstc-official-siliguri-raiganj-1,NBSTC Siliguri-Raiganj,NBSTC,Government,,Cooch Behar,Siliguri,Raiganj,6:30 AM,,,2,NBSTC official (Cooch Behar) PDF,
nbstc-official-siliguri-raiganj-2,NBSTC Siliguri-Raiganj,NBSTC,Government,,Cooch Behar,Siliguri,Raiganj,,,,2,NBSTC official (Cooch Behar) PDF,
nbstc-official-siliguri-ranchi-1,NBSTC Siliguri-Ranchi,NBSTC,Government,,Cooch Behar,Siliguri,Ranchi,11:00 AM,,,2,NBSTC official (Cooch Behar) PDF,
nbstc-official-siliguri-sitai-1,NBSTC Siliguri-Sitai,NBSTC,Government,,Cooch Behar,Siliguri,Sitai,12:00 PM,,,2,NBSTC official (Cooch Behar) PDF,
nbstc-official-siliguri-sitai-2,NBSTC Siliguri-Sitai,NBSTC,Government,,Cooch Behar,Siliguri,Sitai,5:00 AM,,,2,NBSTC official (Cooch Behar) PDF,
nbstc-official-siliguri-sitai-3,NBSTC Siliguri-Sitai,NBSTC,Government,,Cooch Behar,Siliguri,Sitai,6:00 AM,,,2,NBSTC official (Cooch Behar) PDF,
nbstc-official-siliguri-sitai-4,NBSTC Siliguri-Sitai,NBSTC,Government,,Cooch Behar,Siliguri,Sitai,7:50 AM,,,2,NBSTC official (Cooch Behar) PDF,
nbstc-official-siliguri-dinhata-1,NBSTC Siliguri-Dinhata,NBSTC,Government,,Cooch Behar,Siliguri,Dinhata,5:20 AM,,,2,NBSTC official (Cooch Behar) PDF,
nbstc-official-siliguri-dinhata-2,NBSTC Siliguri-Dinhata,NBSTC,Government,,Cooch Behar,Siliguri,Dinhata,5:45 AM,,,2,NBSTC official (Cooch Behar) PDF,
nbstc-official-siliguri-jiaganj-1,NBSTC Siliguri-Jiaganj,NBSTC,Government,,Cooch Behar,Siliguri,Jiaganj,6:30 AM,,,2,NBSTC official (Cooch Behar) PDF,
nbstc-official-siliguri-beldanga-1,NBSTC Siliguri-Beldanga,NBSTC,Government,,Cooch Behar,Siliguri,Beldanga,5:30 AM,,,2,NBSTC official (Cooch Behar) PDF,
nbstc-official-siliguri-beldanga-2,NBSTC Siliguri-Beldanga,NBSTC,Government,,Cooch Behar,Siliguri,Beldanga,6:00 AM,,,2,NBSTC official (Cooch Behar) PDF,
nbstc-official-siliguri-beldanga-3,NBSTC Siliguri-Beldanga,NBSTC,Government,,Cooch Behar,Siliguri,Beldanga,5:30 AM,,,2,NBSTC official (Cooch Behar) PDF,
nbstc-official-siliguri-sagardighi-1,NBSTC Siliguri-Sagardighi,NBSTC,Government,,Cooch Behar,Siliguri,Sagardighi,6:15 AM,,,2,NBSTC official (Cooch Behar) PDF,
nbstc-official-siliguri-tarapith-1,NBSTC Siliguri-Tarapith,NBSTC,Government,,Cooch Behar,Siliguri,Tarapith,5:15 AM,,,2,NBSTC official (Cooch Behar) PDF,
nbstc-official-siliguri-harishchandrapur-1,NBSTC Siliguri-Harishchandrapur,NBSTC,Government,,Cooch Behar,Siliguri,Harishchandrapur,8:30 AM,,,2,NBSTC official (Cooch Behar) PDF,
nbstc-official-jalpaiguri-siliguri-tncbt-1,NBSTC Jalpaiguri-Siliguri (TNCBT),NBSTC,Government,,Cooch Behar,Jalpaiguri,Siliguri (TNCBT),7:00 AM,,,2,NBSTC official (Cooch Behar) PDF,
nbstc-official-jalpaiguri-siliguri-tncbt-2,NBSTC Jalpaiguri-Siliguri (TNCBT),NBSTC,Government,,Cooch Behar,Jalpaiguri,Siliguri (TNCBT),7:15 AM,,,2,NBSTC official (Cooch Behar) PDF,
nbstc-official-jalpaiguri-siliguri-tncbt-3,NBSTC Jalpaiguri-Siliguri (TNCBT),NBSTC,Government,,Cooch Behar,Jalpaiguri,Siliguri (TNCBT),7:30 AM,,,2,NBSTC official (Cooch Behar) PDF,
nbstc-official-jalpaiguri-siliguri-tncbt-4,NBSTC Jalpaiguri-Siliguri (TNCBT),NBSTC,Government,,Cooch Behar,Jalpaiguri,Siliguri (TNCBT),7:45 AM,,,2,NBSTC official (Cooch Behar) PDF,
nbstc-official-jalpaiguri-siliguri-tncbt-5,NBSTC Jalpaiguri-Siliguri (TNCBT),NBSTC,Government,,Cooch Behar,Jalpaiguri,Siliguri (TNCBT),8:00 AM,,,2,NBSTC official (Cooch Behar) PDF,
nbstc-official-jalpaiguri-siliguri-tncbt-6,NBSTC Jalpaiguri-Siliguri (TNCBT),NBSTC,Government,,Cooch Behar,Jalpaiguri,Siliguri (TNCBT),8:15 AM,,,2,NBSTC official (Cooch Behar) PDF,
nbstc-official-jalpaiguri-siliguri-tncbt-7,NBSTC Jalpaiguri-Siliguri (TNCBT),NBSTC,Government,,Cooch Behar,Jalpaiguri,Siliguri (TNCBT),8:30 AM,,,2,NBSTC official (Cooch Behar) PDF,
nbstc-official-jalpaiguri-siliguri-tncbt-8,NBSTC Jalpaiguri-Siliguri (TNCBT),NBSTC,Government,,Cooch Behar,Jalpaiguri,Siliguri (TNCBT),8:45 AM,,,2,NBSTC official (Cooch Behar) PDF,
nbstc-official-jalpaiguri-siliguri-tncbt-9,NBSTC Jalpaiguri-Siliguri (TNCBT),NBSTC,Government,,Cooch Behar,Jalpaiguri,Siliguri (TNCBT),9:10 AM,,,2,NBSTC official (Cooch Behar) PDF,
nbstc-official-jalpaiguri-siliguri-tncbt-10,NBSTC Jalpaiguri-Siliguri (TNCBT),NBSTC,Government,,Cooch Behar,Jalpaiguri,Siliguri (TNCBT),9:40 AM,,,2,NBSTC official (Cooch Behar) PDF,
nbstc-official-jalpaiguri-siliguri-tncbt-11,NBSTC Jalpaiguri-Siliguri (TNCBT),NBSTC,Government,,Cooch Behar,Jalpaiguri,Siliguri (TNCBT),10:10 AM,,,2,NBSTC official (Cooch Behar) PDF,
nbstc-official-jalpaiguri-siliguri-tncbt-12,NBSTC Jalpaiguri-Siliguri (TNCBT),NBSTC,Government,,Cooch Behar,Jalpaiguri,Siliguri (TNCBT),10:40 AM,,,2,NBSTC official (Cooch Behar) PDF,
nbstc-official-jalpaiguri-malbazar-depot-1,NBSTC Jalpaiguri-Malbazar Depot,NBSTC,Government,,Cooch Behar,Jalpaiguri,Malbazar Depot,7:00 AM,,,2,NBSTC official (Cooch Behar) PDF,
nbstc-official-jalpaiguri-malbazar-depot-2,NBSTC Jalpaiguri-Malbazar Depot,NBSTC,Government,,Cooch Behar,Jalpaiguri,Malbazar Depot,7:30 AM,,,2,NBSTC official (Cooch Behar) PDF,
nbstc-official-jalpaiguri-malbazar-depot-3,NBSTC Jalpaiguri-Malbazar Depot,NBSTC,Government,,Cooch Behar,Jalpaiguri,Malbazar Depot,8:00 AM,,,2,NBSTC official (Cooch Behar) PDF,
nbstc-official-jalpaiguri-malbazar-depot-4,NBSTC Jalpaiguri-Malbazar Depot,NBSTC,Government,,Cooch Behar,Jalpaiguri,Malbazar Depot,8:20 AM,,,2,NBSTC official (Cooch Behar) PDF,
nbstc-official-jalpaiguri-malbazar-depot-5,NBSTC Jalpaiguri-Malbazar Depot,NBSTC,Government,,Cooch Behar,Jalpaiguri,Malbazar Depot,8:40 AM,,,2,NBSTC official (Cooch Behar) PDF,
nbstc-official-jalpaiguri-malbazar-depot-6,NBSTC Jalpaiguri-Malbazar Depot,NBSTC,Government,,Cooch Behar,Jalpaiguri,Malbazar Depot,9:00 AM,,,2,NBSTC official (Cooch Behar) PDF,
nbstc-official-jalpaiguri-malbazar-depot-7,NBSTC Jalpaiguri-Malbazar Depot,NBSTC,Government,,Cooch Behar,Jalpaiguri,Malbazar Depot,9:15 AM,,,2,NBSTC official (Cooch Behar) PDF,
nbstc-official-jalpaiguri-dewanganj-1,NBSTC Jalpaiguri-Dewanganj,NBSTC,Government,,Cooch Behar,Jalpaiguri,Dewanganj,6:30 AM,,,2,NBSTC official (Cooch Behar) PDF,
nbstc-official-jalpaiguri-haldibari-1,NBSTC Jalpaiguri-Haldibari,NBSTC,Government,,Cooch Behar,Jalpaiguri,Haldibari,7:00 AM,,,2,NBSTC official (Cooch Behar) PDF,
nbstc-official-jalpaiguri-haldibari-2,NBSTC Jalpaiguri-Haldibari,NBSTC,Government,,Cooch Behar,Jalpaiguri,Haldibari,8:00 AM,,,2,NBSTC official (Cooch Behar) PDF,
nbstc-official-jalpaiguri-haldibari-3,NBSTC Jalpaiguri-Haldibari,NBSTC,Government,,Cooch Behar,Jalpaiguri,Haldibari,8:30 AM,,,2,NBSTC official (Cooch Behar) PDF,
nbstc-official-jalpaiguri-haldibari-4,NBSTC Jalpaiguri-Haldibari,NBSTC,Government,,Cooch Behar,Jalpaiguri,Haldibari,9:00 AM,,,2,NBSTC official (Cooch Behar) PDF,
nbstc-official-jalpaiguri-haldibari-5,NBSTC Jalpaiguri-Haldibari,NBSTC,Government,,Cooch Behar,Jalpaiguri,Haldibari,9:15 AM,,,2,NBSTC official (Cooch Behar) PDF,
nbstc-official-jalpaiguri-haldibari-6,NBSTC Jalpaiguri-Haldibari,NBSTC,Government,,Cooch Behar,Jalpaiguri,Haldibari,7:30 AM,,,2,NBSTC official (Cooch Behar) PDF,
nbstc-official-jalpaiguri-satkura-1,NBSTC Jalpaiguri-Satkura,NBSTC,Government,,Cooch Behar,Jalpaiguri,Satkura,8:00 AM,,,2,NBSTC official (Cooch Behar) PDF,
nbstc-official-jalpaiguri-chaulhati-1,NBSTC Jalpaiguri-Chaulhati,NBSTC,Government,,Cooch Behar,Jalpaiguri,Chaulhati,6:30 AM,,,2,NBSTC official (Cooch Behar) PDF,
nbstc-official-jalpaiguri-chaulhati-2,NBSTC Jalpaiguri-Chaulhati,NBSTC,Government,,Cooch Behar,Jalpaiguri,Chaulhati,7:30 AM,,,2,NBSTC official (Cooch Behar) PDF,
nbstc-official-jalpaiguri-tapan-1,NBSTC Jalpaiguri-Tapan,NBSTC,Government,,Cooch Behar,Jalpaiguri,Tapan,7:00 AM,,,2,NBSTC official (Cooch Behar) PDF,
nbstc-official-jalpaiguri-kardaha-1,NBSTC Jalpaiguri-Kardaha,NBSTC,Government,,Cooch Behar,Jalpaiguri,Kardaha,7:50 AM,,,2,NBSTC official (Cooch Behar) PDF,
nbstc-official-jalpaiguri-balurghat-1,NBSTC Jalpaiguri-Balurghat,NBSTC,Government,,Cooch Behar,Jalpaiguri,Balurghat,8:30 AM,,,2,NBSTC official (Cooch Behar) PDF,
nbstc-official-jalpaiguri-malda-1,NBSTC Jalpaiguri-Malda,NBSTC,Government,,Cooch Behar,Jalpaiguri,Malda,7:10 AM,,,2,NBSTC official (Cooch Behar) PDF,
nbstc-official-jalpaiguri-malda-2,NBSTC Jalpaiguri-Malda,NBSTC,Government,,Cooch Behar,Jalpaiguri,Malda,8:30 AM,,,2,NBSTC official (Cooch Behar) PDF,
nbstc-official-jalpaiguri-farakka-1,NBSTC Jalpaiguri-Farakka,NBSTC,Government,,Cooch Behar,Jalpaiguri,Farakka,6:00 AM,,,2,NBSTC official (Cooch Behar) PDF,
nbstc-official-jalpaiguri-gangarampur-1,NBSTC Jalpaiguri-Gangarampur,NBSTC,Government,,Cooch Behar,Jalpaiguri,Gangarampur,6:00 AM,,,2,NBSTC official (Cooch Behar) PDF,
nbstc-official-jalpaiguri-berhampur-1,NBSTC Jalpaiguri-Berhampur,NBSTC,Government,,Cooch Behar,Jalpaiguri,Berhampur,5:00 AM,,,2,NBSTC official (Cooch Behar) PDF,
nbstc-official-jalpaiguri-jorai-1,NBSTC Jalpaiguri-Jorai,NBSTC,Government,,Cooch Behar,Jalpaiguri,Jorai,7:00 AM,,,2,NBSTC official (Cooch Behar) PDF,
nbstc-official-jalpaiguri-odlabari-1,NBSTC Jalpaiguri-Odlabari,NBSTC,Government,,Cooch Behar,Jalpaiguri,Odlabari,7:00 AM,,,2,NBSTC official (Cooch Behar) PDF,
nbstc-official-jalpaiguri-cooch-behar-1,NBSTC Jalpaiguri-Cooch Behar,NBSTC,Government,,Cooch Behar,Jalpaiguri,Cooch Behar,7:55 AM,,,2,NBSTC official (Cooch Behar) PDF,
nbstc-official-jalpaiguri-cooch-behar-2,NBSTC Jalpaiguri-Cooch Behar,NBSTC,Government,,Cooch Behar,Jalpaiguri,Cooch Behar,9:20 AM,,,2,NBSTC official (Cooch Behar) PDF,
nbstc-official-jalpaiguri-dhumpara-1,NBSTC Jalpaiguri-Dhumpara,NBSTC,Government,,Cooch Behar,Jalpaiguri,Dhumpara,8:15 AM,,,2,NBSTC official (Cooch Behar) PDF,
nbstc-official-jalpaiguri-birpara-1,NBSTC Jalpaiguri-Birpara,NBSTC,Government,,Cooch Behar,Jalpaiguri,Birpara,8:30 AM,,,2,NBSTC official (Cooch Behar) PDF,
nbstc-official-jalpaiguri-siliguri-1,NBSTC Jalpaiguri-Siliguri,NBSTC,Government,,Cooch Behar,Jalpaiguri,Siliguri,6:00 AM,,,2,NBSTC official (Cooch Behar) PDF,
nbstc-official-jalpaiguri-siliguri-2,NBSTC Jalpaiguri-Siliguri,NBSTC,Government,,Cooch Behar,Jalpaiguri,Siliguri,6:30 AM,,,2,NBSTC official (Cooch Behar) PDF,
nbstc-official-malbazar-balurghat-1,NBSTC Malbazar-Balurghat,NBSTC,Government,,Cooch Behar,Malbazar,Balurghat,6:30 AM,,,2,NBSTC official (Cooch Behar) PDF,
nbstc-official-malbazar-malda-1,NBSTC Malbazar-Malda,NBSTC,Government,,Cooch Behar,Malbazar,Malda,6:00 AM,,,2,NBSTC official (Cooch Behar) PDF,
nbstc-official-malbazar-islampur-1,NBSTC Malbazar-Islampur,NBSTC,Government,,Cooch Behar,Malbazar,Islampur,6:50 AM,,,2,NBSTC official (Cooch Behar) PDF,
nbstc-official-malbazar-jorai-1,NBSTC Malbazar-Jorai,NBSTC,Government,,Cooch Behar,Malbazar,Jorai,6:50 AM,,,2,NBSTC official (Cooch Behar) PDF,
nbstc-official-malbazar-medical-more-1,NBSTC Malbazar-Medical More,NBSTC,Government,,Cooch Behar,Malbazar,Medical More,7:40 AM,,,2,NBSTC official (Cooch Behar) PDF,
nbstc-official-malbazar-jalpaiguri-1,NBSTC Malbazar-Jalpaiguri,NBSTC,Government,,Cooch Behar,Malbazar,Jalpaiguri,7:00 AM,,,2,NBSTC official (Cooch Behar) PDF,
nbstc-official-malbazar-jalpaiguri-2,NBSTC Malbazar-Jalpaiguri,NBSTC,Government,,Cooch Behar,Malbazar,Jalpaiguri,7:30 AM,,,2,NBSTC official (Cooch Behar) PDF,
nbstc-official-malbazar-jalpaiguri-3,NBSTC Malbazar-Jalpaiguri,NBSTC,Government,,Cooch Behar,Malbazar,Jalpaiguri,8:00 AM,,,2,NBSTC official (Cooch Behar) PDF,
nbstc-official-malbazar-jalpaiguri-4,NBSTC Malbazar-Jalpaiguri,NBSTC,Government,,Cooch Behar,Malbazar,Jalpaiguri,8:25 AM,,,2,NBSTC official (Cooch Behar) PDF,
nbstc-official-malbazar-jalpaiguri-5,NBSTC Malbazar-Jalpaiguri,NBSTC,Government,,Cooch Behar,Malbazar,Jalpaiguri,8:50 AM,,,2,NBSTC official (Cooch Behar) PDF,
nbstc-official-malbazar-jalpaiguri-6,NBSTC Malbazar-Jalpaiguri,NBSTC,Government,,Cooch Behar,Malbazar,Jalpaiguri,9:15 AM,,,2,NBSTC official (Cooch Behar) PDF,
nbstc-official-malbazar-siliguri-1,NBSTC Malbazar-Siliguri,NBSTC,Government,,Cooch Behar,Malbazar,Siliguri,8:00 AM,,,2,NBSTC official (Cooch Behar) PDF,
nbstc-official-maynaguri-farakka-1,NBSTC Maynaguri-Farakka,NBSTC,Government,,Cooch Behar,Maynaguri,Farakka,5:45 AM,,,2,NBSTC official (Cooch Behar) PDF,
nbstc-official-maynaguri-farakka-2,NBSTC Maynaguri-Farakka,NBSTC,Government,,Cooch Behar,Maynaguri,Farakka,7:15 AM,,,2,NBSTC official (Cooch Behar) PDF,
nbstc-official-maynaguri-omarpur-1,NBSTC Maynaguri-Omarpur,NBSTC,Government,,Cooch Behar,Maynaguri,Omarpur,4:00 AM,,,2,NBSTC official (Cooch Behar) PDF,
nbstc-official-maynaguri-cooch-behar-1,NBSTC Maynaguri-Cooch Behar,NBSTC,Government,,Cooch Behar,Maynaguri,Cooch Behar,6:15 AM,,,2,NBSTC official (Cooch Behar) PDF,
nbstc-official-maynaguri-cooch-behar-2,NBSTC Maynaguri-Cooch Behar,NBSTC,Government,,Cooch Behar,Maynaguri,Cooch Behar,7:30 AM,,,2,NBSTC official (Cooch Behar) PDF,
nbstc-official-darjeeling-jaigaon-1,NBSTC Darjeeling-Jaigaon,NBSTC,Government,,Cooch Behar,Darjeeling,Jaigaon,7:30 AM,,,2,NBSTC official (Cooch Behar) PDF,
nbstc-official-darjeeling-siliguri-1,NBSTC Darjeeling-Siliguri,NBSTC,Government,,Cooch Behar,Darjeeling,Siliguri,7:45 AM,,,2,NBSTC official (Cooch Behar) PDF,
nbstc-official-darjeeling-siliguri-2,NBSTC Darjeeling-Siliguri,NBSTC,Government,,Cooch Behar,Darjeeling,Siliguri,1:00 PM,,,2,NBSTC official (Cooch Behar) PDF,
nbstc-official-darjeeling-siliguri-3,NBSTC Darjeeling-Siliguri,NBSTC,Government,,Cooch Behar,Darjeeling,Siliguri,2:00 PM,,,2,NBSTC official (Cooch Behar) PDF,
nbstc-official-darjeeling-islampur-1,NBSTC Darjeeling-Islampur,NBSTC,Government,,Cooch Behar,Darjeeling,Islampur,1:30 PM,,,2,NBSTC official (Cooch Behar) PDF,
nbstc-official-darjeeling-siliguri-4,NBSTC Darjeeling-Siliguri,NBSTC,Government,,Cooch Behar,Darjeeling,Siliguri,9:00 AM,,,2,NBSTC official (Cooch Behar) PDF,
nbstc-official-islampur-balurghat-1,NBSTC Islampur-Balurghat,NBSTC,Government,,Cooch Behar,Islampur,Balurghat,5:00 AM,,,2,NBSTC official (Cooch Behar) PDF,
nbstc-official-islampur-balurghat-2,NBSTC Islampur-Balurghat,NBSTC,Government,,Cooch Behar,Islampur,Balurghat,6:00 AM,,,2,NBSTC official (Cooch Behar) PDF,
nbstc-official-islampur-malda-1,NBSTC Islampur-Malda,NBSTC,Government,,Cooch Behar,Islampur,Malda,7:00 AM,,,2,NBSTC official (Cooch Behar) PDF,
nbstc-official-islampur-raiganj-1,NBSTC Islampur-Raiganj,NBSTC,Government,,Cooch Behar,Islampur,Raiganj,6:30 AM,,,3,NBSTC official (Cooch Behar) PDF,
nbstc-official-islampur-hili-1,NBSTC Islampur-Hili,NBSTC,Government,,Cooch Behar,Islampur,Hili,7:30 AM,,,3,NBSTC official (Cooch Behar) PDF,
nbstc-official-islampur-siliguri-1,NBSTC Islampur-Siliguri,NBSTC,Government,,Cooch Behar,Islampur,Siliguri,7:30 AM,,,2,NBSTC official (Cooch Behar) PDF,
nbstc-official-islampur-siliguri-2,NBSTC Islampur-Siliguri,NBSTC,Government,,Cooch Behar,Islampur,Siliguri,8:00 AM,,,2,NBSTC official (Cooch Behar) PDF,
nbstc-official-islampur-siliguri-3,NBSTC Islampur-Siliguri,NBSTC,Government,,Cooch Behar,Islampur,Siliguri,8:30 AM,,,2,NBSTC official (Cooch Behar) PDF,
nbstc-official-islampur-siliguri-4,NBSTC Islampur-Siliguri,NBSTC,Government,,Cooch Behar,Islampur,Siliguri,9:00 AM,,,2,NBSTC official (Cooch Behar) PDF,
nbstc-official-islampur-siliguri-5,NBSTC Islampur-Siliguri,NBSTC,Government,,Cooch Behar,Islampur,Siliguri,9:30 AM,,,2,NBSTC official (Cooch Behar) PDF,
nbstc-official-islampur-siliguri-6,NBSTC Islampur-Siliguri,NBSTC,Government,,Cooch Behar,Islampur,Siliguri,10:00 AM,,,2,NBSTC official (Cooch Behar) PDF,
nbstc-official-islampur-siliguri-7,NBSTC Islampur-Siliguri,NBSTC,Government,,Cooch Behar,Islampur,Siliguri,11:00 AM,,,2,NBSTC official (Cooch Behar) PDF,
nbstc-official-raiganj-barasat-1,NBSTC Raiganj-Barasat,NBSTC,Government,,Cooch Behar,Raiganj,Barasat,7:00 AM,,,2,NBSTC official (Cooch Behar) PDF,
nbstc-official-raiganj-kolkata-1,NBSTC Raiganj-Kolkata,NBSTC,Government,,Cooch Behar,Raiganj,Kolkata,4:15 AM,,,2,NBSTC official (Cooch Behar) PDF,
nbstc-official-raiganj-kolkata-2,NBSTC Raiganj-Kolkata,NBSTC,Government,,Cooch Behar,Raiganj,Kolkata,6:15 AM,,,2,NBSTC official (Cooch Behar) PDF,
nbstc-official-raiganj-kolkata-3,NBSTC Raiganj-Kolkata,NBSTC,Government,,Cooch Behar,Raiganj,Kolkata,4:30 AM,,,3,NBSTC official (Cooch Behar) PDF,
nbstc-official-raiganj-kolkata-4,NBSTC Raiganj-Kolkata,NBSTC,Government,,Cooch Behar,Raiganj,Kolkata,7:30 PM,,,2,NBSTC official (Cooch Behar) PDF,
nbstc-official-raiganj-alipurduar-1,NBSTC Raiganj-Alipurduar,NBSTC,Government,,Cooch Behar,Raiganj,Alipurduar,4:30 AM,,,2,NBSTC official (Cooch Behar) PDF,
nbstc-official-raiganj-falakata-1,NBSTC Raiganj-Falakata,NBSTC,Government,,Cooch Behar,Raiganj,Falakata,3:45 AM,,,2,NBSTC official (Cooch Behar) PDF,
nbstc-official-raiganj-dhupguri-1,NBSTC Raiganj-Dhupguri,NBSTC,Government,,Cooch Behar,Raiganj,Dhupguri,5:45 AM,,,2,NBSTC official (Cooch Behar) PDF,
nbstc-official-raiganj-dhupguri-2,NBSTC Raiganj-Dhupguri,NBSTC,Government,,Cooch Behar,Raiganj,Dhupguri,6:45 AM,,,2,NBSTC official (Cooch Behar) PDF,
nbstc-official-raiganj-berhampur-1,NBSTC Raiganj-Berhampur,NBSTC,Government,,Cooch Behar,Raiganj,Berhampur,4:45 AM,,,2,NBSTC official (Cooch Behar) PDF,
nbstc-official-raiganj-berhampur-2,NBSTC Raiganj-Berhampur,NBSTC,Government,,Cooch Behar,Raiganj,Berhampur,7:30 AM,,,2,NBSTC official (Cooch Behar) PDF,
nbstc-official-raiganj-berhampur-3,NBSTC Raiganj-Berhampur,NBSTC,Government,,Cooch Behar,Raiganj,Berhampur,8:00 AM,,,2,NBSTC official (Cooch Behar) PDF,
nbstc-official-raiganj-siliguri-1,NBSTC Raiganj-Siliguri,NBSTC,Government,,Cooch Behar,Raiganj,Siliguri,4:45 AM,,,2,NBSTC official (Cooch Behar) PDF,
nbstc-official-raiganj-siliguri-2,NBSTC Raiganj-Siliguri,NBSTC,Government,,Cooch Behar,Raiganj,Siliguri,5:15 AM,,,2,NBSTC official (Cooch Behar) PDF,
nbstc-official-raiganj-siliguri-3,NBSTC Raiganj-Siliguri,NBSTC,Government,,Cooch Behar,Raiganj,Siliguri,5:45 AM,,,2,NBSTC official (Cooch Behar) PDF,
nbstc-official-raiganj-siliguri-4,NBSTC Raiganj-Siliguri,NBSTC,Government,,Cooch Behar,Raiganj,Siliguri,7:30 AM,,,2,NBSTC official (Cooch Behar) PDF,
nbstc-official-raiganj-balurghat-1,NBSTC Raiganj-Balurghat,NBSTC,Government,,Cooch Behar,Raiganj,Balurghat,5:00 AM,,,2,NBSTC official (Cooch Behar) PDF,
nbstc-official-raiganj-balurghat-2,NBSTC Raiganj-Balurghat,NBSTC,Government,,Cooch Behar,Raiganj,Balurghat,6:15 AM,,,2,NBSTC official (Cooch Behar) PDF,
nbstc-official-raiganj-balurghat-3,NBSTC Raiganj-Balurghat,NBSTC,Government,,Cooch Behar,Raiganj,Balurghat,7:00 AM,,,2,NBSTC official (Cooch Behar) PDF,
nbstc-official-raiganj-balurghat-4,NBSTC Raiganj-Balurghat,NBSTC,Government,,Cooch Behar,Raiganj,Balurghat,8:00 AM,,,2,NBSTC official (Cooch Behar) PDF,
nbstc-official-raiganj-balurghat-5,NBSTC Raiganj-Balurghat,NBSTC,Government,,Cooch Behar,Raiganj,Balurghat,8:30 AM,,,2,NBSTC official (Cooch Behar) PDF,
nbstc-official-raiganj-balurghat-6,NBSTC Raiganj-Balurghat,NBSTC,Government,,Cooch Behar,Raiganj,Balurghat,9:15 AM,,,2,NBSTC official (Cooch Behar) PDF,
nbstc-official-raiganj-balurghat-7,NBSTC Raiganj-Balurghat,NBSTC,Government,,Cooch Behar,Raiganj,Balurghat,10:15 AM,,,2,NBSTC official (Cooch Behar) PDF,
nbstc-official-raiganj-balurghat-8,NBSTC Raiganj-Balurghat,NBSTC,Government,,Cooch Behar,Raiganj,Balurghat,11:20 AM,,,2,NBSTC official (Cooch Behar) PDF,
nbstc-official-raiganj-balurghat-9,NBSTC Raiganj-Balurghat,NBSTC,Government,,Cooch Behar,Raiganj,Balurghat,12:10 PM,,,2,NBSTC official (Cooch Behar) PDF,
nbstc-official-raiganj-balurghat-10,NBSTC Raiganj-Balurghat,NBSTC,Government,,Cooch Behar,Raiganj,Balurghat,1:00 PM,,,2,NBSTC official (Cooch Behar) PDF,
nbstc-official-raiganj-balurghat-11,NBSTC Raiganj-Balurghat,NBSTC,Government,,Cooch Behar,Raiganj,Balurghat,2:00 PM,,,2,NBSTC official (Cooch Behar) PDF,
nbstc-official-raiganj-balurghat-12,NBSTC Raiganj-Balurghat,NBSTC,Government,,Cooch Behar,Raiganj,Balurghat,5:00 PM,,,2,NBSTC official (Cooch Behar) PDF,
nbstc-official-raiganj-hili-1,NBSTC Raiganj-Hili,NBSTC,Government,,Cooch Behar,Raiganj,Hili,7:30 AM,,,2,NBSTC official (Cooch Behar) PDF,
nbstc-official-raiganj-hili-2,NBSTC Raiganj-Hili,NBSTC,Government,,Cooch Behar,Raiganj,Hili,10:45 AM,,,2,NBSTC official (Cooch Behar) PDF,
nbstc-official-raiganj-dhubri-1,NBSTC Raiganj-Dhubri,NBSTC,Government,,Cooch Behar,Raiganj,Dhubri,4:00 PM,,,3,NBSTC official (Cooch Behar) PDF,
nbstc-official-raiganj-chanchal-1,NBSTC Raiganj-Chanchal,NBSTC,Government,,Cooch Behar,Raiganj,Chanchal,7:00 AM,,,2,NBSTC official (Cooch Behar) PDF,
nbstc-official-raiganj-chanchal-2,NBSTC Raiganj-Chanchal,NBSTC,Government,,Cooch Behar,Raiganj,Chanchal,2:00 PM,,,2,NBSTC official (Cooch Behar) PDF,
nbstc-official-raiganj-rasakhawa-1,NBSTC Raiganj-Rasakhawa,NBSTC,Government,,Cooch Behar,Raiganj,Rasakhawa,7:00 AM,,,2,NBSTC official (Cooch Behar) PDF,
nbstc-official-raiganj-rasakhawa-2,NBSTC Raiganj-Rasakhawa,NBSTC,Government,,Cooch Behar,Raiganj,Rasakhawa,1:00 PM,,,2,NBSTC official (Cooch Behar) PDF,
nbstc-official-raiganj-malda-1,NBSTC Raiganj-Malda,NBSTC,Government,,Cooch Behar,Raiganj,Malda,8:30 AM,,,3,NBSTC official (Cooch Behar) PDF,
nbstc-official-raiganj-bharatpur-1,NBSTC Raiganj-Bharatpur,NBSTC,Government,,Cooch Behar,Raiganj,Bharatpur,5:10 PM,,,2,NBSTC official (Cooch Behar) PDF,
nbstc-official-raiganj-bharatpur-2,NBSTC Raiganj-Bharatpur,NBSTC,Government,,Cooch Behar,Raiganj,Bharatpur,9:30 AM,,,2,NBSTC official (Cooch Behar) PDF,
nbstc-official-malda-kolkata-1,NBSTC Malda-Kolkata,NBSTC,Government,,Cooch Behar,Malda,Kolkata,5:00 AM,,,2,NBSTC official (Cooch Behar) PDF,
nbstc-official-malda-kolkata-2,NBSTC Malda-Kolkata,NBSTC,Government,,Cooch Behar,Malda,Kolkata,5:30 AM,,,2,NBSTC official (Cooch Behar) PDF,
nbstc-official-malda-kolkata-3,NBSTC Malda-Kolkata,NBSTC,Government,,Cooch Behar,Malda,Kolkata,6:20 AM,,,2,NBSTC official (Cooch Behar) PDF,
nbstc-official-malda-joygaon-1,NBSTC Malda-Joygaon,NBSTC,Government,,Cooch Behar,Malda,Joygaon,5:00 AM,,,2,NBSTC official (Cooch Behar) PDF,
nbstc-official-malda-dhupguri-1,NBSTC Malda-Dhupguri,NBSTC,Government,,Cooch Behar,Malda,Dhupguri,5:30 AM,,,2,NBSTC official (Cooch Behar) PDF,
nbstc-official-malda-siliguri-1,NBSTC Malda-Siliguri,NBSTC,Government,,Cooch Behar,Malda,Siliguri,10:30 AM,,,2,NBSTC official (Cooch Behar) PDF,
nbstc-official-malda-siliguri-2,NBSTC Malda-Siliguri,NBSTC,Government,,Cooch Behar,Malda,Siliguri,12:00 PM,,,2,NBSTC official (Cooch Behar) PDF,
nbstc-official-malda-balurghat-1,NBSTC Malda-Balurghat,NBSTC,Government,,Cooch Behar,Malda,Balurghat,5:30 AM,,,2,NBSTC official (Cooch Behar) PDF,
nbstc-official-malda-balurghat-2,NBSTC Malda-Balurghat,NBSTC,Government,,Cooch Behar,Malda,Balurghat,6:00 AM,,,2,NBSTC official (Cooch Behar) PDF,
nbstc-official-malda-balurghat-3,NBSTC Malda-Balurghat,NBSTC,Government,,Cooch Behar,Malda,Balurghat,6:45 AM,,,2,NBSTC official (Cooch Behar) PDF,
nbstc-official-malda-balurghat-4,NBSTC Malda-Balurghat,NBSTC,Government,,Cooch Behar,Malda,Balurghat,7:00 AM,,,2,NBSTC official (Cooch Behar) PDF,
nbstc-official-malda-balurghat-5,NBSTC Malda-Balurghat,NBSTC,Government,,Cooch Behar,Malda,Balurghat,8:30 AM,,,2,NBSTC official (Cooch Behar) PDF,
nbstc-official-malda-balurghat-6,NBSTC Malda-Balurghat,NBSTC,Government,,Cooch Behar,Malda,Balurghat,11:00 AM,,,2,NBSTC official (Cooch Behar) PDF,
nbstc-official-malda-balurghat-7,NBSTC Malda-Balurghat,NBSTC,Government,,Cooch Behar,Malda,Balurghat,12:00 PM,,,2,NBSTC official (Cooch Behar) PDF,
nbstc-official-malda-balurghat-8,NBSTC Malda-Balurghat,NBSTC,Government,,Cooch Behar,Malda,Balurghat,1:00 PM,,,2,NBSTC official (Cooch Behar) PDF,
nbstc-official-malda-mahadebpur-1,NBSTC Malda-Mahadebpur,NBSTC,Government,,Cooch Behar,Malda,Mahadebpur,8:00 AM,,,3,NBSTC official (Cooch Behar) PDF,
nbstc-official-malda-mahadebpur-2,NBSTC Malda-Mahadebpur,NBSTC,Government,,Cooch Behar,Malda,Mahadebpur,10:15 AM,,,3,NBSTC official (Cooch Behar) PDF,
nbstc-official-malda-balurghat-9,NBSTC Malda-Balurghat,NBSTC,Government,,Cooch Behar,Malda,Balurghat,8:15 AM,,,3,NBSTC official (Cooch Behar) PDF,
nbstc-official-malda-balurghat-10,NBSTC Malda-Balurghat,NBSTC,Government,,Cooch Behar,Malda,Balurghat,4:00 PM,,,3,NBSTC official (Cooch Behar) PDF,
nbstc-official-malda-hili-1,NBSTC Malda-Hili,NBSTC,Government,,Cooch Behar,Malda,Hili,5:00 AM,,,2,NBSTC official (Cooch Behar) PDF,
nbstc-official-malda-hili-2,NBSTC Malda-Hili,NBSTC,Government,,Cooch Behar,Malda,Hili,7:45 AM,,,2,NBSTC official (Cooch Behar) PDF,
nbstc-official-malda-hili-3,NBSTC Malda-Hili,NBSTC,Government,,Cooch Behar,Malda,Hili,8:50 AM,,,2,NBSTC official (Cooch Behar) PDF,
nbstc-official-malda-hili-4,NBSTC Malda-Hili,NBSTC,Government,,Cooch Behar,Malda,Hili,7:30 AM,,,2,NBSTC official (Cooch Behar) PDF,
nbstc-official-malda-raiganj-1,NBSTC Malda-Raiganj,NBSTC,Government,,Cooch Behar,Malda,Raiganj,7:20 AM,,,2,NBSTC official (Cooch Behar) PDF,
nbstc-official-malda-raiganj-2,NBSTC Malda-Raiganj,NBSTC,Government,,Cooch Behar,Malda,Raiganj,6:30 AM,,,2,NBSTC official (Cooch Behar) PDF,
nbstc-official-malda-raiganj-3,NBSTC Malda-Raiganj,NBSTC,Government,,Cooch Behar,Malda,Raiganj,8:00 AM,,,2,NBSTC official (Cooch Behar) PDF,
nbstc-official-malda-raiganj-4,NBSTC Malda-Raiganj,NBSTC,Government,,Cooch Behar,Malda,Raiganj,1:00 PM,,,2,NBSTC official (Cooch Behar) PDF,
nbstc-official-malda-raiganj-5,NBSTC Malda-Raiganj,NBSTC,Government,,Cooch Behar,Malda,Raiganj,2:00 PM,,,2,NBSTC official (Cooch Behar) PDF,
nbstc-official-malda-raiganj-6,NBSTC Malda-Raiganj,NBSTC,Government,,Cooch Behar,Malda,Raiganj,3:00 PM,,,2,NBSTC official (Cooch Behar) PDF,
nbstc-official-malda-raiganj-7,NBSTC Malda-Raiganj,NBSTC,Government,,Cooch Behar,Malda,Raiganj,6:30 AM,,,3,NBSTC official (Cooch Behar) PDF,
nbstc-official-malda-raiganj-8,NBSTC Malda-Raiganj,NBSTC,Government,,Cooch Behar,Malda,Raiganj,1:00 AM,,,3,NBSTC official (Cooch Behar) PDF,
nbstc-official-malda-berhampur-1,NBSTC Malda-Berhampur,NBSTC,Government,,Cooch Behar,Malda,Berhampur,8:00 AM,,,2,NBSTC official (Cooch Behar) PDF,
nbstc-official-malda-berhampur-2,NBSTC Malda-Berhampur,NBSTC,Government,,Cooch Behar,Malda,Berhampur,10:30 AM,,,2,NBSTC official (Cooch Behar) PDF,
nbstc-official-balurghat-kolkata-1,NBSTC Balurghat-Kolkata,NBSTC,Government,,Cooch Behar,Balurghat,Kolkata,5:10 AM,,,3,NBSTC official (Cooch Behar) PDF,
nbstc-official-balurghat-kolkata-2,NBSTC Balurghat-Kolkata,NBSTC,Government,,Cooch Behar,Balurghat,Kolkata,4:45 AM,,,2,NBSTC official (Cooch Behar) PDF,
nbstc-official-balurghat-kolkata-3,NBSTC Balurghat-Kolkata,NBSTC,Government,,Cooch Behar,Balurghat,Kolkata,6:30 PM,,,2,NBSTC official (Cooch Behar) PDF,
nbstc-official-balurghat-siliguri-1,NBSTC Balurghat-Siliguri,NBSTC,Government,,Cooch Behar,Balurghat,Siliguri,5:00 AM,,,2,NBSTC official (Cooch Behar) PDF,
nbstc-official-balurghat-kolkata-4,NBSTC Balurghat-Kolkata,NBSTC,Government,,Cooch Behar,Balurghat,Kolkata,5:30 AM,,,3,NBSTC official (Cooch Behar) PDF,
nbstc-official-balurghat-asansol-1,NBSTC Balurghat-Asansol,NBSTC,Government,,Cooch Behar,Balurghat,Asansol,6:30 AM,,,2,NBSTC official (Cooch Behar) PDF,
nbstc-official-balurghat-krishnanagar-1,NBSTC Balurghat-Krishnanagar,NBSTC,Government,,Cooch Behar,Balurghat,Krishnanagar,9:15 AM,,,2,NBSTC official (Cooch Behar) PDF,
nbstc-official-balurghat-malda-1,NBSTC Balurghat-Malda,NBSTC,Government,,Cooch Behar,Balurghat,Malda,5:00 AM,,,3,NBSTC official (Cooch Behar) PDF,
nbstc-official-balurghat-malda-2,NBSTC Balurghat-Malda,NBSTC,Government,,Cooch Behar,Balurghat,Malda,7:00 AM,,,2,NBSTC official (Cooch Behar) PDF,
nbstc-official-balurghat-malda-3,NBSTC Balurghat-Malda,NBSTC,Government,,Cooch Behar,Balurghat,Malda,7:45 AM,,,2,NBSTC official (Cooch Behar) PDF,
nbstc-official-balurghat-malda-4,NBSTC Balurghat-Malda,NBSTC,Government,,Cooch Behar,Balurghat,Malda,8:30 AM,,,2,NBSTC official (Cooch Behar) PDF,
nbstc-official-balurghat-malda-5,NBSTC Balurghat-Malda,NBSTC,Government,,Cooch Behar,Balurghat,Malda,9:45 AM,,,2,NBSTC official (Cooch Behar) PDF,
nbstc-official-balurghat-malda-6,NBSTC Balurghat-Malda,NBSTC,Government,,Cooch Behar,Balurghat,Malda,10:15 AM,,,2,NBSTC official (Cooch Behar) PDF,
nbstc-official-balurghat-malda-7,NBSTC Balurghat-Malda,NBSTC,Government,,Cooch Behar,Balurghat,Malda,10:40 AM,,,2,NBSTC official (Cooch Behar) PDF,
nbstc-official-balurghat-malda-8,NBSTC Balurghat-Malda,NBSTC,Government,,Cooch Behar,Balurghat,Malda,11:35 AM,,,2,NBSTC official (Cooch Behar) PDF,
nbstc-official-balurghat-malda-9,NBSTC Balurghat-Malda,NBSTC,Government,,Cooch Behar,Balurghat,Malda,1:30 PM,,,2,NBSTC official (Cooch Behar) PDF,
nbstc-official-balurghat-malda-10,NBSTC Balurghat-Malda,NBSTC,Government,,Cooch Behar,Balurghat,Malda,2:30 AM,,,2,NBSTC official (Cooch Behar) PDF,
nbstc-official-balurghat-malda-11,NBSTC Balurghat-Malda,NBSTC,Government,,Cooch Behar,Balurghat,Malda,3:00 PM,,,2,NBSTC official (Cooch Behar) PDF,
nbstc-official-balurghat-malda-12,NBSTC Balurghat-Malda,NBSTC,Government,,Cooch Behar,Balurghat,Malda,4:30 PM,,,2,NBSTC official (Cooch Behar) PDF,
nbstc-official-balurghat-raiganj-1,NBSTC Balurghat-Raiganj,NBSTC,Government,,Cooch Behar,Balurghat,Raiganj,6:05 AM,,,2,NBSTC official (Cooch Behar) PDF,
nbstc-official-balurghat-raiganj-2,NBSTC Balurghat-Raiganj,NBSTC,Government,,Cooch Behar,Balurghat,Raiganj,8:50 AM,,,2,NBSTC official (Cooch Behar) PDF,
nbstc-official-balurghat-raiganj-3,NBSTC Balurghat-Raiganj,NBSTC,Government,,Cooch Behar,Balurghat,Raiganj,9:30 AM,,,2,NBSTC official (Cooch Behar) PDF,
nbstc-official-balurghat-raiganj-4,NBSTC Balurghat-Raiganj,NBSTC,Government,,Cooch Behar,Balurghat,Raiganj,11:20 AM,,,2,NBSTC official (Cooch Behar) PDF,
nbstc-official-balurghat-raiganj-5,NBSTC Balurghat-Raiganj,NBSTC,Government,,Cooch Behar,Balurghat,Raiganj,1:45 PM,,,2,NBSTC official (Cooch Behar) PDF,
nbstc-official-chanchal-kolkata-1,NBSTC Chanchal-Kolkata,NBSTC,Government,,Cooch Behar,Chanchal,Kolkata,4:45 AM,,,2,NBSTC official (Cooch Behar) PDF,
nbstc-official-chanchal-siliguri-1,NBSTC Chanchal-Siliguri,NBSTC,Government,,Cooch Behar,Chanchal,Siliguri,5:30 AM,,,2,NBSTC official (Cooch Behar) PDF,
nbstc-official-chanchal-asansol-1,NBSTC Chanchal-Asansol,NBSTC,Government,,Cooch Behar,Chanchal,Asansol,5:30 AM,,,2,NBSTC official (Cooch Behar) PDF,
nbstc-official-chanchal-kalna-1,NBSTC Chanchal-Kalna,NBSTC,Government,,Cooch Behar,Chanchal,Kalna,8:30 AM,,,2,NBSTC official (Cooch Behar) PDF,
nbstc-official-chanchal-berhampur-1,NBSTC Chanchal-Berhampur,NBSTC,Government,,Cooch Behar,Chanchal,Berhampur,6:30 AM,,,2,NBSTC official (Cooch Behar) PDF,
nbstc-official-chanchal-raiganj-1,NBSTC Chanchal-Raiganj,NBSTC,Government,,Cooch Behar,Chanchal,Raiganj,7:00 AM,,,2,NBSTC official (Cooch Behar) PDF,
nbstc-official-chanchal-raiganj-2,NBSTC Chanchal-Raiganj,NBSTC,Government,,Cooch Behar,Chanchal,Raiganj,8:30 AM,,,2,NBSTC official (Cooch Behar) PDF,
nbstc-official-chanchal-balurghat-1,NBSTC Chanchal-Balurghat,NBSTC,Government,,Cooch Behar,Chanchal,Balurghat,7:15 AM,,,2,NBSTC official (Cooch Behar) PDF,
nbstc-official-chanchal-malda-1,NBSTC Chanchal-Malda,NBSTC,Government,,Cooch Behar,Chanchal,Malda,6:00 AM,,,2,NBSTC official (Cooch Behar) PDF,
nbstc-official-chanchal--1,NBSTC Chanchal-,NBSTC,Government,,Cooch Behar,Chanchal,,,,,2,NBSTC official (Cooch Behar) PDF,
nbstc-official-farakka-siliguri-1,NBSTC Farakka-Siliguri,NBSTC,Government,,Cooch Behar,Farakka,Siliguri,5:45 AM,,,2,NBSTC official (Cooch Behar) PDF,
nbstc-official-farakka-kolkata-1,NBSTC Farakka-Kolkata,NBSTC,Government,,Cooch Behar,Farakka,Kolkata,5:30 AM,,,3,NBSTC official (Cooch Behar) PDF,
nbstc-official-farakka-kolkata-2,NBSTC Farakka-Kolkata,NBSTC,Government,,Cooch Behar,Farakka,Kolkata,6:45 AM,,,2,NBSTC official (Cooch Behar) PDF,
nbstc-official-farakka-siliguri-2,NBSTC Farakka-Siliguri,NBSTC,Government,,Cooch Behar,Farakka,Siliguri,8:00 AM,,,2,NBSTC official (Cooch Behar) PDF,
nbstc-official-farakka-balurghat-1,NBSTC Farakka-Balurghat,NBSTC,Government,,Cooch Behar,Farakka,Balurghat,6:00 AM,,,2,NBSTC official (Cooch Behar) PDF,
nbstc-official-farakka-balurghat-2,NBSTC Farakka-Balurghat,NBSTC,Government,,Cooch Behar,Farakka,Balurghat,7:00 AM,,,2,NBSTC official (Cooch Behar) PDF,
nbstc-official-farakka-balurghat-3,NBSTC Farakka-Balurghat,NBSTC,Government,,Cooch Behar,Farakka,Balurghat,7:45 AM,,,2,NBSTC official (Cooch Behar) PDF,
nbstc-official-farakka-balurghat-4,NBSTC Farakka-Balurghat,NBSTC,Government,,Cooch Behar,Farakka,Balurghat,6:30 AM,,,2,NBSTC official (Cooch Behar) PDF,
nbstc-official-farakka-raiganj-1,NBSTC Farakka-Raiganj,NBSTC,Government,,Cooch Behar,Farakka,Raiganj,8:15 AM,,,2,NBSTC official (Cooch Behar) PDF,
nbstc-official-berhampur-cooch-behar-1,NBSTC Berhampur-Cooch Behar,NBSTC,Government,,Cooch Behar,Berhampur,Cooch Behar,6:30 AM,,,2,NBSTC official (Cooch Behar) PDF,
nbstc-official-berhampur-dhupguri-1,NBSTC Berhampur-Dhupguri,NBSTC,Government,,Cooch Behar,Berhampur,Dhupguri,4:30 AM,,,2,NBSTC official (Cooch Behar) PDF,
nbstc-official-berhampur-dewanganj-1,NBSTC Berhampur-Dewanganj,NBSTC,Government,,Cooch Behar,Berhampur,Dewanganj,5:00 AM,,,2,NBSTC official (Cooch Behar) PDF,
nbstc-official-berhampur-haldibari-1,NBSTC Berhampur-Haldibari,NBSTC,Government,,Cooch Behar,Berhampur,Haldibari,5:30 AM,,,2,NBSTC official (Cooch Behar) PDF,
nbstc-official-berhampur-malbazar-1,NBSTC Berhampur-Malbazar,NBSTC,Government,,Cooch Behar,Berhampur,Malbazar,5:20 AM,,,2,NBSTC official (Cooch Behar) PDF,
nbstc-official-berhampur-siliguri-1,NBSTC Berhampur-Siliguri,NBSTC,Government,,Cooch Behar,Berhampur,Siliguri,6:00 AM,,,2,NBSTC official (Cooch Behar) PDF,
nbstc-official-berhampur-siliguri-2,NBSTC Berhampur-Siliguri,NBSTC,Government,,Cooch Behar,Berhampur,Siliguri,6:20 AM,,,2,NBSTC official (Cooch Behar) PDF,
nbstc-official-berhampur-siliguri-3,NBSTC Berhampur-Siliguri,NBSTC,Government,,Cooch Behar,Berhampur,Siliguri,7:40 AM,,,2,NBSTC official (Cooch Behar) PDF,
nbstc-official-berhampur-siliguri-4,NBSTC Berhampur-Siliguri,NBSTC,Government,,Cooch Behar,Berhampur,Siliguri,7:50 AM,,,2,NBSTC official (Cooch Behar) PDF,
nbstc-official-berhampur-siliguri-5,NBSTC Berhampur-Siliguri,NBSTC,Government,,Cooch Behar,Berhampur,Siliguri,9:00 AM,,,2,NBSTC official (Cooch Behar) PDF,
nbstc-official-berhampur-siliguri-6,NBSTC Berhampur-Siliguri,NBSTC,Government,,Cooch Behar,Berhampur,Siliguri,10:00 AM,,,2,NBSTC official (Cooch Behar) PDF,
nbstc-official-berhampur-dalkhola-1,NBSTC Berhampur-Dalkhola,NBSTC,Government,,Cooch Behar,Berhampur,Dalkhola,11:00 AM,,,2,NBSTC official (Cooch Behar) PDF,
nbstc-official-berhampur-balurghat-1,NBSTC Berhampur-Balurghat,NBSTC,Government,,Cooch Behar,Berhampur,Balurghat,7:00 AM,,,2,NBSTC official (Cooch Behar) PDF,
nbstc-official-berhampur-rasakhawa-1,NBSTC Berhampur-Rasakhawa,NBSTC,Government,,Cooch Behar,Berhampur,Rasakhawa,8:30 AM,,,2,NBSTC official (Cooch Behar) PDF,
nbstc-official-berhampur-rasakhawa-2,NBSTC Berhampur-Rasakhawa,NBSTC,Government,,Cooch Behar,Berhampur,Rasakhawa,10:30 AM,,,2,NBSTC official (Cooch Behar) PDF,
nbstc-official-berhampur-islampur-1,NBSTC Berhampur-Islampur,NBSTC,Government,,Cooch Behar,Berhampur,Islampur,9:00 AM,,,2,NBSTC official (Cooch Behar) PDF,
nbstc-official-berhampur-islampur-2,NBSTC Berhampur-Islampur,NBSTC,Government,,Cooch Behar,Berhampur,Islampur,11:30 AM,,,2,NBSTC official (Cooch Behar) PDF,
nbstc-official-berhampur-sahapur-1,NBSTC Berhampur-Sahapur,NBSTC,Government,,Cooch Behar,Berhampur,Sahapur,7:20 AM,,,2,NBSTC official (Cooch Behar) PDF,
nbstc-official-berhampur-chakulia-1,NBSTC Berhampur-Chakulia,NBSTC,Government,,Cooch Behar,Berhampur,Chakulia,9:30 AM,,,2,NBSTC official (Cooch Behar) PDF,
nbstc-official-berhampur-krishnanagar-1,NBSTC Berhampur-Krishnanagar,NBSTC,Government,,Cooch Behar,Berhampur,Krishnanagar,9:00 AM,,,3,NBSTC official (Cooch Behar) PDF,
nbstc-official-berhampur-kolkata-1,NBSTC Berhampur-Kolkata,NBSTC,Government,,Cooch Behar,Berhampur,Kolkata,5:30 AM,,,3,NBSTC official (Cooch Behar) PDF,
nbstc-official-berhampur-kolkata-2,NBSTC Berhampur-Kolkata,NBSTC,Government,,Cooch Behar,Berhampur,Kolkata,6:00 AM,,,3,NBSTC official (Cooch Behar) PDF,
nbstc-official-berhampur-kolkata-3,NBSTC Berhampur-Kolkata,NBSTC,Government,,Cooch Behar,Berhampur,Kolkata,5:00 AM,,,3,NBSTC official (Cooch Behar) PDF,
nbstc-official-berhampur-kolkata-4,NBSTC Berhampur-Kolkata,NBSTC,Government,,Cooch Behar,Berhampur,Kolkata,6:00 AM,,,3,NBSTC official (Cooch Behar) PDF,
nbstc-official-berhampur-kharagpur-1,NBSTC Berhampur-Kharagpur,NBSTC,Government,,Cooch Behar,Berhampur,Kharagpur,5:00 AM,,,2,NBSTC official (Cooch Behar) PDF,
nbstc-official-berhampur-pachthupi-1,NBSTC Berhampur-Pachthupi,NBSTC,Government,,Cooch Behar,Berhampur,Pachthupi,5:30 AM,,,3,NBSTC official (Cooch Behar) PDF,
nbstc-official-berhampur-raiganj-1,NBSTC Berhampur-Raiganj,NBSTC,Government,,Cooch Behar,Berhampur,Raiganj,8:00 AM,,,2,NBSTC official (Cooch Behar) PDF,
nbstc-official-suri-kolkata-1,NBSTC Suri-Kolkata,NBSTC,Government,,Cooch Behar,Suri,Kolkata,5:30 AM,,,2,NBSTC official (Cooch Behar) PDF,
nbstc-official-suri-siliguri-1,NBSTC Suri-Siliguri,NBSTC,Government,,Cooch Behar,Suri,Siliguri,5:00 AM,,,2,NBSTC official (Cooch Behar) PDF,
nbstc-official-suri-siliguri-2,NBSTC Suri-Siliguri,NBSTC,Government,,Cooch Behar,Suri,Siliguri,6:00 AM,,,2,NBSTC official (Cooch Behar) PDF,
nbstc-official-suri-islampur-1,NBSTC Suri-Islampur,NBSTC,Government,,Cooch Behar,Suri,Islampur,7:00 AM,,,2,NBSTC official (Cooch Behar) PDF,
nbstc-official-suri-balurghat-1,NBSTC Suri-Balurghat,NBSTC,Government,,Cooch Behar,Suri,Balurghat,6:15 AM,,,2,NBSTC official (Cooch Behar) PDF,
nbstc-official-suri-balurghat-2,NBSTC Suri-Balurghat,NBSTC,Government,,Cooch Behar,Suri,Balurghat,7:00 AM,,,2,NBSTC official (Cooch Behar) PDF,
nbstc-official-suri-balurghat-3,NBSTC Suri-Balurghat,NBSTC,Government,,Cooch Behar,Suri,Balurghat,7:45 AM,,,2,NBSTC official (Cooch Behar) PDF,
nbstc-official-suri-hili-1,NBSTC Suri-Hili,NBSTC,Government,,Cooch Behar,Suri,Hili,6:30 AM,,,2,NBSTC official (Cooch Behar) PDF,
nbstc-official-suri-patharchapri-1,NBSTC Suri-Patharchapri,NBSTC,Government,,Cooch Behar,Suri,Patharchapri,4:00 AM,,,3,NBSTC official (Cooch Behar) PDF,
nbstc-official-ultadanga-balurghat-1,NBSTC Ultadanga-Balurghat,NBSTC,Government,,Cooch Behar,Ultadanga,Balurghat,7:00 AM,,,2,NBSTC official (Cooch Behar) PDF,
nbstc-official-ultadanga-tapan-1,NBSTC Ultadanga-Tapan,NBSTC,Government,,Cooch Behar,Ultadanga,Tapan,7:45 AM,,,2,NBSTC official (Cooch Behar) PDF,
nbstc-official-ultadanga-malda-1,NBSTC Ultadanga-Malda,NBSTC,Government,,Cooch Behar,Ultadanga,Malda,8:10 AM,,,3,NBSTC official (Cooch Behar) PDF,
nbstc-official-ultadanga-malda-2,NBSTC Ultadanga-Malda,NBSTC,Government,,Cooch Behar,Ultadanga,Malda,5:00 AM,,,2,NBSTC official (Cooch Behar) PDF,
nbstc-official-ultadanga-malda-3,NBSTC Ultadanga-Malda,NBSTC,Government,,Cooch Behar,Ultadanga,Malda,6:30 AM,,,2,NBSTC official (Cooch Behar) PDF,
nbstc-official-ultadanga-kandi-1,NBSTC Ultadanga-Kandi,NBSTC,Government,,Cooch Behar,Ultadanga,Kandi,2:15 AM,,,2,NBSTC official (Cooch Behar) PDF,
nbstc-official-ultadanga-nagar-1,NBSTC Ultadanga-Nagar,NBSTC,Government,,Cooch Behar,Ultadanga,Nagar,5:00 AM,,,2,NBSTC official (Cooch Behar) PDF,
nbstc-official-ultadanga-shibaldaha-1,NBSTC Ultadanga-Shibaldaha,NBSTC,Government,,Cooch Behar,Ultadanga,Shibaldaha,4:15 PM,,,2,NBSTC official (Cooch Behar) PDF,
wbtc-official-esplanade-digha-1,WBTC Esplanade-Digha,WBTC,Government - Non-AC / AC Seater / Non-AC Seater / Non-AC / AC,,,Esplanade,Digha,5:40 AM,,Rs. 145-450,16,WBTC official route list,
wbtc-official-esplanade-digha-2,WBTC Esplanade-Digha,WBTC,Government - Non-AC / AC Seater / Non-AC Seater / Non-AC / AC,,,Esplanade,Digha,6:00 AM,,Rs. 145-450,16,WBTC official route list,
wbtc-official-esplanade-digha-3,WBTC Esplanade-Digha,WBTC,Government - Non-AC / AC Seater / Non-AC Seater / Non-AC / AC,,,Esplanade,Digha,8:00 AM,,Rs. 145-450,16,WBTC official route list,
wbtc-official-esplanade-digha-4,WBTC Esplanade-Digha,WBTC,Government - Non-AC / AC Seater / Non-AC Seater / Non-AC / AC,,,Esplanade,Digha,12:00 PM,,Rs. 145-450,16,WBTC official route list,
wbtc-official-esplanade-digha-5,WBTC Esplanade-Digha,WBTC,Government - Non-AC / AC Seater / Non-AC Seater / Non-AC / AC,,,Esplanade,Digha,2:00 PM,,Rs. 145-450,16,WBTC official route list,
wbtc-official-esplanade-digha-6,WBTC Esplanade-Digha,WBTC,Government - Non-AC / AC Seater / Non-AC Seater / Non-AC / AC,,,Esplanade,Digha,3:00 PM,,Rs. 145-450,16,WBTC official route list,
wbtc-official-esplanade-digha-7,WBTC Esplanade-Digha,WBTC,Government - Non-AC / AC Seater / Non-AC Seater / Non-AC / AC,,,Esplanade,Digha,6:00 PM,,Rs. 145-450,16,WBTC official route list,
wbtc-official-esplanade-digha-8,WBTC Esplanade-Digha,WBTC,Government - Non-AC / AC Seater / Non-AC Seater / Non-AC / AC,,,Esplanade,Digha,9:00 PM,,Rs. 145-450,16,WBTC official route list,
wbtc-official-esplanade-digha-9,WBTC Esplanade-Digha,WBTC,Government - Non-AC / AC Seater / Non-AC Seater / Non-AC / AC,,,Esplanade,Digha,11:30 PM,,Rs. 145-450,16,WBTC official route list,
wbtc-official-esplanade-digha-10,WBTC Esplanade-Digha,WBTC,Government - Non-AC / AC Seater / Non-AC Seater / Non-AC / AC,,,Esplanade,Digha,11:58 PM,,Rs. 145-450,16,WBTC official route list,
wbtc-official-barasat-digha-1,WBTC Barasat-Digha,WBTC,Government - AC Volvo / Non-AC / Express,,,Barasat,Digha,6:00 AM,,Rs. 150-300,10,WBTC official route list,
wbtc-official-barasat-digha-2,WBTC Barasat-Digha,WBTC,Government - AC Volvo / Non-AC / Express,,,Barasat,Digha,6:30 AM,,Rs. 150-300,10,WBTC official route list,
wbtc-official-barasat-digha-3,WBTC Barasat-Digha,WBTC,Government - AC Volvo / Non-AC / Express,,,Barasat,Digha,1:00 PM,,Rs. 150-300,10,WBTC official route list,
wbtc-official-barasat-digha-4,WBTC Barasat-Digha,WBTC,Government - AC Volvo / Non-AC / Express,,,Barasat,Digha,3:30 PM,,Rs. 150-300,10,WBTC official route list,
wbtc-official-habra-digha-1,WBTC Habra-Digha,WBTC,Government - Non-AC / AC / AC Volvo / Non-AC,,,Habra,Digha,5:30 AM,,Rs. 250-450,11,WBTC official route list,
wbtc-official-habra-digha-2,WBTC Habra-Digha,WBTC,Government - Non-AC / AC / AC Volvo / Non-AC,,,Habra,Digha,5:40 AM,,Rs. 250-450,11,WBTC official route list,
wbtc-official-habra-digha-3,WBTC Habra-Digha,WBTC,Government - Non-AC / AC / AC Volvo / Non-AC,,,Habra,Digha,5:50 AM,,Rs. 250-450,11,WBTC official route list,
wbtc-official-habra-digha-4,WBTC Habra-Digha,WBTC,Government - Non-AC / AC / AC Volvo / Non-AC,,,Habra,Digha,8:30 AM,,Rs. 250-450,11,WBTC official route list,
wbtc-official-habra-digha-5,WBTC Habra-Digha,WBTC,Government - Non-AC / AC / AC Volvo / Non-AC,,,Habra,Digha,2:00 PM,,Rs. 250-450,11,WBTC official route list,
wbtc-official-habra-digha-6,WBTC Habra-Digha,WBTC,Government - Non-AC / AC / AC Volvo / Non-AC,,,Habra,Digha,3:00 PM,,Rs. 250-450,11,WBTC official route list,
wbtc-official-habra-digha-7,WBTC Habra-Digha,WBTC,Government - Non-AC / AC / AC Volvo / Non-AC,,,Habra,Digha,4:00 PM,,Rs. 250-450,11,WBTC official route list,
wbtc-official-habra-digha-8,WBTC Habra-Digha,WBTC,Government - Non-AC / AC / AC Volvo / Non-AC,,,Habra,Digha,11:58 PM,,Rs. 250-450,11,WBTC official route list,
wbtc-official-karunamoyee-digha-1,WBTC Karunamoyee-Digha,WBTC,Government - Non-AC / AC Volvo / Non-AC / AC / AC Volvo,,,Karunamoyee,Digha,5:40 AM,,Rs. 145-450,9,WBTC official route list,
wbtc-official-karunamoyee-digha-2,WBTC Karunamoyee-Digha,WBTC,Government - Non-AC / AC Volvo / Non-AC / AC / AC Volvo,,,Karunamoyee,Digha,11:58 PM,,Rs. 145-450,9,WBTC official route list,
wbtc-official-esplanade-siliguri-1,WBTC Esplanade-Siliguri,WBTC,Government - Volvo AC Seater (2+2) / AC Volvo (Banglasree),,,Esplanade,Siliguri,5:50 PM,,Rs. 1355,12,WBTC official route list,
wbtc-official-esplanade-siliguri-2,WBTC Esplanade-Siliguri,WBTC,Government - Volvo AC Seater (2+2) / AC Volvo (Banglasree),,,Esplanade,Siliguri,6:30 PM,,Rs. 1355,12,WBTC official route list,
wbtc-official-siliguri-kolkata-1,WBTC Siliguri-Kolkata,WBTC,Government - Volvo AC Seater (2+2),,,Siliguri,Kolkata,5:50 PM,,,12,WBTC official route list,
wbtc-official-siliguri-kolkata-2,WBTC Siliguri-Kolkata,WBTC,Government - Volvo AC Seater (2+2),,,Siliguri,Kolkata,6:30 PM,,,12,WBTC official route list,
wbtc-official-esplanade-asansol-1,WBTC Esplanade-Asansol,WBTC,Government - Non-AC / AC Volvo / AC Volvo,,,Esplanade,Asansol,6:00 AM,,Rs. 250-375,10,WBTC official route list,
wbtc-official-esplanade-asansol-2,WBTC Esplanade-Asansol,WBTC,Government - Non-AC / AC Volvo / AC Volvo,,,Esplanade,Asansol,9:00 AM,,Rs. 250-375,10,WBTC official route list,
wbtc-official-esplanade-asansol-3,WBTC Esplanade-Asansol,WBTC,Government - Non-AC / AC Volvo / AC Volvo,,,Esplanade,Asansol,2:00 PM,,Rs. 250-375,10,WBTC official route list,
wbtc-official-esplanade-asansol-4,WBTC Esplanade-Asansol,WBTC,Government - Non-AC / AC Volvo / AC Volvo,,,Esplanade,Asansol,5:00 PM,,Rs. 250-375,10,WBTC official route list,
wbtc-official-esplanade-asansol-5,WBTC Esplanade-Asansol,WBTC,Government - Non-AC / AC Volvo / AC Volvo,,,Esplanade,Asansol,8:00 PM,,Rs. 250-375,10,WBTC official route list,
wbtc-official-asansol-kolkata-1,WBTC Asansol-Kolkata,WBTC,Government - Non-AC / AC Volvo,,,Asansol,Kolkata,5:15 AM,,,11,WBTC official route list,
wbtc-official-asansol-kolkata-2,WBTC Asansol-Kolkata,WBTC,Government - Non-AC / AC Volvo,,,Asansol,Kolkata,8:00 AM,,,11,WBTC official route list,
wbtc-official-asansol-kolkata-3,WBTC Asansol-Kolkata,WBTC,Government - Non-AC / AC Volvo,,,Asansol,Kolkata,3:15 PM,,,11,WBTC official route list,
wbtc-official-esplanade-bankura-1,WBTC Esplanade-Bankura,WBTC,Government - Non-AC / AC Volvo,,,Esplanade,Bankura,6:30 AM,,,8,WBTC official route list,
wbtc-official-esplanade-bankura-2,WBTC Esplanade-Bankura,WBTC,Government - Non-AC / AC Volvo,,,Esplanade,Bankura,3:00 PM,,,8,WBTC official route list,
wbtc-official-bankura-kolkata-1,WBTC Bankura-Kolkata,WBTC,Government - AC Volvo,,,Bankura,Kolkata,5:45 AM,,,7,WBTC official route list,
wbtc-official-bankura-kolkata-2,WBTC Bankura-Kolkata,WBTC,Government - AC Volvo,,,Bankura,Kolkata,2:45 PM,,,7,WBTC official route list,
wbtc-official-esplanade-purulia-1,WBTC Esplanade-Purulia,WBTC,Government - Volvo AC Seater (2+2) / AC Volvo,,,Esplanade,Purulia,6:30 AM,,Rs. 595,9,WBTC official route list,
wbtc-official-esplanade-purulia-2,WBTC Esplanade-Purulia,WBTC,Government - Volvo AC Seater (2+2) / AC Volvo,,,Esplanade,Purulia,3:00 PM,,Rs. 595,9,WBTC official route list,
wbtc-official-esplanade-suri-1,WBTC Esplanade-Suri,WBTC,Government - Volvo AC Seater (2+2) / AC Volvo,,,Esplanade,Suri,6:45 AM,,Rs. 400-435,9,WBTC official route list,
wbtc-official-esplanade-suri-2,WBTC Esplanade-Suri,WBTC,Government - Volvo AC Seater (2+2) / AC Volvo,,,Esplanade,Suri,2:30 PM,,Rs. 400-435,9,WBTC official route list,
wbtc-official-esplanade-suri-3,WBTC Esplanade-Suri,WBTC,Government - Volvo AC Seater (2+2) / AC Volvo,,,Esplanade,Suri,4:30 PM,,Rs. 400-435,9,WBTC official route list,
wbtc-official-esplanade-haldia-1,WBTC Esplanade-Haldia,WBTC,Government - Non-AC / AC Seater,,,Esplanade,Haldia,6:00 AM,,,8,WBTC official route list,
wbtc-official-esplanade-haldia-2,WBTC Esplanade-Haldia,WBTC,Government - Non-AC / AC Seater,,,Esplanade,Haldia,10:00 AM,,,8,WBTC official route list,
wbtc-official-esplanade-haldia-3,WBTC Esplanade-Haldia,WBTC,Government - Non-AC / AC Seater,,,Esplanade,Haldia,2:00 PM,,,8,WBTC official route list,
wbtc-official-esplanade-mayapur-1,WBTC Esplanade-Mayapur,WBTC,Government - AC Seater / Non-AC,,,Esplanade,Mayapur,6:15 AM,,Rs. 104-180,7,WBTC official route list,
wbtc-official-esplanade-mayapur-2,WBTC Esplanade-Mayapur,WBTC,Government - AC Seater / Non-AC,,,Esplanade,Mayapur,3:30 PM,,Rs. 104-180,7,WBTC official route list,
wbtc-official-esplanade-balurghat-1,WBTC Esplanade-Balurghat,WBTC,Government - Volvo AC Seater / AC Volvo,,,Esplanade,Balurghat,6:00 PM,,Rs. 650-800,7,WBTC official route list,
wbtc-official-esplanade-balurghat-2,WBTC Esplanade-Balurghat,WBTC,Government - Volvo AC Seater / AC Volvo,,,Esplanade,Balurghat,8:00 PM,,Rs. 650-800,7,WBTC official route list,
wbtc-official-esplanade-jhargram-1,WBTC Esplanade-Jhargram,WBTC,Government - Non-AC / AC Seater,,,Esplanade,Jhargram,5:30 AM,,,10,WBTC official route list,
wbtc-official-esplanade-jhargram-2,WBTC Esplanade-Jhargram,WBTC,Government - Non-AC / AC Seater,,,Esplanade,Jhargram,1:00 PM,,,10,WBTC official route list,
wbtc-official-esplanade-bakkhali-1,WBTC Esplanade-Bakkhali,WBTC,Government - Non-AC Seater / Non-AC,,,Esplanade,Bakkhali,6:30 AM,,Rs. 100-150,6,WBTC official route list,
wbtc-official-esplanade-bakkhali-2,WBTC Esplanade-Bakkhali,WBTC,Government - Non-AC Seater / Non-AC,,,Esplanade,Bakkhali,8:15 AM,,Rs. 100-150,6,WBTC official route list,
wbtc-official-esplanade-bakkhali-3,WBTC Esplanade-Bakkhali,WBTC,Government - Non-AC Seater / Non-AC,,,Esplanade,Bakkhali,2:30 PM,,Rs. 100-150,6,WBTC official route list,
wbtc-official-esplanade-midnapore-1,WBTC Esplanade-Midnapore,WBTC,Government - Non-AC / AC Seater,,,Esplanade,Midnapore,5:40 AM,,,9,WBTC official route list,
wbtc-official-esplanade-midnapore-2,WBTC Esplanade-Midnapore,WBTC,Government - Non-AC / AC Seater,,,Esplanade,Midnapore,8:00 AM,,,9,WBTC official route list,
wbtc-official-esplanade-midnapore-3,WBTC Esplanade-Midnapore,WBTC,Government - Non-AC / AC Seater,,,Esplanade,Midnapore,1:00 PM,,,9,WBTC official route list,
wbtc-official-esplanade-raiganj-1,WBTC Esplanade-Raiganj,WBTC,Government - AC Seater / Volvo,,,Esplanade,Raiganj,6:10 AM,,,6,WBTC official route list,
wbtc-official-esplanade-raiganj-2,WBTC Esplanade-Raiganj,WBTC,Government - AC Seater / Volvo,,,Esplanade,Raiganj,7:00 PM,,,6,WBTC official route list,
wbtc-official-esplanade-jalpaiguri-1,WBTC Esplanade-Jalpaiguri,WBTC,Government - Volvo AC Seater,,,Esplanade,Jalpaiguri,4:45 PM,,,7,WBTC official route list,
wbtc-official-esplanade-jalpaiguri-2,WBTC Esplanade-Jalpaiguri,WBTC,Government - Volvo AC Seater,,,Esplanade,Jalpaiguri,5:30 PM,,,7,WBTC official route list,
wbtc-official-esplanade-cooch-behar-1,WBTC Esplanade-Cooch Behar,WBTC,Government - Volvo AC Seater,,,Esplanade,Cooch Behar,4:45 PM,,,8,WBTC official route list,
wbtc-official-esplanade-cooch-behar-2,WBTC Esplanade-Cooch Behar,WBTC,Government - Volvo AC Seater,,,Esplanade,Cooch Behar,5:30 PM,,,8,WBTC official route list,
wbtc-official-esplanade-tarapith-1,WBTC Esplanade-Tarapith,WBTC,Government - AC Volvo / Non-AC,,,Esplanade,Tarapith,8:30 AM,,,7,WBTC official route list,
wbtc-official-esplanade-tarapith-2,WBTC Esplanade-Tarapith,WBTC,Government - AC Volvo / Non-AC,,,Esplanade,Tarapith,12:30 PM,,,7,WBTC official route list,
wbtc-official-esplanade-bishnupur-1,WBTC Esplanade-Bishnupur,WBTC,Government - Non-AC / AC Seater / Non-AC,,,Esplanade,Bishnupur,6:00 AM,,Rs. 120-200,6,WBTC official route list,
wbtc-official-esplanade-bishnupur-2,WBTC Esplanade-Bishnupur,WBTC,Government - Non-AC / AC Seater / Non-AC,,,Esplanade,Bishnupur,2:30 PM,,Rs. 120-200,6,WBTC official route list,
wbtc-official-esplanade-krishnanagar-1,WBTC Esplanade-Krishnanagar,WBTC,Government - Non-AC / AC Seater,,,Esplanade,Krishnanagar,6:00 AM,,,5,WBTC official route list,
wbtc-official-esplanade-krishnanagar-2,WBTC Esplanade-Krishnanagar,WBTC,Government - Non-AC / AC Seater,,,Esplanade,Krishnanagar,8:00 PM,,,5,WBTC official route list,
wbtc-official-esplanade-burdwan-1,WBTC Esplanade-Burdwan,WBTC,Government - Non-AC / AC,,,Esplanade,Burdwan,6:05 AM,,,3,WBTC official route list,
wbtc-official-esplanade-burdwan-2,WBTC Esplanade-Burdwan,WBTC,Government - Non-AC / AC,,,Esplanade,Burdwan,4:20 PM,,,3,WBTC official route list,
wbtc-official-esplanade-tamluk-1,WBTC Esplanade-Tamluk,WBTC,Government - Non-AC / AC,,,Esplanade,Tamluk,6:00 AM,,,6,WBTC official route list,
wbtc-official-esplanade-tamluk-2,WBTC Esplanade-Tamluk,WBTC,Government - Non-AC / AC,,,Esplanade,Tamluk,5:00 PM,,,6,WBTC official route list,
wbtc-official-esplanade-contai-1,WBTC Esplanade-Contai,WBTC,Government - Non-AC / AC,,,Esplanade,Contai,5:30 AM,,,6,WBTC official route list,
wbtc-official-esplanade-contai-2,WBTC Esplanade-Contai,WBTC,Government - Non-AC / AC,,,Esplanade,Contai,2:30 PM,,,6,WBTC official route list,
wbtc-official-esplanade-dantan-1,WBTC Esplanade-Dantan,WBTC,Government - Non-AC / AC,,,Esplanade,Dantan,6:00 AM,,,6,WBTC official route list,
wbtc-official-esplanade-dantan-2,WBTC Esplanade-Dantan,WBTC,Government - Non-AC / AC,,,Esplanade,Dantan,3:00 PM,,,6,WBTC official route list,
wbtc-official-esplanade-rampurhat-1,WBTC Esplanade-Rampurhat,WBTC,Government - Volvo AC / Non-AC,,,Esplanade,Rampurhat,6:00 AM,,,7,WBTC official route list,
wbtc-official-esplanade-rampurhat-2,WBTC Esplanade-Rampurhat,WBTC,Government - Volvo AC / Non-AC,,,Esplanade,Rampurhat,12:30 PM,,,7,WBTC official route list,
wbtc-official-baduria-digha-1,WBTC Baduria-Digha,WBTC,Government - Non-AC / AC,,,Baduria,Digha,5:30 AM,,Rs. 130-250,10,WBTC official route list,
wbtc-official-baduria-digha-2,WBTC Baduria-Digha,WBTC,Government - Non-AC / AC,,,Baduria,Digha,2:00 PM,,Rs. 130-250,10,WBTC official route list,
wbtc-official-barasat-asansol-1,WBTC Barasat-Asansol,WBTC,Government - AC Volvo,,,Barasat,Asansol,6:00 AM,,Rs. 250-375,5,WBTC official route list,
wbtc-official-barasat-asansol-2,WBTC Barasat-Asansol,WBTC,Government - AC Volvo,,,Barasat,Asansol,4:00 PM,,Rs. 250-375,5,WBTC official route list,
wbtc-official-barasat-midnapore-1,WBTC Barasat-Midnapore,WBTC,Government - Non-AC,,,Barasat,Midnapore,5:40 AM,,Rs. 110-180,8,WBTC official route list,
wbtc-official-barasat-midnapore-2,WBTC Barasat-Midnapore,WBTC,Government - Non-AC,,,Barasat,Midnapore,4:10 PM,,Rs. 110-180,8,WBTC official route list,
wbtc-official-barasat-suri-1,WBTC Barasat-Suri,WBTC,Government - AC Volvo,,,Barasat,Suri,6:45 AM,,Rs. 400-435,7,WBTC official route list,
wbtc-official-barasat-suri-2,WBTC Barasat-Suri,WBTC,Government - AC Volvo,,,Barasat,Suri,4:30 PM,,Rs. 400-435,7,WBTC official route list,
wbtc-official-baruipur-siliguri-1,WBTC Baruipur-Siliguri,WBTC,Government - AC Volvo (Banglasree),,,Baruipur,Siliguri,5:00 PM,,Rs. 1100-1355,11,WBTC official route list,
wbtc-official-baruipur-siliguri-2,WBTC Baruipur-Siliguri,WBTC,Government - AC Volvo (Banglasree),,,Baruipur,Siliguri,6:00 PM,,Rs. 1100-1355,11,WBTC official route list,
wbtc-official-baruipur-tarapith-1,WBTC Baruipur-Tarapith,WBTC,Government - AC Volvo,,,Baruipur,Tarapith,8:00 AM,,Rs. 350-450,10,WBTC official route list,
wbtc-official-baruipur-tarapith-2,WBTC Baruipur-Tarapith,WBTC,Government - AC Volvo,,,Baruipur,Tarapith,12:00 PM,,Rs. 350-450,10,WBTC official route list,
wbtc-official-habra-bakkhali-1,WBTC Habra-Bakkhali,WBTC,Government - Non-AC,,,Habra,Bakkhali,6:30 AM,,Rs. 100-150,8,WBTC official route list,
wbtc-official-habra-bakkhali-2,WBTC Habra-Bakkhali,WBTC,Government - Non-AC,,,Habra,Bakkhali,2:30 PM,,Rs. 100-150,8,WBTC official route list,
wbtc-official-habra-purulia-1,WBTC Habra-Purulia,WBTC,Government - AC Volvo,,,Habra,Purulia,6:30 AM,,Rs. 500-595,7,WBTC official route list,
wbtc-official-habra-purulia-2,WBTC Habra-Purulia,WBTC,Government - AC Volvo,,,Habra,Purulia,3:00 PM,,Rs. 500-595,7,WBTC official route list,
wbtc-official-habra-asansol-1,WBTC Habra-Asansol,WBTC,Government - Non-AC / AC,,,Habra,Asansol,6:00 AM,,Rs. 200-375,8,WBTC official route list,
wbtc-official-habra-asansol-2,WBTC Habra-Asansol,WBTC,Government - Non-AC / AC,,,Habra,Asansol,8:00 PM,,Rs. 200-375,8,WBTC official route list,
wbtc-official-habra-bishnupur-1,WBTC Habra-Bishnupur,WBTC,Government - Non-AC,,,Habra,Bishnupur,6:00 AM,,Rs. 120-200,6,WBTC official route list,
wbtc-official-habra-bishnupur-2,WBTC Habra-Bishnupur,WBTC,Government - Non-AC,,,Habra,Bishnupur,2:30 PM,,Rs. 120-200,6,WBTC official route list,
wbtc-official-habra-jhargram-1,WBTC Habra-Jhargram,WBTC,Government - Non-AC,,,Habra,Jhargram,5:30 AM,,Rs. 145-250,11,WBTC official route list,
wbtc-official-habra-jhargram-2,WBTC Habra-Jhargram,WBTC,Government - Non-AC,,,Habra,Jhargram,3:00 PM,,Rs. 145-250,11,WBTC official route list,
wbtc-official-habra-tarapith-1,WBTC Habra-Tarapith,WBTC,Government - Non-AC / AC,,,Habra,Tarapith,8:00 AM,,Rs. 250-350,5,WBTC official route list,
wbtc-official-habra-tarapith-2,WBTC Habra-Tarapith,WBTC,Government - Non-AC / AC,,,Habra,Tarapith,12:00 PM,,Rs. 250-350,5,WBTC official route list,
wbtc-official-habra-bankura-1,WBTC Habra-Bankura,WBTC,Government - Non-AC / AC,,,Habra,Bankura,6:30 AM,,Rs. 200-300,6,WBTC official route list,
wbtc-official-habra-bankura-2,WBTC Habra-Bankura,WBTC,Government - Non-AC / AC,,,Habra,Bankura,4:00 PM,,Rs. 200-300,6,WBTC official route list,
wbtc-official-habra-haldia-1,WBTC Habra-Haldia,WBTC,Government - Non-AC / AC,,,Habra,Haldia,6:00 AM,,Rs. 95-180,8,WBTC official route list,
wbtc-official-habra-haldia-2,WBTC Habra-Haldia,WBTC,Government - Non-AC / AC,,,Habra,Haldia,4:00 PM,,Rs. 95-180,8,WBTC official route list,
wbtc-official-habra-kharagpur-1,WBTC Habra-Kharagpur,WBTC,Government - Non-AC,,,Habra,Kharagpur,5:40 AM,,Rs. 105-180,8,WBTC official route list,
wbtc-official-habra-kharagpur-2,WBTC Habra-Kharagpur,WBTC,Government - Non-AC,,,Habra,Kharagpur,4:10 PM,,Rs. 105-180,8,WBTC official route list,
wbtc-official-habra-midnapore-1,WBTC Habra-Midnapore,WBTC,Government - Non-AC,,,Habra,Midnapore,5:40 AM,,Rs. 110-180,9,WBTC official route list,
wbtc-official-habra-midnapore-2,WBTC Habra-Midnapore,WBTC,Government - Non-AC,,,Habra,Midnapore,4:10 PM,,Rs. 110-180,9,WBTC official route list,
wbtc-official-habra-namkhana-1,WBTC Habra-Namkhana,WBTC,Government - Non-AC,,,Habra,Namkhana,6:30 AM,,Rs. 80-120,5,WBTC official route list,
wbtc-official-habra-namkhana-2,WBTC Habra-Namkhana,WBTC,Government - Non-AC,,,Habra,Namkhana,8:00 AM,,Rs. 80-120,5,WBTC official route list,
wbtc-official-joka-digha-1,WBTC Joka-Digha,WBTC,Government - Non-AC,,,Joka,Digha,5:40 AM,,Rs. 145-300,4,WBTC official route list,
wbtc-official-joka-digha-2,WBTC Joka-Digha,WBTC,Government - Non-AC,,,Joka,Digha,11:58 PM,,Rs. 145-300,4,WBTC official route list,
wbtc-official-karunamoyee-asansol-1,WBTC Karunamoyee-Asansol,WBTC,Government - AC Volvo,,,Karunamoyee,Asansol,6:00 AM,,Rs. 250-375,8,WBTC official route list,
wbtc-official-karunamoyee-asansol-2,WBTC Karunamoyee-Asansol,WBTC,Government - AC Volvo,,,Karunamoyee,Asansol,3:15 PM,,Rs. 250-375,8,WBTC official route list,
wbtc-official-karunamoyee-suri-1,WBTC Karunamoyee-Suri,WBTC,Government - AC Volvo,,,Karunamoyee,Suri,6:45 AM,,Rs. 400-435,8,WBTC official route list,
wbtc-official-karunamoyee-suri-2,WBTC Karunamoyee-Suri,WBTC,Government - AC Volvo,,,Karunamoyee,Suri,4:30 PM,,Rs. 400-435,8,WBTC official route list,
wbtc-official-khidderpur-digha-1,WBTC Khidderpur-Digha,WBTC,Government - Non-AC,,,Khidderpur,Digha,5:40 AM,,Rs. 145-300,3,WBTC official route list,
wbtc-official-khidderpur-digha-2,WBTC Khidderpur-Digha,WBTC,Government - Non-AC,,,Khidderpur,Digha,11:58 PM,,Rs. 145-300,3,WBTC official route list,
wbtc-official-kolkata-malda-1,WBTC Kolkata-Malda,WBTC,Government - AC Volvo,,,Kolkata,Malda,6:00 PM,,Rs. 610-750,4,WBTC official route list,
wbtc-official-kolkata-malda-2,WBTC Kolkata-Malda,WBTC,Government - AC Volvo,,,Kolkata,Malda,8:00 PM,,Rs. 610-750,4,WBTC official route list,
wbtc-official-madhyamgram-digha-1,WBTC Madhyamgram-Digha,WBTC,Government - Non-AC,,,Madhyamgram,Digha,5:50 AM,,Rs. 130-250,11,WBTC official route list,
wbtc-official-madhyamgram-digha-2,WBTC Madhyamgram-Digha,WBTC,Government - Non-AC,,,Madhyamgram,Digha,4:00 PM,,Rs. 130-250,11,WBTC official route list,
wbtc-official-belgachia-digha-1,WBTC Belgachia-Digha,WBTC,Government - AC Volvo,,,Belgachia,Digha,5:40 AM,,Rs. 250-450,3,WBTC official route list,
wbtc-official-belgachia-digha-2,WBTC Belgachia-Digha,WBTC,Government - AC Volvo,,,Belgachia,Digha,11:58 PM,,Rs. 250-450,3,WBTC official route list,
wbtc-official-tollygunge-digha-1,WBTC Tollygunge-Digha,WBTC,Government - Non-AC,,,Tollygunge,Digha,5:40 AM,,Rs. 145-300,3,WBTC official route list,
wbtc-official-tollygunge-digha-2,WBTC Tollygunge-Digha,WBTC,Government - Non-AC,,,Tollygunge,Digha,11:58 PM,,Rs. 145-300,3,WBTC official route list,
