origin,destination,bus_count,operators,first_departure,last_departure,max_stops,via_stoppages
Cooch Behar,Siliguri,32,NBSTC,05:00,18:00,7,Dewanhat > Dinhata > Falakata > Mainaguri > Jalpaiguri Court
Durgapur,Karunamoyee,29,Express Line; Greenline; SBSTC; Shyamoli Paribahan; WBTC,05:05,17:50,14,Durgapur City Center > Dvc > Muchipara > Panagarh > Barddhaman Bypass > Shaktigarh > Durgapur Expressway > Dankuni > Bally > Dunlop > Airport > Ultadanga
Kolkata,Haldia,27,SBSTC,05:30,18:45,4,Kolaghat > Mecheda
Burdwan,Kolkata,25,SBSTC; Shyamoli Paribahan,04:50,18:45,2,
Durgapur,Esplanade,25,Express Line; Greenline; Royal Cruiser; Shyamoli Paribahan; WBTC,02:00,18:30,11,Durgapur City Center > Dvc > Muchipara > Panagarh Bypass > Barddhaman Bypass > Shaktigarh > Dankuni > Salap > Santragachi
Asansol,Kolkata,21,SBSTC; Shyamoli Paribahan; WBTC,05:15,17:00,11,Kalipahari More > Raniganj > Durgapur City Centre > Panagarh > Burdwan > Dankuni > Dunlop > Airport > Karunamoyee
Burdwan,Karunamoyee,20,SBSTC,05:50,18:30,2,
Kolkata,Durgapur,20,SBSTC; Shyamoli Paribahan,07:15,18:30,11,Karunamoyee > Ultadanga > Baguihati > Kolkata Airport > Dunlop Bridge > Dankuni > Bardhaman > Panagarh Bypass > Muchipara
Durgapur,Kolkata,19,SBSTC; Shyamoli Paribahan,04:15,17:00,11,Muchipara > Panagarh Bypass > Bardhaman > Dankuni > Dunlop Bridge > Kolkata Airport > Baguihati > Ultadanga > Karunamoyee
Kolkata,Asansol,19,SBSTC; Shyamoli Paribahan,05:30,17:00,11,Karunamoyee > Airport > Dunlop > Dankuni > Burdwan > Panagarh > Durgapur City Centre > Raniganj > Kalipahari More
Kolkata,Burdwan,17,SBSTC; Shyamoli Paribahan,06:30,15:00,2,
Haldia,Kolkata,16,SBSTC,04:30,18:00,4,Mecheda > Kolaghat
Nabadwip,Asansol,15,Private; SAYANTI PARIBAHAN; WBTC,04:00,07:20,25,Hematpur > Shrirampur > Parulia Bazar > Chhatni > Dainhat > Katwa Bus Stand > Katwa Station > Shrikhanda > Kaichar > Nigan > Bolgona > Muratipur > Debpur > Guskara > Abhirmapur > Mankar > Budbud > Panagarh > Muchipara > Durgapur City Center > Andal > Raniganj Punjabi > Kalipahari
Karunamoyee,Burdwan,14,SBSTC,06:30,15:00,2,
Kolkata,Jhargram,14,SBSTC,02:00,18:20,4,Kolaghat > Medinipur
Kolkata,Midnapur,14,SBSTC,06:00,18:30,3,Kolaghat
Mathabhanga,Siliguri,14,NBSTC,05:15,13:30,3,Down Cooch Behar
Digha,Kolkata,13,SBSTC; Santosh Bus Service,04:30,22:00,13,Ramnagar > Contai (Kanthi) > Henria > Nandakumar > Panskura > Mecheda > Kolaghat > EM Bypass > Sonarpur > Garia > Karunamoyee
Habra,Digha,13,SBSTC; Santosh Bus Service; WBTC,05:00,23:58,11,Barasat > Kolkata Airport > Dunlop > Kolaghat > Mecheda > Nandakumar > Henria > Contai > Mandarmani
Krishnanagar,Benachity,13,Private,05:05,07:30,24,Krishnanagar High Road > Bhaluka Battala > Nabadwip Railgate > Hematpur > Nadanghat > Samudragarh > Dhatrigram > Madhupur > Bulbulitala > Bohar > Satgachia > Paharhati > Nabastha > Hatgobindopur > Barddhaman Station > Golapbag > Barddhaman Nawabhat Bus Stand > Galsi > Budbud > Panagarh > Muchipara > Durgapur City Center
Balurghat,Malda,12,NBSTC,02:30,16:30,3,Molla
Benachity,Krishnanagar,12,PARAMANASHA TTRAVELS; Private,04:55,06:55,24,Durgapur City Center > Muchipara > Panagarh > Budbud > Galsi > Barddhaman Nawabhat Bus Stand > Golapbag > Barddhaman Station > Hatgobindopur > Nabastha > Paharhati > Satgachia > Bohar > Bulbulitala > Madhupur > Dhatrigram > Samudragarh > Nadanghat > Hematpur > Nabadwip Railgate > Bhaluka Battala > Krishnanagar High Road
Berhampore,Barddhaman Nawabhat Bus Stand,12,Private,,,20,Jibanti > Gokarna > Kandi > Bharatpur > Binodia > Salar > Sonarundi > Pachudi > Ketugram > Katwa Station > Katwa Bus Stand > Kaichar > Nigan > Bolgona > Bhatar > Dewandighi > Barddhaman Station > Golapbag
Jalpaiguri,Siliguri (TNCBT),12,NBSTC,07:00,10:40,2,
Medinipur,Digha,12,SAMPA TRAVLE'S,04:30,09:40,9,Mohanpur > Kharagpur > Belda > Khakurda > Egra > Contai > Ramnagar
Raiganj,Balurghat,12,NBSTC,05:00,17:00,2,
Siliguri,Jalpaiguri,12,NBSTC,06:15,10:00,2,
Asansol,Nabadwip,11,Private; WBTC,05:15,06:30,25,Kalipahari > Raniganj Punjabi > Andal > Durgapur City Center > Muchipara > Panagarh > Budbud > Mankar > Abhirampur > Guskara > Debpur > Muratipur > Bolgona > Nigan > Kaichar > Shrikhanda > Katwa Station > Katwa Bus Stand > Dainhat > Chhatni > Parulia Bazar > Shrirampur > Hematpur
Barddhaman Nawabhat Bus Stand,Berhampore,11,Private,,,20,Golapbag > Barddhaman Station > Dewandighi > Bhatar > Bolgona > Nigan > Kaichar > Katwa Bus Stand > Katwa Station > Ketugram > Pachudi > Sonarundi > Salar > Binodia > Bharatpur > Kandi > Gokarna > Jibanti
Esplanade,Digha,10,WBTC,05:40,23:58,16,Karunamoyee > Baguihati > Kolkata Airport > Dunlop Bridge > Salap > Dhulagarh > Kolaghat > Mecheda > Panskura > Nandakumar > Henria > Contai (Kanthi) > Mandarmani > Ramnagar
Jhargram,Medinipur,10,KALPATARU TRAVELS; MAA KAMAKHYA; SBSTC,06:15,17:50,4,Dherua > Chandra
Malda,Balurghat,10,NBSTC,05:30,16:00,3,Mahadebpur
Midnapur,Kolkata,10,SBSTC,04:40,15:15,3,Kolaghat
Nabadwip,Benachity,10,ARGHA TRAVELS; Private; SANJU TRAVELS AGENCY,05:20,07:30,23,Hematpur > Shrirampur > Parulia Bazar > Purbasthali > Chhatni > Dainhat > Katwa Bus Stand > Katwa Station > Shrikhanda > Kaichar > Nigan > Bolgona > Muratipur > Debpur > Guskara > Abhirmapur > Mankar > Budbud > Panagarh > Muchipara > Durgapur City Center
Siliguri,Cooch Behar,10,NBSTC,05:30,10:00,7,Jalpaiguri Court > Mainaguri > Falakata > Dinhata > Dewanhat
—,—,9,,,,0,
Alipurduar,Siliguri,9,NBSTC,05:00,13:00,3,Falakata
Asansol,Karunamoyee,9,SBSTC; WBTC,06:00,16:40,16,Kalipahari > Raniganj Punjabi > Andal > Bhiringi > Durgapur City Center > Dvc > Muchipara > Panagarh Bypass > Barddhaman Bypass > Shaktigarh > Dankuni Housing > Dunlop > Airport > Ultadanga
Bankura,Karunamoyee,9,SBSTC; WBTC,05:15,15:20,16,Beliatore > Barjora > Durgapur Station > Durgapur City Center > Dvc > Muchipara > Panagarh > Burdwan Bypass > Shaktigarh > Dankuni > Dunlop Bridge > Airport > Baguiati > Ultadanga
Bankura,Tarkeshwar,9,KALPANA TRAVEL'S; KHAN TRAVELS; SATHI TRAVELS,04:30,10:15,13,Dhaldanga > Onda > Ramsagar > Bishnupur > Joypur > Kotulpur > Khatul > Bengai > Arambagh > Mayapur > Champadanga
Barasat,Digha,9,SBSTC; Santosh Bus Service; WBTC,04:45,15:30,10,Madhyamgram > Kolkata Airport > Dunlop > Kolaghat > Mecheda > Nandakumar > Contai > Ramnagar
Benachity,Nabadwip,9,ABHISHEK BUS SERVICE; Private,06:00,07:35,23,Durgapur City Center > Muchipara > Panagarh > Budbud > Mankar > Abhirampur > Guskara > Debpur > Muratipur > Bolgona > Nigan > Kaichar > Shrikhanda > Katwa Bus Stand > Katwa Station > Dainhat > Chhatni > Purbasthali > Parulia Bazar > Shrirampur > Hematpur
Garia,Digha,9,BAROMA TRANSPORT; SBSTC; WBTC,04:30,15:15,41,Naktala > Bansdroni > Netaji Nagar > Ranikuthi > Tollygunge > Rashbehari > Kalighat > Hazra > Bhowanipore > Exide > Rabindra Sadan > Park Street > Esplanade > Santragachi > Dhulagarh > Ranihati > Panchla > Uluberia Checkpost > Bagnan > Kolaghat > Mecheda > Radhamoni > Nimtauri > Nandakumar > Norghat > Chandipur > Bajkul > Henria > Nachinda > Contai > Satmile > Bhawanichak > Balighai > Egra > Panip
Jhargram,Kolkata,9,SBSTC,04:40,15:10,4,Kherua > Medinipur
Siliguri,Darjeeling,9,NBSTC,05:00,10:30,2,
Siliguri,Islampur,9,NBSTC,06:15,10:15,2,
Asansol,Krishnanagar,8,Private; UMESH BUS SERVICE,05:30,07:10,27,Kalipahari > Raniganj Punjabi > Andal > Durgapur City Center > Muchipara > Panagarh > Budbud > Galsi > Barddhaman Nawabhat Bus Stand > Golapbag > Barddhaman Station > Hatgobindopur > Nabastha > Paharhati > Satgachia > Bohar > Bulbulitala > Madhupur > Dhatrigram > Samudragarh > Nadanghat > Hematpur > Nabadwip Railgate > Bhaluka Battala > Krishnanagar High Road
Bankura,Durgapur (Station),8,AAYAN TRAVELS,04:30,15:20,11,Machantala > Satighat > Lakshya > Tora Bridge > Hebir More > Dhoni > Makurgram > Beliatore > Phulberia
Bankura,Jhargram,8,JOY BABA SANYASI,04:20,10:20,17,Dhaldanga > Puabagan > Sunukpahari > Indpur > Bangla > Boga > Molian > Khatra > Haludkanali > Motgoda > Fulkusma > Baksi > Harda > Binpur > Dahijuri
Barddhaman Nawabhat Bus Stand,Suri,8,Private,,,22,Talit > Deypara > Halid > Koyrapur > Orgram > Shibda > Guskara > Guskara Rail Gate > Alutia > Aushgram > Bananabagram > Morebandh > Chora Hattala > 11 Mile > Illambazar > Joydev > Tarulia > Hetampur > Dubrajpur Power House > Kochujor
Digha,Garia,8,SBSTC; WBTC,05:20,22:00,40,New Digha > Ramnagar > Depal > Paniparul > Egra > Balighai > Bhawanichak > Satmile > Contai > Nachinda > Henria > Bajkul > Chandipur > Norghat > Nandakumar > Nimtauri > Radhamoni > Mecheda > Kolaghat > Bagnan > Uluberia Checkpost > Panchla > Ranihati > Dhulagarh > Santragachi > Esplanade > Park Street > Rabindra Sadan > Exide > Bhowanipore > Hazra > Kalighat > Rashbehari > Tollygunge > Ranikuthi >
Dinhata,Siliguri,8,NBSTC,04:10,08:05,38,Dinhata Chowpathi > Dinhata College Halt > Bhetaguri > Dewan Hat > Kalakata > Ghughumari Chowpathi > Ghughumari Railgate > Kadamtala > Tapurhat > Suktabari > Satmile > Nishiganj > Dolong More > Hindustan More > Sitai More > College More > Mathabhanga > Sikarpur > Chenakata Bazar > Garibpur > Bairagir Hat > Ichhaganj > Bhelakopa Bazar > Jamaldah > Gopaler Hat > Chourangi Bazar > New Changrabandha >
Egra,Karunamoyee,8,Chennai Express; Monikanchan Bus Service,03:35,09:55,28,Kharai More > Patashpur > Manglamaro > Bhagwanpur > Bajkul > Chandipur > Nandakumar > Nimtouri > Radhamani > Mecheda > Kolaghat > Bagnan > Kona > Dakshineswar > Dunlop > Baranagar > Durganagar > Airport > Kaikhali > Haldiram > Chinar Park > Eco Park > Narkelbagan (Biswabangla Gate) > Newtown > Technopolis > Sector V
Jhargram,Durgapur,8,SBSTC,02:50,15:35,11,Fulkusma > Raipur > P More > Simlapal > Taldangra > Dhaldanga > Bankura > Makurgram > Beliatore
Karunamoyee,Asansol,8,SBSTC; WBTC,05:15,15:30,8,Baguihati > Airport > Dunlop > Burdwan > Durgapur > Raniganj
Kharagpur,Bardhaman,8,TANVEER LINE,03:50,08:30,20,Mohanpur > Medinipur > Bhadutala > Godapiasal > Anandapur > Keshpur > Mugbosan > Neradeul > Chandrakona Town > Kalikapur > Khirpai > Srinagar > Ramjibanpur > Kamarpukur > Goghat > Arambagh > Mayapur > Champadanga
Kolkata,Digha,8,SBSTC; Santosh Bus Service; Shyamoli Paribahan,04:30,23:30,13,Karunamoyee > Garia > Sonarpur > EM Bypass > Kolaghat > Mecheda > Panskura > Nandakumar > Henria > Contai (Kanthi) > Ramnagar
Malda,Raiganj,8,NBSTC,01:00,15:00,3,Chanchal
Manbazar,Purulia,8,RAJPUT TRAVEL'S; TRISHIT TRAVELS,05:40,13:50,12,Pairachali > Molian > Saldiha > Rakhera > Bishpuria > Hura > Lalpur > Lakshanpur > Ladhurka > Surulia
Medinipur,Jhargram,8,SBSTC,06:55,19:00,4,Chandra > Dherua
Bankura,Asansol,7,MANORANJAN TRAVEL'S,05:30,08:25,16,Chhatna > Kharbona > Jhantipahari > Hatjor > Jorehira > Dhaban > Lapahari > Jhanka > Saltora > Tiluri > Madhukunda > Sarbori More > Dishergarh > Neamatpur
Barddhaman Alisha Bus Stand,Panshkura,7,Private,,,30,Telipukur > Bankura > Sagrai > Seherabazar > Mogolmari > Uchalan > Bulchandpur > Naisharai > Arambagh > Kalipur > Goghat > Kamarpukur > Hajipur > Ramjibanpur > Shrinagar > Jara > Khirpai > Radhanagar > Borda Choukan > Ghatal > Daspur > Bakultala > Sultannagar > Goura > Sonamui > Khukurdaha > Keshapat > Mechogram
Contai,Kolkata,7,Santosh Bus Service,05:55,18:05,2,
Contai,Medinipur,7,,06:30,10:20,8,Henria > Contai > Egra > Khakurda > Belda > Kharagpur
Digha,Barasat,7,SBSTC; Sohana Paribahan; WBTC,06:20,14:20,31,Digha Border (Udaypur) > New Digha > Old Digha > Ramnagar > Chaulkhola (Mandarmani) > Pichabani > Kanthi > Nachinda > Heria > Bajkul > Chandipur > Nandakumar > Nimtouri > Radhamani > Mecheda > Kolaghat > Bagnan > Uluberia > Dhulagarh > Kona > Bali Halt > Dakshineswar > Dunlop > Belgharia > Expressway > Airport No.3 > Birati > Madhyamgram > Champadali More
Dinhata,Cooch Behar,7,NBSTC,07:15,09:00,3,Dewanhat
Islampur,Siliguri,7,NBSTC,07:30,11:00,2,
Jalpaiguri,Malbazar Depot,7,NBSTC,07:00,09:15,2,
Jhargram,Bankura,7,ANIMESH BUS TRANSPORT; ANNAPURNA TRAVELS; BHOLE BABA TRAVELS,05:10,09:00,15,Dahijuri > Binpur > Silda > Fulkusma > Motgoda > Raipur > Haludkanali > Khatra > Hatirampur > Bangla > Indpur > Puabagan > Dhaldanga
Katwa,Asansol,7,PRIYA BUS SERVICE; Private; WBTC,05:00,07:40,23,Katwa Station > Shrikhanda > Dakbangla > Mathrun > Khudrun > Palishgram > Ntutanhat > Atghora > Kashemnagar > Amdobe > Jalpara > Guskara > Abhirmapur > Mankar > Budbud > Panagarh > Muchipara > Durgapur City Center > Andal > Raniganj Punjabi > Kalipahari
Khatra,Medinipur,7,Shree Krishna Travels,05:10,07:50,22,Arkama > Hadmasra > Machatora > Simlapal > Bikrampur > P. More > Amjhor > Sarenga > Bulanpur > Pingbani > Goaltore > Kiamacha > Nayabasat > Chandrakona Road > Duki > Mandalkupi > Salbani > Sitarampur > Godapiashal > Bhadutala
Krishnanagar,Asansol,7,Private,04:35,06:05,27,Krishnanagar High Road > Bhaluka Battala > Nabadwip Railgate > Hematpur > Nadanghat > Samudragarh > Dhatrigram > Madhupur > Bulbulitala > Bohar > Satgachia > Paharhati > Nabastha > Hatgobindopur > Barddhaman Station > Golapbag > Barddhaman Nawabhat Bus Stand > Galsi > Budbud > Panagarh > Muchipara > Durgapur City Center > Andal > Raniganj Punjabi > Kalipahari
Medinipur,Contai,7,Gobinda Aishani; TARAKRIPA TRAVEL'S,05:40,10:00,7,Mohanpur > Kharagpur > Belda > Khakurda > Egra
Panshkura,Barddhaman Alisha Bus Stand,7,Private,,,30,Mechogram > Keshapat > Khukurdaha > Sonamui > Goura > Sultannagar > Bakultala > Daspur > Ghatal > Borda Choukan > Radhanagar > Khirpai > Jara > Shrinagar > Ramjibanpur > Hajipur > Kamarpukur > Goghat > Kalipur > Arambagh > Naisharai > Bulchandpur > Uchalan > Mogolmari > Seherabazar > Sagrai > Bankura > Telipukur
Suri,Barddhaman Nawabhat Bus Stand,7,Private,,,22,Kochujor > Dubrajpur Power House > Hetampur > Tarulia > Joydev > Illambazar > 11 Mile > Chora Hattala > Morebandh > Bananabagram > Aushgram > Alutia > Guskara Rail Gate > Guskara > Shibda > Orgram > Koyrapur > Halid > Deypara > Talit
Tarkeshwar,Bankura,7,PRIYANKA TRAVELS,05:35,09:15,13,Champadanga > Mayapur > Arambagh > Bengai > Khatul > Kotulpur > Joypur > Bishnupur > Ramsagar > Onda > Dhaldanga
Arambag,Kolkata,6,SBSTC,05:40,09:00,2,
Asansol,Digha,6,Ishika Traders; JINIA TRAVEL'S; SBSTC,05:45,20:15,48,Raniganj > Durgapur City Centre > Durgapur (Station) > Barjora > Beliator > Bankura Bypass > Dhaldanga > Onda > Ramsagar > Bishnupur Bypass > Bankadaha > Dhadika > Garhbeta > Chandrakona Road > Salboni > Bhadutala > Medinipur > Kharagpur Chowringhee > Kharagpur > Makrampur > Narayangarh > Bakhrabad > Belda > Thakurchak > Khakurda > Sauri > Jahalda > Lalat > Egra > Dobadhi > Balighai > Tajpur > Bha
Asansol,Katwa,6,PUSPAK BUS SERVICE; Private; SWAPAN TRAVELS; WBTC,05:00,06:10,23,Kalipahari > Raniganj Punjabi > Andal > Durgapur City Center > Muchipara > Panagarh > Budbud > Mankar > Abhirampur > Guskara > Jalpara > Amdobe > Kashemnagar > Atghora > Ntutanhat > Palishgram > Khudrun > Mathrun > Dakbangla > Shrikhanda > Katwa Station
Bankura,Durgapur,6,SBSTC,06:40,16:30,11,Machantala > Satighat > Lakshya > Tora Bridge > Hebir More > Dhoni > Makurgram > Beliatore > Phulberia
Bankura,Kolkata,6,SBSTC; WBTC,04:50,14:45,11,Bankura Satighat Bridge > Beliator > Ashuria More > Pakhanna > Dhulai > Sonamukhi > Bardhaman > Dankuni > 2nd Bridge
Bankura,Nabadwip,6,Private,04:10,09:15,26,Machantala > Bankura Station > Keranibandh Bypass > Beliatore > Borjora > Durgapur Station > Muchipara > Panagarh > Budbud > Galsi > Barddhaman Nawabhat Bus Stand > Golapbag > Barddhaman Station > Hatgobindopur > Nabastha > Paharhati > Satgachia > Bohar > Bulbulitala > Madhupur > Dhatrigram > Samudragarh > Nadanghat > Hematpur
Bardhaman,Manbazar,6,ISHIKA TRADERS; Tanveer Line,04:25,06:50,20,Telipukur > Khandaghosh > Rasulpur > Kankardanga > Dhansimla > Sonamukhi > Rampur > Bhairabdanga > Chhandar > Beliatore > Makurgram > Bankura > Puabagan > Sunukpahari > Indpur > Bangla > Hatirampur > Pairachali
Berhampur,Siliguri,6,NBSTC,06:00,10:00,2,
Bishnupur,Bankura,6,DEY TRAVEL'S; GUDDI TRAVELS; PADMA TRAVELS,06:35,13:10,9,Bankadaha > Piardoba > Sabrakon > Panchmura > Taldangra > Ratanpur > Dhaldanga
Burdwan,Kolkata A.C,6,SBSTC,07:15,15:45,2,
Digha,Esplanade,6,WBTC,,,24,New Digha > Ramnagar > Balisai > Chaulkhola > Pichaboni > Contai > Nachinda > Henria > Bajkul > Chandipur > Norghat > Nandakumar > Nimtauri > Radhamoni > Mecheda > Kolaghat > Bagnan > Uluberia Checkpost > Panchla > Ranihati > Dhulagarh > Santragachi
Digha,Medinipur,6,GANGARAM TRAVEL'S; Maa Kajal Travels,03:05,07:40,9,Ramnagar > Contai > Egra > Khakurda > Belda > Kharagpur > Mohanpur
Durgapur Station,Purulia,6,ANKIT TRAVEL'S,04:25,08:35,8,Beliatore > Bankura Bus Stand > Chhatna > Kamalpur > Hura > Ladhurka
Jalpaiguri,Haldibari,6,NBSTC,07:00,09:15,2,
Karunamoyee,Bankura,6,SBSTC; WBTC,05:40,14:30,16,Ultadanga > Baguiati > Airport > Dunlop Bridge > Dankuni > Shaktigarh > Burdwan Bypass > Panagarh > Muchipara > Dvc > Durgapur City Center > Durgapur Station > Barjora > Beliatore
Kharagpur,Barddhaman Alisha Bus Stand,6,Private,,,28,Kharagpurchowrangee > Mohanpur > Medinipur > Dharma > Keshpur > Mugbasan > Neradeul > Jhakra > Kalikapur > Khirpai > Jara > Shrinagar > Ramjibanpur > Hajipur > Kamarpukur > Goghat > Kalipur > Arambagh > Naisharai > Bulchandpur > Uchalan > Mogolmari > Seherabazar > Sagrai > Bankura > Telipukur
Kharagpur,Manbazar,6,SBSTC,04:20,07:25,18,Mohanpur > Medinipur > Bhadutala > Patharkumkumi > Moupal > Pirakata > Sijua > Goaltore > Pingboni > Sarenga > P More > Raipur > Haludkanali > Khatra > Hatirampur > Pairachali
Kolkata,Arambag,6,SBSTC,06:30,11:30,2,
Kolkata A.C,Burdwan,6,SBSTC,09:45,18:45,2,
Malbazar,Jalpaiguri,6,NBSTC,07:00,09:15,2,
Mandarmani,Kolkata,6,Santosh Bus Service,09:25,17:35,2,
Nabadwip,Bankura,6,Private,02:55,04:55,26,Hematpur > Nadanghat > Samudragarh > Dhatrigram > Madhupur > Bulbulitala > Bohar > Satgachia > Paharhati > Nabastha > Hatgobindopur > Barddhaman Station > Golapbag > Barddhaman Nawabhat Bus Stand > Galsi > Budbud > Panagarh > Muchipara > Durgapur Station > Borjora > Beliatore > Keranibandh Bypass > Bankura Station > Machantala
Purulia,Kolkata,6,SBSTC,04:20,22:00,22,Ladhurka > Lakshanpur > Lalpur > Hura > Bishpuria > Kamalpur > Chhatna > Bankura > Beliator > Barjora > Durgapur (Station) > Durgapur (City Centre) > Muchipara > Panagarh Bypass > Bardhaman Bypass > Shaktigarh > Dankuni > Salap > Santragachi > 2nd Hooghly Bridge
Tajpur,Kolkata,6,Santosh Bus Service,09:15,17:25,2,
Baharampur,Bardhaman,5,,04:20,09:00,10,Gokarna > Kandi > Salar > Pachundi > Katwa > Balgona > Bhatar > Golapbag
Balurghat,Farakka,5,NBSTC,12:40,14:00,2,
Balurghat,Raiganj,5,NBSTC,06:05,13:45,2,
Bandwan,Bankura,5,,05:10,08:35,12,Paradih More > Jhilimili > Gunpura > Ranibandh > Akhuta More > Khatra > Supur > Hatirampur > Bangla > Puabagan
Barddhaman Alisha Bus Stand,Mecheda Station,5,Private,,,33,Telipukur > Bankura > Sagrai > Seherabazar > Mogolmari > Uchalan > Bulchandpur > Naisharai > Arambagh > Kalipur > Goghat > Kamarpukur > Hajipur > Ramjibanpur > Shrinagar > Jara > Khirpai > Radhanagar > Borda Choukan > Ghatal > Daspur > Bakultala > Sultannagar > Goura > Sonamui > Khukurdaha > Keshapat > Mechogram > Siddha > Deulia Bazar > Haldia
Bardhaman,Bankura,5,,05:25,06:30,17,Birhata > Telipukur > Sehara Bazar > Mogalmari > Uchalan > Arambagh > Goghat > Kamarpukur > Jayrambati > Kotulpur > Joypur > Bishnupur > Ramsagar > Onda > Dhaldanga
Bishnupur,Kolkata (Esplanade),5,,04:10,06:30,17,Joypur > Kotulpur > Jayrambati > Kamarpukur > Goghat > Arambagh > Mayapur > Champadanga > Siakhala > Mosat > Chanditala > Dankuni > Salap > Kona Express More > Santragachi
Bishnupur,Purulia,5,,05:00,08:30,15,Ramsagar > Onda > Dhaldanga > Bankura > Puabagan > Kumidya > Kashibediya > Bhagabanpur > Bishpuria > Hura > Lalpur > Lakshanpur > Ladhurka
Esplanade,Asansol,5,WBTC,06:00,20:00,10,Karunamoyee > Airport > Dunlop > Dankuni > Burdwan > Panagarh > Durgapur City Centre > Raniganj
Fulkusma,Bankura,5,,04:25,13:25,10,Motgoda > Raipur > P More > Bikrampur > Simlapal > Taldangra > Ratanpur > Dhaldanga
Ghatal,Medinipur,5,,05:10,07:00,2,
Haldia,Bankura,5,,00:55,04:10,30,Durgachak > Chaitanyapur > Mahishadal > Nandakumar > Tamluk > Mecheda > Mechogram > Keshapat > Khukur Daha > Goura > Sultannagar > Daspur > Ghatal > Baroda Chowkan > Radhanagar > Khirpai > Kalikapur > Chandrakona Town > Chandrakona Road > Kiaboni > Raskundu > Garhbeta > Dhadika > Bankadaha > Bishnupur > Ramsagar > Onda > Dhaldanga
Haldia,Karunamoyee,5,Private; SBSTC; WBTC,07:15,08:25,34,Durgachak > Manjushree > Chaitanyapur > Mahishadal > Nandakumar > Nimtouri > Radhamoni > Mecheda > Kolaghat > Bagnan > Nimdighi > Khalisani > Panchla > Ranihati > Dhulagarh > Ankurhati > Salap > Kona > Ballyhalt > Dakshineswar > Dunlop > Airport Gate 3 > Airport Gate 1 > Kaikhali > Chinar Park > Ecopark > Narkelbagan > Axis Mall > Newtown > DLF 1 > College More > Wipro
Jalpaiguri,TNCBT Siliguri,5,NBSTC,07:00,09:20,2,
Karunamoyee,Durgapur,5,SBSTC; WBTC,10:15,17:00,14,Ultadanga > Airport > Dunlop > Bally > Dankuni > Durgapur Expressway > Shaktigarh > Barddhaman Bypass > Panagarh > Muchipara > Dvc > Durgapur City Center
Kashipur,Bankura,5,,06:00,13:30,9,Sonathali > Lara More > Kustore > Alijhara > Kamalpur > Kharbona > Chhatna
Kharagpur,Tarakeshwar,5,Private,,,25,Kharagpur Chowrangee > Mohanpur > Medinipur > Bhadutala > Godapiashal > Anandpur Bypass > Keshpur > Mugbasan > Neradeul > Chandrakona Town > Kalikapur > Khirpai > Jara > Shrinagar > Ramjibanpur > Hajipur > Kamarpukur > Goghat > Kalipur > Arambagh > Kable > Harinkhola > Chapadanga
Raiganj,Siliguri,5,NBSTC,04:45,08:25,2,
Sarenga,Medinipur,5,RAMKRISHNA TRAVEL'S,05:50,16:10,11,Brahmandiha > Ramgarh > Kantapahari > Lalgarh > Bhimpur > Pirakata > Moupal > Patharkumkumi > Bhadutala
Suri,Digha,5,.; SBSTC; WBTC,04:10,08:30,52,Dubrajpur > Ilambazar > Panagarh Bypass > Muchipara > Durgapur City Centre > Durgapur (Station) > Barjora > Beliator > Makurgram > Bankura Bypass > Dhaldanga > Onda > Ramsagar > Bishnupur > Bankadaha > Dhadika > Garhbeta > Chandrakona Road > Salboni > Godapiashal > Bhadutala > Medinipur > Mohanpur > Kharagpur > Kharagpur Chowringhee > Makrampur > Narayangarh > Bakhrabad > Belda > Thakurchak > Khak
Tarakeshwar,Kharagpur,5,Private,,,25,Chapadanga > Harinkhola > Kable > Arambagh > Kalipur > Goghat > Kamarpukur > Hajipur > Ramjibanpur > Shrinagar > Jara > Khirpai > Kalikapur > Chandrakona Town > Neradeul > Mugbasan > Keshpur > Anandpur Bypass > Godapiashal > Bhadutala > Medinipur > Mohanpur > Kharagpur Chowrangee
Tarkeshwar,Kharagpur,5,MAHAPRABHU TRAVELS; PATHAJATRI TRAVEL'S,05:50,08:35,17,Champadanga > Mayapur > Arambagh > Goghat > Kamarpukur > Ramjibanpur > Srinagar > Khirpai > Kalikapur > Chandrakona Town > Neradeul > Mugbosan > Keshpur > Medinipur > Mohanpur
Bakkhali,Esplanade,4,WBTC,,,53,Frasergunj > 10 Mile Bazar > Shibpur Junction > 7 Mile Bazar > Chandranagar > Dwariknagar > Notun Bazar > Namkhana > Ukilerhat > Kakdwip > Notun Rasta > 5no Haat > Kshirishtala > Nischintapur > Karanjali > Kulpi > Hatugunj > Diamond Harbour > Kapathat > Sarisha Ashram > Sarishahat > Marine College > Dostipur > Fatehpur > Hashimnagar > Mollarthesh > Shirakole > Rajarhat > Kriparampur > Amtala > Bis
Balurghat,Kolkata,4,NBSTC,04:45,18:30,3,Molla
Bandwan,Kolkata (Esplanade),4,MONALISHA TRAVELS,03:50,19:20,26,Manbazar > Molian > Hatirampur > Bangla > Indpur > Sunukpahari > Puabagan > Dhaldanga > Onda > Ramsagar > Bishnupur > Joypur > Kotulpur > Khatul > Bengai > Arambagh > Mayapur > Champadanga > Siakhala > Mosat > Dankuni > Salap > Kona Express More > Santragachi
Bankura,Medinipur,4,,05:45,10:05,14,Dhaldanga > Onda > Ramsagar > Bishnupur > Bankadaha > Dhadika > Garhbeta > Kiaboni > Chandrakona Road > Salboni > Godapiasal > Bhadutala
Bankura,Purulia,4,PUTUL TRAVELS,05:45,14:15,18,Dhaldanga > Puabagan > Sunukpahari > Indpur > Bangla > Hatirampur > Khatra > Ranibandh > Jhilimili > Kuilapal > Bandwan > Katin > Barabazar > Balarampur > Urma > Simulia
Barasat Chapadali,Santragachi,4,Private; WBTC,,,37,Madhyamgram > Doltala > BT College > Michaelnagar > Birati > Airport Gate 3 > Airport Gate 1 > Kaikhali > Haldirams > Chinar Park > City Center 2 > Akanksha > Nawabpur > Ecopark > Narkelbagan > Axis Mall > Newtown > DLF 1 > College More > SDF > Nicco Park > Chingrighata > Mathpukur > Science City > Topsia > 4 No Bridge > Park Circus > Beck Bagan > Minto Park > Rabindra Sadan > PTS > Vidyasagar Set
Barddhaman Alisha Bus Stand,Kharagpur,4,Private,,,28,Telipukur > Bankura > Sagrai > Seherabazar > Mogolmari > Uchalan > Bulchandpur > Naisharai > Arambagh > Kalipur > Goghat > Kamarpukur > Hajipur > Ramjibanpur > Shrinagar > Jara > Khirpai > Kalikapur > Jhakra > Neradeul > Mugbasan > Keshpur > Dharma > Medinipur > Mohanpur > Kharagpurchowrangee
Bardhaman,Mecheda,4,,05:10,07:35,20,Birhata > Telipukur > Sehara Bazar > Uchalan > Arambagh > Goghat > Kamarpukur > Ramjibanpur > Khirpai > Radhanagar > Baroda Chowkan > Ghatal > Daspur > Sultannagar > Goura > Khukur Daha > Keshapat > Mechogram
Bardhaman,Nabadwip,4,,05:30,12:45,8,Golapbag > Mehedibagan > Mirzapur > Kusumgram > Nadanghat > Hematpur
Berhampur,Kolkata,4,NBSTC,05:00,06:00,3,Kandi
Bishnupur,Asansol,4,,05:20,06:25,17,Joykrishnapur > Radha Nagar > Joyrampur > Sonamukhi > Nachanhati > Sahapur > Pakhanna > Katabandh > Sahebdihi > Asuria More > Barjora > Durgapur (Station) > Durgapur (City Center) > Andal > Raniganj
Bishnupur,Digha,4,ALAKA TRAVEL'S; RIA SUPER,04:00,05:40,26,Kotulpur > Jayrambati > Kamarpukur > Ramjibanpur > Srinagar > Khirpai > Radhanagar > Baroda Chowkan > Ghatal > Daspur > Sultannagar > Goura > Khukur Daha > Keshapat > Mechogram > Mecheda > Ramtarak > Nimtouri > Nandakumar > Chandipur > Bajkul > Henria > Contai > Ramnagar
Bolpur,Krishnanagar,4,BABA BAIDYANATH BUS SERVICE; Private,05:10,07:15,21,Sian Hospital > Nanur > Kirnahar > Futisanko > Kandra > Komarpur > Nirol > Pachundi > Ketugram > Katwa Station > Katwa Bus Stand > Dainhat > Chhatni > Parulia Bazar > Shrirampur > Hematpur > Nabadwip Railgate > Bhaluka Battala > Krishnanagar High Road
Chittaranjan,Bardhaman,4,,04:20,08:35,11,Rupnarayanpur > Asansol > Raniganj > Andal > Durgapur (City Center) > Durgapur (Muchipara) > Panagarh > Budbud > Galsi
Darjeeling,Siliguri,4,NBSTC,07:45,14:00,2,
Digha,Habra,4,SBSTC; WBTC,11:00,13:40,36,New Digha > Ramnagar > Balisai > Chaulkhola > Pichaboni > Contai > Nachinda > Henria > Bajkul > Chandipur > Norghat > Nandakumar > Nimtauri > Radhamoni > Mecheda > Kolaghat > Bagnan > Uluberia Checkpost > Panchla > Ranihati > Dhulagarh > Salap > Dunlop Bridge > Airport Gate 3 > Madhyamgram > Barasat > Barasat Dakbunglow > Barasat Chapadali > Bamangachi > Duttapukur > Joypul > Bira > Guma > Ashokna
Domkal,Kolkata (Esplanade),4,BABUA TRAVEL'S; PALKI TRAVELS; ROHAN TRAVEL'S,01:30,20:45,20,Jalangi > Gopalpur > Karimpur > Bajitpur > Mahish Bathan > Nazipur > Betai > Tehatta > Bara Andulia > Chapra > Krishnanagar > Dignagar > Santipur > Phulia > Ranaghat > Barasat > Dum Dum Airport > Sealdah
Durgapur (Station),Bandwan,4,,05:05,07:00,23,Barjora > Beliatore > Makurgram > Bankura Bypass > Bankura > Dhaldanga > Puabagan > Sunukpahari > Indpur > Bangla > Bheduashol > Gobindpur > Hatirampur > Ledakendi > Gadapathar > Pairachali > Manbazar > Khariduar > Kumari > Boro > Ankhro
Farakka,Balurghat,4,NBSTC,06:00,07:45,2,
Garia,Howrah,4,WBTC,,,15,RAIPUR CLUB > BAGHAJATIN > JADAVPUR > GOLPARK > GARIAHAT > R.B.AVE > HAZRA > CHAKRABERIA > ELGIN > BIRLA TARAMONDAL > PARK ST > ESPL > BBD BAG
Garia Bus Stand,Howrah Station,4,WBTC,,,25,Ramgarh > Baghajatin > Sulekha > Jadavpur 8B > Jadavpur PS > Jodhpur Park > Dhakuria > Golpark > Southern Avenue > Deshapriya Park > Rashbehari > Kalighat > Hazra > Bhowanipore > Elgin > Exide > Rabindra Sadan > Maidan > Park Street > Mayo Road > Esplanade > BBD Bag > Barabazar
Howrah Station,Garia Bus Stand,4,WBTC,,,25,Barabazar > BBD Bag > Esplanade > Mayo Road > Park Street > Maidan > Rabindra Sadan > Exide > Elgin > Bhowanipore > Hazra > Kalighat > Rashbehari > Deshapriya Park > Southern Avenue > Golpark > Dhakuria > Jodhpur Park > Jadavpur PS > Jadavpur 8B > Sulekha > Baghajatin > Ramgarh
Jhargram,Digha,4,Ayan Express; RANA MOTORS; WBTC,05:30,06:45,24,Dherua > Midnapore > Kharagpur Chowringhee > Debra > Mechogram > Kolaghat > Dhulagarh > Santragachi > Esplanade > Santragachi > Dhulagarh > Ranihati > Bagnan > Kolaghat > Mecheda > Nandakumar > Bajkul > Henria > Kanthi > Ramnagar > Old Digha > New Digha
Jhargram,Manbazar,4,KALPANA TRAVELS; Monami Travels,04:50,05:30,14,Dahijuri > Binpur > Silda > Fulkusma > Motgoda > Raipur > P More > Simlapal > Lakshmisagar > Khatra > Hatirampur > Pairachali
Jhargram,Purulia,4,KALYAN TRAVEL'S; SBSTC,05:00,06:50,15,Dahijuri > Binpur > Silda > Belpahari > Banspahari > Tamajuri > Poradih > Bandwan > Manbazar > Puncha > Lalpur > Lakshanpur > Ladhurka
Kalna,Benachity,4,Private,07:10,07:10,18,Dhatrigram > Madhupur > Bulbulitala > Bohar > Satgachia > Paharhati > Nabastha > Hatgobindopur > Barddhaman Station > Golapbag > Barddhaman Nawabhat Bus Stand > Galsi > Budbud > Panagarh > Muchipara > Durgapur City Center
Kalna,Bolpur,4,Private,04:50,04:50,27,Dhatrigram > Madhupur > Bulbulitala > Bohar > Satgachia > Jhikra > Bamunia > Bhagra > Kusumgram > Dakbangla > Manteswar > Maldanga > Chandrapur > Singi > Korui > Kaichar > Nutanhat > Palitpur > Basapara > Bangachatra > Sansat > Bahiri > Muluk > Layekbazar > Chitra
Kolkata,Medinipur,4,SBSTC,07:20,13:40,2,
Kolkata,Purulia,4,SBSTC,05:00,14:15,3,Asansol
Malda,Esplanade,4,WBTC,,,30,Sujapur > Kaliachak > Farakka > Dhulian > Chander > Ahiran > Omarpur > Sekhdighi > Morgram > Panchgram > Sherpur > Nagar > Khargram > Kuli > Bahadurpur > Sundarpur > Futisanko > Pirtala > Nutangram > Natunhat > Muratipur > Norja > Dewandighi > Barddhaman Station > Shaktigarh > Dankuni > Salap > Santragachi
Malda,Hili,4,NBSTC,05:00,08:50,2,
Mecheda Station,Barddhaman Alisha Bus Stand,4,Private,,,33,Haldia > Deulia Bazar > Siddha > Mechogram > Keshapat > Khukurdaha > Sonamui > Goura > Sultannagar > Bakultala > Daspur > Ghatal > Borda Choukan > Radhanagar > Khirpai > Jara > Shrinagar > Ramjibanpur > Hajipur > Kamarpukur > Goghat > Kalipur > Arambagh > Naisharai > Bulchandpur > Uchalan > Mogolmari > Seherabazar > Sagrai > Bankura > Telipukur
Medinipur,Bankura,4,,05:30,07:25,16,Bhadutala > Patharkumkumi > Moupal > Pirakata > Bhimpur > Lalgarh > Ramgarh > Sarenga > P More > Bikrampur > Simlapal > Taldangra > Ratanpur > Dhaldanga
Medinipur,Ghatal,4,,05:30,10:45,17,Bhadutala > Patharkumkumi > Moupal > Pirakata > Debagram > Goaltore > Hoomgarh > Amlagora > Garhbeta > Raskundu > Chandrakona Town > Kalikapur > Khirpai > Radhanagar > Baroda Chowkan
Medinipur,Kolkata,4,SBSTC,07:50,14:50,2,
Midnapur,Karunamoyee,4,SBSTC,06:50,16:40,5,Kolaghat > Dunlop > Airport Gate 2
Raiganj,Kolkata,4,NBSTC,04:15,19:30,3,Kaliyaganj
Raniganj,Bankura,4,APANJAN TRAVELS,04:45,09:05,10,Mejia > Nandanpur > Durlavpur > Gangajalghati > Desuria > Amarkanan > Gobindadham > Kanchanpur
Raskundu,Medinipur,4,Sagar Travels,04:50,14:35,8,Guiadaha > Rangamati > Chandrakona Road > Salboni > Godapiasal > Bhadutala
Santragachi,Barasat Chapadali,4,Private; WBTC,,,37,Baksara > Belepole > Carry Road > Vidyasagar Setu > PTS > Rabindra Sadan > Minto Park > Beck Bagan > Park Circus > 4 No Bridge > Topsia > Science City > Mathpukur > Chingrighata > Nicco Park > SDF > College More > DLF 1 > Newtown > Axis Mall > Narkelbagan > Ecopark > Nawabpur > Akanksha > City Center 2 > Chinar Park > Haldirams > Kaikhali > Airport Gate 1 > Airport Gate 3 > Birati > Michaelnagar >
Siliguri,Sitai,4,NBSTC,05:00,12:00,2,
Suri,Kolkata,4,NBSTC; SBSTC,05:30,13:30,2,
Tufanganj,Siliguri,4,NBSTC,05:00,09:00,3,Cooch Behar
Bajkul,Kolkata,3,Santosh Bus Service,06:40,15:05,2,
Balarampur,Bankura,3,,05:00,07:00,15,Barabazar > Sindri > Manbazar > Puncha > Poradih > Belut > Saldiha > Jorda > Bangla > Indpur > Sunukpahari > Puabagan > Dhaldanga
Ballyhalt,Karunamoyee,3,Private; WBTC,,,30,Ballyghat > Dakshineswar > Dunlop Bridge > Mathkal > Durganagar > Airport Gate 3 > Airport Gate 2.5 > Airport Gate 1 > Kaikhali > Haldirams > Chinar Park > City Center 2 > Akanksha > Nawabpur > Ecopark > Westin > Jatragachi > Narkelbagan > Axis Mall > Newtown > DLF 1 > Technopolis > Philips > R S Software > College More > Techno India > Wipro > Saltlake 10no Tank
Bandwan,Purulia,3,,06:30,08:40,8,Manbazar > Gopalnagar > Kenda > Gobindapur > Chakaltore > Simulia
Bankura,Bardhaman,3,,07:25,09:20,12,Makurgram > Beliatore > Chhandar > Bhairabdanga > Rampur > Sonamukhi > Kankardanga > Rasulpur > Khandaghosh > Telipukur
Bankura,Bishnupur,3,,06:30,09:40,9,Dhaldanga > Ratanpur > Taldangra > Panchmura > Sabrakon > Piardoba > Bankadaha
Bankura,Durgapur City Centre,3,SBSTC,06:00,13:30,4,Mejia > Asansol
Bankura,Raniganj,3,,08:05,10:25,13,Chhatna > Kharbona > Jhantipahari > Hatjor > Jorehira > Dhaban > Lapahari > Jhanka > Saltora > Pabra > Mejia
Bankura,Silda,3,,05:25,09:05,11,Dhaldanga > Puabagan > Indpur > Bangla > Hatirampur > Khatra > Ranibandh > Jhilimili > Belpahari
Barabazar,Bankura,3,,05:10,06:20,14,Katin > Bandwan > Kuilapal > Jhilimili > Ranibandh > Khatra > Hatirampur > Bangla > Indpur > Sunukpahari > Puabagan > Dhaldanga
Barabazar,Durgapur Station,3,,05:40,06:20,15,Manbazar > Puncha > Belut > Saldiha > Jorda > Bangla > Indpur > Sunukpahari > Puabagan > Bankura > Dhaldanga > Makurgram > Beliatore
Barasat Chapadali,Digha,3,WBTC,,,30,Madhyamgram > BT College > Birati > Airport Gate 3 > Airport Gate 1 > Kaikhali > Haldirams > Teghoria > Baguiati > Ultadanga > Esplanade > Santragachi > Ankurhati > Dhulagarh > Panchla > Uluberia > Bagnan > Kolaghat > Mecheda > Nimtouri > Nandakumar > Norghat > Bajkul > Heria > Nachinda > Contai Bus Stand > Chowalkhola > Ramnagar
Barasat Chapadali,Garia Bus Stand,3,Private; WBTC,,,37,Madhyamgram > BT College > Sukantanagar > Birati > Airport Gate 3 > Airport Gate 1 > Kaikhali > Haldirams > Teghoria > Baguiati > Kestopur > Dumdum Park > Laketown > Sreebhumi > Ultadanga > Bengal Chemical > Mani Square > Apollo Hospital > Swabhumi > Beleghata Building > Chingrighata > Mathpukur > Science City > Uttar Panchannagram > VIP Bazar > Fortis > Ruby > Kalikapur > EM Bypass > Mukundapur >
Barasat Chapadali,Howrah Station,3,Private; WBTC,,,23,Dakbanglow > Madhyamgram > BT College > Birati > Airport Gate 3 > Airport Gate 1 > Kaikhali > Haldirams > Teghoria > Baguiati > Kestopur > Dumdum Park > Laketown > Sreebhumi > Ultadanga > Kankurgachi > Maniktala > Vivekananda Road > Girish Park > MG Road > Barabazar
Bardhaman,Kharagpur,3,KUHELIKA PARIBAHAN; SAHIN TRAVELS,04:50,06:50,17,Telipukur > Sehara Bazar > Mogalmari > Uchalan > Arambagh > Goghat > Kamarpukur > Ramjibanpur > Khirpai > Kalikapur > Jhakra > Neradeul > Mugbosan > Keshpur > Medinipur
Bardhaman,Suri,3,,06:30,08:00,6,Guskara > Illambazar > Joydeb > Dubrajpur
Baruipur,Digha,3,SBSTC; WBTC,06:00,06:00,28,Padmapukur > Gobindapur > Harinavi > Rajpur > Narendrapur > Kamalgazi > Garia > Tollygunge > Rashbehari > Exide > Esplanade > Santragachi > Dhulagarh > Uluberia > Bagnan > Kolaghat > Mecheda > Nandakumar > Chandipur > Bajkul > Henria > Kanthi > Mandarmani > Ramnagar > Old Digha > New Digha
Benachity,Kalna,3,Private,,,18,Durgapur City Center > Muchipara > Panagarh > Budbud > Galsi > Barddhaman Nawabhat Bus Stand > Golapbag > Barddhaman Station > Hatgobindopur > Nabastha > Paharhati > Satgachia > Bohar > Bulbulitala > Madhupur > Dhatrigram
Boga,Karunamoyee,3,Private,05:00,06:20,35,Khejuri > Henria > Bajkul > Chandipur > Narghat > Nandakumar > Nimtouri > Radhamoni > Mecheda > Kolaghat > Bagnan > Nimdighi > Khalisani > Panchla > Ranihati > Dhulagarh > Ankurhati > Salap > Kona > Ballyhalt > Dakshineswar > Dunlop > Airport Gate 3 > Airport Gate 1 > Kaikhali > Chinar Park > Ecopark > Narkelbagan > Axis Mall > Newtown > DLF 1 > College More > Wipro
Bolpur,Baharampur,3,,05:30,07:00,11,Nanoor > Kirnahar > Futishanko > Marut > Sundarpur > Kuli > Kandi > Gokarna > Khagraghat
Bolpur,Hematpur,3,Private,06:20,06:20,17,Sian Hospital > Nanur > Kirnahar > Futisanko > Kandra > Komarpur > Nirol > Pachundi > Ketugram > Katwa Station > Katwa Bus Stand > Dainhat > Chhatni > Parulia Bazar > Shrirampur
Bolpur,Kalna,3,Private,,,27,Chitra > Layekbazar > Muluk > Bahiri > Sansat > Bangachatra > Basapara > Palitpur > Nutanhat > Kaichar > Korui > Singi > Chandrapur > Maldanga > Manteswar > Dakbangla > Kusumgram > Bhagra > Bamunia > Jhikra > Satgachia > Bohar > Bulbulitala > Madhupur > Dhatrigram
Chandrakona Road,Bandwan,3,RAHI TRAVELS,05:00,07:50,14,Salboni > Medinipur > Chandra > Dherua > Jhargram > Gopinathpur > Binpur > Silda > Belpahari > Tamajuri > Jhilimili > Kuilapal
Chandrakona Road,Howrah,3,AVINANDAN TRAVELS,04:10,07:25,16,Chandrakona Town > Khirpai > Radhanagar > Ghatal > Daspur > Goura > Khukur Daha > Mechogram > Kolaghat > Bagnan > Uluberia > Dhulagarh > Santragachi > Kolkata (Esplanade)
Chandrakona Town,Howrah,3,,03:35,06:10,19,Kalikapur > Khirpai > Radhanagar > Baroda Chowkan > Ghatal > Daspur > Sultannagar > Goura > Khukur Daha > Keshapat > Mechogram > Kolaghat > Bagnan > Uluberia > Dhulagarh > Kona Express More > Santragachi
Contai,Jhargram,3,BADAL MOTORS; GANGARAM TRAVEL'S,06:20,07:10,9,Egra > Khakurda > Belda > Kharagpur > Medinipur > Chandra > Dherua
Dhamakhali,Esplanade,3,Private; WBTC,,,28,Sarberia > Agarhati > Boyermari > Malancha > Minakhan > Kushangra > Bamanpukur > Ghushighata > Ghatakpukur > Nalmuri > Boralighat > Paglarhat > Bhojerhat > Kantatala > Leather Complex > Bantala Bazar > Chowbaga > Science City > Mathpukur > Chingrighata > Beleghata Building > Beleghata > Sealdah > Moulali > Wellington > Chandni Chowk
Dhumsai,Jhargram,3,SBSTC,05:00,12:00,2,
Digha,Barasat Chapadali,3,WBTC,,,30,Ramnagar > Chowalkhola > Contai Bus Stand > Nachinda > Heria > Bajkul > Norghat > Nandakumar > Nimtouri > Mecheda > Kolaghat > Bagnan > Uluberia > Panchla > Dhulagarh > Ankurhati > Santragachi > Esplanade > Ultadanga > Baguiati > Teghoria > Haldirams > Kaikhali > Airport Gate 1 > Airport Gate 3 > Birati > BT College > Madhyamgram
Digha,Baruipur,3,SBSTC; WBTC,12:10,12:10,27,New Digha > Ramnagar > Mandarmani > Kanthi > Henria > Bajkul > Chandipur > Nandakumar > Mecheda > Kolaghat > Bagnan > Uluberia > Dhulagarh > Santragachi > Esplanade > Exide > Rashbehari > Tollygunge > Garia > Kamalgazi > Narendrapur > Rajpur > Harinavi > Gobindapur > Padmapukur
Digha,Karunamoyee,3,SBSTC; WBTC,06:00,06:00,22,Ramnagar > Chowalkhola > Contai Bus Stand > Nachinda > Heria > Bajkul > Norghat > Nandakumar > Nimtouri > Mecheda > Kolaghat > Bagnan > Uluberia > Panchla > Dhulagarh > Ankurhati > Salap > Dunlop Bridge > Airport Gate 1 > Ultadanga
Digha,Kolkata (Esplanade),3,ANUSKA TRAVELS,02:50,08:10,16,Ramnagar > Contai > Henria > Bajkul > Chandipur > Nandakumar > Nimtouri > Mecheda > Kolaghat > Bagnan > Uluberia > Dhulagarh > Kona Express More > Santragachi
Digha,Suri,3,SBSTC; WBTC,07:30,09:10,37,New Digha > Ramnagar > Balisai > Chaulkhola > Pichaboni > Contai > Nachinda > Henria > Bajkul > Chandipur > Norghat > Nandakumar > Nimtauri > Radhamoni > Mecheda > Kolaghat > Bagnan > Uluberia Checkpost > Panchla > Ranihati > Dhulagarh > Santragachi > Esplanade > Santragachi > Salap > Dankuni > Shaktigarh > Barddhaman Bypass > Panagarh Bypass > Darjeeling > 11 Mile > Illambazar > Joydev > Dubrajpu
Digha,Thakurpukur,3,SBSTC; WBTC,11:20,14:30,13,New Digha > Ramnagar > Kanthi > Nandakumar > Kolaghat > Dhulagarh > Santragachi > Toll Tax > Hastings > Esplanade > Behala Chowrasta
Durgapur,Babughat,3,PAMMI Travels; Simran Travels,00:30,03:00,2,
Esplanade,Bakkhali,3,WBTC,06:30,14:30,6,Khidirpur > Diamond Harbour > Kakdwip > Namkhana
Esplanade,Dhamakhali,3,Private; WBTC,,,28,Chandni Chowk > Wellington > Moulali > Sealdah > Beleghata > Beleghata Building > Chingrighata > Mathpukur > Science City > Chowbaga > Bantala Bazar > Leather Complex > Kantatala > Bhojerhat > Paglarhat > Boralighat > Nalmuri > Ghatakpukur > Ghushighata > Bamanpukur > Kushangra > Minakhan > Malancha > Boyermari > Agarhati > Sarberia
Esplanade,Haldia,3,WBTC,06:00,14:00,8,Khidirpur > Santragachi > Dunlop > Kolaghat > Nimtouri > Nandakumar
Esplanade,Midnapore,3,WBTC,05:40,13:00,9,Karunamoyee > Airport > Dunlop > Kolaghat > Mecheda > Debra > Kharagpur
Esplanade,Suri,3,WBTC,06:45,16:30,9,Karunamoyee > Airport > Dunlop > Dankuni > Burdwan > Illambazar > Bolpur (Prantik)
Garia Bus Stand,Barasat Chapadali,3,Private; WBTC,,,37,45 Bus Stand > Patuli > Peerless Hospital > Hiland Park > Ajaynagar > Mukundapur > EM Bypass > Kalikapur > Ruby > Fortis > VIP Bazar > Uttar Panchannagram > Science City > Mathpukur > Chingrighata > Beleghata Building > Swabhumi > Apollo Hospital > Mani Square > Bengal Chemical > Ultadanga > Sreebhumi > Laketown > Dumdum Park > Kestopur > Baguiati > Teghoria > Haldirams > Kaikhali > Airport Gate 1
Ghatakpukur,Rajabazar,3,Private; WBTC,,,25,Nalmuri > Boralighat > Paglarhat > Bhojerhat > Karolberia > Chariswar > Paikan > Hatishala > Shapoorji > Karigari Bhawan > Uem Campus > Unitech Gate 1 > Narkelbagan > Axis Mall > Newtown > DLF 1 > College More > SDF > Nicco Park > Chingrighata > Beleghata Building > Beleghata > Sealdah
Ghatal,Digha,3,,04:20,05:30,16,Daspur > Sultannagar > Goura > Khukur Daha > Keshapat > Mechogram > Mecheda > Nimtouri > Nandakumar > Chandipur > Bajkul > Henria > Contai > Ramnagar
Habra,Durgapur,3,SBSTC; WBTC,05:05,07:00,9,Duttapukur > Barasat Chapadali > Dankuni Housing > Barddhaman > Panagarh Bypass > Muchipara > Durgapur City Center
Haldia,Belpahari,3,,03:10,05:20,18,Durgachak > Chaitanyapur > Mahishadal > Nandakumar > Tamluk > Mecheda > Mechogram > Debra > Kharagpur > Nimpura > Kalaikunda > Guptamoni > Lodhasuli > Jhargram > Binpur > Silda
Haldia Township,Asansol,3,SBSTC; WBTC,09:30,12:40,31,Ranichak > City Center 1 > Brajalalchak > Kapasaria > Nandakumar > Nimtauri > Radhamoni > Mecheda > Kolaghat > Bagnan > Uluberia Checkpost > Panchla > Ranihati > Dhulagarh > Santragachi > Esplanade > Santragachi > Salap > Dankuni > Shaktigarh > Barddhaman Bypass > Panagarh Bypass > Muchipara > Dvc > Durgapur City Center > Bhiringi > Andal > Raniganj Punjabi > Kalipahari
Howrah Station,Barasat Chapadali,3,Private; WBTC,,,23,Barabazar > MG Road > Girish Park > Vivekananda Road > Maniktala > Kankurgachi > Ultadanga > Sreebhumi > Laketown > Dumdum Park > Kestopur > Baguiati > Teghoria > Haldirams > Kaikhali > Airport Gate 1 > Airport Gate 3 > Birati > BT College > Madhyamgram > Dakbanglow
Howrah Station,Jadavpur 8B,3,WBTC,,,17,Barabazar > BBD Bag > Esplanade > Park Street > Maidan > Rabindra Sadan > Bhowanipore > Hazra > Kalighat > Rashbehari > Rabindra Sarovar > Tollygunge Phari > Anwar Shah Road > Lake Gardens > South City
Howrah Station,Kamalgazi,3,WBTC,,,31,Barabazar > Shipping Corporation > GPO > BBD Bag > Esplanade > Park Street > Maidan > Rabindra Sadan > Elgin > Bhowanipore > Hazra > Kalighat > Rashbehari > Lake Mall > Deshapriya Park > Gariahat > Ballygunge Station > Kasba PS > Bosepukur > Acropolis Mall > Ruby > Kalikapur > Mukundapur > EM Bypass > Ajaynagar > Hiland Park > Peerless Hospital > Patuli > Dhalai Bridge
Howrah Station,Nager Bazar,3,Mini Bus; Private,,,16,Barabazar > MG Road > College Street > Vivekananda Road > Hedua > Hatibagan > Shyambazar > RG Kar > Belgachia > Ashubabu Bazar > Patipukur > Kalindi > Bangur Avenue > Diamond Plaza
Howrah Station,Pailan,3,Private,,,21,Barabazar > BBD Bag > Esplanade > Park Street > Maidan > Rabindra Sadan > Bhowanipore > Hazra > Kalighat > Rashbehari > Rabindra Sarovar > Tollygunge Metro > Haridevpur > Keorapukur > Kabardanga > Kalitala Housing > Cancer Hospital > Thakurpukur > Joka Bridge
Howrah Station,Sector V,3,Private,,,21,Posta Bazar > Nimtala > Jorabagan > Ahiritola > BK Paul > Sovabazar > Hatibagan > Khanna Cinema > Ultadanga > Saltlake PNB > Saltlake 4no Tank > Baisakhi > Saltlake 7no Tank > Saltlake 206 > Saltlake 9no Tank > Karunamoyee > Wipro > SDF > College More
Jadavpur 8B,Howrah Station,3,WBTC,,,17,South City > Lake Gardens > Anwar Shah Road > Tollygunge Phari > Rabindra Sarovar > Rashbehari > Kalighat > Hazra > Bhowanipore > Rabindra Sadan > Maidan > Park Street > Esplanade > BBD Bag > Barabazar
Jhargram,Dhumsai,3,SBSTC,06:10,12:00,2,
Jhargram,Garia,3,SBSTC; WBTC,10:45,14:10,25,Kolaboni > Lodhashuli > Khemashuli > Guptamoni > Balivasa > Kalaikunda > Kharagpur Bypass > Kharagpur Chowringhee > Debra > Ashari > Panskura Bypass > Mechogram > Kolaghat > Bagnan > Uluberia Checkpost > Panchla > Ranihati > Dhulagarh > Santragachi > Esplanade > Park Street > Exide > Jadavpur
Kalna,Pandua,3,Private,,,13,Madhuban > Jiudhara > Chaksimla > Gopalbati > Bakulia > Kuliapara > Inchura > Mamudpur > Kalyanshree > Mondolai > Berui
Kamalgazi,Howrah Station,3,WBTC,,,31,Dhalai Bridge > Patuli > Peerless Hospital > Hiland Park > Ajaynagar > EM Bypass > Mukundapur > Kalikapur > Ruby > Acropolis Mall > Bosepukur > Kasba PS > Ballygunge Station > Gariahat > Deshapriya Park > Lake Mall > Rashbehari > Kalighat > Hazra > Bhowanipore > Elgin > Rabindra Sadan > Maidan > Park Street > Esplanade > BBD Bag > GPO > Shipping Corporation > Barabazar
Karunamoyee,Ballyhalt,3,Private; WBTC,,,30,Saltlake 10no Tank > Wipro > Techno India > College More > R S Software > Philips > Technopolis > DLF 1 > Newtown > Axis Mall > Narkelbagan > Jatragachi > Westin > Ecopark > Nawabpur > Akanksha > City Center 2 > Chinar Park > Haldirams > Kaikhali > Airport Gate 1 > Airport Gate 2.5 > Airport Gate 3 > Durganagar > Mathkal > Dunlop Bridge > Dakshineswar > Ballyghat
Karunamoyee,Digha,3,SBSTC; WBTC,05:40,23:58,9,Baguihati > Airport > Dunlop > Kolaghat > Mecheda > Nandakumar > Contai
Karunamoyee,Haldia,3,Private; WBTC,,,34,Wipro > College More > DLF 1 > Newtown > Axis Mall > Narkelbagan > Ecopark > Chinar Park > Kaikhali > Airport Gate 1 > Airport Gate 3 > Dunlop > Dakshineswar > Ballyhalt > Kona > Salap > Ankurhati > Dhulagarh > Ranihati > Panchla > Khalisani > Nimdighi > Bagnan > Kolaghat > Mecheda > Radhamoni > Nimtouri > Nandakumar > Mahishadal > Chaitanyapur > Manjushree > Durgachak
Kharagpur,Tarkeshwar,3,ATITHI TRAVEL'S,04:10,07:25,20,Mohanpur > Medinipur > Bhadutala > Godapiasal > Anandapur > Keshpur > Mugbosan > Neradeul > Chandrakona Town > Kalikapur > Khirpai > Srinagar > Ramjibanpur > Kamarpukur > Goghat > Arambagh > Mayapur > Champadanga
Khatra,Bankura,3,,05:50,12:40,9,Molian > Boga > Bangla > Indpur > Sunukpahari > Puabagan > Dhaldanga
Khatra,Contai,3,RANA MOTORS,04:00,05:10,17,Lakshmisagar > Simlapal > P More > Sarenga > Pingboni > Goaltore > Pirakata > Moupal > Patharkumkumi > Bhadutala > Medinipur > Kharagpur > Belda > Khakurda > Egra
Khatra,Kharagpur,3,Madhusudan,05:45,06:45,15,Lakshmisagar > Simlapal > Bikrampur > P More > Sarenga > Pingboni > Goaltore > Chandrakona Road > Salboni > Godapiasal > Bhadutala > Medinipur > Mohanpur
Khatra,Purulia,3,JOYDEV TRAVELS,05:40,06:50,9,Hatirampur > Pairachali > Manbazar > Gopalnagar > Kenda > Chakaltore > Simulia
Kolkata,Malda,3,Shyamoli Paribahan; WBTC,18:00,20:00,4,Airport > Barasat
Kolkata,Suri,3,SBSTC,05:30,17:00,2,
Krishnanagar,Bolpur,3,Private,06:45,06:45,21,Krishnanagar High Road > Bhaluka Battala > Nabadwip Bus Stand > Hematpur > Shrirampur > Parulia Bazar > Chhatni > Dainhat > Katwa Bus Stand > Katwa Station > Ketugram > Pachundi > Nirol > Komarpur > Kandra > Futisanko > Kirnahar > Nanur > Sian Hospital
Malda,Kolkata,3,NBSTC,05:00,06:20,2,
Manbazar,Bankura,3,MAA DURGA TRAVELS,07:20,11:00,13,Pairachali > Simlabandh > Mosiara > Kadam Beria > Khatra > Hatirampur > Bangla > Indpur > Sunukpahari > Puabagan > Dhaldanga
Manbazar,Kharagpur,3,,05:10,06:30,15,Jamtoria > Kuilapal > Poradih > Jhilimili > Chendapathar > Fulkusma > Baksi > Harda > Binpur > Dahijuri > Jhargram > Lodhasuli > Guptamoni
Manbazar,Medinipur,3,,04:45,06:40,14,Pairachali > Hatirampur > Khatra > Arkama > Harmasra > Lakshmisagar > Simlapal > P More > Sarenga > Goaltore > Pirakata > Bhadutala
Mecheda,Bardhaman,3,SAHIN TRAVEL'S,05:15,09:15,20,Mechogram > Keshapat > Khukur Daha > Goura > Sultannagar > Daspur > Ghatal > Baroda Chowkan > Radhanagar > Khirpai > Ramjibanpur > Kamarpukur > Goghat > Arambagh > Uchalan > Sehara Bazar > Telipukur > Birhata
Medinipur,Mayapur,3,Maa Tara / Maa Rudrayani,07:10,07:10,33,Mohanpur > Chowringhee (Kharagpur) > Madpur > Basantpur > Debra > Ashari > Ratulia > Mechogram > Siddha Bazar > Deulia Bazar > Haldia More > Kolaghat > Bagnan > Uluberia > Panchla > Ranihati > Dhulagarh > Kona Expressway > Salp > Bali Halt > Dakshineswar > Dunlop > Sodepur > Barrackpore > Naihati > Kanchrapara > Kalyani Bus Stand > Kalyani AIIMS > Chakdaha > Ranaghat > Krishnanagar
Medinipur,Tarakeshwar,3,Private,,,22,Bhadutala > Godapiashal > Salboni > Mandalkupi > Chandrakona Road > Guaidaha > Chandrakona Town > Kalikapur > Khirpai > Jara > Shrinagar > Ramjibanpur > Hajipur > Kamarpukur > Goghat > Kalipur > Arambagh > Kable > Harinkhola > Chapadanga
Medinipur,Tatanagar,3,RBN TRAVELS; SANDHU TRAVEL'S,04:20,04:45,20,Mohanpur > Kharagpur > Kalaikunda > Lodhasuli > Jhargram > Dahijuri > Binpur > Silda > Belpahari > Tamajuri > Banspahari > Poradih > Kuilapal > Chhirudi > Bandwan > Katin > Patamda > Dimna
Midnapore,Garia,3,SBSTC; WBTC,12:20,15:30,13,Debra > Mechogram > Kolaghat > Dhulagarh > Santragachi > Esplanade > Exide > Rashbehari > Tollygunge > Bansdroni > Naktala
Milan More,NJP,3,NBSTC,07:10,10:40,2,
Nager Bazar,Howrah Station,3,Mini Bus; Private,,,17,Diamond Plaza > Bangur Avenue > Kalindi > Patipukur > Ashubabu Bazar > Belgachia > RG Kar > Shyambazar > Hatibagan > Hedua > Vivekananda Road > Amherst Street > College Street > MG Road > Barabazar
NJP,Milan More,3,NBSTC,07:10,10:40,2,
Pailan,Howrah Station,3,Private,,,21,Joka Bridge > Thakurpukur > Cancer Hospital > Kalitala Housing > Kabardanga > Keorapukur > Haridevpur > Tollygunge Metro > Rabindra Sarovar > Rashbehari > Kalighat > Hazra > Bhowanipore > Rabindra Sadan > Maidan > Park Street > Esplanade > BBD Bag > Barabazar
Pandua,Kalna,3,Private,,,13,Berui > Mondolai > Kalyanshree > Mamudpur > Inchura > Kuliapara > Bakulia > Gopalbati > Chaksimla > Jiudhara > Madhuban
Panskura,Bardhaman,3,,03:10,06:00,19,Mechogram > Keshapat > Khukur Daha > Goura > Sultannagar > Daspur > Ghatal > Baroda Chowkan > Radhanagar > Khirpai > Ramjibanpur > Kamarpukur > Goghat > Arambagh > Uchalan > Sehara Bazar > Telipukur
Patharchapuri,Bardhaman,3,SHANTI TRAVELS,04:40,06:05,11,Suri > Dubrajpur > Hetampur > Tarulia > Illambazar > Piyariganj > Panagarh > Budbud > Galsi
Purulia,Ajodhya Hills,3,GOUTAM TRAVEL'S; KALYAN TRAVEL'S,08:00,14:05,5,Damda > Aharara > Sirkabad
Purulia,Bankura,3,,06:35,12:20,14,Ladhurka > Lakshanpur > Lalpur > Hura > Bishpuria > Rakhera > Pairachali > Gobindapur > Bhagabanpur > Kashibediya > Kumidya > Puabagan
Purulia,Barabazar,3,,09:05,11:20,5,Simulia > Chakaltore > Bamundiha
Purulia,Digha,3,,04:40,18:30,26,Ladhurka > Lalpur > Puncha > Manbazar > Pairachali > Hatirampur > Khatra > Haludkanali > Raipur > P More > Sarenga > Pingboni > Goaltore > Chandrakona Road > Salboni > Godapiasal > Bhadutala > Medinipur > Kharagpur > Belda > Khakurda > Egra > Contai > Ramnagar
Purulia,Jhargram,3,S.R.T. TRAVELS,04:25,06:20,16,Simulia > Chakaltore > Gobindapur > Kenda > Gopalnagar > Manbazar > Bandwan > Paradihi > Tamajuri > Banspahari > Belpahari > Silda > Binpur > Dahijuri
Raiganj,Berhampur,3,NBSTC,04:45,08:00,2,
Raipur,Jhargram,3,,05:45,14:00,8,Dhanara > Dumurtore > Lachhipur > Harda > Binpur > Dahijuri
Rajabazar,Ghatakpukur,3,Private; WBTC,,,25,Sealdah > Beleghata > Beleghata Building > Chingrighata > Nicco Park > SDF > College More > DLF 1 > Newtown > Axis Mall > Narkelbagan > Unitech Gate 1 > Uem Campus > Karigari Bhawan > Shapoorji > Hatishala > Paikan > Chariswar > Karolberia > Bhojerhat > Paglarhat > Boralighat > Nalmuri
Saltlake Karunamoyee,Howrah Station,3,WBTC,,,25,Central Park > FD Park > Laboni > Purbachal 13no. Tank > Stadium Island > AMRI Hospital > Building More > Chingrighata > Dhapa Mathpukur > Science City > Topsia > Park Circus 4 No. > Park Circus WBTC Depot > Beckbagan > Minto Park > Exide > Maidan > Park Street > Mayo Road Crossing > BBD Bag > GPO > Shipping Corporation > Burrabazar
Sector V,Howrah Station,3,Private,,,21,SDF > College More > Wipro > Karunamoyee > Saltlake 9no Tank > Saltlake 206 > Saltlake 7no Tank > Baisakhi > Saltlake 4no Tank > Saltlake PNB > Ultadanga > Khanna Cinema > Hatibagan > Sovabazar > BK Paul > Ahiritola > Jorabagan > Malapara > Barabazar
Shibrampur,Howrah Station,3,Private; WBTC,,,30,Ketopool > Muchipara > Shakuntala Park > Raidighi > Bakultala > Behala Chowrasta > James Long Sarani > Raja Rammohan Roy Road > Panchanantala > Madanmohantala > Muchipara > Siriti > Karunamoyee > Tollygunge Metro > Tollygunge Phari > Rabindra Sarovar > Rashbehari > Kalighat > Hazra > Bhowanipore > Elgin Road > Rabindra Sadan > Maidan > Park Street > Mayo Road > Esplanade > BBD Bag > Barabazar
Siliguri,Alipurduar,3,NBSTC,06:20,08:45,2,
Siliguri,Beldanga,3,NBSTC,05:30,06:00,2,
Siliguri,Krishnanagar,3,NBSTC,04:15,05:30,2,
Siliguri,Omarpur,3,NBSTC,05:45,07:45,2,
Solpatta,Karunamoyee,3,,03:00,04:15,21,Egra > Patashpur > Manglamaro > Bhagabanpur > Bajkul > Chandipur > Nandakumar > Nimtouri > Mecheda > Kolaghat > Bagnan > Uluberia > Dhulagarh > Kona Express More > Salap > Bally > Dakshineswar > Dunlop > Dum Dum Airport
Suri,Balurghat,3,NBSTC,06:15,07:45,2,
Suri,Bardhaman,3,,03:40,06:50,2,
Tarakeshwar,Medinipur,3,Private,,,22,Chapadanga > Harinkhola > Kable > Arambagh > Kalipur > Goghat > Kamarpukur > Hajipur > Ramjibanpur > Shrinagar > Jara > Khirpai > Kalikapur > Chandrakona Town > Guaidaha > Chandrakona Road > Mandalkupi > Salboni > Godapiashal > Bhadutala
Tatanagar,Bankura,3,MAA PARWATI TRAVEL'S,05:10,08:30,16,Galudi > Ghatsila > Dhalbhumgarh > Chakulia > Silda > Fulkusma > Motgoda > Raipur > P More > Bikrampur > Simlapal > Taldangra > Ratanpur > Dhaldanga
Thakurpukur,Digha,3,SBSTC; WBTC,04:45,05:45,14,Behala Chowrasta > Esplanade > Hastings > Toll Tax > Santragachi > Dhulagarh > Kolaghat > Nandakumar > Kanthi > Ramnagar > Old Digha > New Digha
Ultadanga,Malda,3,NBSTC,05:00,08:10,3,Bardhaman
Airport Terminal,Howrah Station,2,WBTC,,,22,Kaikhali > Haldirams > Teghoria > Baguiati > Kestopur > Dumdum Park > Laketown > Sreebhumi > Ultadanga > Kankurgachi > Maniktala > Vivekananda Road > Girish Park > MG Road > Central > Lalbazar > BBD Bag > GPO > Shipping Corporation > Barabazar
Alipurduar,Dhubri,2,NBSTC,05:15,13:30,3,Tufanganj
Amity University,Ultadanga,2,WBTC,,,25,Ecospace > DLF 2 > Unitech Gate 2 > Tata Cancer Hospital > Narkelbagan > Axis Mall > Newtown > DLF 1 > Technopolis > College More > SDF > Wipro > Nicco Park > Sukantanagar > Chingrighata > Beleghata Building > Saltlake Stadium > Swabhumi > Apollo Hospital > Mani Square > Bengal Chemical > Saltlake Gate > Ultadanga Hudco
Amlasuli,Bankura,2,JOY BABA KHETRAPAL TRAVELS,11:45,13:50,8,Hoomgarh > Bikrampur > Simlapal > Taldangra > Ratanpur > Dhaldanga
Amta,Esplanade,2,Private; WBTC,,,20,Panpur > Ranihati > Dhulagarh > Alampur > Jalan Gate > Ankurhati > Nibra > Khejurtala > Garpa > Santragachi > Baksara > Belepole > Carry Road > Vidyasagar Setu > PTS > Rabindra Sadan > Maidan > Park Street
Amtala,Dakshineswar,2,WBTC,,,48,Bishnupur > Khariberia > Bhasha 14no > Pailan > Joka Bridge > Thakurpukur > Shilpara > Sakher Bazar > Behala Chowrasta > Behala 14 No > Taratala > New Alipore > Durgapur Bridge > Chetla Park > Rashbehari > Deshapriya Park > Gariahat > Ballygunge Station > Kasba PS > Bosepukur > Acropolis Mall > Ruby > VIP Bazar > Uttar Panchannagram > Science City > Mathpukur > Chingrighata > Nicco Park > SDF > Co
Amtala,Howrah,2,WBTC,,,8,Joka > Thakurpukur > Behala > Taratala Xing > Khidirpore > Carzon Park
Amtala,Howrah Station,2,WBTC,,,25,Bishnupur > Khariberia > Bhasha 14no > Pailan > Joka Bridge > Thakurpukur > Shilpara > Sakher Bazar > Behala Chowrasta > Manton > Behala 14 No > Taratala > Majherhat > Mominpore > Ekbalpur > Kidderpore > Hastings > Fort William > Esplanade > BBD Bag > GPO > Shipping Corporation > Barabazar
Arambagh,Asansol,2,,05:30,07:00,13,Uchalan > Sehara Bazar > Telipukur > Bardhaman > Galsi > Budbud > Panagarh > Durgapur (Muchipara) > Durgapur (City Center) > Andal > Raniganj
Asansol,Aurangabad Bihar,2,Shyamoli Paribahan,,,2,
Asansol,Barhi,2,Shyamoli Paribahan,,,2,
Asansol,Delhi,2,Shyamoli Paribahan,,,2,
Asansol,Dhanbad,2,Shyamoli Paribahan,,,2,
Asansol,Dobhi,2,Shyamoli Paribahan,,,2,
Asansol,Prayagraj,2,Shyamoli Paribahan,,,2,
Asansol,Purulia,2,,06:50,07:45,9,Neamatpur > Barakar > Dishergarh > Sarbori More > Raghunathpur > Anara > Golkunda
Asansol,Salar,2,,04:45,04:45,14,Raniganj > Andal > Durgapur (City Center) > Durgapur (Muchipara) > Panagarh > Piyariganj > Illambazar > Bolpur > Nanoor > Kirnahar > Futishanko > Pachundi
Asansol,Sasaram,2,Shyamoli Paribahan,,,2,
Asansol,Varanasi,2,Shyamoli Paribahan,,,2,
Babughat,Bansdroni,2,Private,,,19,BBD Bag > Esplanade > Chandni Chowk > Wellington > Moulali > Mallick Bazar > Park Circus > Quest Mall > Ballygunge Phari > Gariahat > Deshapriya Park > Rashbehari > Rabindra Sarovar > Tollygunge Metro > Malancha Cinema > Ranikuthi > Netaji Nagar
Babughat,Beraberi,2,Private,,,27,Esplanade > Chandni Chowk > Wellington > Hind Cinema > Bowbazar > Medical College > College Street > Vivekananda Road > Hedua > Hatibagan > Khanna Cinema > Ultadanga > Sreebhumi > Laketown > Dumdum Park > Kestopur > Baguiati > Teghoria > Haldirams > Kaikhali > Dashadrone > Gopalpur House > Kalipark > Bablatala > Narayanpur
Babughat,Hatiara,2,Private,,,21,Esplanade > Chandni Chowk > Central > MG Road > Girish Park > Sovabazar > Rajballavpara > Shyambazar > RG Kar > Belgachia > Patipukur > Kalindi > Laketown > Dumdum Park > Kestopur > Baguiati > Ashwini Nagar > Jyangra > Helabattala
Babuijore,Bardhaman,2,KALIMATA TRAVELS; NAGINA BUS SERVICE,04:50,06:45,11,Khayrasole > Dubrajpur > Hetampur > Tarulia > Illambazar > Piyariganj > Panagarh > Budbud > Galsi
Badanganj,Kolkata (Esplanade),2,,04:40,06:10,14,Kamarpukur > Goghat > Arambagh > Mayapur > Champadanga > Siakhala > Mosat > Chanditala > Dankuni > Salap > Kona Express More > Santragachi
Badanganj,Tarkeshwar,2,MAA LAXMI TRAVELS,12:30,12:30,7,Kamarpukur > Goghat > Arambagh > Mayapur > Champadanga
Baduria,Digha,2,WBTC,05:30,14:00,10,Barasat > Airport > Dunlop > Kolaghat > Nandakumar > Henria > Contai > Mandarmani
Bagbazar,Garia Station,2,Private,,,25,Rajballavpara > Shyambazar > Khanna Cinema > Maniktala > Rajabazar > Sealdah > Moulali > Mallick Bazar > Park Circus > Ballygunge Phari > Gariahat > Ballygunge Station > Kasba PS > Bosepukur > Acropolis Mall > Ruby > EM Bypass > Kalikapur > Mukundapur > Ajaynagar > Hiland Park > Patuli > Dhalai Bridge
Bagnan,Esplanade,2,Private; WBTC,,,21,Uluberia > Panchla > Ranihati > Dhulagarh > Alampur > Jalan Gate > Ankurhati > Nibra > Khejurtala > Garpa > Santragachi > Baksara > Belepole > Carry Road > Vidyasagar Setu > PTS > Rabindra Sadan > Maidan > Park Street
Baguiati,Howrah Station,2,Private,,,14,Kestopur > Dumdum Park > Laketown > Sreebhumi > Ultadanga > Kankurgachi > Phoolbagan > Rajabazar > Sealdah > College Street > MG Road > Barabazar
Baharampur,Digha,2,,18:50,21:45,2,
Balarampur,Khatra,2,,06:20,06:20,10,Salboni > Barabazar > Katin > Bandwan > Jamtoria > Rudra > Ambika Nagar > Mukutmanipur
Balurghat,Esplanade,2,WBTC,,,22,Gangarampur > Buniadpur > Gazole > Malda > Farakka > Omarpur > Morgram > Palsanda > Berhampore > Beldanga > Rejinagar > Palashi > Debagram > Bethuadahari > Dhubulia > Krishnanagar > Ranaghat > Chakdah > Barasat > Airport
Bandha Ghat,Topsia,2,Private,,,16,Golabarai PS > Howrah Station > Barabazar > BBD Bag > Esplanade > Chandni Chowk > Wellington > Moulali > Sealdah > Palmer Bazar > RN Chowdhury Road > Tangra > Panchkari > Christopher Road
Bandwan,Bardhaman,2,RAJARAM BUS SERVICE,04:20,04:50,19,Manbazar > Pairachali > Hatirampur > Bangla > Indpur > Sunukpahari > Puabagan > Dhaldanga > Bankura > Makurgram > Beliatore > Barjora > Durgapur (Station) > Durgapur (Muchipara) > Panagarh > Budbud > Galsi
Bandwan,Durgapur (Station),2,DISHA TRAVELS; Madan Mohan,06:05,10:30,21,Ankhro > Boro > Kumari > Khariduar > Manbazar > Pairachali > Gadapathar > Ledakendi > Gobindpur > Bheduashol > Hatirampur > Bangla > Puabagan > Dhaldanga > Bankura > Bankura Bypass > Makurgram > Beliatore > Barjora
Bandwan,Siliguri,2,Joy Maa Durga,15:05,15:05,24,Boro > Manbazar > Hatirampur > Bangla > Puabagan > Bankura > Beliatore > Barjora > Durgapur (Station) > Durgapur (City Center) > Durgapur (Muchipara) > Illambazar > Bolpur > Suri > Morgram > Farakka > Malda > Gozole > Dalkhola > Raiganj > Islampur > Kishanganj
Bankura,Barakar,2,,05:45,07:00,9,Barjora > Durgapur Station > City Center > Bhiringi More > Panjabi More > Andal > Raniganj
Bankura,Chandrakona Road,2,,06:50,07:00,12,Makurgram > Narrah > Nikunjapur > Gamidya > Joykrishnapur > Bishnupur > Bankadaha > Dhadika > Garhbeta > Kiaboni
Bankura,Dhanbad,2,,05:10,06:10,15,Chhatna > Kharbona > Jhantipahari > Saltora > Tiluri > Madhukunda > Sarbori More > Dishergarh > Barakar > Asansol > Chirkunda > Nirsa > Gobindapur
Bankura,Kolkata (Esplanade),2,,03:40,05:00,21,Dhaldanga > Onda > Ramsagar > Bishnupur > Joypur > Kotulpur > Khatul > Bengai > Arambagh > Mayapur > Champadanga > Siakhala > Mosat > Chanditala > Dankuni > Bally > Dakshineswar > Dunlop > Shyambazar
Bankura,Manbazar,2,,07:05,13:00,11,Dhaldanga > Puabagan > Kumidya > Kashibediya > Bhagabanpur > Pairachali > Chhirudi > Dhadki > Puncha
Bankura,Saltora,2,MAA DULALI TRAVELS; PUTUL TRAVELS,09:15,10:15,10,Chhatna > Kharbona > Jhantipahari > Hatjor > Jorehira > Dhaban > Lapahari > Jhanka
Bankura,Siliguri,2,SBSTC,17:00,18:00,16,Beliatore > Barjora > Durgapur (City Center) > Panagarh > Illambazar > Bolpur > Suri > Rampurhat > Nalhati > Farakka > Malda > Gazole > Raiganj > Islampur
Bankura,Tatanagar,2,JAY MAA DURGA TRAVELS,04:10,04:50,15,Dhaldanga > Ratanpur > Taldangra > Simlapal > Bikrampur > P More > Raipur > Motgoda > Fulkusma > Silda > Chakulia > Dhalbhumgarh > Ghatsila
Bansdroni,Babughat,2,Private,,,19,Netaji Nagar > Ranikuthi > Malancha Cinema > Tollygunge Metro > Rabindra Sarovar > Rashbehari > Deshapriya Park > Gariahat > Ballygunge Phari > Quest Mall > Park Circus > Mallick Bazar > Moulali > Wellington > Chandni Chowk > Esplanade > BBD Bag
Barakar,Arambagh,2,DEBIBALA TRAVELS,05:30,05:30,15,Kulti > Neamatpur > Asansol > Raniganj > Andal > Durgapur (City Center) > Durgapur (Muchipara) > Panagarh > Budbud > Galsi > Bardhaman > Telipukur > Sehara Bazar
Barakar,Krishnanagar,2,Private,03:45,03:45,30,Kulti > Neyamatpur > Asansol > Kalipahari > Raniganj Punjabi > Andal > Durgapur City Center > Muchipara > Panagarh > Budbud > Galsi > Barddhaman Nawabhat Bus Stand > Golapbag > Barddhaman Station > Hatgobindopur > Nabastha > Paharhati > Satgachia > Bohar > Bulbulitala > Madhupur > Dhatrigram > Samudragarh > Nadanghat > Hematpur > Nabadwip Railgate > Bhaluka Battala > Krishnanagar High Road
Barasat,Asansol,2,WBTC,06:00,16:00,5,Airport > Burdwan > Durgapur
Barasat,Midnapore,2,WBTC,05:40,16:10,8,Airport > Dunlop > Kolaghat > Mechogram > Debra > Kharagpur
Barasat,Suri,2,WBTC,06:45,16:30,7,Airport > Dunlop > Burdwan > Illambazar > Bolpur
Barasat Chapadali,Barrackpore Court,2,Private; WBTC,,,16,Barasat Colony > Barbaria > Jagannathpur > Kokapur > Rangapur > Nilgunge > Mathrangi > Chapuria > Debpukur > Mohanpur > Wireless > Subhash Colony > Barrackpore Station > Barrackpore Chiria
Barasat Chapadali,Baruipur,2,Private; WBTC,,,44,Madhyamgram > BT College > Birati > Airport Gate 3 > Airport Gate 1 > Kaikhali > Haldirams > Chinar Park > City Center 2 > Akanksha > Nawabpur > Ecopark > Aliah University > Ecospace > DLF 2 > Unitech Gate 2 > Narkelbagan > Axis Mall > Newtown > DLF 1 > College More > SDF > Nicco Park > Chingrighata > Mathpukur > Science City > Uttar Panchannagram > VIP Bazar > Ruby > Kalikapur > EM Bypass > Mukun
Barasat Chapadali,Karunamoyee,2,Private; WBTC,,,24,Madhyamgram > BT College > Birati > Airport Gate 3 > Airport Gate 1 > Kaikhali > Haldirams > Chinar Park > City Center 2 > Akanksha > Nawabpur > Ecopark > Aliah University > Ecospace > DLF 2 > Unitech Gate 2 > Narkelbagan > Axis Mall > Newtown > DLF 1 > College More > Wipro
Barasat Chapadali,Naihati Station,2,Private; WBTC,,,26,Barasat Colony > Barbaria > Jagannathpur > Kokapur > Rangapur > Nilgunge > Mathrangi > Chapuria > Debpukur > Mohanpur > Wireless > Kundubari > Babanpur > Kayrapur > Muthurapur > Kowgachi > Hansia > Basudebpur > Gurdah > Keutia > Panpur > Banstala > Dogachia > Saheb Colony
Barasat Chapadali,Rajchandrapur,2,Private; WBTC,,,23,Barasat Colony > Barbaria > Jagannathpur > Kokapur > Rangapur > Nilgunge > Mathrangi > Chapuria > Debpukur > Mohanpur > Wireless > Subhash Colony > Barrackpore Station > Titagarh > Khardaha > Sodepur Girja > Kamarhati > Rathtala > Dunlop > Dakshineswar > Ballyhalt
Barddhaman,Esplanade,2,WBTC,,,7,Barddhaman Bypass > Shaktigarh > Dankuni > Salap > Santragachi
Barddhaman Alisha Bus Stand,Itaberia,2,Private,,,44,Telipukur > Bankura > Sagrai > Seherabazar > Mogolmari > Uchalan > Bulchandpur > Naisharai > Arambagh > Kalipur > Goghat > Kamarpukur > Hajipur > Ramjibanpur > Shrinagar > Jara > Khirpai > Radhanagar > Borda Choukan > Ghatal > Daspur > Bakultala > Sultannagar > Goura > Sonamui > Khukurdaha > Keshapat > Mechogram > Siddha > Deulia Bazar > Haldia > Mecheda Station > Radhamani > Nimtauri > Nandakumar
Barddhaman Birhata,Kharagpur,2,Private,,,28,Telipukur > Bankura > Sagrai > Seherabazar > Mogolmari > Uchalan > Bulchandpur > Naisharai > Arambagh > Kalipur > Goghat > Kamarpukur > Hajipur > Ramjibanpur > Shrinagar > Jara > Khirpai > Kalikapur > Chandrakona Town > Neradeul > Mugbasan > Keshpur > Dharma > Medinipur > Mohanpur > Kharagpur Chowrangee
Barddhaman Nawabhat Bus Stand,Jangipur,2,Private,,,20,Golapbag > Barddhaman Station > Dewandighi > Norja > Muratipur > Nutanhat > Natungram > Futisanko > Marut > Sundarpur > Bahadurpur > Dakbangla > Kuli > Khargram > Nagar > Sherpur > Moregram > Raghunathganj
Barddhaman Nawabhat Bus Stand,Karimpur,2,Private,,,28,Golapbag > Barddhaman Station > Hatgobindopur > Nabastha > Paharhati > Satgachia > Bohar > Bulbulitala > Madhupur > Dhatrigram > Samudragarh > Nadanghat > Hematpur > Nabadwip Railgate > Bhaluka Battala > Krishnanagar High Road > Krishnanagar > Ghurni > Chapra > Boro Andulia > Tehatta > Betai > Haripur > Najirpur > Kathalia > Mahishbathan
Barddhaman Nawabhat Bus Stand,Lalgola,2,Private,,,21,Golapbag > Barddhaman Station > Dewandighi > Norja > Muratipur > Nutanhat > Natungram > Futisanko > Marut > Sundarpur > Bahadurpur > Dakbangla > Kuli > Khargram > Nagar > Sherpur > Moregram > Raghunathganj > Jangipur
Barddhaman Nawabhat Bus Stand,Shikarpur,2,Private,,,28,Golapbag > Barddhaman Station > Dewandighi > Kurmun > Bhandardihi > Malamba > Kusumgram > Raigram > Nadanghat > Rajibpur > Nadanghat > Hematpur > Nabadwip Railgate > Bhaluka Battala > Krishnanagar High Road > Krishnanagar > Ghurni > Chapra > Boro Andulia > Tehatta > Betai > Haripur > Najirpur > Kathalia > Mahishbathan > Karimpur
Bardhaman,Asansol,2,,06:20,09:25,9,Galsi > Budbud > Panagarh > Durgapur (Muchipara) > Durgapur (City Center) > Andal > Raniganj
Bardhaman,Baharampur,2,,04:35,05:40,10,Golapbag > Bhatar > Balgona > Katwa > Pachundi > Salar > Kandi > Gokarna
Bardhaman,Karimpur,2,MAHAPRABHU TRAVELS,04:10,06:10,13,Golapbag > Kusumgram > Nadanghat > Nabadwip > Krishnanagar > Chapra > Bara Andulia > Tehatta > Betai > Nazipur > Mahish Bathan
Bardhaman,Purulia,2,,04:50,06:10,20,Telipukur > Khandaghosh > Rasulpur > Kankardanga > Dhansimla > Sonamukhi > Rampur > Bhairabdanga > Chhandar > Beliatore > Makurgram > Bankura > Chhatna > Kharbona > Kamalpur > Bishpuria > Hura > Lalpur
Barisha,Sealdah,2,Private,,,20,Shilpara > Sakher Bazar > Ml Gupta Road > Muchipara > Siriti > NSHM Campus > Mahabirtala > Tollygunge Phari > Rabindra Sarovar > Rashbehari > Kalighat > Hazra > Bhowanipore > Rabindra Sadan > Minto Park > Beck Bagan > Mallick Bazar > Moulali
Barrackpore Court,Barasat Chapadali,2,Private; WBTC,,,16,Barrackpore Chiria > Barrackpore Station > Subhash Colony > Wireless > Mohanpur > Debpukur > Chapuria > Mathrangi > Nilgunge > Rangapur > Kokapur > Jagannathpur > Barbaria > Barasat Colony
Baruipur,Barasat Chapadali,2,Private; WBTC,,,44,Khasmallick > Harinavi > Rajpur Bazar > Narendrapur > Kamalgazi > Dhalai Bridge > Patuli > Peerless Hospital > Hiland Park > Ajaynagar > Mukundapur > EM Bypass > Kalikapur > Ruby > VIP Bazar > Uttar Panchannagram > Science City > Mathpukur > Chingrighata > Nicco Park > SDF > College More > DLF 1 > Newtown > Axis Mall > Narkelbagan > Unitech Gate 2 > DLF 2 > Ecospace > Aliah University > Ecopark > 
Baruipur,Siliguri,2,WBTC,17:00,18:00,11,Garia > Jadavpur > Esplanade > Airport > Barasat > Raiganj > Dalkhola > Kishanganj > Islampur
Baruipur,Tarapith,2,WBTC,08:00,12:00,10,Garia > Jadavpur > Esplanade > Burdwan > Illambazar > Bolpur > Suri > Rampurhat
Basanti,Howrah Station,2,WBTC,,,50,Basanti Bridge > Sonakhali Bus Stand > Uttar Sonakhali > Kultali Bazar > Narayantala > Bhangankhali > Kaltala > Kanthalberia > Dockghat > Matla Bridge > Canning > Bahirsona > Taldi > Ramdhari > Uttarbhag > Phooltala > Puratan Bazar > Shibanipith > Baruipur Hospital > Baruipur Station > Padmapukur > Khasmallick > Harinavi > Rajpur Bazar > Narendrapur > Kamalgazi > Dhalai Bridge > Patuli > Peerless 
Basirhat,Dhamakhali,2,Private,,,11,Bhabla Station > Pifa Bazar > Bhebia Chowrasta > Nimchi Bazar > Chaital Ghat > Malancha > Boyermari > Agarhati > Sarberia
Basirhat,Esplanade,2,Private; WBTC,,,39,Trimohini > Kholapota > Gopalpur > Matia Bridge > Swarupnagar > Berachampa > Deganga > Kartickpur > Beleghata > Golabari > Goakhali > Kadambagachi > Kazipara Depot > Barasat Chapadali > Madhyamgram > Doltala > BT College > Michaelnagar > Birati > Airport Gate 3 > Airport Gate 1 > Kaikhali > Haldirams > Teghoria > Baguiati > Kestopur > Dumdum Park > Laketown > Sreebhumi > Ultadanga > Kankurgachi > 
Behala Chowrasta,Jadavpur 8B,2,WBTC,,,13,Janakalyan > Sakher Bazar > Ml Gupta Road > Muchipara > Siriti > Tollygunge Metro > Anwar Shah Road > Lake Gardens > South City > Jadavpur PS > Jadavpur University
Belgachia,Digha,2,WBTC,05:40,23:58,3,Esplanade
Belghoria,Digha,2,SBSTC,11:30,12:00,2,
Belpahari,Contai,2,,04:25,04:50,2,
Belpahari,Kolkata,2,SBSTC,07:00,08:30,4,Jhargram > Lodhashuli
Beraberi,Babughat,2,Private,,,26,Narayanpur > Bablatala > Kalipark > Gopalpur House > Dashadrone > Kaikhali > Haldirams > Teghoria > Baguiati > Kestopur > Dumdum Park > Laketown > Sreebhumi > Ultadanga > Khanna Cinema > Hatibagan > Hedua > Vivekananda Road > Amherst Street > Bank Of India > Bowbazar > Central > BBD Bag > Esplanade
Berada,Badanganj,2,RBN TRAVELS,06:30,06:30,14,Barabazar > Sindri > Manbazar > Pairachali > Hatirampur > Bibarda > Taldangra > Panchmura > Sabrakon > Bankadaha > Dhadika > Chamkaitala
Berhampur,Islampur,2,NBSTC,09:00,11:30,2,
Berhampur,Rasakhawa,2,NBSTC,08:30,10:30,2,
B Garden,Esplanade,2,Mini Bus; Private,,,12,Shalimar Station > Bataitala Phari > Kazipara > Avani Mall > Shibpur Bazar > Mallick Fatak > Howrah Maidan > Howrah Station > Barabazar > BBD Bag
Bhagabanpur,Purulia,2,,13:00,13:00,5,Lalpur > Lakshanpur > Ladhurka
Bishnupur,Arambagh,2,ARATI TRAVELS,07:35,15:00,7,Joypur > Kotulpur > Jayrambati > Kamarpukur > Goghat
Bishnupur,Kolkata,2,SBSTC,04:00,06:00,3,Arambag
Bishnupur,Manbazar,2,,06:00,06:00,12,Bankadaha > Piardoba > Sabrakon > Panchmura > Taldangra > Simlapal > Lakshmisagar > Khatra > Hatirampur > Pairachali
Bishnupur,Medinipur,2,,08:30,09:15,10,Bankadaha > Dhadika > Garhbeta > Kiaboni > Chandrakona Road > Salboni > Godapiasal > Bhadutala
Bishnupur,Tatanagar,2,JOY SRI KRISHNA TRAVELS,05:30,06:45,19,Bankadaha > Dhadika > Garhbeta > Amlagora > Radhanagar > Hoomgarh > Amlasuli > Bikrampur > P More > Raipur > Motgoda > Fulkusma > Silda > Chakulia > Dhalbhumgarh > Ghatsila > Galudi
Boga,Bankura,2,MAA SARADA BUS SERVICE,06:00,07:00,12,Garduara > Jorda > Bhimpur > Bhagabanpur > Teghori > Laxmisole > Rampur > Kamalpur > Kharbona > Chhatna
Boga,Kalyani,2,DAS TRAVELS; SUMANA TRAVELS,04:00,04:50,18,Henria > Bajkul > Chandipur > Nandakumar > Nimtouri > Mecheda > Kolaghat > Bagnan > Uluberia > Dhulagarh > Kona Express More > Salap > Bally > Dakshineswar > Dunlop > Barrackpore
Bolpur,Asansol,2,SUBHADRA TRAVELS,06:00,09:00,9,Illambazar > Piyariganj > Panagarh > Durgapur (Muchipara) > Durgapur (City Center) > Andal > Raniganj
Bolpur,Bankura,2,MAA TARINI TRAVELS,05:45,06:50,10,Illambazar > Piyariganj > Panagarh > Durgapur (Muchipara) > Durgapur (Station) > Barjora > Beliatore > Makurgram
Bongaon,Duttaphulia,2,Private,,,12,Motigunge > Ghatboar > Katlamari > Chanda > Ganrapota > Patshimulia > Asharu Bazar > Helencha > Choatia > Sindrani
Bongaon 1 No Railgate Petrol Pump,Karimpur,2,Private,,,26,Bongaon Bus Stand > Batar > Matiganj > Garapota > Helencha > Sindrani > Duttaphulia > Shrirampur > Shilberia > Bholamari > Kaikhali > Bagula > Muragacha > Hanshkhali > Krishnanagar > Ghurni > Chapra > Boro Andulia > Tehatta > Betai > Haripur > Najirpur > Kathalia > Mahishbathan
Brahmandiha,Kukrahati,2,AHAN TRAVEL'S,05:10,06:10,22,Ramgarh > Pingboni > Goaltore > Chandrakona Road > Chandrakona Town > Khirpai > Radhanagar > Baroda Chowkan > Ghatal > Daspur > Sultannagar > Goura > Khukur Daha > Keshapat > Mechogram > Panskura > Tamluk > Nandakumar > Mahishadal > Chaitanyapur
Burdwan,Asansol,2,Shyamoli Paribahan,,,2,
Burdwan,Aurangabad Bihar,2,Shyamoli Paribahan,,,2,
Burdwan,Barhi,2,Shyamoli Paribahan,,,2,
Burdwan,Delhi,2,Shyamoli Paribahan,,,2,
Burdwan,Dhanbad,2,Shyamoli Paribahan,,,2,
Burdwan,Dobhi,2,Shyamoli Paribahan,,,2,
Burdwan,Durgapur,2,Shyamoli Paribahan,,,2,
Burdwan,Kandra,2,SBSTC,06:45,07:25,3,Kolkata
Burdwan,Prayagraj,2,Shyamoli Paribahan,,,2,
Burdwan,Sasaram,2,Shyamoli Paribahan,,,2,
Burdwan,Varanasi,2,Shyamoli Paribahan,,,2,
Burul,Esplanade,2,WBTC,,,24,Burul Bazar > Chandua Bazar > Bisalakshmitala > Dongaria > Nodakhali > Bakhrahat > Bibirhat > Shamukpota > Shamali > Rasapunja > Hanspukur > Joka Bridge > Thakurpukur > Shilpara > Sakher Bazar > Behala Chowrasta > Behala 14 No > Majherhat > Mominpore > Bhabani Bhawan > PTS > Fort William
Chakta,Bolpur,2,DADA BHAI TRAVEL'S,05:30,12:25,7,Amgoria > Komarpur > Futishanko > Kirnahar > Nanoor
Chanchal,Raiganj,2,NBSTC,07:00,08:30,2,
Chandrakona Road,Bankura,2,,06:40,09:30,11,Goaltore > Pingboni > Sarenga > P More > Bikrampur > Simlapal > Taldangra > Ratanpur > Dhaldanga
Chandrakona Road,Bishnupur,2,,04:50,06:50,2,
Chandrakona Road,Durgachak,2,AVINANDAN TRAVELS,06:10,06:25,19,Chandrakona Town > Kalikapur > Khirpai > Radhanagar > Baroda Chowkan > Ghatal > Daspur > Sultannagar > Goura > Khukur Daha > Keshapat > Mechogram > Panskura > Tamluk > Nandakumar > Mahishadal > Chaitanyapur
Chandrakona Road,Jhargram,2,WESTERN DIAMOND TRAVEL'S,05:45,09:05,16,Kiaboni > Garhbeta > Amlagora > Hoomgarh > Goaltore > Pingboni > Sarenga > P More > Raipur > Motgoda > Fulkusma > Silda > Binpur > Dahijuri
Chandrakona Road,Silda,2,,05:55,05:55,12,Goaltore > Pingboni > Sarenga > P More > Jambani > Kankradara > Khatra > Ranibandh > Jhilimili > Belpahari
Chendapathar,Bankura,2,DEVI PARUL TRAVELS,08:00,12:00,11,Jhilimili > Ranibandh > Khatra > Hatirampur > Bangla > Indpur > Sunukpahari > Puabagan > Dhaldanga
Chinsurah Court,Tarakeswar,2,Private,,,16,Khadina > Chinsurah Station > Sugandha > Harit > Puinan > Dadpur > Maheshwarpur > Hasnan Bridge > Makalpur Bazar > Belmuri > Dhaniakhali > Nelorpar > Dasghara > Choutara
Chittaranjan,Bankura,2,,05:25,07:25,10,Asansol > Raniganj > Andal > Durgapur (City Center) > Durgapur (Station) > Barjora > Beliatore > Makurgram
Chittaranjan,Kalna,2,Private,06:00,06:00,28,Amladahi Bazar > Rupnarayanpur > Dendua > Salanpur > Chandrachur Bypass > Jubilee > Asansol Bus Stand > Kalipahari > Raniganj Punjabi > Andal > Durgapur City Center > Muchipara > Panagarh > Budbud > Galsi > Barddhaman Nawabhat Bus Stand > Golapbag > Barddhaman Station > Hatgobindopur > Nabastha > Paharhati > Satgachia > Bohar > Bulbulitala > Madhupur > Dhatrigram
Contai,Raipur,2,,06:10,06:15,14,Egra > Khakurda > Belda > Kharagpur > Medinipur > Chandra > Dherua > Jhargram > Dahijuri > Binpur > Silda > Fulkusma
Cooch Behar,Esplanade,2,WBTC,,,34,Pundibari > Mathurabagan > Falakata > Salbari > Dhupguri > Mainaguri Bypass > Jalpaiguri Bypass > Fatapukur > Fulbari > Siliguri > Islampur > Dalkhola > Raiganj > Itahar > Gazole > Malda > Farakka > Dhuliyan > Omarpur > Morgram > Berhampore > Beldanga > Palashi > Krishnanagar > Shantipur > Phulia > Ranaghat > Chakdah > Jaguli > Awalsiddhi > Barasat > Ultadanga
Cooch Behar,Kolkata,2,NBSTC,09:15,13:30,3,Falakata
Dainhat,Asansol,2,MAA JOGODDHATRI BUS SERVICE; Private,05:15,05:15,20,Katwa Bus Stand > Katwa Station > Shrikhanda > Kaichar > Nigan > Bolgona > Muratipur > Debpur > Guskara > Abhirmapur > Mankar > Budbud > Panagarh > Muchipara > Durgapur City Center > Andal > Raniganj Punjabi > Kalipahari
Dakshineswar,Amtala,2,WBTC,,,48,Dunlop Bridge > Mathkal > Durganagar > Airport Gate 3 > Airport Gate 1 > Kaikhali > Haldirams > Chinar Park > City Center 2 > Akanksha > Nawabpur > Ecopark > Narkelbagan > Axis Mall > Newtown > DLF 1 > College More > SDF > Nicco Park > Chingrighata > Mathpukur > Science City > Uttar Panchannagram > VIP Bazar > Ruby > Acropolis Mall > Bosepukur > Kasba PS > Ballygunge Station > Gariahat > Deshapriy
Dasnagar,Esplanade,2,Mini Bus; Private,,,8,Shanpur > Tikiapara Bypass > Howrah Maidan > Howrah Station > Barabazar > BBD Bag
Delhi,Kolkata,2,Shyamoli Paribahan,,,2,
Dhakuria,Howrah Station,2,Private,,,19,Jadavpur PS > South City > Lake Gardens > Anwar Shah Road > Tollygunge Phari > Mahabirtala > New Alipore > Taratala > Majherhat > Mominpore > Ekbalpur > Kidderpore > Hastings > Fort William > Esplanade > BBD Bag > Barabazar
Dhaldanga,Barddhaman,2,Private,,,24,Onda > Ramsagar > Bishnupur > Joypur > Chatra > Mirjapur > Gogra > Kotulpur > Joyrambati > Kamarpukur > Goghat > Bhikdas > Kalipur > Arambagh > Naisharai > Bulchandpur > Uchalan > Mogolmari > Seherabazar > Sagrai > Bankura > Telipukur
Dhamakhali,Basirhat,2,Private,,,11,Sarberia > Agarhati > Boyermari > Malancha > Chaital Ghat > Nimchi Bazar > Bhebia Chowrasta > Pifa Bazar > Bhabla Station
Dhamakhali,Digha,2,SBSTC,05:00,11:30,2,
Dhamakhali,Midnapur,2,SBSTC,11:30,12:30,2,
Dhanara,Durgapur (Station),2,,06:15,07:00,16,Rudra > Ambika Nagar > Mukutmanipur > Khatra > Hatirampur > Bangla > Indpur > Sunukpahari > Puabagan > Dhaldanga > Bankura > Makurgram > Beliatore > Barjora
Dhanbad,Aurangabad Bihar,2,Shyamoli Paribahan,,,2,
Dhanbad,Barhi,2,Shyamoli Paribahan,,,2,
Dhanbad,Delhi,2,Shyamoli Paribahan,,,2,
Dhanbad,Dobhi,2,Shyamoli Paribahan,,,2,
Dhanbad,Prayagraj,2,Shyamoli Paribahan,,,2,
Dhanbad,Sasaram,2,Shyamoli Paribahan,,,2,
Dhanbad,Varanasi,2,Shyamoli Paribahan,,,2,
Dheko,Bankura,2,,06:20,07:00,12,Baksi > Fulkusma > Motgoda > Raipur > P More > Bikrampur > Simlapal > Taldangra > Ratanpur > Dhaldanga
Diamond Harbour,Esplanade,2,WBTC,,,27,Noongola > Leninnagar > Kapathat > Mohanpur > Kalagachia > Sarisha > Dostipur > Fatehpur > Shirakole > Amtala > Bishnupur > Khariberia > Bhasha 14no > Pailan > Joka Bridge > Thakurpukur > Shilpara > Sakher Bazar > Behala Chowrasta > Behala 14 No > Majherhat > Mominpore > Bhabani Bhawan > PTS > Fort William
Digha,Arambagh,2,,02:50,04:00,23,Ramnagar > Contai > Henria > Bajkul > Chandipur > Nandakumar > Nimtouri > Mecheda > Mechogram > Keshapat > Khukur Daha > Goura > Sultannagar > Daspur > Ghatal > Baroda Chowkan > Radhanagar > Khirpai > Kamarpukur > Srinagar > Goghat
Digha,Belghoria,2,SBSTC,15:00,15:40,2,
Digha,Dhamakhali,2,SBSTC,04:00,10:40,2,
Digha,Durgapur,2,SBSTC; WBTC,07:50,07:50,22,New Digha > Ramnagar > Balisai > Contai > Henria > Nandakumar > Mecheda > Radhamoni > Kolaghat > Bagnan > Uluberia Bypass > Dhulagarh > Santragachi > Esplanade > Santragachi > Salap > Dankuni > Barddhaman > Panagarh Bypass > Dvc
Digha,Haldia Via-Kolkata,2,SBSTC,07:00,10:50,2,
Digha,Howrah,2,Santosh Bus Service,10:30,17:05,17,Ramnagar > Contai > Henria > Bajkul > Chandipur > Nandakumar > Nimtouri > Mecheda > Kolaghat > Bagnan > Uluberia > Dhulagarh > Kona Express More > Santragachi > Kolkata (Esplanade)
Digha,Jhargram,2,MAA USHA TRAVELS; WBTC,06:20,06:20,23,New Digha > Ramnagar > Kanthi > Henria > Bajkul > Nandakumar > Mecheda > Kolaghat > Bagnan > Ranihati > Dhulagarh > Santragachi > Esplanade > Santragachi > Dhulagarh > Kolaghat > Mechogram > Debra > Chowringhee > Midnapore > Dherua
Digha,Joka Depot,2,WBTC,,,25,Ramnagar > Chowalkhola > Contai Bus Stand > Nachinda > Heria > Bajkul > Norghat > Nandakumar > Nimtouri > Mecheda > Kolaghat > Bagnan > Uluberia > Panchla > Dhulagarh > Ankurhati > Santragachi > Esplanade > Alipore Zoo > Taratala > Behala 14 No > Behala Chowrasta > Thakurpukur
Digha,Khatra,2,WBTC,05:00,05:00,33,New Digha > Ramnagar > Chaulkhola > Kanthi > Henria > Chandipur > Nandakumar > Mecheda > Kolaghat > Bagnan > Uluberia Checkpost > Dhulagarh > Santragachi > Esplanade > Santragachi > Dhulagarh > Uluberia Checkpost > Bagnan > Kolaghat > Mechogram > Panskura Bypass > Debra > Basantapur > Kharagpur Chowringhee > Midnapore > Kuturia > Pirakata > Goaltore > Sarenga > Simlapal > Lakshmisagar
Digha,Kirnahar,2,SBSTC; WBTC,10:00,10:00,23,New Digha > Ramnagar > Balisai > Contai > Henria > Nandakumar > Mecheda > Radhamoni > Kolaghat > Bagnan > Uluberia Bypass > Dhulagarh > Santragachi > Esplanade > Santragachi > Salap > Dankuni > Barddhaman Station > Dewandighi > Natungram > Futisanko
Digha,Kolkata A.C,2,SBSTC,11:45,13:15,2,
Digha,Lalgola,2,SBSTC; WBTC,06:45,06:45,50,New Digha > Ramnagar > Balisai > Chaulkhola > Pichaboni > Contai > Nachinda > Henria > Bajkul > Chandipur > Norghat > Nandakumar > Nimtauri > Radhamoni > Mecheda > Kolaghat > Bagnan > Uluberia Checkpost > Panchla > Ranihati > Dhulagarh > Santragachi > Esplanade > Santragachi > Salap > Dankuni > Shaktigarh > Barddhaman Station > Dewandighi > Norja > Muratipur > Natunhat > Nutangram > Pirtala > Futi
Dihibhursut,Howrah Station,2,Private; WBTC,,,23,Udaynarayanpur > Garh Bhowanipore > Sehagori > Khorop > Betai Bandar > Amta > Panpur > Ranihati > Dhulagarh > Alampur > Jalan Gate > Ankurhati > Nibra > Salap > Bankra Bazar > Japani Gate > Baltikuri > Dasnagar > Shanpur > Tikiapara Bypass > Howrah Maidan
Dinhata,Alipurduar,2,NBSTC,13:00,14:00,3,Cooch Behar
Dumurtore,Bankura,2,DEBI KAMAKHYA TRAVELS,04:40,05:20,11,Fulkusma > Motgoda > Raipur > P More > Bikrampur > Simlapal > Taldangra > Ratanpur > Dhaldanga
Dunlop,Howrah Station,2,WBTC,,,12,Bonhooghly > Tobin Road > Sinthi > Chiria > Shyambazar > Rajballavpara > Sovabazar > Girish Park > MG Road > Barabazar
Durgapur,Asansol,2,Shyamoli Paribahan,,,2,
Durgapur,Aurangabad Bihar,2,Shyamoli Paribahan,,,2,
Durgapur,Barhi,2,Shyamoli Paribahan,,,2,
Durgapur,Delhi,2,Shyamoli Paribahan,,,2,
Durgapur,Dhanbad,2,Shyamoli Paribahan,,,2,
Durgapur,Digha,2,SBSTC; WBTC,07:00,07:00,23,Dvc > Panagarh Bypass > Barddhaman > Dankuni > Salap > Santragachi > Esplanade > Santragachi > Dhulagarh > Uluberia Bypass > Bagnan > Kolaghat > Radhamoni > Mecheda > Nandakumar > Henria > Contai > Balisai > Ramnagar > Old Digha > New Digha
Durgapur,Dobhi,2,Shyamoli Paribahan,,,2,
Durgapur,Habra,2,SBSTC; WBTC,14:05,14:05,9,Durgapur City Center > Muchipara > Panagarh Bypass > Barddhaman > Dankuni Housing > Barasat Chapadali > Duttapukur
Durgapur,Prayagraj,2,Shyamoli Paribahan,,,2,
Durgapur,Sasaram,2,Shyamoli Paribahan,,,2,
Durgapur,Varanasi,2,Shyamoli Paribahan,,,2,
Durgapur (City Center),Digha,2,JINIA TRAVEL'S,07:50,19:05,22,Durgapur (Station) > Barjora > Beliatore > Makurgram > Bankura > Dhaldanga > Onda > Ramsagar > Bishnupur > Bankadaha > Dhadika > Garhbeta > Chandrakona Road > Salboni > Medinipur > Kharagpur > Belda > Khakurda > Egra > Contai
Durgapur (Station),Arambagh,2,,07:10,08:10,15,Barjora > Beliatore > Makurgram > Bankura > Dhaldanga > Onda > Ramsagar > Bishnupur > Joypur > Kotulpur > Jayrambati > Kamarpukur > Goghat
Durgapur (Station),Bokaro,2,Major,05:10,05:50,17,Durgapur (City Center) > Biringi More > Raniganj (Punjabi More) > Asansol > Magama > Nirsa > Tetulia > Ratanpur > Govindpur > Dhanbad > Kusunda > Kapuria > Mahuda More > Kalapathar > Chas
Durgapur (Station),Bolpur,2,NOSIB,06:00,13:30,7,Durgapur (City Center) > Durgapur (Muchipara) > Panagarh > Piyariganj > Illambazar
Durgapur (Station),Manbazar,2,,07:00,07:00,14,Barjora > Beliatore > Makurgram > Bankura > Puabagan > Sunukpahari > Indpur > Bangla > Jorda > Saldiha > Belut > Puncha
Durgapur (Station),Molian,2,,04:50,05:50,10,Barjora > Beliatore > Makurgram > Bankura > Dhaldanga > Puabagan > Bangla > Boga
Durgapur Station,Suri,2,,06:40,06:40,20,Muchipara > Rajbandh > Panagarh > Trilokchandrapur > Piyariganj > 11 Mile > Illambazar > Bonvilla > Kamarpara > Shibtala > Kashipur > Jilipitola > Bolpur (Jamboni) > Sriniketan > Debgram > Parui > Purandarpur > Ekdala
Durgapur (Station),Tatanagar,2,,05:25,06:00,12,Barjora > Beliatore > Makurgram > Bankura > Chhatna > Kharbona > Kamalpur > Hura > Purulia > Balarampur
Duttaphulia,Bongaon,2,Private,,,12,Sindrani > Choatia > Helencha > Asharu Bazar > Patshimulia > Ganrapota > Chanda > Katlamari > Ghatboar > Motigunge
Egra,Garia,2,,03:05,03:15,21,Patashpur > Manglamaro > Bibhishanpur > Bhimeswari > Bhagabanpur > Bajkul > Chandipur > Nandakumar > Nimtouri > Mecheda > Kolaghat > Bagnan > Uluberia > Dhulagarh > Kona Express More > Santragachi > Exide More > Ruby > Mukundapur
Egra,Ghatal,2,,05:00,06:35,2,
Egra,Howrah,2,,04:45,05:25,16,Patashpur > Manglamaro > Bhagabanpur > Bajkul > Chandipur > Nandakumar > Nimtouri > Mecheda > Kolaghat > Bagnan > Uluberia > Dhulagarh > Kona Express More > Santragachi
Egra,Kolkata,2,SBSTC; Santosh Bus Service,05:10,06:00,34,Khar Bazar > Kharai More > Junpukur > Patashpur > Teporpara > Singda More > Amorshi > Bhanjerpukur > Manglamaro > Palpara > Totanala > Bhibishanpur > Taltala > Bhimeshwari > Bhagwanpur > Kalaberia > Mirzapur > Kajalgar > Bajkul > Chandipur > Nandakumar > Nimtauri > Radhamani > Mecheda > Kolaghat > Bagnan > Uluberia > Ranihati > Dhulagar > Kona > Santragachi > Vidyasagar Setu
Egra,Mukundapur,2,,03:50,04:25,2,
Esplanade,Amta,2,Private; WBTC,,,20,Park Street > Maidan > Rabindra Sadan > PTS > Vidyasagar Setu > Carry Road > Belepole > Baksara > Santragachi > Garpa > Khejurtala > Nibra > Ankurhati > Jalan Gate > Alampur > Dhulagarh > Ranihati > Panpur
Esplanade,Bagnan,2,Private; WBTC,,,21,Park Street > Maidan > Rabindra Sadan > PTS > Vidyasagar Setu > Carry Road > Belepole > Baksara > Santragachi > Garpa > Khejurtala > Nibra > Ankurhati > Jalan Gate > Alampur > Dhulagarh > Ranihati > Panchla > Uluberia
Esplanade,Balurghat,2,WBTC,18:00,20:00,7,Barasat > Krishnanagar > Berhampore > Malda > Gangarampur
Esplanade,Bankura,2,WBTC,06:30,15:00,8,Karunamoyee > Airport > Dunlop > Dankuni > Burdwan > Durgapur
Esplanade,Barddhaman,2,WBTC,,,7,Santragachi > Salap > Dankuni > Shaktigarh > Barddhaman Bypass
Esplanade,Basirhat,2,Private; WBTC,,,39,Chandni Chowk > Wellington > Moulali > Sealdah > Beleghata > Phoolbagan > Kankurgachi > Ultadanga > Sreebhumi > Laketown > Dumdum Park > Kestopur > Baguiati > Teghoria > Haldirams > Kaikhali > Airport Gate 1 > Airport Gate 3 > Birati > Michaelnagar > BT College > Doltala > Madhyamgram > Barasat Chapadali > Kazipara Depot > Kadambagachi > Goakhali > Golabari > Beleghata > Kartickpur > Deganga > Ber
Esplanade,B Garden,2,Mini Bus; Private,,,10,Babughat > Barabazar > Howrah Station > Foreshore Road > Avani Mall > Kazipara > Bataitala Phari > Shalimar Station
Esplanade,Bishnupur,2,WBTC,06:00,14:30,6,Dankuni > Janai > Arambagh > Joyrambati
Esplanade,Burdwan,2,WBTC,06:05,16:20,3,Dankuni
Esplanade,Burul,2,WBTC,,,24,Fort William > PTS > Bhabani Bhawan > Mominpore > Majherhat > Behala 14 No > Behala Chowrasta > Sakher Bazar > Shilpara > Thakurpukur > Joka Bridge > Hanspukur > Rasapunja > Shamali > Shamukpota > Bibirhat > Bakhrahat > Nodakhali > Dongaria > Bisalakshmitala > Chandua Bazar > Burul Bazar
Esplanade,Contai,2,WBTC,05:30,14:30,6,Mecheda > Panskura > Kolaghat > Nandakumar
Esplanade,Cooch Behar,2,WBTC,16:45,17:30,8,Barasat > Krishnanagar > Berhampore > Malda > Jalpaiguri > Falakata
Esplanade,Dantan,2,WBTC,06:00,15:00,6,Mecheda > Midnapore > Contai > Kanthi
Esplanade,Dasnagar,2,Mini Bus; Private,,,11,Babughat > Barabazar > Howrah Station > Howrah Maidan > Panchanantala > Power House > Kadamtala > Ichapur > Shanpur
Esplanade,Diamond Harbour,2,WBTC,,,27,Fort William > PTS > Bhabani Bhawan > Burdwan Road > Majherhat > Behala 14 No > Behala Chowrasta > Sakher Bazar > Shilpara > Thakurpukur > Joka Bridge > Pailan > Bhasha 14no > Khariberia > Bishnupur > Amtala > Shirakole > Fatehpur > Dostipur > Sarisha > Kalagachia > Mohanpur > Kapathat > Leninnagar > Noongola
Esplanade,Durgapur,2,WBTC,,,11,Santragachi > Salap > Dankuni > Shaktigarh > Barddhaman Bypass > Panagarh Bypass > Muchipara > Dvc > Durgapur City Center
Esplanade,Garia Metro,2,Private,,,16,Park Street > Maidan > Rabindra Sadan > Bhowanipore > Hazra > Kalighat > Rashbehari > Deshapriya Park > Gariahat > Golpark > Dhakuria > Jadavpur 8B > Baghajatin > Ramgarh
Esplanade,Jalpaiguri,2,WBTC,16:45,17:30,7,Barasat > Krishnanagar > Berhampore > Malda > Raiganj
Esplanade,Jangipara,2,WBTC,,,9,Rabindra Sadan > Santragachi > Salap > Domjur > Bargachia > Sitapur > Dilakhash
Esplanade,Jhargram,2,WBTC,05:30,13:00,10,Santragachi > Dunlop > Kolaghat > Mecheda > Debra > Kharagpur (Chowrangee) > Midnapore > Dherua
Esplanade,Kadamtala,2,Mini Bus; Private,,,8,Babughat > Barabazar > Howrah Station > Howrah Maidan > Panchanantala > Power House
Esplanade,Karimpur,2,WBTC,,,19,Ultadanga > Airport Gate 1 > Madhyamgram > Barasat Chapadali > Amdanga > Awalsiddhi > Jaguli > Chakdah > Ranaghat > Phulia > Shantipur > Krishnanagar > Chapra > Tehatta > Najirpur > Hagnagari > Thanapara
Esplanade,Kona,2,Mini Bus; Private,,,12,Babughat > Barabazar > Howrah Station > Pilkhana > Golabarai PS > Bandha Ghat > Salkia Chowrasta > Bamangachi > Belgachia > Biradingi
Esplanade,Krishnanagar,2,WBTC,06:00,20:00,5,Barasat > Habra > Ranaghat
Esplanade,Labhpur,2,WBTC,,,20,Santragachi > Salap > Dankuni > Gurap > Shaktigarh > Alisha Bus Stand > Police Line > Town Hall Para > Curzon Gate > Tinkonia > Barddhaman Station > Dewandighi > Norja > Muratipur > Natuhat > Natungram > Futisanko > Kirnahar
Esplanade,Mayapur,2,WBTC,06:15,15:30,7,Karunamoyee > Barasat > Habra > Krishnanagar > Nabadwip
Esplanade,Patharpratima,2,WBTC,,,47,Fort William > PTS > Bhabani Bhawan > Mominpore > Majherhat > Behala 14 No > Behala Chowrasta > Sakher Bazar > Shilpara > Thakurpukur > Joka Bridge > Pailan > Bhasha 14no > Khariberia > Bishnupur > Amtala > Shirakole > Fatehpur > Dostipur > Sarisha > Kalagachia > Mohanpur > Kapathat > Leninnagar > Noongola > Diamond Harbour > Dalanghata > Hatugunge > Uttar Chandipur > Kachuberia > Kulpi > Dakshin 
Esplanade,Purulia,2,WBTC,06:30,15:00,9,Santragachi > Dankuni > Burdwan > Durgapur > Raniganj > Asansol > Raghunathpur
Esplanade,Raiganj,2,WBTC,06:10,19:00,6,Barasat > Krishnanagar > Berhampore > Malda
Esplanade,Ramganga,2,WBTC,,,30,PTS > Alipore Zoo > New Alipore Petrol Pump > Taratala > Behala 14 No. > Sakherbazar > Silpara > Thakurpukur Bazar > Thakurpukur 3A > Joka Tram Depot > Joka ESI > Joka Khalpole > IIM Joka > Bharat Sevashram Hospital > Pailan > Bhasa Swami Narayan Temple > Bishnupur PS > Amtala > Shirakole > Sarisha > Diamond Harbour > Hatuganj > Kulpi > Polerhat More > Dhola > Hospital More > Ganjer Bazar > Dhruba
Esplanade,Rampurhat,2,WBTC,06:00,12:30,7,Dankuni > Bardhaman > Illambazar > Bolpur > Suri
Esplanade,Siliguri,2,WBTC,17:50,18:30,12,Karunamoyee > Barasat > Krishnanagar > Berhampore > Malda > Raiganj > Dalkhola > Kishanganj > Islampur > Sevoke Road
Esplanade,Sukanta Park,2,WBTC,,,16,Toll Tax/Carry Road > Belepole > Santragachi > NH > 6 Crossing > Salap More > Makardaha > Domjur > Rajapur > Dakshinbari > Bargachia > Kalitala bazar > Ichanagari > Jagatballavpur
Esplanade,Tamluk,2,WBTC,06:00,17:00,6,Santragachi > Mecheda > Panskura > Kolaghat
Esplanade,Tarapith,2,WBTC,08:30,12:30,7,Dankuni > Bardhaman > Illambazar > Dubrajpur > Rampurhat
Esplanade,Udaynarayanpur,2,WBTC,,,11,Santragachi > Salap > Makardaha > Domjur > Rajapur > Bargachia > Jagatballavpur > Dilakhash > Sukanta Park
Falta,Digha,2,SBSTC,06:00,06:30,3,Budge Budge
Farakka,Kolkata,2,NBSTC,05:30,06:45,3,Samserganj
Farakka,Siliguri,2,NBSTC,05:45,08:00,2,
Fulberia,Medinipur,2,,06:20,12:15,4,Shyamnagar > Dhadika
Fulkusma,Tarkeshwar,2,DUTTA MOTORS,06:40,06:40,17,Motgoda > Raipur > P More > Sarenga > Pingboni > Goaltore > Chandrakona Road > Chandrakona Town > Khirpai > Ramjibanpur > Kamarpukur > Goghat > Arambagh > Mayapur > Champadanga
Garhbeta,Howrah,2,CHANGDAR TRAVELS,06:50,06:50,17,Raskundu > Chandrakona Town > Kalikapur > Khirpai > Radhanagar > Baroda Chowkan > Ghatal > Daspur > Mechogram > Kolaghat > Bagnan > Uluberia > Dhulagarh > Kona Express More > Santragachi
Garhbhowanipur,Kolkata,2,SBSTC,08:15,09:00,2,
Garia,Nabanna,2,WBTC,,,13,Ganguli Bagan > Baghajatin > Jadavpur > dhakuria > Golpark > D.Park > R.B.Ave > Hazra > Elgin > Exide > P.T.S
Garia Bus Stand,Nabanna,2,WBTC,,,21,Ramgarh > Baghajatin > Sulekha > Jadavpur 8B > Jadavpur PS > Jodhpur Park > Dhakuria > Golpark > Southern Avenue > Deshapriya Park > Rashbehari > Kalighat > Hazra > Bhowanipore > Elgin > Exide > Rabindra Sadan > PTS > Vidyasagar Setu
Garia Metro,Esplanade,2,Private,,,16,Ramgarh > Baghajatin > Jadavpur 8B > Dhakuria > Golpark > Gariahat > Deshapriya Park > Rashbehari > Kalighat > Hazra > Bhowanipore > Rabindra Sadan > Maidan > Park Street
Garia Station,Bagbazar,2,Private,,,25,Dhalai Bridge > Patuli > Hiland Park > Ajaynagar > Mukundapur > Kalikapur > EM Bypass > Ruby > Acropolis Mall > Bosepukur > Kasba PS > Ballygunge Station > Gariahat > Ballygunge Phari > Park Circus > Mallick Bazar > Moulali > Sealdah > Rajabazar > Maniktala > Khanna Cinema > Shyambazar > Rajballavpara
Goaltore,Howrah,2,,03:10,04:50,21,Chandrakona Road > Chandrakona Town > Kalikapur > Khirpai > Radhanagar > Baroda Chowkan > Ghatal > Daspur > Sultannagar > Goura > Khukur Daha > Keshapat > Mechogram > Kolaghat > Bagnan > Uluberia > Dhulagarh > Kona Express More > Santragachi
Goaltore,Jhargram,2,,08:20,13:30,6,Pingboni > Ramgarh > Lalgarh > Dherua
Gobindapur,Bankura,2,,05:30,08:30,11,Guniada > Belut > Saldiha > Jorda > Bangla > Indpur > Sunukpahari > Puabagan > Dhaldanga
Gopiganj,Kolkata,2,SBSTC,06:30,13:10,2,
Guniada,Bankura,2,,04:40,06:30,11,Shaluipahari > Gadapathar > Molian > Boga > Bangla > Indpur > Sunukpahari > Puabagan > Dhaldanga
Habra,Asansol,2,WBTC,06:00,20:00,8,Barasat > Airport > Dunlop > Burdwan > Durgapur > Raniganj
Habra,Bakkhali,2,WBTC,06:30,14:30,8,Barasat > Airport > Esplanade > Namkhana > Kakdwip > Kalighat
Habra,Bankura,2,WBTC,06:30,16:00,6,Barasat > Airport > Burdwan > Durgapur
Habra,Bishnupur,2,WBTC,06:00,14:30,6,Barasat > Airport > Arambagh > Joyrambati
Habra,Haldia,2,WBTC,06:00,16:00,8,Barasat > Airport > Dunlop > Kolaghat > Nimtouri > Nandakumar
Habra,Jhargram,2,WBTC,05:30,15:00,11,Barasat > Airport > Dunlop > Kolaghat > Mechogram > Debra > Kharagpur > Midnapore > Dherua
Habra,Kharagpur,2,WBTC,05:40,16:10,8,Barasat > Airport > Dunlop > Kolaghat > Mechogram > Debra
Habra,Midnapore,2,WBTC,05:40,16:10,9,Barasat > Airport > Dunlop > Kolaghat > Mechogram > Debra > Kharagpur
Habra,Namkhana,2,WBTC,06:30,08:00,5,Barasat > Airport > Esplanade
Habra,Purulia,2,WBTC,06:30,15:00,7,Barasat > Airport > Burdwan > Durgapur > Bankura
Habra,Tarapith,2,WBTC,08:00,12:00,5,Barasat > Airport > Burdwan
Habra Station,Naihati Station,2,Private; WBTC,,,17,Kalyangarh > Kachua > 8 No Kalibari > Magurkhali > Iswarigacha > Awalsiddhi > Adhata > Shikra > Dariapur > Nima Terasta > Hamidpur > Kuliagarh > Saheb Colony > Kathgola > Ramkrishna Talkies
Haldia,Barakar,2,SBSTC; WBTC,11:30,11:30,35,Haldia Township > Ranichak > City Center 1 > Brajalalchak > Kapasaria > Nandakumar > Nimtauri > Radhamoni > Mecheda > Kolaghat > Bagnan > Uluberia Checkpost > Panchla > Ranihati > Dhulagarh > Santragachi > Esplanade > Santragachi > Salap > Dankuni > Shaktigarh > Barddhaman Bypass > Panagarh Bypass > Muchipara > Dvc > Durgapur City Center > Bhiringi > Andal > Raniganj Punjabi > Kalipahari > Asansol
Haldia,Chittaranjan,2,SBSTC; WBTC,05:00,05:00,37,Haldia Township > Ranichak > City Center 1 > Brajalalchak > Kapasaria > Nandakumar > Nimtauri > Radhamoni > Mecheda > Kolaghat > Bagnan > Uluberia Checkpost > Panchla > Ranihati > Dhulagarh > Santragachi > Esplanade > Santragachi > Salap > Dankuni > Shaktigarh > Barddhaman Bypass > Panagarh Bypass > Muchipara > Dvc > Durgapur City Center > Bhiringi > Andal > Raniganj Punjabi > Kalipahari > Asansol
Haldia,Durgapur (City Center),2,SRI KRISHNA BUS SERVICE,00:05,02:05,29,Durgachak > Mahishadal > Nandakumar > Tamluk > Mecheda > Mechogram > Keshapat > Khukur Daha > Goura > Sultannagar > Daspur > Ghatal > Khirpai > Chandrakona Town > Chandrakona Road > Garhbeta > Dhadika > Bankadaha > Bishnupur > Ramsagar > Onda > Dhaldanga > Bankura > Makurgram > Beliatore > Barjora > Durgapur (Station)
Haldia,Hoomgarh,2,,04:50,06:20,19,Durgachak > Mahishadal > Nandakumar > Tamluk > Mecheda > Mechogram > Panskura > Debra > Madpur > Medinipur > Bhadutala > Godapiasal > Salboni > Chandrakona Road > Garhbeta > Amlagora > Radhanagar
Haldia,Jhargram,2,,04:10,07:00,16,Durgachak > Mahishadal > Nandakumar > Tamluk > Mecheda > Mechogram > Panskura > Debra > Kharagpur > Medinipur > Nimpura > Kalaikunda > Guptamoni > Lodhasuli
Haldia,Medinipur,2,,05:20,06:25,12,Durgachak > Chaitanyapur > Mahishadal > Nandakumar > Tamluk > Mecheda > Mechogram > Debra > Kharagpur > Mohanpur
Haldia Via-Kolkata,Digha,2,SBSTC,04:30,05:15,2,
Haludkanali,Kolkata (Esplanade),2,,04:30,04:40,2,
Hatiara,Babughat,2,Private,,,21,Helabattala > Jyangra > Ashwini Nagar > Baguiati > Kestopur > Dumdum Park > Laketown > Kalindi > Patipukur > Belgachia > RG Kar > Shyambazar > Rajballavpara > Sovabazar > Girish Park > MG Road > Central > Chandni Chowk > Esplanade
Hatishala,Kolkata Station,2,WBTC,,,23,Shapoorji > Karigari Bhawan > Uem Campus > Unitech Gate 1 > Narkelbagan > Axis Mall > Newtown > DLF 1 > College More > Wipro > Saltlake 10no Tank > Karunamoyee > Bikash Bhawan > City Center 1 > Saltlake CA Block > Saltlake PNB > Ultadanga Hudco > Ultadanga > Khanna Cinema > Shyambazar > RG Kar
Hematpur,Bolpur,2,Private,,,17,Shrirampur > Parulia Bazar > Chhatni > Dainhat > Katwa Bus Stand > Katwa Station > Ketugram > Pachundi > Nirol > Komarpur > Kandra > Futisanko > Kirnahar > Nanur > Sian Hospital
Howrah,Chandrakona Road,2,,05:30,08:40,20,Santragachi > Kona Express More > Dhulagarh > Uluberia > Bagnan > Kolaghat > Mechogram > Keshapat > Khukur Daha > Goura > Sultannagar > Daspur > Ghatal > Baroda Chowkan > Radhanagar > Khirpai > Kalikapur > Chandrakona Town
Howrah,Chandrakona Town,2,PRATIDIN PARIBAHAN,07:40,08:10,19,Santragachi > Kona Express More > Dhulagarh > Uluberia > Bagnan > Kolaghat > Mechogram > Keshapat > Khukur Daha > Goura > Sultannagar > Daspur > Ghatal > Baroda Chowkan > Radhanagar > Khirpai > Kalikapur
Howrah Maidan,Rajabazar,2,Private,,,7,Howrah Station > Barabazar > MG Road > College Street > Sealdah
Howrah Station,Airport Terminal,2,WBTC,,,23,Barabazar > Shipping Corporation > GPO > BBD Bag > Esplanade > Chandni Chowk > Central > MG Road > Girish Park > Vivekananda Road > Maniktala > Kankurgachi > Ultadanga > Sreebhumi > Laketown > Dumdum Park > Kestopur > Baguiati > Teghoria > Haldirams > Kaikhali
Howrah Station,Amtala,2,WBTC,,,25,Barabazar > Shipping Corporation > GPO > BBD Bag > Esplanade > Fort William > Hastings > Kidderpore > Ekbalpur > Mominpore > Majherhat > Taratala > Behala 14 No > Manton > Behala Chowrasta > Sakher Bazar > Shilpara > Thakurpukur > Joka Bridge > Pailan > Bhasha 14no > Khariberia > Bishnupur
Howrah Station,Baguiati,2,Private,,,14,Barabazar > MG Road > College Street > Sealdah > Rajabazar > Phoolbagan > Kankurgachi > Ultadanga > Sreebhumi > Laketown > Dumdum Park > Kestopur
Howrah Station,Basanti,2,WBTC,,,50,Barabazar > BBD Bag > Esplanade > Chandni Chowk > Wellington > Moulali > CIT Road > Chittaranjan Hospital > 4 No Bridge > Topsia > Science City > Uttar Panchannagram > VIP Bazar > Ruby > Kalikapur > Mukundapur > EM Bypass > Ajaynagar > Hiland Park > Peerless Hospital > Patuli > Dhalai Bridge > Kamalgazi > Narendrapur > Rajpur Bazar > Harinavi > Khasmallick > Padmapukur > Baruipur Station > Baruipu
Howrah Station,Dhakuria,2,Private,,,19,Barabazar > BBD Bag > Esplanade > Fort William > Hastings > Kidderpore > Ekbalpur > Mominpore > Majherhat > Taratala > New Alipore > Mahabirtala > Tollygunge Phari > Anwar Shah Road > Lake Gardens > South City > Jadavpur PS
Howrah Station,Dihibhursut,2,Private; WBTC,,,26,Howrah Maidan > Panchanantala > Power House > Kadamtala > Ichapur > Shanpur > Dasnagar > Baltikuri > Japani Gate > Bankra Bazar > Salap > Nibra > Ankurhati > Jalan Gate > Alampur > Dhulagarh > Ranihati > Panpur > Amta > Betai Bandar > Khorop > Sehagori > Garh Bhowanipore > Udaynarayanpur
Howrah Station,Jhikira,2,Private; WBTC,,,23,Howrah Maidan > Panchanantala > Power House > Kadamtala > Ichapur > Shanpur > Dasnagar > Baltikuri > Japani Gate > Bankra Bazar > Salap > Nibra > Ankurhati > Jalan Gate > Alampur > Dhulagarh > Ranihati > Panpur > Amta > Sehagori > Joypur
Howrah Station,Kudghat,2,Private; WBTC,,,14,Barabazar > BBD Bag > Esplanade > Park Street > Maidan > Rabindra Sadan > Bhowanipore > Hazra > Kalighat > Rashbehari > Rabindra Sarovar > Tollygunge Metro
Howrah Station,Laketown,2,Private; WBTC,,,12,Barabazar > MG Road > Girish Park > Sovabazar > Rajballavpara > Shyambazar > RG Kar > Belgachia > Patipukur > Kalindi
Howrah Station,Nilgunge,2,WBTC,,,38,Barabazar > Satyanarayan Park > Chitpur > Mechua Bazar > MG Road > Central Avenue > Mahajati Sadan > Ram Mandir > Girish Park > Vivekananda Road > Maniktala > Bagmari Bazar > Kankurgachi > Ultadanga > Sreebhumi > Laketown > Dumdum Park > Kestopur > Baguiati > Teghoria > Haldirams > Kaikhali > Airport Gate 1 > Airport Gate 3 > Birati > Gouripur > BT College > Madhyamgram > Sajirhat > Boardghar > Mu
Howrah Station,Parnasree,2,WBTC,,,14,Barabazar > BBD Bag > Esplanade > Park Street > Maidan > Rabindra Sadan > PTS > Alipore Zoo > Ekbalpur > Mominpore > Majherhat > Taratala
Howrah Station,Sankrail,2,Mini Bus; Private,,,15,Foreshore Road > Avani Mall > Kazipara > Bataitala Phari > Narayana Hospital > Amtala Phari > Danesh Shaikh Lane > Bakultala > Nazirgunge > Podra Bazar > Radhadashi > Rajgunge > Chapatala
Howrah Station,Sealdah,2,Private,,,5,Barabazar > MG Road > College Street
Howrah Station,Shibrampur,2,Private,,,30,Barabazar > BBD Bag > Esplanade > Mayo Road > Park Street > Maidan > Rabindra Sadan > Elgin Road > Bhowanipore > Hazra > Kalighat > Rashbehari > Rabindra Sarovar > Tollygunge Phari > Tollygunge Metro > Karunamoyee > Siriti > Muchipara > Madanmohantala > Panchanantala > Raja Rammohan Roy Road > James Long Sarani > Behala Chowrasta > Bakultala > Raidighi > Shakuntala Park > Muchipara > Ketopool
Howrah Station,Thakurpukur,2,WBTC,,,19,Barabazar > Shipping Corporation > GPO > BBD Bag > Esplanade > Park Street > Maidan > Rabindra Sadan > PTS > Alipore Zoo > Ekbalpur > Mominpore > Majherhat > Behala 14 No > Behala Chowrasta > Sakher Bazar > Shilpara
Islampur,Balurghat,2,NBSTC,05:00,06:00,2,
Itaberia,Barddhaman Alisha Bus Stand,2,Private,,,44,Udbadal > Bhupatinagar > Madhakhali > Henria > Bajkul > Chandipur > Narghat > Nandakumar > Nimtauri > Radhamani > Mecheda Station > Haldia > Deulia Bazar > Siddha > Mechogram > Keshapat > Khukurdaha > Sonamui > Goura > Sultannagar > Bakultala > Daspur > Ghatal > Borda Choukan > Radhanagar > Khirpai > Jara > Shrinagar > Ramjibanpur > Hajipur > Kamarpukur > Goghat > Kalipur > Arambagh > Naisharai > 
Itaberia,Bardhaman,2,,03:15,06:10,27,Henria > Bajkul > Chandipur > Nandakumar > Nimtouri > Mecheda > Mechogram > Keshapat > Khukur Daha > Goura > Sultannagar > Daspur > Ghatal > Baroda Chowkan > Radhanagar > Khirpai > Srinagar > Ramjibanpur > Kamarpukur > Goghat > Arambagh > Uchalan > Mogalmari > Sehara Bazar > Telipukur
Jadavpore,Howrah,2,WBTC,,,6,PRINCE A.SAHA RD > TOLLYGUNGE PHARI > HAZRA > ELGIN
Jadavpore,Karunamoyee,2,WBTC,,,5,RUBY > CHINGRIHATA > BELIAGHATA CON
Jadavpur 8B,Behala Chowrasta,2,WBTC,,,13,Jadavpur University > Jadavpur PS > South City > Lake Gardens > Anwar Shah Road > Tollygunge Metro > Siriti > Muchipara > Ml Gupta Road > Sakher Bazar > Janakalyan
Jadavpur 8B,Karunamoyee,2,WBTC,,,19,Santoshpur > Ajaynagar > EM Bypass > Mukundapur > Kalikapur > Ruby > VIP Bazar > Uttar Panchannagram > Science City > Mathpukur > Chingrighata > Beleghata Building > Saltlake Stadium > Central Park > City Center 1 > Bikash Bhawan > Bidyut Bhawan
Jalpaiguri,Chaulhati,2,NBSTC,06:30,07:30,2,
Jalpaiguri,Cooch Behar,2,NBSTC,07:55,09:20,2,
Jalpaiguri,Malda,2,NBSTC,07:10,08:30,2,
Jalpaiguri,Siliguri,2,NBSTC,06:00,06:30,2,
Jamtoria,Bankura,2,,05:00,06:50,11,Rudra > Ambika Nagar > Mukutmanipur > Khatra > Hatirampur > Bangla > Indpur > Sunukpahari > Puabagan
Jamtoria,Tarkeshwar,2,,04:00,04:40,20,Rudra > Ambika Nagar > Mukutmanipur > Khatra > Hatirampur > Bibarda > Taldangra > Chagulia > Nakaijuri > Jhanti Bani > Bishnupur > Joypur > Kotulpur > Khatul > Bengai > Arambagh > Mayapur > Champadanga
Jangipara,Esplanade,2,WBTC,,,9,Dilakhash > Sitapur > Bargachia > Domjur > Salap > Santragachi > Rabindra Sadan
Jangipur,Barddhaman Nawabhat Bus Stand,2,Private,,,20,Raghunathganj > Moregram > Sherpur > Nagar > Khargram > Kuli > Dakbangla > Bahadurpur > Sundarpur > Marut > Futisanko > Natungram > Nutanhat > Muratipur > Norja > Dewandighi > Barddhaman Station > Golapbag
Jayrambati,Durgapur (Station),2,Maa Parul,04:30,04:30,17,Ramdiha > Kuchakol > Moynapur > Jaypur > Bishnupur > Ramsagar > Onda > Kalisen > Dholdanga > Bankura > Hevry More > Bikna > Makurgram > Beliatore > Barjora
Jhargram,Bardhaman,2,ISHIKA TRAVEL'S,05:35,07:25,21,Dahijuri > Lalgarh > Bhimpur > Pirakata > Goaltore > Hoomgarh > Amlagora > Garhbeta > Dhadika > Bankadaha > Bishnupur > Joykrishnapur > Pandua > Balsi > Patrasayer > Kankardanga > Rasulpur > Khandaghosh > Telipukur
Jhargram,Belpahari,2,SBSTC,16:22,17:30,2,
Jhargram,Karunamoyee,2,SBSTC; WBTC,15:00,15:00,14,Dherua > Midnapore > Kharagpur Chowringhee > Debra > Panskura Bypass > Mechogram > Kolaghat > Bagnan > Uluberia Checkpost > Dhulagarh > Santragachi > Esplanade
Jhikira,Howrah Station,2,Private; WBTC,,,20,Joypur > Sehagori > Amta > Panpur > Ranihati > Dhulagarh > Alampur > Jalan Gate > Ankurhati > Nibra > Salap > Bankra Bazar > Japani Gate > Baltikuri > Dasnagar > Shanpur > Tikiapara Bypass > Howrah Maidan
Jhilimili,Bankura,2,,05:10,07:35,10,Barikul > Ranibandh > Khatra > Hatirampur > Bangla > Indpur > Puabagan > Dhaldanga
Jhilimili,Kolkata,2,SBSTC,04:25,19:10,22,Jabla > Khejuria > Ranibandh > Akkhuta More > Ambikanagar > Mukutmanipur > Khatra > Supur > Hatirampur > Bangla > Puabagan > Dhaldanga > Bankura Bypass > Beliator > Barjora > Durgapur > Bardhaman Bypass > Shaktigarh > Dankuni > Salap
Joka,Digha,2,WBTC,05:40,23:58,4,Tollygunge > Esplanade
Joka Depot,Digha,2,WBTC,,,25,Thakurpukur > Behala Chowrasta > Behala 14 No > Taratala > Alipore Zoo > Esplanade > Santragachi > Ankurhati > Dhulagarh > Panchla > Uluberia > Bagnan > Kolaghat > Mecheda > Nimtouri > Nandakumar > Norghat > Bajkul > Heria > Nachinda > Contai Bus Stand > Chowalkhola > Ramnagar
Joyrampur,Ranaghat,2,Private,06:50,06:50,20,Dhankalmath > Karimpur > Mahishbathan > Kathalia > Najirpur > Haripur > Betai > Tehatta > Boro Andulia > Chapra > Ghurni > Krishnanagar > Palpara > Dignagar > Shantipur Bypass > Shantipur Dakghar Bus Stand > Fulia > Habibpur
Kadamtala,Esplanade,2,Mini Bus; Private,,,9,Ichapur > Shanpur > Tikiapara Bypass > Howrah Maidan > Howrah Station > Barabazar > BBD Bag
Kalna,Asansol,2,DEBIBALA TRAVELS; Private,06:45,06:45,19,Nibhuji > Baghnapara > Harishankarpur > Kalibele > Gontar > Memari > Rasulpur > Shaktigarh > Barddhaman Nawabhat Bus Stand > Galsi > Budbud > Panagarh > Muchipara > Durgapur City Center > Andal > Raniganj Punjabi > Kalipahari
Kalna,Bankura,2,PARUL TRANSPORT SERVICE; Private,05:10,05:10,23,Dhatrigram > Madhupur > Bulbulitala > Bohar > Satgachia > Paharhati > Nabastha > Hatgobindopur > Barddhaman Station > Golapbag > Barddhaman Nawabhat Bus Stand > Galsi > Budbud > Panagarh > Muchipara > Durgapur Station > Borjora > Beliatore > Keranibandh Bypass > Bankura Station > Machantala
Kandra,Burdwan,2,SBSTC,10:15,11:20,3,Kolkata
Kantakhali,Jhargram,2,Maa Binapani,05:30,06:30,16,Ruinan > Sabong > Temathani > Jamna > Barbetia > Kharagpur > Medinipur > Gurguripal > Chandra > Dherua > Baita > Sebayatan > Radhanagar > Panchmathar More
Karimpur,Barddhaman Nawabhat Bus Stand,2,Private,,,28,Mahishbathan > Kathalia > Najirpur > Haripur > Betai > Tehatta > Boro Andulia > Chapra > Ghurni > Krishnanagar > Krishnanagar High Road > Bhaluka Battala > Nabadwip Railgate > Hematpur > Nadanghat > Samudragarh > Dhatrigram > Madhupur > Bulbulitala > Bohar > Satgachia > Paharhati > Nabastha > Hatgobindopur > Barddhaman Station > Golapbag
Karimpur,Bongaon 1 No Railgate Petrol Pump,2,Private,,,26,Mahishbathan > Kathalia > Najirpur > Haripur > Betai > Tehatta > Boro Andulia > Chapra > Ghurni > Krishnanagar > Hanshkhali > Muragacha > Bagula > Kaikhali > Bholamari > Shilberia > Shrirampur > Duttaphulia > Sindrani > Helencha > Garapota > Matiganj > Batar > Bongaon Bus Stand
Karimpur,Esplanade,2,WBTC,,,19,Thanapara > Hagnagari > Najirpur > Tehatta > Chapra > Krishnanagar > Shantipur > Phulia > Ranaghat > Chakdah > Jaguli > Awalsiddhi > Amdanga > Barasat Chapadali > Madhyamgram > Airport Gate 1 > Ultadanga
Karunamoyee,Barasat Chapadali,2,Private; WBTC,,,24,Wipro > College More > DLF 1 > Newtown > Axis Mall > Narkelbagan > Unitech Gate 2 > DLF 2 > Ecospace > Aliah University > Ecopark > Nawabpur > Akanksha > City Center 2 > Chinar Park > Haldirams > Kaikhali > Airport Gate 1 > Airport Gate 3 > Birati > BT College > Madhyamgram
Karunamoyee,Jadavpur 8B,2,WBTC,,,19,Bidyut Bhawan > Bikash Bhawan > City Center 1 > Central Park > Saltlake Stadium > Beleghata Building > Chingrighata > Mathpukur > Science City > Uttar Panchannagram > VIP Bazar > Ruby > Kalikapur > Mukundapur > EM Bypass > Ajaynagar > Santoshpur
Karunamoyee,Jhalda,2,WBTC,07:00,07:00,12,Ultadanga > VIP Road > Airport > Belgharia Expressway > Dunlop > Dankuni > Barddhaman > Durgapur > Asansol > Purulia
Karunamoyee,Midnapur,2,SBSTC,12:00,13:00,2,
Karunamoyee,Suri,2,WBTC,06:45,16:30,8,Baguihati > Airport > Dunlop > Burdwan > Illambazar > Bolpur
Kenjakura,Bankura,2,,07:40,15:40,3,Chhatna
Kenjakura,Purulia,2,RAGHUNATH TRAVELS,06:00,06:55,11,Chhatna > Kharbona > Jhantipahari > Arrah > Rangamati > Talajuri > Gourangadih > Kashipur > Ladhurka
Khatra,Arambagh,2,,06:15,06:15,12,Lakshmisagar > Simlapal > Taldangra > Nakaijuri > Bishnupur > Joypur > Kotulpur > Jayrambati > Kamarpukur > Goghat
Khatra,Raniganj,2,,07:00,07:00,11,Molian > Jorda > Brahmandiha > Kamalpur > Kharbona > Chhatna > Susunia Hill > Durlavpur > Mejia
Khatra,Tarkeshwar,2,,06:05,06:45,12,Hatirampur > Bibarda > Ratanpur > Bishnupur > Joypur > Kotulpur > Bengai > Arambagh > Mayapur > Champadanga
Khidderpur,Digha,2,WBTC,05:40,23:58,3,Esplanade
Kirnahar,Digha,2,SBSTC; WBTC,05:00,05:00,24,Futisanko > Natungram > Dewandighi > Barddhaman Station > Dankuni > Salap > Santragachi > Esplanade > Santragachi > Dhulagarh > Uluberia Bypass > Bagnan > Kolaghat > Radhamoni > Mecheda > Nandakumar > Henria > Contai > Balisai > Ramnagar > Old Digha > New Digha
Kolkata,Aurangabad Bihar,2,Shyamoli Paribahan,,,2,
Kolkata,Bankura,2,SBSTC,14:15,15:30,2,
Kolkata,Barhi,2,Shyamoli Paribahan,,,2,
Kolkata,Bishnupur,2,SBSTC,04:30,09:30,18,Shyambazar > Dunlop > Dakshineswar > Bally > Dankuni > Chanditala > Mosat > Siakhala > Champadanga > Mayapur > Arambagh > Goghat > Kamarpukur > Jayrambati > Kotulpur > Joypur
Kolkata,Chandrakona Road,2,,04:30,07:55,23,Shyambazar > Dunlop > Dakshineswar > Bally > Salap > Kona Express More > Dhulagarh > Uluberia > Bagnan > Kolaghat > Mechogram > Keshapat > Khukur Daha > Goura > Sultannagar > Daspur > Ghatal > Baroda Chowkan > Radhanagar > Khirpai > Chandrakona Town
Kolkata,Chandrakona Town,2,,06:00,07:20,2,
Kolkata,Delhi,2,Shyamoli Paribahan,,,2,
Kolkata,Dhanbad,2,Shyamoli Paribahan,,,2,
Kolkata,Dobhi,2,Shyamoli Paribahan,,,2,
Kolkata,Garhbeta,2,,05:25,07:55,25,Shyambazar > Dunlop > Dakshineswar > Bally > Salap > Kona Express More > Dhulagarh > Uluberia > Bagnan > Kolaghat > Mechogram > Keshapat > Khukur Daha > Goura > Sultannagar > Daspur > Ghatal > Baroda Chowkan > Radhanagar > Khirpai > Kalikapur > Chandrakona Town > Raskundu
Kolkata,Garhbhowanipur,2,SBSTC,06:30,07:00,2,
Kolkata,Gopiganj,2,SBSTC,07:30,17:30,2,
Kolkata,Manbazar,2,Mahamaya,04:30,04:30,36,Shyambazar > Chiria More > Sinthi More > Baranagar > Dum Dum Airport > Dunlop > Dakshineswar > Bally > Bali Halt > Dankuni > Chanditala > Mashat > Siyakhala > Gajar More > Champadanga > Sodepur > Arambagh > Bengai > Khatul > Kotulpur > Jaypur > Bishnupur > Ramsagar > Onda > Dholdanga More > Bankura Bypass > Tamlibandh > Bankura Pump More > Shunukpahari > Puabagan > Bangla > Molian > Gadapathar > P
Kolkata,Prayagraj,2,Shyamoli Paribahan,,,2,
Kolkata,Sasaram,2,Shyamoli Paribahan,,,2,
Kolkata,Varanasi,2,Shyamoli Paribahan,,,2,
Kolkata A.C,Digha,2,SBSTC,08:15,11:30,2,
Kolkata (Dharmatala),Digha Border (Udaypur),2,Shinjini Paribahan; Snemita Paribahan,06:30,07:00,40,Park Street > PTI > Hastings > Second Hooghly Bridge > Nabanna > Carry Road > Belepole > Santragachi > Ankurhati > Alampur > Dhulagarh > Ranihati > Panchla > Uluberia (Nimidighi) > Bagnan > Kolaghat > Mecheda > Radhamani > Nimtouri > Nandakumar (Highroad) > Norghat > Chandipur > Bajkul > Heria > Kalingar > Nachinda > Marishda > Kanthi Rupsi Bypass > Kanthi Central Bus Stand > Ghatua > Pichabani > 
Kolkata Station,Hatishala,2,WBTC,,,23,RG Kar > Shyambazar > Khanna Cinema > Ultadanga > Ultadanga Hudco > Saltlake PNB > Saltlake CA Block > City Center 1 > Bikash Bhawan > Karunamoyee > Saltlake 10no Tank > Wipro > College More > DLF 1 > Newtown > Axis Mall > Narkelbagan > Unitech Gate 1 > Uem Campus > Karigari Bhawan > Shapoorji
Kona,Esplanade,2,Mini Bus; Private,,,12,Biradingi > Belgachia > Bamangachi > Salkia Chowrasta > Bandha Ghat > Golabarai PS > Pilkhana > Howrah Station > Barabazar > BBD Bag
Krishnanagar,Suri,2,Private,05:20,05:20,26,Krishnanagar High Road > Bhaluka Battala > Nabadwip Bus Stand > Hematpur > Shrirampur > Parulia Bazar > Chhatni > Dainhat > Katwa Bus Stand > Katwa Station > Ketugram > Pachundi > Nirol > Komarpur > Kandra > Futisanko > Kirnahar > Nanur > Sian Hospital > Bolpur Bus Stand > Debgram > Panrui > Shekampur > Purandapur
Kudghat,Howrah Station,2,Private; WBTC,,,14,Tollygunge Metro > Rabindra Sarovar > Rashbehari > Kalighat > Hazra > Bhowanipore > Rabindra Sadan > Maidan > Park Street > Esplanade > BBD Bag > Barabazar
Kukrahati,Bardhaman,2,,03:10,03:10,25,Chaitanyapur > Mahishadal > Nandakumar > Tamluk > Kaktiya > Mecheda > Mechogram > Keshapat > Khukur Daha > Goura > Sultannagar > Daspur > Ghatal > Baroda Chowkan > Radhanagar > Khirpai > Srinagar > Ramjibanpur > Kamarpukur > Goghat > Arambagh > Uchalan > Sehara Bazar
Kushdwip,Bardhaman,2,,06:45,12:50,8,Jamsola > Birsingha > Patrasayer > Kankardanga > Rasulpur > Khandaghosh
Kutni,Purulia,2,,10:00,10:00,8,Bandwan > Katin > Barabazar > Balarampur > Urma > Simulia
Labhpur,Esplanade,2,WBTC,,,20,Kirnahar > Futisanko > Natungram > Natuhat > Muratipur > Norja > Dewandighi > Barddhaman Station > Tinkonia > Curzon Gate > Town Hall Para > Police Line > Alisha Bus Stand > Shaktigarh > Gurap > Dankuni > Salap > Santragachi
Laketown,Howrah Station,2,Private; WBTC,,,12,Kalindi > Patipukur > Belgachia > RG Kar > Shyambazar > Rajballavpara > Sovabazar > Girish Park > MG Road > Barabazar
Lakshmisagar,Bankura,2,LAXMIPRIYA TRAVELS,06:00,06:40,7,Harmasra > Bibarda > Taldangra > Ratanpur > Dhaldanga
Lalgarh,Tarkeshwar,2,,06:40,08:20,13,Ramgarh > Goaltore > Chandrakona Road > Chandrakona Town > Khirpai > Ramjibanpur > Kamarpukur > Goghat > Arambagh > Mayapur > Champadanga
Lalgola,Barddhaman Nawabhat Bus Stand,2,Private,,,21,Jangipur > Raghunathganj > Moregram > Sherpur > Nagar > Khargram > Kuli > Dakbangla > Bahadurpur > Sundarpur > Marut > Futisanko > Natungram > Nutanhat > Muratipur > Norja > Dewandighi > Barddhaman Station > Golapbag
Lalgola,Digha,2,SBSTC; WBTC,04:45,04:45,51,Panditpur > Jangipur > Raghunathgunj > Omarpur > Sekhdighi > Morgram > Panchgram > Sherpur > Nagar > Khargram > Kuli > Bahadurpur > Sundarpur > Futisanko > Pirtala > Nutangram > Natunhat > Muratipur > Norja > Dewandighi > Barddhaman Station > Shaktigarh > Dankuni > Salap > Santragachi > Esplanade > Santragachi > Dhulagarh > Ranihati > Panchla > Uluberia Checkpost > Bagnan > Kolaghat > Mecheda > Ra
Madhyamgram,Digha,2,WBTC,05:50,16:00,11,Barasat > Dunlop > Belghoria > Sodepur > Kolaghat > Nandakumar > Henria > Contai > Mandarmani
Majhdia,Bardhaman,2,Anneswa Travels,07:10,07:10,19,Krishnaganj > Bhimpur > Asannagar > Krishnanagar > Highroad > Gouranga Setu > Nabadwip Railgate > Hematpur More > Nadanghat More > Nadanghat > Kusumgram > Malamba > Bhandardighi > Kurmun > Dewandighi More > Bardhaman Rail Station > College More
Majuria,Bankura,2,,05:00,06:20,11,Brahmandiha > Chingra > Sarenga > P More > Bikrampur > Simlapal > Taldangra > Ratanpur > Dhaldanga
Malda,Berhampur,2,NBSTC,08:00,10:30,2,
Malda,Mahadebpur,2,NBSTC,08:00,10:15,3,Balurghat
Malda,Siliguri,2,NBSTC,10:30,12:00,2,
Manbazar,Jhargram,2,,06:45,08:05,14,Pairachali > Hatirampur > Khatra > Ranibandh > Haludkanali > Kadmagarh > Barikul > Fulkusma > Baksi > Harda > Binpur > Dahijuri
Mangrul,Kolkata,2,,05:40,08:10,2,
Mathabhanga,Alipurduar,2,NBSTC,09:00,14:15,3,Cooch Behar
Mathabhanga,Barobisha,2,NBSTC,07:30,15:00,3,Alipurduar
Mathabhanga,Sitai,2,NBSTC,08:00,08:00,3,Siliguri
Mathabhanga,Sitai - Siliguri,2,NBSTC,08:00,12:00,2,
Mayapur,Esplanade,2,WBTC,,,14,Bamanpukur > Bahadurpur > Krishnanagar > Shantipur Bypass > Ranaghat > Chakdah > Jaguli > Barasat Colony > Airport Gate 1 > Kankurgachi > Maniktala > Sealdah
Maynaguri,Cooch Behar,2,NBSTC,06:15,07:30,2,
Maynaguri,Farakka,2,NBSTC,05:45,07:15,2,
Mecheda Station,Barddhaman,2,Private,,,33,Haldia > Deulia Bazar > Siddha > Mechogram > Keshapat > Khukurdaha > Sonamui > Goura > Sultannagar > Bakultala > Daspur > Ghatal > Borda Choukan > Radhanagar > Khirpai > Jara > Shrinagar > Ramjibanpur > Hajipur > Kamarpukur > Goghat > Kalipur > Arambagh > Naisharai > Bulchandpur > Uchalan > Mogolmari > Seherabazar > Sagrai > Bankura > Telipukur
Medinipur,Haldia,2,,06:10,07:40,2,
Midnapore,Habra,2,SBSTC; WBTC,14:00,14:00,21,Kharagpur Chowringhee > Debra > Ashari > Ratulia > Mechogram > Sidda > Deulia Bazar > Kolaghat > Bagnan > Uluberia > Dhulagarh > Kona Expressway > Salap > Dunlop Bridge > Airport Gate 3 > Barasat Chapadali > Bira > Guma > Ashoknagar
Midnapur,Dhamakhali,2,SBSTC,05:10,05:30,2,
Mukundapur,Ramnagar,2,Private,,,20,EM Bypass > Kalikapur > Sapuipara > Ramlal Bazar > Haltu Bazar > Kasba Post Office > Ballygunge Station > Gariahat > Deshapriya Park > Rashbehari > Kalighat > Hazra > Bhabani Bhawan > Alipore Zoo > Ekbalpur > Kidderpore > Babubazar > BNR Hospital
Nabadwip,Sainthia,2,Private,04:50,04:50,21,Hematpur > Shrirampur > Parulia Bazar > Purbasthali > Chhatni > Dainhat > Katwa > Ketugram > Pachundi > Nirol > Komarpur > Kandra > Futisanko > Kirnahar > Labhpur > Chouhatta > Shimulia Ghat > Tilpara > Banagram
Nabadwip,Tarapith,2,Private,04:40,04:40,23,Hematpur > Shrirampur > Parulia Bazar > Purbasthali > Chhatni > Dainhat > Katwa > Ketugram > Pachundi > Nirol > Komarpur > Kandra > Futisanko > Kirnahar > Labhpur > Chouhatta > Ahmadpur > Purandapur > Suri > Mohammad Bazar > Rampurhat
Nabanna,Garia Bus Stand,2,WBTC,,,21,Vidyasagar Setu > PTS > Rabindra Sadan > Exide > Elgin > Bhowanipore > Hazra > Kalighat > Rashbehari > Deshapriya Park > Southern Avenue > Golpark > Dhakuria > Jodhpur Park > Jadavpur PS > Jadavpur 8B > Sulekha > Baghajatin > Ramgarh
Nabanna,Newtown,2,Private; WBTC,,,22,Mandirtala > Vidyasagar Setu > PTS > Rabindra Sadan > Minto Park > Beck Bagan > Park Circus > Topsia > Science City > EM Bypass > Mathpukur > Metropolitan > Chingrighata > Beleghata Building > Stadium Island > Sushrut Hospital > Wipro > SDF > College More > DLF 1
Nadihi,Bankura,2,,06:40,13:30,11,Ukhradihi > Mukundapur > Mankanali > Mogra > Sonadaha > Bankati > Tantkanali > Keshra > Junbedia
Naihati Station,Barasat Chapadali,2,Private; WBTC,,,26,Saheb Colony > Dogachia > Banstala > Panpur > Keutia > Gurdah > Basudebpur > Hansia > Kowgachi > Muthurapur > Kayrapur > Babanpur > Kundubari > Wireless > Mohanpur > Debpukur > Chapuria > Mathrangi > Nilgunge > Rangapur > Kokapur > Jagannathpur > Barbaria > Barasat Colony
Naihati Station,Habra Station,2,Private; WBTC,,,17,Ramkrishna Talkies > Kathgola > Saheb Colony > Kuliagarh > Hamidpur > Nima Terasta > Dariapur > Shikra > Adhata > Awalsiddhi > Iswarigacha > Magurkhali > 8 No Kalibari > Kachua > Kalyangarh
Nandakumar,Kolkata,2,Santosh Bus Service,07:00,14:20,2,
Nandigram,Karunamoyee,2,SHIVAJI TRAVELS,03:45,07:30,17,Chandipur > Nandakumar > Nimtouri > Ramtarak > Mecheda > Kolaghat > Bagnan > Uluberia > Dhulagarh > Kona Express More > Salap > Bally > Dakshineswar > Dunlop > Dum Dum Airport
Nilgunge,Howrah Station,2,WBTC,,,38,Mathrangi > Chapuria > Debpukur > Mohanpur > Wireless > Muragacha > Boardghar > Sajirhat > Madhyamgram > BT College > Gouripur > Birati > Airport Gate 3 > Airport Gate 1 > Kaikhali > Haldirams > Teghoria > Baguiati > Kestopur > Dumdum Park > Laketown > Sreebhumi > Ultadanga > Kankurgachi > Bagmari Bazar > Maniktala > Vivekananda Road > Girish Park > Ram Mandir > Mahajati Sadan > Central Avenue > M
NJP,Salugara,2,NBSTC,07:00,07:45,2,
Parnasree,Howrah,2,WBTC,,,10,Mominpur > Khiddirpur > Hestings > PTS > Rabindra Sadan > Park Street > Esplanade > BBD Bag
Parnasree,Howrah Station,2,WBTC,,,15,Taratala > Majherhat > Mominpore > Ekbalpur > Kidderpore > Hastings > PTS > Rabindra Sadan > Maidan > Park Street > Esplanade > BBD Bag > Barabazar
Patharpratima,Esplanade,2,WBTC,,,47,Milan > Addhabazar > Gangadharpur > Hospital > Kajoler > Kakdwip Bus Stand > Kakdwip Station > Natun Rasta > ONGC > Bhagabanpur > Belpukur > Karanjali > Chakdulalpur > Dakshin Ramkrishnapur > Kulpi > Kachuberia > Uttar Chandipur > Hatugunge > Dalanghata > Diamond Harbour > Noongola > Leninnagar > Kapathat > Mohanpur > Kalagachia > Sarisha > Dostipur > Fatehpur > Shirakole > Amtala > Bishnupur > Kh
Patrasayer,Bankura,2,,05:30,06:40,9,Dhansimla > Sonamukhi > Rampur > Bhairabdanga > Chhandar > Beliatore > Makurgram
Patrasayer,Khatra,2,,04:50,06:40,14,Dhansimla > Sonamukhi > Joyrampur > Radha Nagar > Joykrishnapur > Bishnupur > Bankadaha > Sabrakon > Panchmura > Taldangra > Simlapal > Lakshmisagar
Patuli,Nabanna,2,WBTC,,,26,Peerless Hospital > Hiland Park > Ajaynagar > Mukundapur > EM Bypass > Kalikapur > Ruby > VIP Bazar > Uttar Panchannagram > Science City > Topsia > 4 No Bridge > Park Circus > Chittaranjan Hospital > CIT Road > Moulali > Wellington > Chandni Chowk > Esplanade > Park Street > Maidan > Rabindra Sadan > PTS > Vidyasagar Setu
Purulia,Bishnupur,2,,06:20,07:00,15,Ladhurka > Lakshanpur > Lalpur > Hura > Bishpuria > Bhagabanpur > Kashibediya > Kumidya > Puabagan > Bankura > Dhaldanga > Onda > Ramsagar
Purulia,Chandrakona Road,2,,05:55,05:55,16,Lalpur > Hura > Bishpuria > Kamalpur > Kharbona > Chhatna > Bankura > Dhaldanga > Onda > Ramsagar > Bishnupur > Bankadaha > Dhadika > Garhbeta
Purulia,Esplanade,2,WBTC,,,16,Anara > Raghunathpur > Nituria > Parbelia > Dishergarh > Neamatpur > Asansol > Raniganj > Durgapur City Center > Panagarh > Burdwan > Durgapur Expressway > Dankuni Housing > Santragachi
Purulia,Khatra,2,,07:30,07:35,13,Chakaltore > Bamundiha > Barabazar > Katin > Bandwan > Kuilapal > Poradih > Jhilimili > Ranibandh > Ambika Nagar > Mukutmanipur
Purulia,Kolkata (Esplanade),2,South Bengal State Transport Corporation,04:45,20:05,26,Ladhurka > Lakshanpur > Lalpur > Hura > Bishpuria > Rakhera > Pairachali > Bhagabanpur > Puabagan > Bankura > Onda > Ramsagar > Bishnupur > Joypur > Kotulpur > Bengai > Arambagh > Champadanga > Chanditala > Dankuni > Bally > Dakshineswar > Dunlop > Sealdah
Purulia,Lalgola,2,SAO Travels; SBSTC,11:00,19:00,21,Golakunda > Anara > Raghunathpur > Sarbari More > Parbelia > Dishergarh Ghat > Niamatpur > Asansol > Kalipahari More > Raniganj Punjabi More > Pandaveswar > Dubrajpur > Siuri > Mallarpur > Rampurhat > Nalhati > Omarpur > Raghunathganj > Jangipur
Purulia,Medinipur,2,KALYAN TRAVEL'S,03:30,04:50,19,Ladhurka > Lalpur > Puncha > Manbazar > Hatirampur > Khatra > Haludkanali > Raipur > Motgoda > Fulkusma > Baksi > Harda > Binpur > Dahijuri > Jhargram > Dherua > Chandra
Purulia,Siliguri,2,SHIB NARAYAN TRAVEL'S; SHIB NARAYAN TRAVELS,14:30,15:30,26,Lalpur > Hura > Bishpuria > Kamalpur > Kharbona > Chhatna > Bankura > Beliatore > Barjora > Durgapur (Station) > Durgapur (City Center) > Durgapur (Muchipara) > Panagarh > Illambazar > Bolpur > Nanoor > Kirnahar > Futishanko > Umarpur > Farakka > Malda > Gazole > Raiganj > Islampur
Purulia,Simlapal,2,,06:00,08:00,17,Ladhurka > Lakshanpur > Lalpur > Hura > Bishpuria > Rakhera > Chhirudi > Belut > Saldiha > Jorda > Bangla > Gobindapur > Bibarda > Harmasra > Lakshmisagar
Raiganj,Bharatpur,2,NBSTC,09:30,17:10,2,
Raiganj,Chanchal,2,NBSTC,07:00,14:00,2,
Raiganj,Dhupguri,2,NBSTC,05:45,06:45,2,
Raiganj,Esplanade,2,WBTC,,,14,Itahar > Gazole > Malda > Farakka > Dhuliyan > Berhampore > Bethuadahari > Krishnanagar > Ranaghat > Chakdah > Barasat Colony > Airport
Raiganj,Hili,2,NBSTC,07:30,10:45,2,
Raiganj,Rasakhawa,2,NBSTC,07:00,13:00,2,
Raipur,Digha,2,,03:00,04:00,15,Fulkusma > Silda > Binpur > Jhargram > Lodhasuli > Gopiballabpur > Bhasraghat > Keshiary > Belda > Khakurda > Egra > Paniparul > Ramnagar
Raipur,Howrah,2,,03:40,03:50,21,Motgoda > Fulkusma > Silda > Binpur > Dahijuri > Jhargram > Dherua > Chandra > Medinipur > Kharagpur > Debra > Mechogram > Kolaghat > Bagnan > Uluberia > Dhulagarh > Kona Express More > Santragachi > Kolkata (Esplanade)
Rajabazar,Howrah Maidan,2,Private,,,7,Sealdah > College Street > MG Road > Barabazar > Howrah Station
Rajchandrapur,Barasat Chapadali,2,Private; WBTC,,,23,Ballyhalt > Dakshineswar > Dunlop > Rathtala > Kamarhati > Sodepur Girja > Khardaha > Titagarh > Barrackpore Station > Subhash Colony > Wireless > Mohanpur > Debpukur > Chapuria > Mathrangi > Nilgunge > Rangapur > Kokapur > Jagannathpur > Barbaria > Barasat Colony
Ramgarh,Medinipur,2,,05:30,11:35,8,Pingboni > Goaltore > Chandrakona Road > Salboni > Godapiasal > Bhadutala
Ramgarh,Ramjibanpur,2,,06:50,06:50,11,Sarenga > Patharpara > Amlasuli > Hoomgarh > Garhbeta > Dhadika > Shyamnagar > Chamkaitala > Srinagar
Ramgarh,Tarakeshwar,2,Private,,,23,Kadasol > Pingbani > Golatore > Kiamacha > Nayabsat > Chandrakona Road > Guaidaha > Chandrakona Town > Kalikapur > Khirpai > Jara > Shrinagar > Ramjibanpur > Hajipur > Kamarpukur > Goghat > Kalipur > Arambagh > Kable > Harinkhola > Chapadanga
Ramjibanpur,Howrah,2,,04:45,08:50,2,
Ramjibanpur,Medinipur,2,,04:15,05:45,6,Chandrakona Town > Neradeul > Mugbosan > Keshpur
Ramnagar,Kolkata,2,Santosh Bus Service,12:25,13:50,2,
Ramnagar,Mukundapur,2,Private,,,20,BNR Hospital > Babubazar > Kidderpore > Ekbalpur > Alipore Zoo > Bhabani Bhawan > Hazra > Kalighat > Rashbehari > Deshapriya Park > Gariahat > Ballygunge Station > Kasba Post Office > Haltu Bazar > Ramlal Bazar > Sapuipara > Kalikapur > EM Bypass
Ranibandh,Kolkata,2,,04:55,07:00,22,Haludkanali > Raipur > P More > Sarenga > Goaltore > Pirakata > Bhadutala > Medinipur > Debra > Mechogram > Kolaghat > Bagnan > Uluberia > Dhulagarh > Kona Express More > Salap > Bally > Dakshineswar > Dunlop > Shyambazar
Raniganj,Kashipur,2,,05:25,05:50,18,Mejia > Nandanpur > Durlavpur > Gangajalghati > Desuria > Amarkanan > Gobindadham > Kanchanpur > Bankura > Chhatna > Kharbona > Kamalpur > Alijhara > Kustore > Lara More > Sonathali
Rupnarayanpur,Katwa,2,Private,03:40,03:40,24,Dendua > Salanpur > Chandrachur Bypass > Jubilee > Asansol Bus Stand > Kalipahari > Raniganj Punjabi > Andal > Durgapur City Center > Muchipara > Panagarh > Budbud > Mankar > Abhirampur > Guskara > Debpur > Muratipur > Bolgona > Nigan > Kaichar > Shrikhanda > Katwa Station
Sahararhat,Taratala,2,WBTC,,,20,Sujapur > Mohirampur > Mallickpur > Bisalakshmitala > Dongaria > Calcium > Birla > Charial > Budge Budge > Nungi > Bata > Dakghar > Mollar Gate > Rampur Quarter > SM Nagar > Sarkarpool > Jhinjhira Bazar > Brace Bridge
Sainthia,Nabadwip,2,Private,,,21,Banagram > Tilpara > Shimulia Ghat > Chouhatta > Labhpur > Kirnahar > Futisanko > Kandra > Komarpur > Nirol > Pachundi > Ketugram > Katwa > Dainhat > Chhatni > Purbasthali > Parulia Bazar > Shrirampur > Hematpur
Salugara,NJP,2,NBSTC,07:00,07:45,2,
Sankrail,Howrah Station,2,Mini Bus; Private,,,17,Chapatala > Rajgunge > Radhadashi > Podra Bazar > Nazirgunge > Bakultala > Danesh Shaikh Lane > Amtala Phari > Narayana Hospital > Bataitala Phari > Kazipara > Avani Mall > Shibpur Bazar > Mallick Fatak > Howrah Maidan
Santragachi,Eco Space,2,Private; WBTC,,,30,Baksara > Belepole > Carry Road > Mandirtala > Vidyasagar Setu > Hastings > PTS > Rabindra Sadan > Minto Park > Beck Bagan > Park Circus > 4 No Bridge > Topsia > Science City > EM Bypass > Mathpukur > Metropolitan > Chingrighata > Nicco Park > Wipro > SDF > College More > DLF 1 > Newtown > Axis Mall > Narkelbagan > Unitech Gate 2 > DLF 2
Sealdah,Barisha,2,Private,,,20,Moulali > Mallick Bazar > Beck Bagan > Minto Park > Rabindra Sadan > Bhowanipore > Hazra > Kalighat > Rashbehari > Rabindra Sarovar > Tollygunge Phari > Mahabirtala > NSHM Campus > Siriti > Muchipara > Ml Gupta Road > Sakher Bazar > Shilpara
Sealdah,Howrah Station,2,Private,,,5,College Street > MG Road > Barabazar
Shankarpur,Kolkata,2,Santosh Bus Service,09:10,14:00,2,
Shapoorji,Ultadanga,2,Private; WBTC,,,19,Karigari Bhawan > Uem Campus > Unitech Gate 1 > Tata Cancer Hospital > Narkelbagan > Axis Mall > Newtown > DLF 1 > Technopolis > College More > SDF > Wipro > Nicco Park > Chingrighata > Beleghata Building > Apollo Hospital > Bengal Chemical
Shibtala Math,Howrah Station,2,Private; WBTC,,,13,Auxilium Parish Church > Gobra Kabarsthan > CIT Road > Moulali > Sealdah > Bank Of India > Bowbazar > Central > Lalbazar > BBD Bag > Barabazar
Shikarpur,Barddhaman Nawabhat Bus Stand,2,Private,,,28,Karimpur > Mahishbathan > Kathalia > Najirpur > Haripur > Betai > Tehatta > Boro Andulia > Chapra > Ghurni > Krishnanagar > Krishnanagar High Road > Bhaluka Battala > Nabadwip Railgate > Hematpur > Nadanghat > Rajibpur > Nadanghat > Raigram > Kusumgram > Malamba > Bhandardihi > Kurmun > Dewandighi > Barddhaman Station > Golapbag
Silda,Bankura,2,,08:00,10:15,11,Fulkusma > Motgoda > Raipur > P More > Bikrampur > Simlapal > Taldangra > Ratanpur > Dhaldanga
Silda,Tarakeshwar,2,Private,,,30,Fulkushma > Motgoda > Raipur > P > Bikrampur > Dubrajpur > Amlashuli > Hoomgarh > Radhanagar > Amlagora > Garhbeta > Dhadika > Shyamnagar > Fulberia > Bostom > Uttarbill > Chamkaitala > Krishnaganj > Shantipur > Pandugram > Tarahat > Kamarpukur > Goghat > Kalipur > Arambagh > Kable > Harinkhola > Chapadanga
Siliguri,Bindu,2,NBSTC,06:30,13:00,2,
Siliguri,Dinhata,2,NBSTC,05:20,05:45,2,
Siliguri,Farakka,2,NBSTC,07:45,08:30,2,
Siliguri,Gangtok,2,NBSTC,05:30,08:15,2,
Siliguri,Kalimpong,2,NBSTC,05:30,06:30,2,
Siliguri,Kolkata,2,WBTC,17:50,18:30,12,Islampur > Kishanganj > Raiganj > Malda > Berhampore > Krishnanagar > Barasat > Airport > Dunlop > Karunamoyee
Siliguri,Raiganj,2,NBSTC,06:30,06:30,2,
Simlapal,Purulia,2,,04:40,05:20,12,Lakshmisagar > Khatra > Hatirampur > Bangla > Jorda > Saldiha > Belut > Gopalpur > Lalpur > Ladhurka
Solpatta,Barasat,2,,03:05,03:55,23,Gomunda > Mohanpur > Egra > Contai > Henria > Bajkul > Chandipur > Nandakumar > Nimtouri > Mecheda > Kolaghat > Bagnan > Uluberia > Dhulagarh > Kona Express More > Salap > Bally > Dakshineswar > Dunlop > Dum Dum Airport > Madhyamgram
Sonamukhi,Kolkata (Esplanade),2,,05:00,05:45,12,Kankardanga > Rasulpur > Khandaghosh > Bardhaman > Telipukur > Saktigarh > Dankuni > Salap > Kona Express More > Santragachi
Suri,Esplanade,2,WBTC,,,14,Purandarpur > Debagram > Panrui > Bolpur > Ilambazar > 11 Mile > Darjeeling > Panagarh Bypass > Burdwan Bypass > Durgapur Expressway > Dankuni Housing > Santragachi
Suri,Katwa,2,Didibhai,06:10,07:50,16,Purundur > Ahmedpur > Chouhatta > Labhpur > Laghata > Akupurchati > Kirnahar > Daskalgram > Futishanko > Kandra > Komorpur > Nirol > Pachundi > Ketugram
Suri,Siliguri,2,NBSTC,05:00,06:00,2,
Tarakeshwar,Ramgarh,2,Private,,,23,Chapadanga > Harinkhola > Kable > Arambagh > Kalipur > Goghat > Kamarpukur > Hajipur > Ramjibanpur > Shrinagar > Jara > Khirpai > Kalikapur > Chandrakona Town > Guaidaha > Chandrakona Road > Nayabsat > Kiamacha > Golatore > Pingbani > Kadasol
Tarakeshwar,Silda,2,Private,,,30,Chapadanga > Harinkhola > Kable > Arambagh > Kalipur > Goghat > Kamarpukur > Tarahat > Pandugram > Shantipur > Krishnaganj > Chamkaitala > Uttarbill > Bostom > Fulberia > Shyamnagar > Dhadika > Garhbeta > Amlagora > Radhanagar > Hoomgarh > Amlashuli > Dubrajpur > Bikrampur > P > Raipur > Motgoda > Fulkushma
Tarakeswar,Chinsurah Court,2,Private,,,16,Choutara > Dasghara > Nelorpar > Dhaniakhali > Belmuri > Makalpur Bazar > Hasnan Bridge > Maheshwarpur > Dadpur > Puinan > Harit > Sugandha > Chinsurah Station > Khadina
Taratala,Sahararhat,2,WBTC,,,20,Brace Bridge > Jhinjhira Bazar > Sarkarpool > SM Nagar > Rampur Quarter > Mollar Gate > Dakghar > Bata > Nungi > Budge Budge > Charial > Birla > Calcium > Dongaria > Bisalakshmitala > Mallickpur > Mohirampur > Sujapur
Tarkeshwar,Digha,2,TARAMA PARIBAHAN,05:35,05:40,17,Champadanga > Mayapur > Arambagh > Kamarpukur > Ramjibanpur > Khirpai > Ghatal > Mechogram > Mecheda > Nandakumar > Chandipur > Bajkul > Henria > Contai > Ramnagar
Tarkeshwar,Fulkusma,2,,04:00,04:40,19,Champadanga > Mayapur > Arambagh > Goghat > Kamarpukur > Jayrambati > Ramdiha > Bankadaha > Piardoba > Sabrakon > Panchmura > Taldangra > Simlapal > Bikrampur > P More > Raipur > Motgoda
Tarkeshwar,Medinipur,2,MANOKA TRAVEL'S,04:50,08:25,16,Champadanga > Mayapur > Arambagh > Goghat > Kamarpukur > Ramjibanpur > Srinagar > Khirpai > Kalikapur > Chandrakona Town > Chandrakona Road > Salboni > Godapiasal > Bhadutala
Tatanagar,Dhanbad,2,,06:40,08:50,6,Katin > Barabazar > Purulia > Chandankyari
Tatanagar,Durgapur (Station),2,,05:30,06:25,12,Balarampur > Purulia > Hura > Kamalpur > Kharbona > Chhatna > Bankura > Makurgram > Beliatore > Barjora
Thakurpukur,Howrah Station,2,WBTC,,,19,Shilpara > Sakher Bazar > Behala Chowrasta > Behala 14 No > Majherhat > Mominpore > Ekbalpur > Alipore Zoo > PTS > Rabindra Sadan > Maidan > Park Street > Esplanade > BBD Bag > GPO > Shipping Corporation > Barabazar
Thakurpukur,Sealdah,2,WBTC,,,23,Thakurpukur Bazar > Shilpara > Sakher Bazar > Behala Chowrasta > Behala 14 No > Majherhat > Mominpore > Ekbalpur > Kidderpore > Hastings > Princep Ghat > Babughat > Esplanade > BBD Bag > Podder Court > Central > Bowbazar > Medical College > College Street > Suryasen Street > Rajabazar Tram Depot
Tollygunge,Digha,2,WBTC,05:40,23:58,3,Esplanade
Topsia,Bandha Ghat,2,Private,,,18,Christopher Road > Panchkari > Tangra > RN Chowdhury Road > Palmer Bazar > Sealdah > Moulali > Wellington > Chandni Chowk > Esplanade > BBD Bag > Barabazar > Howrah Station > Howrah Maidan > Pilkhana > Salkia Chowrasta
Udaynarayanpur,Esplanade,2,WBTC,,,11,Sukanta Park > Dilakhash > Jagatballavpur > Bargachia > Rajapur > Domjur > Makardaha > Salap > Santragachi
Ultadanga,Amity University,2,WBTC,,,25,Ultadanga Hudco > Saltlake Gate > Bengal Chemical > Mani Square > Apollo Hospital > Swabhumi > Saltlake Stadium > Beleghata Building > Chingrighata > Sukantanagar > Nicco Park > Wipro > SDF > College More > Technopolis > DLF 1 > Newtown > Axis Mall > Narkelbagan > Tata Cancer Hospital > Unitech Gate 2 > DLF 2 > Ecospace
Ultadanga,Shapoorji,2,Private; WBTC,,,19,Bengal Chemical > Apollo Hospital > Beleghata Building > Chingrighata > Nicco Park > Wipro > SDF > College More > Technopolis > DLF 1 > Newtown > Axis Mall > Narkelbagan > Tata Cancer Hospital > Unitech Gate 1 > Uem Campus > Karigari Bhawan
58 Gate,Bagnan,1,Private,,,16,Garchumuk > Kharuberia > Shyampur > Kanthalibar > Hoglashi > Belpukur > Shasati > Deorah > Noul Bazar > Mugkalyan > Nuntia > Bantul > Antila Bridge > Khalore
Aantpur,Esplanade,1,WBTC,,,7,Jangipara > Bargachia > Domjur > Salap > Santragachi
Achipur,BBD Bag,1,WBTC,,,22,Pujali > Charial > Budge Budge > Nungi > Bata > Dakghar > Mollar Gate > Rampur Quarter > SM Nagar > Sarkarpool > Jhinjhira Bazar > Brace Bridge > Taratala > Majherhat > Mominpore > Ekbalpur > Alipore Zoo > PTS > Fort William > Esplanade
Agarpara Station,Alipore Zoo,1,Private,,,22,Kamarhati > Rathtala > Dunlop > Bonhooghly > Tobin Road > Sinthi > Chiria > Shyambazar > Khanna Cinema > Maniktala > Rajabazar > Sealdah > Moulali > Wellington > Chandni Chowk > Esplanade > Park Street > Maidan > Rabindra Sadan > PTS
Ahiritola,Fatikgachi,1,Mini Bus,,,22,Jorabagan > Malapara > Posta Bazar > Barabazar > Howrah Station > Foreshore Road > Avani Mall > Kazipara > Bataitala Phari > Narayana Hospital > Amtala Phari > Danesh Shaikh Lane > Bakultala > Hanskhali Pole > Chunavati > Mourigram > Andul Bazar > Argori > Alampur > Dhulagarh
Ahiritola,Kanchkol,1,Private,,,24,BK Paul > Sovabazar > Hatibagan > Khanna Cinema > Ultadanga > Sreebhumi > Laketown > Dumdum Park > Kestopur > Baguiati > Lokenath Mandir > Chinar Park > Salua Bazar > Derozio College > Reckjuani > Rajarhat Chowmatha > Kalaberia > Langolpota > Mahishgari > Kharibari > Aminpur > Sondalia Station
Ahiritola,Kharibari,1,Private,,,21,BK Paul > Sovabazar > Hatibagan > Khanna Cinema > Ultadanga > Sreebhumi > Laketown > Dumdum Park > Kestopur > Baguiati > Lokenath Mandir > Chinar Park > Salua Bazar > Derozio College > Reckjuani > Rajarhat Chowmatha > Kalaberia > Langolpota > Mahishgari
Ahiritola,Langolpota,1,Private,,,21,BK Paul > Sovabazar > Rajballavpara > Shyambazar > RG Kar > Belgachia > Patipukur > Kalindi > Laketown > Dumdum Park > Kestopur > Baguiati > Lokenath Mandir > Chinar Park > Salua Bazar > Derozio College > Reckjuani > Rajarhat Chowmatha > Kalaberia
Ahiritola,Patharghata,1,Private,,,21,BK Paul > Sovabazar > Hatibagan > Khanna Cinema > Ultadanga > Sreebhumi > Laketown > Dumdum Park > Kestopur > Baguiati > Lokenath Mandir > Chinar Park > Salua Bazar > Derozio College > Reckjuani > Rajarhat Chowmatha > Bishnupur > Kalur > Gangraguri
Ahiritola,Ranihati,1,Mini Bus,,,22,Jorabagan > Malapara > Posta Bazar > Barabazar > Howrah Station > Foreshore Road > Avani Mall > Kazipara > Bataitala Phari > Narayana Hospital > Amtala Phari > Danesh Shaikh Lane > Bakultala > Hanskhali Pole > Chunavati > Mourigram > Andul Bazar > Argori > Alampur > Dhulagarh
Ahiritola,Shikharpur,1,Private,,,21,BK Paul > Sovabazar > Hatibagan > Khanna Cinema > Ultadanga > Sreebhumi > Laketown > Dumdum Park > Kestopur > Baguiati > Lokenath Mandir > Chinar Park > Salua Bazar > Derozio College > Reckjuani > Rajarhat Chowmatha > Bishnupur > Lauhati > Vedic Village
Airport,Nabanna,1,WBTC,,,18,Airport 1 No. gate > Central Jail > Nager Bazar > Dum Dum Stn > Chiria More > Paikpara Xing > Shyam Bazar > Grey Street > Vivekananda Rd > M.G.Road > Colutala Street > BB Ganguly Xing > Esplanade > Mayo Rd > PTS > Toll Plaza
Airport Domestic Terminus,Garia Bus Stand,1,WBTC,,,30,Kaikhali > Haldiram > Teghoria > Baguihati > Keshtopur > Dumdum Park > Lake Town > Ultadanga HUDCO > Saltlake Gate > Bengal Chemical > Mani Square > Apollo Hospital > Swabhumi > Building More > Chingrighata > Dhapa Mathpukur > Science City > Uttar Panchannagram > VIP Bazar > Fortis Hospital > Ruby Crossing > Kalikapur > Medica Hospital > Mukundapur > Ajaynagar > Hiland Park > Patuli > 45 Bus Stand
Airport Gate 1,Amta,1,Private,,,18,Airport Gate 3 > Durganagar > Mathkal > Dunlop Bridge > Dakshineswar > Ballyhalt > Rajchandrapur > Kona > Salap > Nibra > Ankurhati > Jalan Gate > Alampur > Dhulagarh > Ranihati > Panpur
Airport Gate 1,Baisnabghata,1,Private,,,27,Kaikhali > Haldirams > Teghoria > Baguiati > Kestopur > Dumdum Park > Laketown > Sreebhumi > Ultadanga > Kankurgachi > Phoolbagan > Beleghata > Sealdah > Moulali > CIT Road > Chittaranjan Hospital > Park Circus > Quest Mall > Ballygunge Phari > Gariahat > Golpark > Dhakuria > Jadavpur 8B > Baghajatin > Ramgarh
Airport Gate 1,BBD Bag,1,Mini Bus,,,17,Kaikhali > Haldirams > Teghoria > Baguiati > Kestopur > Dumdum Park > Laketown > Sreebhumi > Ultadanga > Kankurgachi > Maniktala > Vivekananda Road > Girish Park > MG Road > Central
Airport Gate 1,Esplanade,1,Private,,,19,Kaikhali > Haldirams > Teghoria > Baguiati > Kestopur > Dumdum Park > Laketown > Sreebhumi > Ultadanga > Kankurgachi > Maniktala > Vivekananda Road > Amherst Street > Bank Of India > Bowbazar > Wellington > Chandni Chowk
Airport Gate 1,Garia Bus Stand,1,WBTC,,,30,Kaikhali > Haldiram > Teghoria > Baguihati > Keshtopur > Dumdum Park > Lake Town > Ultadanga HUDCO > Saltlake Gate > Bengal Chemical > Mani Square > Apollo Hospital > Swabhumi > Building More > Chingrighata > Dhapa Mathpukur > Science City > Uttar Panchannagram > VIP Bazar > Fortis > Ruby Crossing > Kalikapur > Medica Hospital > Mukundapur > Ajaynagar > Hiland Park > Patuli > 45 Bus Stand
Airport Gate 1,Garia Station,1,Private,,,29,Kaikhali > Haldirams > Teghoria > Baguiati > Kestopur > Dumdum Park > Laketown > Sreebhumi > Ultadanga > Kankurgachi > Phoolbagan > Beleghata > Sealdah > Moulali > CIT Road > Chittaranjan Hospital > Park Circus > Quest Mall > Ballygunge Phari > Gariahat > Golpark > Dhakuria > Jadavpur 8B > Baghajatin > Ramgarh > Garia Metro > Dhalai Bridge
Airport Gate 1,Nabanna,1,WBTC,,,18,Central Jail > ILS Hospital > Nager Bazar > Diamond Plaza > Bangur Avenue > Kalindi > Patipukur > Belgachia > RG Kar > Shyambazar > Rajballavpara > Sovabazar > Girish Park > MG Road > Barabazar > Howrah Station
Airport Gate 1,Park Circus,1,WBTC,,,21,Kaikhali > Haldirams > Chinar Park > City Center 2 > Akanksha > Nawabpur > Ecopark > Narkelbagan > Axis Mall > Newtown > DLF 1 > Technopolis > College More > SDF > Nicco Park > Chingrighata > Mathpukur > Science City > Topsia
Airport Gate 3,Nabanna,1,WBTC,,,25,Airport Gate 1 > Central Jail > ILS Hospital > Nager Bazar > Diamond Plaza > Bangur Avenue > Kalindi > Patipukur > Belgachia > RG Kar > Shyambazar > Rajballavpara > Sovabazar > Girish Park > MG Road > Central > Chandni Chowk > Esplanade > Park Street > Maidan > Rabindra Sadan > PTS > Vidyasagar Setu
Airport Gate No. 1,Howrah Maidan,1,WBTC,,,9,Jessor Road > Laketown Xing > Patipukur > Shyambazar > Girish Park > M.G. Road > Burrabazar
Airport Terminal,Esplanade,1,WBTC,,,18,Kaikhali > Haldirams > Teghoria > Baguiati > Kestopur > Dumdum Park > Laketown > Sreebhumi > Ultadanga > Kankurgachi > Maniktala > Vivekananda Road > Girish Park > MG Road > Central > BBD Bag
Airport Terminal,Garia Bus Stand,1,WBTC,,,34,Kaikhali > Haldirams > Chinar Park > City Center 2 > Akanksha > Nawabpur > Ecopark > Westin > Jatragachi > Narkelbagan > Axis Mall > Newtown > DLF 1 > Technopolis > College More > SDF > Nicco Park > Chingrighata > Mathpukur > Science City > Uttar Panchannagram > VIP Bazar > Fortis Hospital > Ruby > Kalikapur > EM Bypass > Mukundapur > Ajaynagar > Hiland Park > Peerless Hospital > Patuli > 45 Bus S
Airport Terminal,Golf Green,1,WBTC,,,33,Kaikhali > Haldirams > Chinar Park > City Center 2 > Akanksha > Nawabpur > Ecopark > Westin > Jatragachi > Narkelbagan > Axis Mall > Newtown > DLF 1 > Technopolis > College More > SDF > Nicco Park > Chingrighata > Mathpukur > Science City > Uttar Panchannagram > VIP Bazar > Fortis Hospital > Ruby > Kalikapur > Sapuipara > Saheed Nagar > Jadavpur PS > South City > Lake Gardens > Doordarshan Bhawan
Airport Terminal,Tollygunge Metro,1,Private,,,28,Kaikhali > Haldirams > Teghoria > Baguiati > Kestopur > Dumdum Park > Laketown > Sreebhumi > Ultadanga > Bengal Chemical > Apollo Hospital > Beleghata Building > Chingrighata > Mathpukur > Science City > Uttar Panchannagram > VIP Bazar > Ruby > Acropolis Mall > Bosepukur > Kasba PS > Ballygunge Station > Gariahat > Deshapriya Park > Rashbehari > Rabindra Sarovar
Ajodhya Hills,Purulia,1,,07:40,07:40,5,Sirkabad > Aharara > Damda
Akra Bazar,Howrah Station,1,Private,,,19,Akra Station > Dakghar > Mollar Gate > Rampur Quarter > SM Nagar > Sarkarpool > Jhinjhira Bazar > Brace Bridge > Taratala > Mahjerhat > Mominpore > Ekbalpur > Kidderpore > Hastings > Princep Ghat > Babughat > Barabazar
Akra Fatak,Dostipur,1,WBTC,,,23,Santoshpur Station > Nature Park > Jhinjhira Bazar > Brace Bridge > Taratala > Behala 14 No > Behala Chowrasta > Sakher Bazar > Shilpara > Thakurpukur > Joka Bridge > Pailan > Bhasha 14no > Khariberia > Bishnupur > Amtala > Shirakole > Bagaria > Adharmanik > Usthi > Mashat Market
Akra Fatak,Howrah Station,1,Private,,,16,Santoshpur Station > Nature Park > Jhinjhira Bazar > Brace Bridge > Taratala > Majherhat > Mominpore > Ekbalpur > Kidderpore > Hastings > Fort William > Esplanade > BBD Bag > Barabazar
Akra Rabindra Nagar,Karunamoyee,1,WBTC,,,28,Santoshpur Station > Nature Park > Jhinjhira Bazar > Brace Bridge > Taratala > New Alipore > Durgapur Bridge > Chetla Park > Rashbehari > Deshapriya Park > Gariahat > Ballygunge Station > Kasba PS > Bosepukur > Acropolis Mall > GST Bhawan > Ruby > Fortis > VIP Bazar > Uttar Panchannagram > Science City > Mathpukur > Chingrighata > Beleghata Building > Saltlake Stadium > Central Park
Alampur,Howrah Station,1,Private,,,17,Argori > Andul Bazar > Mourigram > Chunavati > Hanskhali Pole > Bakultala > Danesh Shaikh Lane > Amtala Phari > Narayana Hospital > Bataitala Phari > Kazipara > Avani Mall > Shibpur Bazar > Mallick Fatak > Howrah Maidan
Alampur,Shapoorji,1,Private,,,29,Jalan Gate > Ankurhati > Nibra > Salap > Kona > Rajchandrapur > Ballyhalt > Dakshineswar > Dunlop Bridge > Mathkal > Durganagar > Airport Gate 3 > Airport Gate 1 > Kaikhali > Haldirams > Chinar Park > City Center 2 > Akanksha > Nawabpur > Ecopark > Aliah University > Ecospace > DLF 2 > Unitech Gate 2 > Unitech Gate 1 > Uem Campus > Karigari Bhawan
Alampur,Ultadanga,1,Mini Bus,,,26,Andul Bazar > Mourigram > Chunavati > Hanskhali > Bakultala > Danesh Shaikh Lane > Amtala Phari > Narayana Hospital > Bataitala Phari > Kazipara > Avani Mall > Shibpur Bazar > Mallick Fatak > Howrah Maidan > Howrah Station > Barabazar > Posta Bazar > Malapara > Jorabagan > Ahiritola > BK Paul > Sovabazar > Hatibagan > Khanna Cinema
Aliah University,Danesh Shaikh Lane,1,Private,,,30,Ecospace > DLF 2 > Unitech Gate 2 > Narkelbagan > Axis Mall > Newtown > DLF 1 > College More > SDF > Wipro > Nicco Park > Chingrighata > Metropolitan > Mathpukur > EM Bypass > Science City > Topsia > 4 No Bridge > Park Circus > Beck Bagan > Minto Park > Rabindra Sadan > PTS > Hastings > Vidyasagar Setu > Mandirtala > Narayana Hospital > Amtala Phari
Aliah University,Howrah Station,1,WBTC,,,24,Ecospace > DLF 2 > Unitech Gate 2 > Tata Cancer Hospital > Narkelbagan > Axis Mall > Newtown > DLF 1 > Technopolis > College More > SDF > Nicco Park > Chingrighata > Beleghata Building > Beleghata > Sealdah > Moulali > Wellington > Chandni Chowk > Esplanade > BBD Bag > Barabazar
Alipore Zoo,Agarpara Station,1,Private,,,22,PTS > Rabindra Sadan > Maidan > Park Street > Esplanade > Chandni Chowk > Wellington > Moulali > Sealdah > Rajabazar > Maniktala > Khanna Cinema > Shyambazar > Chiria > Sinthi > Tobin Road > Bonhooghly > Dunlop > Rathtala > Kamarhati
Alipore Zoo,Kamarhati,1,Private,,,19,PTS > Rabindra Sadan > Minto Park > Beck Bagan > Mallick Bazar > Moulali > Sealdah > Rajabazar > Maniktala > Khanna Cinema > Shyambazar > Chiria > Sinthi > Tobin Road > Bonhooghly > Dunlop > Rathtala
Alipore Zoo,Sonakhali,1,WBTC,,,45,PTS > Fort William > Esplanade > Chandni Chowk > Wellington > Moulali > Sealdah > Palmer Bazar > Tangra > Topsia > Science City > Chowbaga > Bantala Bazar > Leather Complex > Kantatala > Bhojerhat > Paglarhat > Boralighat > Nalmuri > Ghatakpukur > Bamunia > Chandipur > Ghoshpur > Ghushighata > Bamanpukur > Kushangra > Minakhan > Joygram > Malancha > Boyermari > Agarhati > Sarberia > Gabbuni > Char
Alipore Zoo,Unitech Gate 1,1,Private,,,26,PTS > Rabindra Sadan > Maidan > Park Street > Esplanade > Chandni Chowk > Wellington > Moulali > Sealdah > Rajabazar > Maniktala > Khanna Cinema > Ultadanga > Saltlake PNB > Saltlake CA Block > City Center 1 > Bikash Bhawan > Karunamoyee > Wipro > College More > DLF 1 > Newtown > Axis Mall > Narkelbagan
Alipurduar,Bagdogra,1,NBSTC,06:15,06:15,3,Hasimara
Alipurduar,Bongaigaon,1,NBSTC,05:00,05:00,3,Barobisha
Alipurduar,Esplanade,1,WBTC,,,24,Cooch Behar > Pundibari > Mathurabagan > Falakata > Salbari > Dhupguri > Mainaguri Bypass > Jalpaiguri Bypass > Fatapukur > Fulbari > Siliguri > Islampur > Dalkhola > Raiganj > Itahar > Gazole > Malda > Farakka > Omarpur > Morgram > Barasat > Ultadanga
Alipurduar,Gangarampur,1,NBSTC,07:00,07:00,3,Falakata
Alipurduar,Kolkata,1,NBSTC,05:30,05:30,3,Falakata
Alipurduar,Raiganj,1,NBSTC,09:10,09:10,3,Falakata
Amity University,Dhulagarh,1,Private,,,37,Ecospace > DLF 2 > Unitech Gate 2 > Narkelbagan > Axis Mall > Newtown > DLF 1 > College More > SDF > Wipro > Sushrut Hospital > Stadium Island > Beleghata Building > Chingrighata > Metropolitan > Mathpukur > EM Bypass > Science City > Topsia > Park Circus > Beck Bagan > Minto Park > Rabindra Sadan > PTS > Vidyasagar Setu > Carry Road > Belepole > Baksara > Santragachi > Garpa > Khejurtala > Nibra 
Amity University,Eden City,1,WBTC,,,40,Ecospace > DLF 2 > Unitech Gate 2 > Narkelbagan > Axis Mall > Newtown > DLF 1 > Technopolis > College More > SDF > Nicco Park > Chingrighata > Mathpukur > Science City > Uttar Panchannagram > VIP Bazar > Ruby > GST Bhawan > Acropolis Mall > Bosepukur > Kasba PS > Ballygunge Station > Gariahat > Deshapriya Park > Rashbehari > Chetla Park > Durgapur Bridge > New Alipore > Taratala > Brace Bridge > J
Amity University,Jadavpur,1,WBTC,,,27,Ecospace > DLF 2 > Unitech Gate 2 > Tata Cancer Hospital > Narkelbagan > Axis Mall > Newtown > DLF 1 > Technopolis > College More > SDF > Wipro > Nicco Park > Chingrighata > Mathpukur > Science City > Uttar Panchannagram > VIP Bazar > Ruby > Kalikapur > Mukundapur > EM Bypass > Ajaynagar > Santoshpur > Sulekha
Amity University,Kamalgazi,1,WBTC,,,29,Ecospace > DLF 2 > Unitech Gate 2 > Tata Cancer Hospital > Narkelbagan > Axis Mall > Newtown > DLF 1 > Technopolis > College More > SDF > Wipro > Nicco Park > Chingrighata > Mathpukur > Science City > Uttar Panchannagram > VIP Bazar > Ruby > Kalikapur > Mukundapur > EM Bypass > Ajaynagar > Hiland Park > Peerless Hospital > Patuli > Dhalai Bridge
Amity University,Kudghat,1,WBTC,,,30,Ecospace > DLF 2 > Unitech Gate 2 > Narkelbagan > Axis Mall > Newtown > DLF 1 > Technopolis > College More > SDF > Wipro > Nicco Park > Chingrighata > Mathpukur > Science City > Uttar Panchannagram > VIP Bazar > Ruby > Acropolis Mall > Bosepukur > Kasba PS > Ballygunge Station > Gariahat > Deshapriya Park > Lake Mall > Rashbehari > Rabindra Sarovar > Tollygunge Metro
Amity University,Thakurpukur,1,WBTC,,,38,Ecospace > DLF 2 > Unitech Gate 2 > Tata Cancer Hospital > Narkelbagan > Axis Mall > Newtown > DLF 1 > Technopolis > College More > SDF > Wipro > Nicco Park > Chingrighata > Mathpukur > Science City > Uttar Panchannagram > VIP Bazar > Ruby > GST Bhawan > Acropolis Mall > Bosepukur > Kasba PS > Ballygunge Station > Gariahat > Deshapriya Park > Rashbehari > Chetla Park > Durgapur Bridge > New Alipor
Amlai,Bardhaman,1,,07:00,07:00,2,
Amlashuli,Bankura Bus Stand,1,,,,4,Simlapal > Taldangra
Amlasuli,Contai,1,,06:20,06:20,10,Patharpara > Goaltore > Pirakata > Medinipur > Kharagpur > Belda > Khakurda > Egra
Amlasuli,Howrah,1,CHANGDAR TRAVELS,04:30,04:30,14,Hoomgarh > Garhbeta > Chandrakona Town > Khirpai > Baroda Chowkan > Ghatal > Mechogram > Kolaghat > Bagnan > Uluberia > Dhulagarh > Santragachi
Amlasuli,Jhargram,1,JOY BABA KHETRAPAL TRAVELS,07:30,07:30,7,Goaltore > Pingboni > Ramgarh > Lalgarh > Dahijuri
Amlasuli,Kantakhali,1,,05:20,05:20,16,Hoomgarh > Radhanagar > Garhbeta > Kiaboni > Chandrakona Road > Salboni > Godapiasal > Bhadutala > Medinipur > Mohanpur > Kharagpur > Jamna > Temathani > Sabang
Amlasuli,Karunamoyee,1,RADHARANI PARIBAHAN,03:20,03:20,15,Goaltore > Chandrakona Road > Chandrakona Town > Khirpai > Ghatal > Goura > Mechogram > Kolaghat > Bagnan > Uluberia > Dunlop > Shyambazar > Kolkata
Amlasuli,Medinipur,1,JOY BABA KHETRAPAL TRAVELS,06:45,06:45,8,Patharpara > Goaltore > Pirakata > Moupal > Patharkumkumi > Bhadutala
Amta,Airport Gate 1,1,Private,,,18,Panpur > Ranihati > Dhulagarh > Alampur > Jalan Gate > Ankurhati > Nibra > Salap > Kona > Rajchandrapur > Ballyhalt > Dakshineswar > Dunlop Bridge > Mathkal > Durganagar > Airport Gate 3
Amta,Bagnan,1,Private,,,7,Khasnan > Udang Bazar > Agunshi > Harop Bazar > Khadinan
Amta,Mukundapur,1,Private,,,28,Panpur > Ranihati > Dhulagarh > Alampur > Jalan Gate > Ankurhati > Nibra > Khejurtala > Garpa > Santragachi > Baksara > Belepole > Carry Road > Vidyasagar Setu > PTS > Rabindra Sadan > Minto Park > Beck Bagan > Park Circus > Topsia > Science City > Uttar Panchannagram > VIP Bazar > Ruby > Kalikapur > EM Bypass
Amta,Sankrail,1,Private,,,8,Bhandergacha > Panpur > Manikpur > Dhulorbandh > Ranihati > Dhulagarh
Amta,Shapoorji,1,Private,,,30,Panpur > Ranihati > Dhulagarh > Alampur > Jalan Gate > Ankurhati > Nibra > Salap > Kona > Rajchandrapur > Ballyhalt > Dakshineswar > Dunlop Bridge > Mathkal > Durganagar > Airport Gate 3 > Airport Gate 1 > Kaikhali > Haldirams > Chinar Park > City Center 2 > Akanksha > Nawabpur > Ecopark > Narkelbagan > Unitech Gate 1 > Uem Campus > Karigari Bhawan
Amta,Uluberia,1,Private,,,8,Bhandergacha > Panpur > Shiberhana > Bargram > Karatberia > Nimdighi
Amta,Unitech Gate 1,1,Private,,,37,Panpur > Ranihati > Dhulagarh > Alampur > Jalan Gate > Ankurhati > Nibra > Khejurtala > Garpa > Santragachi > Baksara > Belepole > Carry Road > Vidyasagar Setu > PTS > Rabindra Sadan > Minto Park > Beck Bagan > Park Circus > Topsia > Science City > EM Bypass > Mathpukur > Metropolitan > Chingrighata > Beleghata Building > Stadium Island > Sushrut Hospital > Wipro > SDF > College More > DLF 1 > New
Amtala,Barasat Chapadali,1,WBTC,,,47,Bishnupur > Khariberia > Bhasha 14no > Pailan > Joka Bridge > Thakurpukur > Cancer Hospital > Kalitala Housing > Kabardanga > Keorapukur > Haridevpur > Tollygunge Metro > Rabindra Sarovar > Rashbehari > Deshapriya Park > Gariahat > Ballygunge Station > Kasba PS > Bosepukur > Acropolis Mall > Ruby > VIP Bazar > Uttar Panchannagram > Science City > Mathpukur > Chingrighata > Nicco Park > SDF > Colle
Amtala,Baruipur,1,WBTC,,,12,Pirtala > Ghatur > Gobra > Jalilpur > Balakhali > Julpia > Dhopagachi > Kalyanpur Panchayat > Padmapukur > Baruipur Station
Amtala,Rajabazar,1,Private,,,26,Bishnupur > Khariberia > Bhasha 14no > Pailan > Joka Bridge > Thakurpukur > Shilpara > Sakher Bazar > Behala Chowrasta > Behala 14 No > Majherhat > Mominpore > Ekbalpur > Kidderpore > Hastings > PTS > Rabindra Sadan > Maidan > Park Street > Esplanade > Chandni Chowk > Wellington > Moulali > Sealdah
Amtala,Ruby,1,WBTC,,,23,Bishnupur > Khariberia > Bhasha 14no > Pailan > Joka Bridge > Thakurpukur > Shilpara > Sakher Bazar > Behala Chowrasta > Behala 14 No > Taratala > New Alipore > Durgapur Bridge > Chetla Park > Rashbehari > Deshapriya Park > Gariahat > Ballygunge Station > Kasba PS > Bosepukur > Acropolis Mall
Anandapur,Bichali Ghat,1,Private,,,20,Ruby > Acropolis Mall > Bosepukur > Kasba PS > Ballygunge Station > Gariahat > Deshapriya Park > Rashbehari > Rabindra Sarovar > Tollygunge Phari > Mahabirtala > New Alipore > Taratala > Brace Bridge > Jhinjhira Bazar > Nature Park > Ramnagar > Kamal Talkies
Anandapur,Bishnupur,1,ABIR TRAVELS,06:10,06:10,15,Ruby > Kolkata (Esplanade) > Santragachi > Kona Express More > Salap > Dankuni > Champadanga > Mayapur > Arambagh > Kamarpukur > Jayrambati > Kotulpur > Joypur
Anandapur,Howrah Station,1,Mini Bus,,,19,Ruby > Acropolis Mall > Bosepukur > Kasba PS > Ballygunge Station > Gariahat > Ballygunge Phari > Garcha Road > Sishu Mangal > Lansdowne > Minto Park > Rabindra Sadan > Maidan > Park Street > Esplanade > BBD Bag > Barabazar
Anandapur,Kamalgazi,1,KABERI TRAVELS,04:35,04:35,17,Keshpur > Narajole > Daspur > Sultannagar > Goura > Khukur Daha > Keshapat > Mechogram > Kolaghat > Bagnan > Uluberia > Dhulagarh > Kona Express More > Santragachi > Ruby
Anandapur,Kestor,1,Private,,,19,Ruby > Acropolis Mall > Bosepukur > Kasba PS > Ballygunge Station > Gariahat > Deshapriya Park > Rashbehari > Hazra > Kalighat > Alipore Court > Burdwan Road > Majherhat > Behala 14 No > Behala Chowrasta > Bakultala > Sarsuna
Anandapur,Khatra,1,,05:30,05:30,9,Chandrakona Road > Goaltore > Pingboni > Sarenga > P More > Raipur > Haludkanali
Anandapur,Nager Bazar,1,Private,,,31,Ruby > Acropolis Mall > Bosepukur > Kasba PS > Ballygunge Station > Gariahat > Deshapriya Park > Rashbehari > Kalighat > Hazra > Bhowanipore > Rabindra Sadan > Maidan > Park Street > Esplanade > Chandni Chowk > Wellington > Moulali > Sealdah > Rajabazar > Maniktala > Khanna Cinema > Shyambazar > RG Kar > Belgachia > Patipukur > Kalindi > Bangur Avenue > Diamond Plaza
Anandapur,Sakher Bazar,1,Mini Bus,,,15,Ruby > Acropolis Mall > Bosepukur > Kasba PS > Ballygunge Station > Gariahat > Deshapriya Park > Rashbehari > Rabindra Sarovar > Tollygunge Metro > Siriti > Muchipara > Ml Gupta Road
Anandapur,Santragachi,1,WBTC,,,19,Ruby > Acropolis Mall > Bosepukur > Kasba PS > Ballygunge Station > Gariahat > Deshapriya Park > Sishu Mangal > Lansdowne > Minto Park > Rabindra Sadan > PTS > Vidyasagar Setu > Carry Road > Belepole > Betore > Baksara
Andul Station,Ecospace,1,Private,,,34,Mourigram > Chunavati > Hanskhali Pole > Bakultala > Danesh Shaikh Lane > Amtala Phari > Narayana Hospital > Mandirtala > Vidyasagar Setu > Hastings > PTS > Rabindra Sadan > Minto Park > Beck Bagan > Park Circus > 4 No Bridge > Topsia > Science City > EM Bypass > Mathpukur > Metropolitan > Chingrighata > Nicco Park > Wipro > SDF > College More > DLF 1 > Newtown > Axis Mall > Narkelbagan > Unitech 
Aquatica,Howrah Station,1,Private,,,18,Thakdari > Kestopur Bazar > Dumdum Park > Laketown > Sreebhumi > Ultadanga > Khanna Cinema > Maniktala > Rajabazar > Sealdah > Bank Of India > Bowbazar > Central > Lalbazar > BBD Bag > Barabazar
Arambagh,Barakar,1,,06:10,06:10,2,
Arambagh,Digha,1,,03:20,03:20,18,Goghat > Kamarpukur > Ramjibanpur > Khirpai > Chandrakona Town > Neradeul > Mugbosan > Keshpur > Medinipur > Mohanpur > Kharagpur > Belda > Khakurda > Egra > Contai > Ramnagar
Arambagh,Esplanade,1,WBTC,,,13,Gourhati > Mayapur > Champadanga > Gawjar > Sheakhala > Mosat > Chanditala > Kalipur Bazar > Dankuni > Salap > Santragachi
Arambagh,Kharagpur,1,Private,,,21,Kalipur > Goghat > Kamarpukur > Hajipur > Ramjibanpur > Shrinagar > Jara > Khirpai > Kalikapur > Chandrakona Town > Guaidaha > Chandrakona Road > Mandalkupi > Salboni > Godapiashal > Bhadutala > Medinipur > Mohanpur > Kharagpur Chowrangee
Arambagh,Manbazar,1,TUFAN TRAVELS,06:25,06:25,14,Goghat > Kamarpukur > Jayrambati > Ramdiha > Baital > Bankadaha > Piardoba > Panchmura > Taldangra > Bibarda > Hatirampur > Pairachali
Arambagh,Purulia,1,,05:20,05:20,2,
Aranghata,Digha,1,WBTC,,,25,Ranaghat > Chakdah > Barajaguli > Amdanga > Barasat Colony > Madhyamgram > Airport Gate 3 > Dunlop > Bally > Salap > Dhulagarh > Uluberia Bypass > Bagnan > Kolaghat > Radhamoni > Mecheda > Nandakumar > Henria > Contai > Balisai > Ramnagar > Old Digha > New Digha
Araria Bihar,Siliguri,1,Shyamoli Paribahan,,,2,
Argoal,Howrah,1,,04:00,04:00,16,Pratap Dighi > Patashpur > Temathani > Jamna > Mundumari > Balichak > Debra > Mechogram > Kolaghat > Bagnan > Uluberia > Dhulagarh > Kona Express More > Santragachi
Ariadaha,Kundghat,1,WBTC,,,23,Dakshineswar > Alambazar > Bonhooghly > Baghajatin Rd > Baranagar Bazar > Bibir Bazar > Cossipur > Bag Bazar > Sovabazar > M.G.Road Jn > Colutala St > B.B.Ganguly St > B.B.D.Bag > Espl > Parkstreet > Elgin Rd > Hazra Rd > R.B.Ave > Tollygunge Phari > Tollygunge Tram Depot > Chandi Ghosh
Ariadaha,Nabanna,1,WBTC,,,19,Dakshineswar > Dunlop > Bonhooghly > Tobin Road > Sinthi > Chiria > Shyambazar > Rajballavpara > Sovabazar > Girish Park > MG Road > Central > Lalbazar > BBD Bag > Esplanade > Fort William > Vidyasagar Setu
Arsha,Bandwan,1,,06:00,06:00,9,Purulia > Simulia > Damda > Urma > Balarampur > Barabazar > Katin
Asansol,Agra,1,Shyamoli Paribahan,,,2,
Asansol,Baharampur,1,,05:50,05:50,9,Raniganj > Pandaveswar > Dubrajpur > Suri > Sainthia > Kuli > Kandi
Asansol,Barasat Chapadali,1,WBTC,,,10,Raniganj > Durgapur City Center > Panagarh > Burdwan > Durgapur Expressway > Dankuni Housing > Dunlop Bridge > Airport Gate 3
Asansol,Bardhaman,1,,06:50,06:50,9,Raniganj > Andal > Durgapur (City Center) > Durgapur (Muchipara) > Panagarh > Budbud > Galsi
Asansol,Bongaon,1,WBTC,,,29,Kalipahari > Raniganj Punjabi > Andal > Bhiringi > Durgapur City Center > Muchipara > Dvc > Panagarh Bypass > Barddhaman Bypass > Shaktigarh > Dankuni > Dunlop Bridge > Airport Gate 3 > Madhyamgram > Barasat > Barasat Dakbunglow > Barasat Chapadali > Bamangachi > Duttapukur > Joypul > Bira > Guma > Ashoknagar > Habra Joygachi > Chongda > Gaighata > Chandpara
Asansol,Contai,1,,07:20,07:20,25,Raniganj > Durgapur (City Center) > Durgapur (Station) > Barjora > Beliatore > Makurgram > Bankura > Dhaldanga > Onda > Ramsagar > Bishnupur > Bankadaha > Dhadika > Garhbeta > Chandrakona Road > Salboni > Bhadutala > Medinipur > Mohanpur > Kharagpur > Belda > Khakurda > Egra
Asansol,Contai (Kanthi),1,Mitra,06:15,06:15,23,Raniganj > Durgapur (City Center) > Durgapur (Station) > Barjora > Beliatore > Makurgram > Bankura Bypass > Dhaldanga > Onda > Ramsagar > Bishnupur > Bankadah > Dhadika > Garhbeta > Chandrakona > Salboni > Bhadutala > Medinipur > Kharagpur > Belda > Egra
Asansol,Dainhat,1,Private,,,20,Kalipahari > Raniganj Punjabi > Andal > Durgapur City Center > Muchipara > Panagarh > Budbud > Mankar > Abhirampur > Guskara > Debpur > Muratipur > Bolgona > Nigan > Kaichar > Shrikhanda > Katwa Station > Katwa Bus Stand
Asansol,Diamond,1,SBSTC,13:05,13:05,2,
Asansol,Digha Border,1,Jinia,18:00,18:00,46,Raniganj > Durgapur (City Center) > Durgapur (Station) > Barjora > Beliatore > Bankura Bypass > Dholdanga > Onda > Ramsagar > Bishnupur > Bankadah > Dhadika > Garhbeta > Chandrakona Road > Salboni > Bhadutala > Medinipur > Kharagpur Chowringhee > Kharagpur Station > Makrampur > Narayangarh > Bakhra Bad > Belda > Thakurchak > Khakurda > Sauri > Jahalda > Lalat > Egra > Dobadhi > Balighai > Tajpur >
Asansol,Etawah,1,Shyamoli Paribahan,,,2,
Asansol,Fatehpur,1,Shyamoli Paribahan,,,2,
Asansol,Habra,1,WBTC,,,17,Kalipahari > Raniganj > Durgapur City Center > Muchipara > Panagarh > Barddhaman Bypass > Shaktigarh > Dankuni > Dunlop > Madhyamgram > Barasat > Duttapukur > Bira > Guma > Ashoknagar
Asansol,Habra Station,1,WBTC,,,13,Raniganj > Durgapur City Center > Panagarh > Burdwan > Durgapur Expressway > Dankuni Housing > Dunlop Bridge > Airport Gate 3 > Barasat Chapadali > Duttapukur > Ashoknagar Station
Asansol,Haldia Township,1,WBTC,,,31,Kalipahari > Raniganj Punjabi > Andal > Bhiringi > Durgapur City Center > Dvc > Muchipara > Panagarh Bypass > Barddhaman Bypass > Shaktigarh > Dankuni > Salap > Santragachi > Esplanade > Santragachi > Dhulagarh > Ranihati > Panchla > Uluberia Checkpost > Bagnan > Kolaghat > Mecheda > Radhamoni > Nimtauri > Nandakumar > Kapasaria > Brajalalchak > City Center 1 > Ranichak
Asansol,Kalna,1,Private,,,19,Kalipahari > Raniganj Punjabi > Andal > Durgapur City Center > Muchipara > Panagarh > Budbud > Galsi > Barddhaman Nawabhat Bus Stand > Shaktigarh > Rasulpur > Memari > Gontar > Kalibele > Harishankarpur > Baghnapara > Nibhuji
Asansol,Kalyani Ishwsar Gupta Setu,1,Private,,,17,Kalipahari > Raniganj Punjabi > Andal > Durgapur City Center > Muchipara > Panagarh > Budbud > Galsi > Barddhaman Nawabhat Bus Stand > Shaktigarh > Rasulpur > Memari > Bainchi > Panuda > Magra
Asansol,Khatra,1,,06:10,06:10,18,Raniganj > Mejia > Nandanpur > Durlavpur > Gangajalghati > Desuria > Amarkanan > Gobindadham > Kanchanpur > Bankura > Dhaldanga > Puabagan > Sunukpahari > Indpur > Bangla > Hatirampur
Asansol,Mathura,1,Shyamoli Paribahan,,,2,
Asansol,Ranchi,1,,06:00,06:00,10,Neamatpur > Dishergarh > Sarbori More > Raghunathpur > Anara > Purulia > Chas > Jhalda
Asansol,Tatanagar,1,,05:20,05:20,12,Neamatpur > Chirkunda > Panchet > Sarbori More > Raghunathpur > Sanka > Anara > Purulia > Balarampur > Chandil
Asansol A.C.,Digha,1,SBSTC,05:15,05:15,2,
Aurangabad Bihar,Kolkata,1,Shyamoli Paribahan,,,2,
Aushbali,Serampore,1,Private,,,15,Mosat > Jangalpara > Krishnarampur > Kumirmora > Kalachara > Chanditala > Kalipur > Dankuni Station > Dankuni Housing > Delhi Road > Pardankuni > Belu > Nabgram
Babughat,Baruipur,1,Private,,,27,Esplanade > Chandni Chowk > Wellington > Moulali > Mallick Bazar > Park Circus > Quest Mall > Ballygunge Phari > Gariahat > Golpark > Dhakuria > Jadavpur 8B > Baghajatin > Ramgarh > Garia Metro > Mahamayatala > Kamalgazi > Narendrapur > Rajpur Bazar > Harinavi > Khasmallick > Padmapukur > Baruipur Station > Baruipur Hospital > Shibanipith
Babughat,Bikash Bhawan,1,Private,,,14,Esplanade > Chandni Chowk > Wellington > Moulali > Sealdah > Beleghata > Beleghata Building > Saltlake 16no Tank > Saltlake 14no Tank > Sushrut Hospital > Saltlake 12no Tank > Karunamoyee
Babughat,Birati Tantkal,1,Private,,,23,Esplanade > Chandni Chowk > Central > MG Road > Girish Park > Vivekananda Road > Maniktala > Kankurgachi > Ultadanga > Sreebhumi > Laketown > Dumdum Park > Kestopur > Baguiati > Teghoria > Haldirams > Kaikhali > Airport Gate 1 > Airport Gate 3 > Birati > Birati Station
Babughat,Burul,1,WBTC,,,25,Esplanade > Fort William > PTS > Bhabani Bhawan > Mominpore > Majherhat > Behala 14 No > Behala Chowrasta > Sakher Bazar > Shilpara > Thakurpukur > Joka Bridge > Hanspukur > Rasapunja > Shamali > Shamukpota > Bibirhat > Bakhrahat > Nodakhali > Dongaria > Bisalakshmitala > Chandua Bazar > Burul Bazar
Babughat,Dakshineswar,1,Mini Bus,,,17,Poddar Court > Central > Bowbazar > Medical College > College Street > Vivekananda Road > Hedua > Hatibagan > Shyambazar > Chiria > Sinthi > Baranagar Bazar > Bonhooghly > Deshbandhu Road > Alambazar
Babughat,Derozio College,1,Private,,,19,Esplanade > Chandni Chowk > Wellington > Moulali > Sealdah > Beleghata > Phoolbagan > Kankurgachi > Ultadanga > Sreebhumi > Laketown > Dumdum Park > Kestopur > Baguiati > Lokenath Mandir > Chinar Park > Salua Bazar
Babughat,Dumdum Canton,1,Private,,,19,Esplanade > Chandni Chowk > Wellington > Moulali > Sealdah > Rajabazar > Maniktala > Khanna Cinema > Shyambazar > RG Kar > Belgachia > Patipukur > Kalindi > Bangur Avenue > Diamond Plaza > Nager Bazar > Central Jail
Babughat,Falta,1,Private,,,27,Esplanade > Fort William > Hastings > Kidderpore > Ekbalpur > Mominpore > Majherhat > Behala 14 No > Behala Chowrasta > Sakher Bazar > Shilpara > Thakurpukur > Joka Bridge > Pailan > Bhasha 14no > Khariberia > Bishnupur > Amtala > Shirakole > Fatehpur > Dostipur > Dighirpar > Harindanga > Belsingha > Sahararhat
Babughat,Ghatakpukur,1,Private,,,19,Esplanade > Chandni Chowk > Wellington > Moulali > Sealdah > Palmer Bazar > Tangra > Topsia > Science City > Chowbaga > Bantala Bazar > Leather Complex > Kantatala > Bhojerhat > Paglarhat > Boralighat > Nalmuri
Babughat,Gouripur,1,Private,,,18,Esplanade > Chandni Chowk > Wellington > Moulali > Sealdah > Rajabazar > Maniktala > Khanna Cinema > Shyambazar > Chiria > Dumdum Station > Nager Bazar > Central Jail > Airport Gate 1 > Airport Gate 3 > Birati
Babughat,Julpia,1,Private,,,23,Esplanade > Park Street > Maidan > Rabindra Sadan > Bhowanipore > Hazra > Kalighat > Rashbehari > Rabindra Sarovar > Tollygunge Phari > Mahabirtala > NSHM Campus > Siriti > Haridevpur > Keorapukur > Kabardanga > Mittirchak > Sajnaberia > Mallickpur > Bakeshwar > Nepalgunge
Babughat,Madhyamgram,1,Private,,,25,Esplanade > Chandni Chowk > Wellington > Moulali > Sealdah > Rajabazar > Maniktala > Kankurgachi > Ultadanga > Sreebhumi > Laketown > Dumdum Park > Kestopur > Baguiati > Teghoria > Haldirams > Kaikhali > Airport Gate 1 > Airport Gate 3 > Birati > Michaelnagar > BT College > Doltala
Babughat,Mahamayatala,1,Private,,,17,Esplanade > Fort William > PTS > Bhabani Bhawan > Hazra > Kalighat > Rashbehari > Rabindra Sarovar > Tollygunge Metro > Malancha Cinema > Ranikuthi > Netaji Nagar > Bansdroni > Naktala > Garia Metro
Babughat,Mohishpota,1,Private,,,24,Esplanade > Chandni Chowk > Wellington > Hind Cinema > Bowbazar > Medical College > College Street > Vivekananda Road > Hedua > Hatibagan > Shyambazar > Chiria > Sinthi > Tobin Road > Bonhooghly > Dunlop > Rathtala > Kamarhati > Sodepur Station > Bhomboler > Natagarh > Parthapur
Babughat,Rahara Bazar,1,Private,,,23,Esplanade > Chandni Chowk > Wellington > Hind Cinema > Bowbazar > Medical College > College Street > Vivekananda Road > Hedua > Hatibagan > Shyambazar > Chiria > Sinthi > Tobin Road > Bonhooghly > Dunlop > Rathtala > Kamarhati > Sodepur Station > Rashmoni > Kalyan Nagar
Babughat,Raipur,1,Private,,,23,Esplanade > Fort William > Hastings > Kidderpore > Ekbalpur > Mominpore > Majherhat > Behala 14 No > Behala Chowrasta > Sakher Bazar > Shilpara > Thakurpukur > Joka Bridge > Hanspukur > Rasapunja > Shamali > Shamukpota > Bibirhat > Bakhrahat > Nodakhali > Dongaria
Babughat,Sajirhat,1,Private,,,20,BBD Bag > Central > MG Road > Girish Park > Sovabazar > Rajballavpara > Shyambazar > Chiria > Sinthi > Tobin Road > Bonhooghly > Dunlop > Rathtala > Kamarhati > Sodepur Station > Ghola Bazar > Muragacha > Boardghar
Babughat,Shapoorji,1,Private,,,20,Esplanade > Chandni Chowk > Wellington > Moulali > Sealdah > Beleghata > Beleghata Building > Chingrighata > Nicco Park > SDF > College More > DLF 1 > Newtown > Axis Mall > Narkelbagan > Unitech Gate 1 > Uem Campus > Karigari Bhawan
Babughat,Shyambazar,1,Mini Bus,,,11,Esplanade > Bentinck Street > Lalbazar > Poddar Court > Rabindra Sarani > Ganesh Talkies > BK Paul > Sovabazar > Rajballavpara
Babughat,Thakurpukur,1,Private,,,17,Esplanade > Park Street > Maidan > Rabindra Sadan > Bhowanipore > Hazra > Kalighat > Rashbehari > Rabindra Sarovar > Tollygunge Metro > Haridevpur > Keorapukur > Kabardanga > Kalitala Housing > Cancer Hospital
Baburhat,Rajabazar,1,Private,,,19,Minakhan > Ghushighata > Ghatakpukur > Nalmuri > Boralighat > Paglarhat > Bhojerhat > Kantatala > Leather Complex > Bantala Bazar > Chowbaga > Science City > Topsia > 4 No Bridge > CIT Road > Moulali > Sealdah
Badanganj,Kolkata,1,,09:20,09:20,15,Kamarpukur > Goghat > Arambagh > Mayapur > Champadanga > Siakhala > Mosat > Chanditala > Dankuni > Bally > Dakshineswar > Dunlop > Shyambazar
Badanganj,Medinipur,1,,06:40,06:40,11,Chamkaitala > Shyamnagar > Dhadika > Garhbeta > Kiaboni > Chandrakona Road > Salboni > Godapiasal > Bhadutala
Badartala,Esplanade,1,Private,,,12,Rajabagan > Metiabruz > Bichali Ghat > Kamal Talkies > Ramnagar > Garden Reach > Babubazar > Kidderpore > Hastings > Fort William
Badartala,Howrah Station,1,Private,,,16,Rajabagan > Metiabruz > Bichali Ghat > Mudiali > HMG College > Fatehpur > Ramnagar > Garden Reach > Babubazar > Kidderpore > Hastings > Princep Ghat > Babughat > Barabazar
Badartala,Rajabazar,1,Private,,,23,Rajabagan > Metiabruz > Bichali Ghat > Kamal Talkies > Ramnagar > Nature Park > Jhinjhira Bazar > Brace Bridge > Taratala > Hide Road > BNR Hospital > Babubazar > Kidderpore > Hastings > Princep Ghat > Babughat > Esplanade > Chandni Chowk > Wellington > Moulali > Sealdah
Baduria,Barasat Chapadali,1,WBTC,,,12,Raghunathpur > Jadurhati > Khaspur > Nagar Kachua > Kaukepara > Berachampa > Deganga > Beleghata > Golabari > Kadambagachi
Baduria,Esplanade,1,WBTC,,,30,Raghunathpur > Jadurhati > Berachampa > Deganga > Beleghata > Golabari > Kadambagachi > Barasat Chapadali > Madhyamgram > BT College > Birati > Airport Gate 3 > Airport Gate 1 > Central Jail > Nager Bazar > Diamond Plaza > Bangur Avenue > Kalindi > Patipukur > Belgachia > RG Kar > Shyambazar > Rajballavpara > Sovabazar > Girish Park > MG Road > Central > Chandni Chowk
Baduria,Shyambazar,1,WBTC,,,23,Raghunathpur > Jadurhati > Berachampa > Deganga > Beleghata > Golabari > Kadambagachi > Barasat Chapadali > Madhyamgram > BT College > Birati > Airport Gate 3 > Airport Gate 1 > Central Jail > Nager Bazar > Diamond Plaza > Bangur Avenue > Kalindi > Patipukur > Belgachia > RG Kar
Bagbazar,Barasat Chapadali,1,Private,,,19,Rajballavpara > Shyambazar > RG Kar > Belgachia > Patipukur > Kalindi > Bangur Avenue > Diamond Plaza > Nager Bazar > Central Jail > Airport Gate 1 > Airport Gate 3 > Birati > Michaelnagar > BT College > Doltala > Madhyamgram
Bagbazar,Garia Bus Stand,1,WBTC,,,23,Shyambazar > Khanna Cinema > Ultadanga > Kankurgachi > Phoolbagan > CIT Road > Beleghata Building > Chingrighata > Mathpukur > Science City > Uttar Panchannagram > VIP Bazar > Ruby > Kalikapur > Mukundapur > EM Bypass > Ajaynagar > Hiland Park > Peerless Hospital > Patuli > 45 Bus Stand
Bagbazar,Golf Green,1,Private,,,22,Rajballavpara > Shyambazar > Hatibagan > Hedua > Vivekananda Road > Amherst Street > Sealdah > Moulali > CIT Road > Chittaranjan Hospital > Park Circus > Quest Mall > Ballygunge Phari > Gariahat > Golpark > Dhakuria > Jadavpur PS > South City > Lake Gardens > Doordarshan Bhawan
Bagbazar,Kharibari,1,Private,,,25,Rajballavpara > Shyambazar > RG Kar > Belgachia > Patipukur > Kalindi > Bangur Avenue > Diamond Plaza > Nager Bazar > Central Jail > Airport Gate 1 > Airport Gate 3 > Birati > Michaelnagar > BT College > Doltala > Madhyamgram > Badu Bazar > Kanchantala > Gustia > Kemia > Krishnamati > Chowmuha
Bagbazar,Shakuntala Park,1,WBTC,,,23,Shyambazar > Khanna Cinema > Maniktala > Rajabazar > Sealdah > Moulali > Wellington > Chandni Chowk > Esplanade > Park Street > Maidan > Rabindra Sadan > PTS > Alipore Zoo > Ekbalpur > Mominpore > Majherhat > Taratala > Behala 14 No > Behala Chowrasta > Bakultala
Baghajatin,Old Dakghar,1,Private,,,20,Jadavpur 8B > Dhakuria > Golpark > Gariahat > Deshapriya Park > Rashbehari > Hazra > Kalighat > Alipore Court > Burdwan Road > Majherhat > Taratala > Brace Bridge > Jhinjhira Bazar > Sarkarpool > SM Nagar > Rampur Quarter > Mollar Gate
Baghmundi,Esplanade,1,WBTC,,,9,Purulia > Bankura > Chatna > Durgapur > Barddhaman > Dankuni > Santragachi
Baghmundi,Kolkata (Esplanade),1,,05:00,05:00,2,
Bagnan,58 Gate,1,Private,,,16,Khalore > Antila Bridge > Bantul > Nuntia > Mugkalyan > Noul Bazar > Deorah > Shasati > Belpukur > Hoglashi > Kanthalibar > Shyampur > Kharuberia > Garchumuk
Bagnan,Amta,1,Private,,,7,Khadinan > Harop Bazar > Agunshi > Udang Bazar > Khasnan
Bagnan,Gadiara,1,Private,,,17,Khalore > Antila Bridge > Bantul > Nuntia > Mugkalyan > Noul Bazar > Deorah > Shasati > Belpukur > Hoglashi > Kanthalibar > Shyampur > Sitalpur > Gohaldaha > Gujarpur
Bagnan,Joypur,1,Private,,,8,Mankur > Patinan > Kalyanpur > Kulepairi > Khalna Bazar > Khejurdaha
Bagnan,Kamalpur,1,Private,,,14,Khalore > Antila Bridge > Bantul > Nuntia > Mugkalyan > Noul Bazar > Deorah > Shasati > Belpukur > Hoglashi > Shrikole > Radhapur
Bagnan,Karunamoyee,1,Private,,,33,Uluberia > Panchla > Ranihati > Dhulagarh > Alampur > Jalan Gate > Ankurhati > Nibra > Salap > Kona > Rajchandrapur > Ballyhalt > Dakshineswar > Dunlop Bridge > Mathkal > Durganagar > Airport Gate 3 > Airport Gate 1 > Kaikhali > Haldirams > Chinar Park > City Center 2 > Akanksha > Nawabpur > Ecopark > Narkelbagan > Axis Mall > Newtown > DLF 1 > College More > Wipro
Bagnan,Shibgunge,1,Private,,,16,Khalore > Antila Bridge > Bantul > Nuntia > Mugkalyan > Noul Bazar > Deorah > Shasati > Belpukur > Hoglashi > Kanthalibar > Shyampur > Narikelabar > Bhagabanpur
Bagnan,Shyambazar,1,Private,,,22,Uluberia > Nimdighi > Khalisani > Panchla > Ranihati > Dhulagarh > Alampur > Jalan Gate > Ankurhati > Nibra > Salap > Kona > Rajchandrapur > Ballyhalt > Dakshineswar > Dunlop > Bonhooghly > Tobin Road > Sinthi > Chiria
Bagpota,Howrah,1,WBTC,,,12,Kestor More > Sarsuna > Behala > Taratala Xing > Mominpore > Khidirpore > Casurina Ave > Esplanade > BBD Bag > Howrah Bridge East
Baguiati,BBD Bag,1,Mini Bus,,,13,Kestopur > Dumdum Park > Laketown > Sreebhumi > Ultadanga > Kankurgachi > Maniktala > Vivekananda Road > Girish Park > MG Road > Central
Baharagora,Haldia,1,,06:30,06:30,14,Chichra > Lodhasuli > Guptamoni > Kharagpur > Debra > Panskura > Mechogram > Mecheda > Tamluk > Nandakumar > Mahishadal > Durgachak
Baharampur,Asansol,1,RANI TRAVELS,04:30,04:30,18,Gokarna > Kandi > Kuli > Sundarpur > Marut > Futishanko > Kirnahar > Nanoor > Bolpur > Illambazar > Piyariganj > Panagarh > Durgapur (Muchipara) > Durgapur (City Center) > Andal > Raniganj
Baidyanathpur,Kashipur,1,,05:50,05:50,2,
Baidyanathpur,Purulia,1,,06:50,06:50,10,Arkama > Khatra > Hatirampur > Manbazar > Gopalnagar > Kenda > Chakaltore > Simulia
Baidyanathpur,Raniganj,1,,07:00,07:00,18,Arkama > Khatra > Hatirampur > Bangla > Indpur > Sunukpahari > Puabagan > Bankura > Kanchanpur > Gobindadham > Amarkanan > Desuria > Gangajalghati > Durlavpur > Nandanpur > Mejia
Bainchi,Taldangra,1,,05:10,05:10,13,Saktigarh > Bardhaman > Telipukur > Khandaghosh > Indus > Santasram > Bajitpur > Balsi > Pandua > Hinjuri > Bishnupur
Baisnabghata,Airport Gate 1,1,Private,,,27,Ramgarh > Baghajatin > Jadavpur 8B > Dhakuria > Golpark > Gariahat > Ballygunge Phari > Quest Mall > Park Circus > Chittaranjan Hospital > CIT Road > Moulali > Sealdah > Beleghata > Phoolbagan > Kankurgachi > Ultadanga > Sreebhumi > Laketown > Dumdum Park > Kestopur > Baguiati > Teghoria > Haldirams > Kaikhali
Baisnabghata,Howrah Maidan,1,Mini Bus,,,21,Ramgarh > Baghajatin > Jadavpur 8B > South City > Lake Gardens > Anwar Shah Road > Tollygunge Phari > Rabindra Sarovar > Rashbehari > Kalighat > Hazra > Bhowanipore > Rabindra Sadan > Maidan > Park Street > Esplanade > BBD Bag > Barabazar > Howrah Station
Bajitpur,Asansol,1,,05:20,05:20,16,Balsi > Patrasayer > Kankardanga > Dhansimla > Sonamukhi > Rampur > Bhairabdanga > Chhandar > Beliatore > Barjora > Durgapur (Station) > Durgapur (City Center) > Andal > Raniganj
Bajitpur,Bolpur,1,,04:55,04:55,2,
Bajitpur,Khatra,1,,05:30,05:30,15,Balsi > Pandua > Hinjuri > Joykrishnapur > Bishnupur > Ramsagar > Onda > Dhaldanga > Bankura > Puabagan > Indpur > Bangla > Hatirampur
Bajitpur,Nabadwip,1,,05:25,05:25,12,Patrasayer > Kankardanga > Rasulpur > Khandaghosh > Telipukur > Bardhaman > Golapbag > Mehedibagan > Kusumgram > Nadanghat
Bajkul,Baleshwar,1,SHIVSHAKTI TRAVEL'S,05:50,05:50,11,Mirzapur > Bhagabanpur > Bibhishanpur > Manglamaro > Patashpur > Egra > Mohanpur > Gomunda > Jaleswar
Bajkul,Medinipur,1,,03:45,03:45,2,
Bajkul,Salt Lake,1,Santosh Bus Service,06:10,06:10,2,
Bakkhali,Habra Depot,1,WBTC,,,42,Frazerganj > Dwariknagar > Namkhana > Kakdwip Bus Stand > Nischintipur > Karanjali > Kulpi > Hatuganj > Diamond Harbour > Sarisha > Shirakole > Amtala > Bishnupur > Bhasha 14no > Pailan > Joka Bridge > Thakurpukur > Shilpara > Sakher Bazar > Behala Chowrasta > Behala 14 No > Majherhat > Mominpore > Alipore Zoo > PTS > Esplanade > Ultadanga > Airport Gate 1 > Airport Gate 3 > Birati > BT College > 
Bakkhali,Kakdwip Bus Stand,1,WBTC,,,9,Amrabati > Frazerganj > 10 Mile Bazar > Sibanagar > Narayanpur > Namkhana Station > Ukilerhat
Bakshi,Esplanade,1,WBTC,,,10,Kajiberia > Kalyanpur > Mankur > Bagnan > Nimdighi > Ranihati > Dhulagarh > Santragachi
Baksi,Bankura,1,,06:10,06:10,11,Fulkusma > Motgoda > Haludkanali > Khatra > Hatirampur > Bangla > Indpur > Puabagan > Dhaldanga
Baksi,Jhargram,1,,07:45,07:45,3,Dahijuri
Baksi,Kultikri,1,,09:00,09:00,10,Harda > Binpur > Dahijuri > Jhargram > Lodhasuli > Gohal Mara > Ragra > Rohini
Bakultala,Esplanade,1,Private,,,13,Danesh Shaikh Lane > Amtala Phari > Narayana Hospital > Bataitala Phari > Kazipara > Shibpur Bazar > Mallick Fatak > Howrah Maidan > Howrah Station > Barabazar > BBD Bag
Balaipanda,Bardhaman,1,MAA BEJALE TRAVEL'S,03:35,03:35,24,Moyna > Nimtouri > Mecheda > Mechogram > Keshapat > Khukur Daha > Goura > Sultannagar > Daspur > Ghatal > Baroda Chowkan > Radhanagar > Khirpai > Srinagar > Ramjibanpur > Kamarpukur > Goghat > Arambagh > Uchalan > Mogalmari > Sehara Bazar > Telipukur
Balaka Housing (EcoPark),Santragachi,1,WBTC,,,20,Narkelbagan > Newtown > DLF1 > Technopolis > College More > SDF > Chingrighata > Dhapa Mathpukur > Science City > Park Circus 4 No. > Park Circus 7 Point > Beck Bagan > Minto Park > Exide Crossing > PTS > Hastings > Toll Tax > Belepol
Balarampur,Asansol,1,RAGHUNATH TRAVELS,09:20,09:20,12,Urma > Damda > Simulia > Purulia > Golkunda > Anara > Raghunathpur > Sarbori More > Dishergarh > Neamatpur
Balarampur,Bolpur,1,,04:20,04:20,18,Katin > Bandwan > Ranibandh > Khatra > Hatirampur > Bangla > Indpur > Puabagan > Dhaldanga > Bankura > Makurgram > Beliatore > Barjora > Durgapur (Station) > Durgapur (Muchipara) > Panagarh
Balarampur,Medinipur,1,,04:50,04:50,15,Barabazar > Katin > Bandwan > Kuilapal > Poradih > Tamajuri > Belpahari > Silda > Binpur > Dahijuri > Jhargram > Dherua > Chandra
Balgona,Esplanade,1,WBTC,,,10,Bhatar > Norja > Dewandighi > Barddhaman Station > Shaktigarh > Dankuni > Salap > Santragachi
Balichak,Bardhaman,1,,04:35,04:35,15,Balaipanda > Nimtouri > Mecheda > Mechogram > Ghatal > Khirpai > Ramjibanpur > Srinagar > Kamarpukur > Arambagh > Uchalan > Sehara Bazar > Telipukur
Balichak,Kukrahati,1,,06:20,06:20,2,
Ballygunge,Howrah,1,WBTC,,,11,Gariahat > Deshapriya Park > RB Avenue > Hazra > Elgin > Parkstreet > Esplanade > BBD Bag > Howrah Bridge East
Ballygunge Station,BBD Bag,1,Mini Bus,,,11,Gariahat > Ballygunge Phari > Gurusaday Road > Beck Bagan > Minto Park > Rabindra Sadan > Maidan > Park Street > Esplanade
Ballygunge Station,Dunlop,1,WBTC,,,24,Gariahat > Deshapriya Park > Lake Mall > Rashbehari > Kalighat > Hazra > Bhowanipore > Rabindra Sadan > Maidan > Park Street > Esplanade > Chandni Chowk > Central > MG Road > Girish Park > Sovabazar > Rajballavpara > Shyambazar > Chiria > Sinthi > Tobin Road > Bonhooghly
Ballygunge Station,Howrah Station,1,WBTC,,,17,Gariahat > Deshapriya Park > Rashbehari > Kalighat > Hazra > Bhowanipore > Elgin > Exide > Rabindra Sadan > Maidan > Park Street > Mayo Road > Esplanade > BBD Bag > Barabazar
Ballygunge Station,Nabanna,1,WBTC,,,12,Gariahat > Deshapriya Park > Rashbehari > Kalighat > Hazra > Bhowanipore > Rabindra Sadan > PTS > Vidyasagar Setu > Mandirtala
Ballyhalt,Garia Bus Stand,1,WBTC,,,39,Ballyghat > Dakshineswar > Dunlop Bridge > Mathkal > Durganagar > Airport Gate 3 > Airport Gate 1 > Kaikhali > Haldirams > Teghoria > Baguiati > Kestopur > Dumdum Park > Laketown > Sreebhumi > Ultadanga > Bengal Chemical > Mani Square > Apollo Hospital > Swabhumi > Saltlake Stadium > Beleghata Building > Chingrighata > Mathpukur > Science City > Uttar Panchannagram > VIP Bazar > Fortis Hospital > 
Ballyhalt,Kashipur,1,Private,,,31,Dakshineswar > Dunlop Bridge > Mathkal > Durganagar > Airport Gate 3 > Airport Gate 1 > Kaikhali > Haldirams > Chinar Park > City Center 2 > Akanksha > Nawabpur > Ecopark > Narkelbagan > Tata Cancer Hospital > Unitech Gate 2 > Unitech Gate 1 > Shirishtala > Natunpukur > Uem Campus > Karigari Bhawan > Hajratala > ITC Infotech > Hatishala > Gabtala Bazar > Jirangachha > Nagalbeki > Saduli > Shonepur
Ballyhalt,Sector V,1,WBTC,,,20,Dakshineswar > Dunlop Bridge > Mathkal > Durganagar > Airport Gate 3 > Airport Gate 1 > Kaikhali > Haldirams > Chinar Park > City Center 2 > Akanksha > Nawabpur > Ecopark > Narkelbagan > Axis Mall > Newtown > DLF 1 > College More
Ballykhal,Esplanade,1,Private,,,11,Bally Bazar > Belurmath > Liluah > Malipanchghara > Bandha Ghat > Golabarai PS > Howrah Station > Barabazar > BBD Bag
Ballykhal,Kidderpore,1,Mini Bus,,,16,Bally Bazar > Belurmath > Liluah > Bandha Ghat > Salkia Chowrasta > Golabarai PS > Pilkhana > Howrah Station > Barabazar > BBD Bag > Esplanade > Babughat > Princep Ghat > Hastings
Baluhati,Esplanade,1,Mini Bus,,,15,Jagadishpur > Chamrail > Kona > Biradingi > Belgachia > Bamangachi > Salkia Chowrasta > Bandha Ghat > Golabarai PS > Pilkhana > Howrah Station > Barabazar > BBD Bag
Balurghat,Asansol,1,NBSTC,06:30,06:30,2,
Balurghat,Cooch Behar,1,NBSTC,05:20,05:20,2,
Balurghat,Jalpaiguri,1,NBSTC,09:00,09:00,2,
Balurghat,Krishnanagar,1,NBSTC,09:15,09:15,2,
Balurghat,Ranaghat,1,NBSTC,06:00,06:00,2,
Balurghat,Siliguri,1,NBSTC,05:00,05:00,2,
Bandar,Kolkata,1,,,,0,
Bandowan,Esplanade,1,WBTC,,,16,Jhilimili > Ranibandh > Khatra > Hatirampur > Puabagan > Bankura > Durgapur Station > Durgapur City Center > Panagarh Bypass > Barddhaman Bypass > Shaktigarh > Dankuni > Salap > Santragachi
Bandowan,Karunamoyee,1,WBTC,,,22,Kuilapal > Poradi > Banspahari > Belpahari > Silda > Binpur > Dahijuri > Jhargram > Lodhashuli > Kalaikunda > Kharagpur Chowringhee > Basantapur > Debra > Panskura Bypass > Mechogram > Kolaghat > Bagnan > Dhulagarh > Santragachi > Esplanade
Banduan,Barddhaman Nawabhat Bus Stand,1,Private,,,18,Akhro > Boro > Khariduar > Manbazar > Payrachali > Hatirampur > Bangla > Poabagan > Bankura > Beliatore > Borjora > Durgapur Station > Muchipara > Panagarh > Budbud > Galsi
Bandwan,Asansol,1,,05:15,05:15,16,Manbazar > Puncha > Bagda > Napara > Manguria > Lalpur > Hura > Kashipur > Adra > Raghunathpur > Dishergarh > Barakar > Kulti > Neamatpur
Bandwan,Bankura Bus Stand,1,,,,12,Paradih More > Jhilimili > Gunpura > Ranibandh > Akhuta More > Khatra > Supur > Hatirampur > Bangla > Puabagan
Bandwan,Chandrakona Road,1,,06:50,06:50,11,Jamtoria > Rudra > Ambika Nagar > Haludkanali > Raipur > P More > Sarenga > Pingboni > Goaltore
Bandwan,Dishergarh,1,,06:15,06:15,14,Manbazar > Puncha > Dhadki > Bagda > Napara > Manguria > Lalpur > Hura > Kashipur > Adra > Raghunathpur > Sarbori More
Bandwan,Kolkata,1,SBSTC,06:10,06:10,4,Jhargram > Lodhashuli
Bandwan,Tarkeshwar,1,,04:10,04:10,17,Kuilapal > Ranibandh > Khatra > Lakshmisagar > Simlapal > Taldangra > Nakaijuri > Bishnupur > Joypur > Kotulpur > Khatul > Bengai > Arambagh > Mayapur > Champadanga
Bangalore,Kharagpur,1,Shyamoli Paribahan,,,2,
Bangalore,Kolkata,1,Shyamoli Paribahan,,,2,
Bangaon,Bardhaman,1,ASTHA TRAVELS,05:15,05:15,12,Helencha > Duttapulia > Bagula > Hanskhali > Krishnanagar > Nabadwip > Nadanghat > Samudragarh > Satgachia > Hatgobindapur
Bangur Avenue,BNR Hospital,1,Private,,,20,Kalindi > Patipukur > Belgachia > RG Kar > Shyambazar > Khanna Cinema > Maniktala > Rajabazar > Sealdah > Moulali > Mallick Bazar > Beck Bagan > Minto Park > Rabindra Sadan > PTS > Hastings > Kidderpore > Babubazar
Bangur Avenue,Shapoorji,1,WBTC,,,33,Laketown Jessore Road > Kalindi > Patipukur > Duttabagan > Belgachia > RG Kar > Shyambazar > Khanna Cinema > Ultadanga > Ultadanga Hudco > Saltlake PNB > 2 No Tank > Saltlake CA Block > City Center 1 > Central Park > Bikash Bhawan > Mayukh Bhawan > Karunamoyee > Saltlake 10no Tank > Wipro > IBM > College More > DLF 1 > Newtown > Axis Mall > Narkelbagan > Unitech Gate 1 > Uem Campus > Karigari Bhaw
Bankra Bazar,Park Circus,1,Mini Bus,,,16,Japani Gate > Dasnagar > Shanpur > Tikiapara Bypass > Howrah Maidan > Howrah Station > Barabazar > BBD Bag > Esplanade > Chandni Chowk > Wellington > Moulali > CIT Road > Chittaranjan Hospital
Bankura,Ambika Nagar,1,ISHA TRAVELS,12:00,12:00,10,Dhaldanga > Puabagan > Sunukpahari > Indpur > Bangla > Hatirampur > Khatra > Mukutmanipur
Bankura,Arambagh,1,,06:50,06:50,2,
Bankura,Barabazar,1,,08:15,08:15,12,Dhaldanga > Puabagan > Sunukpahari > Indpur > Bangla > Jorda > Saldiha > Puncha > Manbazar > Sindri
Bankura,Baripada,1,,05:30,05:30,18,Dhaldanga > Ratanpur > Taldangra > Simlapal > Bikrampur > P More > Raipur > Motgoda > Fulkusma > Silda > Parihati > Gidhni > Chichra > Baharagora > Jamsola > Kuliana
Bankura,Bhutsahar,1,,08:20,08:20,11,Dhaldanga > Puabagan > Sunukpahari > Indpur > Bangla > Hatirampur > Khatra > Lakshmisagar > Simlapal
Bankura,Bhutshahar,1,,,,8,Dholdanga > Bangla > Hatirampur > Khatra > Lakshmisagar > Simlapal
Bankura,Chelyama,1,INDRA TRAVELS,05:40,05:40,15,Chhatna > Kharbona > Jhantipahari > Hatjor > Jorehira > Dhaban > Lapahari > Jhanka > Saltora > Tiluri > Madhukunda > Sarbori More > Raghunathpur
Bankura,Chittaranjan,1,,06:25,06:25,9,Makurgram > Beliatore > Barjora > Durgapur (Station) > Durgapur (City Center) > Raniganj > Asansol
Bankura,Chuchura,1,,05:50,05:50,18,Dhaldanga > Onda > Ramsagar > Bishnupur > Joypur > Kotulpur > Bengai > Arambagh > Mayapur > Champadanga > Tarkeshwar > Basudebpur > Singur > Baidyabati > Bhadreswar > Chandannagar
Bankura,Dishergarh,1,,06:30,06:30,7,Kharbona > Jhantipahari > Jorehira > Saltora > Tiluri
Bankura,Gidhni,1,,06:10,06:10,14,Puabagan > Sunukpahari > Indpur > Bangla > Hatirampur > Khatra > Haludkanali > Raipur > Motgoda > Fulkusma > Silda > Binpur
Bankura,Habra Depot,1,WBTC,,,21,Beliatore > Barjora > Durgapur Station > Durgapur City Center > Bardhaman > Dankuni Housing > Dunlop > Airport Gate 3 > Birati > BT College > Madhyamgram > Barasat Chapadali > Bamangachi > Duttapukur > Bira Chowmatha > Guma Chowmatha > Khosdelpur > Ashoknagar Station > Habra Station
Bankura,Hatibari,1,,05:10,05:10,16,Dhaldanga > Ratanpur > Taldangra > Simlapal > Bikrampur > P More > Raipur > Motgoda > Fulkusma > Silda > Parihati > Gidhni > Chichra > Gopiballabpur
Bankura,Hazaribagh,1,VIJAY ROADWAYS,06:55,06:55,14,Chhatna > Kharbona > Kamalpur > Bishpuria > Hura > Lalpur > Lakshanpur > Ladhurka > Purulia > Chas > Bokaro > Ramgarh
Bankura,Hijli Sorif,1,,05:00,05:00,2,
Bankura,Kabilepur,1,SBSTC,08:30,08:30,2,
Bankura,Kalna,1,Private,,,22,Panchboga Flyover > Satighat > Beliatore > Borjora > Durgapur Station > Muchipara > Panagarh > Budbud > Galsi > Barddhaman Nawabhat Bus Stand > Golapbag > Barddhaman Station > Hatgobindopur > Nabastha > Paharhati > Satgachia > Bohar > Bulbulitala > Madhupur > Dhatrigram
Bankura,Kalyani,1,ISHIKA TRAVELS,06:30,06:30,16,Makurgram > Beliatore > Chhandar > Rampur > Sonamukhi > Kankardanga > Rasulpur > Khandaghosh > Telipukur > Bardhaman > Saktigarh > Memari > Bainchi > Magra
Bankura,Kashipur,1,,,,9,Chhatna > Kharbona > Kamalpur > Alijhara > Kustore > Lara More > Sonathali
Bankura,Khatra,1,,14:40,14:40,8,Dhaldanga > Puabagan > Sunukpahari > Indpur > Bangla > Hatirampur
Bankura,Lalgola,1,SBSTC,09:00,09:00,2,
Bankura,Lalpur,1,RAJA BAPPA TRAVELS,10:40,10:40,10,Puabagan > Kumidya > Kashibediya > Bhagabanpur > Pairachali > Rakhera > Bishpuria > Hura
Bankura,Malda,1,SBSTC,05:15,05:15,2,
Bankura,Ramchandrapur,1,,,,6,Kharbona > Jhatipahari > Jorhirah > Saltora
Bankura,Ramganj,1,SBSTC,06:15,06:15,2,
Bankura Bus Stand,Barakar,1,,,,9,Barjora > Durgapur Station > City Center > Bhiringi More > Panjabi More > Andal > Raniganj
Bankura Bus Stand,Dhaldanga,1,,,,8,Molian > Boga > Bangla > Puyabagan > Makurgram > Beliatore
Bankura Bus Stand,Durgapur,1,,04:00,04:00,11,Machantala > Satighat > Lakshya > Tora Bridge > Hebir More > Dhoni > Makurgram > Beliatore > Phulberia
Bankura Bus Stand,Durgapur Bus Stand,1,,,,11,Machantala > Satighat > Lakshya > Tora Bridge > Hebir More > Dhoni > Makurgram > Beliatore > Phulberia
Banspahari,Medinipur,1,,08:00,08:00,5,Belpahari > Silda > Jhargram
Barabazar,Bishnupur,1,RBN Travels,07:15,07:15,13,Sindri > Duarsini > Manbazar > Payrachali > Hatirampur > Biborda > Taldangra > Panchmura > Sabrakon > Bankadah > Dhadika
Barabazar,Durgapur (City Center),1,VINAYAK PARIBAHAN,06:50,06:50,15,Manbazar > Puncha > Belut > Saldiha > Jorda > Bangla > Indpur > Sunukpahari > Puabagan > Bankura > Dhaldanga > Makurgram > Beliatore
Barabazar,Gopiballabpur,1,TRIBENI TRAVEL'S,04:30,04:30,14,Sindri > Manbazar > Hatirampur > Khatra > Haludkanali > Raipur > Motgoda > Fulkusma > Baksi > Harda > Binpur > Jhargram
Barabazar,Kolkata (Esplanade),1,MONALISHA TRAVELS,03:40,03:40,26,Sindri > Manbazar > Puncha > Saldiha > Bangla > Indpur > Sunukpahari > Puabagan > Dhaldanga > Bankura > Makurgram > Beliatore > Barjora > Durgapur (Station) > Durgapur (Muchipara) > Panagarh > Budbud > Galsi > Bardhaman > Saktigarh > Dankuni > Salap > Kona Express More > Santragachi
Barakar,Bankura,1,,07:15,07:15,9,Raniganj > Andal > Panjabi More > Bhiringi More > City Center > Durgapur Station > Barjora
Barakar,Bardhaman,1,,09:25,09:25,2,
Barakar,Haldia,1,WBTC,,,35,Kulti > Neamatpur > Asansol > Kalipahari > Raniganj Punjabi > Andal > Bhiringi > Durgapur City Center > Dvc > Muchipara > Panagarh Bypass > Barddhaman Bypass > Shaktigarh > Dankuni > Salap > Santragachi > Esplanade > Santragachi > Dhulagarh > Ranihati > Panchla > Uluberia Checkpost > Bagnan > Kolaghat > Mecheda > Radhamoni > Nimtauri > Nandakumar > Kapasaria > Brajalalchak > City Center 1 > Ranich
Barakar,Katwa,1,,04:40,04:40,14,Kulti > Neamatpur > Asansol > Raniganj > Andal > Durgapur (City Center) > Durgapur (Muchipara) > Panagarh > Budbud > Guskara > Balgona > Srikhanda
Barakar,Magra,1,,04:15,04:15,16,Neamatpur > Kulti > Asansol > Raniganj > Andal > Durgapur (City Center) > Durgapur (Muchipara) > Panagarh > Budbud > Galsi > Bardhaman > Saktigarh > Memari > Bainchi
Barasat,Bagdah,1,NBSTC,,,11,Duttapukur > Bira > Ashoknagar > Habra > Chongda More > Gaighata > Bongaon > Asharu Bazar > Helencha
Barasat,Baruipur,1,WBTC,,,22,Madhyamgram > B.T. College > Mickel Nagar > Birati > Airpport > Chinar Park > Eco Park > Narkelbagn > Newtown > Sec5 > Chingrighata > Science City > Bantala > Kantala > Karaidanga > Bhojerhat > Paglahat > Baralighat > Ghatakpukur > Bodra
Barasat,Contai,1,Santosh Bus Service,05:55,05:55,2,
Barasat,Digha Border Udaipur,1,,,,43,Madhyamgram > BT College > Birati More > Airport Gate 3 > Belgharia Expressway > Dunlop > Dakshineswar > Bally Halt > Kona Expressway > Ankurhati > Jalan Complex 1 & 3 > Alampur > Dhulagarh > Ranihati > Panchla > Uluberia Nimdighi > Bagnan > Kolaghat > Mecheda > Radhamoni > Nimtouri > Nandakumar Highroad > Norghat > Chandipur > Bajkul > Heria > Kalinagar > Nachinda > Marishda > Contai Rupasree Byp
Barasat,Durgapur,1,WBTC,,,13,Barasat Chapadali > Barasat Dakbunglow > Madhyamgram > Belgharia Expressway > Dunlop > Bally > Dankuni Housing > Shaktigarh > Barddhaman > Muchipara > Durgapur City Center
Barasat,Esplanade,1,WBTC,,,13,Madhyamgram > B. T. College > Birati > Airport > Baguiati > Kestopur > Laketown > Ultadanga > Kankugachi > Maniktala > Girish Park
Barasat,Hakimpur,1,NBSTC,,,12,Duttapukur > Bira > Guma > Ashoknagar > Habra > Machhlandapur > Tentulia > Swarupnagar > Nirman > Bithari
Barasat,Howrah Station,1,WBTC,,,20,Madhyamgram Chowrasta Xing > Doltala > New Barrackpur B.T. College > Michael Nagar > Bankra More > Birati More > Airport Gate No. 1 > Kaikhali/Haldiram > Teghoria > Kestopur/Baguihati > Bangur/Dum Dum Park > Lake Town Xing > HUDCO /Ultadanga > Kankurgachi > Manicktala > Girish Park/C.R. Avn. Xing > M.G.Road Xing > Satyanarayan Park
Barasat,Joka,1,WBTC,,,16,Madhyamgram > B.T. Colleg > Birati > Airpport > Chinar Park > Eco Park > Narkelbagn > Newtown > Sec5 > Chingrighata > Science City > Ruby > Rashbihari > Tollygunge
Barasat,Mandarmani,1,Santosh Bus Service,05:55,05:55,2,
Barasat,Saltlake Karunamoyee,1,WBTC,,,29,Barasat Dak Bunglow > Hridaypur > Madhyamgram Chowmatha > New Barrackpore > Doltola > B.T College > Sukanta Nagar > Birati > Airport > Haldiram > Chinar Park > City Centre 2 > Ecopark > Westin > Aliah University > Ecospace > TCS Gitanjali > Unitech Gate 2 > Tata Cancer Hospital > Narkelbagan > Axis Mall > Newtown > DLF1 > Technopolis > College More > Wipro > Tank 10
Barasat,Santragachi,1,WBTC,,,17,Madhyamgram > B. T. College > Birati > Airport > Baguiati > Kestopur > Laketown > Ultadanga > Kankugachi > Maniktala > Girish Park > LalBazar > Esplanade > PTS > Carryroad
Barasat,Sapoorji,1,WBTC,,,11,Hridaypur > Madhyamgram Chowrasta > New Barrackpur B.T. College > Bankra More > Airport Gate 1 > City Centre II > Eco Park > Aliah University > Eco Space
Barasat,Shankarpur,1,Santosh Bus Service,05:55,05:55,2,
Barasat,Tajpur,1,Santosh Bus Service,05:55,05:55,2,
Barasat,Tollygunge,1,WBTC,,,16,Madhyamgram > B. T. College > Airport > Baguiati > Birati > Kestopur > Laketown > Ultadanga > EM Byapss > Belaghata > Chinghreeghata > Science City > Ruby > Gariahgat
Barasat A.C,Digha,1,SBSTC,06:00,06:00,2,
Barasat Chapadali,Amtala,1,WBTC,,,47,Madhyamgram > BT College > Birati > Airport Gate 3 > Airport Gate 1 > Kaikhali > Haldirams > Chinar Park > City Center 2 > Akanksha > Nawabpur > Ecopark > Narkelbagan > Axis Mall > Newtown > DLF 1 > College More > SDF > Nicco Park > Chingrighata > Mathpukur > Science City > Uttar Panchannagram > VIP Bazar > Ruby > Acropolis Mall > Bosepukur > Kasba PS > Ballygunge Station > Gariahat > Deshapriya P
Barasat Chapadali,Asansol,1,WBTC,,,10,Airport Gate 3 > Dunlop Bridge > Dankuni Housing > Durgapur Expressway > Burdwan > Panagarh > Durgapur City Center > Raniganj
Barasat Chapadali,Baduria,1,WBTC,,,12,Kadambagachi > Golabari > Beleghata > Deganga > Berachampa > Kaukepara > Nagar Kachua > Khaspur > Jadurhati > Raghunathpur
Barasat Chapadali,Bagbazar,1,Private,,,19,Madhyamgram > Doltala > BT College > Michaelnagar > Birati > Airport Gate 3 > Airport Gate 1 > Central Jail > Nager Bazar > Diamond Plaza > Bangur Avenue > Kalindi > Patipukur > Belgachia > RG Kar > Shyambazar > Rajballavpara
Barasat Chapadali,Beri Gopalpur,1,Private,,,30,Bamangachi > Duttapukur > Joypul Bazar > Bira Chowmatha > Guma Chowmatha > Khosdelpur > Ashoknagar Station > 8 No Kalibari > Ashoknagar Chowrangi > Kachua > Kalyangarh > Radha Chemical > Manasabari Bazar > Habra Station > Joygachi > Payragachi > Nakpul Bazar > Gobardanga > Khatura Bazar > Jamdani > Madhusankati > Gazna Bazar > Boldeghata > Sutia > Panchpota > Acharipara > Purandarpur > Banstala
Barasat Chapadali,B Garden,1,Private,,,42,Madhyamgram > BT College > Birati > Airport Gate 3 > Airport Gate 1 > Kaikhali > Haldirams > Chinar Park > City Center 2 > Akanksha > Nawabpur > Ecopark > Narkelbagan > Axis Mall > Newtown > DLF 1 > College More > SDF > Nicco Park > Chingrighata > Mathpukur > Science City > Uttar Panchannagram > VIP Bazar > Ruby > Acropolis Mall > Bosepukur > Kasba PS > Ballygunge Station > Gariahat > Deshapriya P
Barasat Chapadali,Boalghata,1,Private,,,12,Kazipara Depot > Kadambagachi > Goakhali > Golabari > Pakdaha > Aminpur > Paltadanga > Shasan Bazar > Mithpukuria > Majlishpur
Barasat Chapadali,Boga,1,Private,,,28,Madhyamgram > BT College > Birati > Airport Gate 3 > Dunlop > Dakshineswar > Ballyhalt > Kona > Salap > Ankurhati > Dhulagarh > Ranihati > Panchla > Khalisani > Nimdighi > Bagnan > Kolaghat > Mecheda > Radhamoni > Nimtouri > Nandakumar > Narghat > Chandipur > Bajkul > Henria > Khejuri
Barasat Chapadali,Dhamakhali,1,WBTC,,,54,Madhyamgram > BT College > Gouripur > Birati > Airport Gate 3 > Airport Gate 1 > Kaikhali > Haldirams > Teghoria > Baguiati > Kestopur > Dumdum Park > Laketown > Sreebhumi > Ultadanga > Saltlake PNB > Saltlake CA Block > Labony Estate > Sushrut Hospital > Wipro > Nicco Park > Chingrighata > Mathpukur > Science City > Chowbaga > Bantala Bazar > Leather Complex > Kantatala > Calcutta Leather Complex
Barasat Chapadali,Fishery Gate,1,Private,,,16,Barasat Colony > Barbaria > Jagannathpur > Kokapur > Rangapur > Nilgunge > Mathrangi > Chapuria > Debpukur > Mohanpur > Wireless > Subhash Colony > Barrackpore Station > Barrackpore Court
Barasat Chapadali,Ghatakpukur,1,WBTC,,,10,Madhyamgram > Airport Gate 1 > Chinar Park > Ecopark > Narkelbagan > Newtown > SDF > Science City
Barasat Chapadali,Haroa Bazar,1,WBTC,,,13,Kadambagachi > Goakhali > Golabari > Beleghata > Deganga > Aturia > Berachampa > Hadipur > Hamadama > Ramnagar > Adampur
Barasat Chapadali,Hemnagar,1,WBTC,,,17,Kadambagachi > Deganga > Berachampa > Kholapota > Basirhat > Taki Chowrangee > Hasnabad > Par Hasnabad > Hingalgunge > Lebukhali > Dulduli > Deuli > Kanthal Beria > Patghara > Jogeshganj Bazar
Barasat Chapadali,Jaguli,1,Private,,,15,Barasat Colony > Moyna Checkpost > Khilkapur > Mirhati > Kamdebpur > Amdanga > Rahana Bazar > Awalsiddhi > Adhata > Kanchiara > Bethpukur > Gadamara > Kapileshwar
Barasat Chapadali,Kamalpur,1,Private,,,39,Barasat Colony > Barbaria > Jagannathpur > Kokapur > Rangapur > Nilgunge > Mathrangi > Chapuria > Debpukur > Mohanpur > Wireless > Subhash Colony > Barrackpore Station > Titagarh > Khardaha > Sodepur Girja > Kamarhati > Rathtala > Dunlop > Dakshineswar > Ballyhalt > Rajchandrapur > Kona > Salap > Nibra > Alampur > Dhulagarh > Ranihati > Panchla > Uluberia > Gourhati > Dhulasimla > Mohani > 58 Gate
Barasat Chapadali,Kanchrapara,1,Private,,,19,Barasat Colony > Moyna Checkpost > Khilkapur > Mirhati > Kamdebpur > Amdanga > Rahana Bazar > Awalsiddhi > Adhata > Kanchiara > Bethpukur > Gadamara > Kapileshwar > Jaguli > Mondourie > Charapole > Kampa
Barasat Chapadali,Nabanna,1,Private,,,30,Madhyamgram > BT College > Birati > Airport Gate 3 > Airport Gate 1 > Kaikhali > Haldirams > Teghoria > Baguiati > Kestopur > Dumdum Park > Laketown > Sreebhumi > Ultadanga > Bengal Chemical > Apollo Hospital > Beleghata Building > Chingrighata > Mathpukur > Science City > Topsia > 4 No Bridge > Park Circus > Beck Bagan > Minto Park > Rabindra Sadan > PTS > Vidyasagar Setu
Barasat Chapadali,Nabatkati,1,WBTC,,,31,Bamangachi > Duttapukur > Bira Chowmatha > Guma Chowmatha > Khosdelpur > Ashoknagar Station > Habra Station > Joygachi > Payragachi > Nakpul Bazar > Machhlandapur > Chatra Bazar > Kalupur > Chandipur > Benar > Kayosa Bazar > Ramchandrapur Bazar > Tentulia > Hathatgange > Swarupnagar > Malangapara > Mallickbari > Sarapul > Nirman > Duttapara > Nandibari > Bithari > Goalbathan > Balti Bazar
Barasat Chapadali,Nahata,1,Private,,,23,Bamangachi > Duttapukur > Bira Chowmatha > Guma Chowmatha > Khosdelpur > Ashoknagar Station > 8 No Kalibari > Kachua > Kalyangarh > Habra Manasabari > Habra Station > Banbania > Chanda > Jhikra Bazar > Hapania > Singa > Jhikra Battala > Kajla > Banbania Chowmatha > Nagarukhra > Nimtala
Barasat Chapadali,Samshernagar,1,WBTC,,,18,Kadambagachi > Deganga > Berachampa > Kholapota > Basirhat > Murarisha Chowmatha > Taki Chowrangee > Hasnabad > Par Hasnabad > Hingalgunge > Lebukhali > Dulduli > Deuli > Kanthal Beria > Patghara > Jogeshganj Bazar
Barasat Chapadali,Sohai Bazar,1,Private,,,7,Kadambagachi > Golabari > Tona > Beleghata > Mohanpur
Barasat Chapadali,Tollygunge Metro,1,WBTC,,,33,Madhyamgram > BT College > Birati > Airport Gate 3 > Airport Gate 1 > Kaikhali > Haldirams > Teghoria > Baguiati > Kestopur > Dumdum Park > Laketown > Sreebhumi > Ultadanga > Bengal Chemical > Apollo Hospital > Beleghata Building > Chingrighata > Mathpukur > Science City > Uttar Panchannagram > VIP Bazar > Ruby > Acropolis Mall > Bosepukur > Kasba PS > Ballygunge Station > Gariahat > Deshapriya Pa
Barasat Chapadali,Uluberia,1,Private,,,21,Madhyamgram > BT College > Birati > Airport Gate 3 > Durganagar > Mathkal > Dunlop Bridge > Dakshineswar > Ballyhalt > Rajchandrapur > Kona > Salap > Nibra > Ankurhati > Jalan Gate > Alampur > Dhulagarh > Ranihati > Panchla
Barasat Colony,Dakshineswar,1,WBTC,,,11,Madhyamgram > Sajirhat > Boardghar > Muragacha > Ghola Bazar > Sodepur Station > Kamarhati > Rathtala > Dunlop
Barasat Colony,Karunamoyee,1,WBTC,,,24,Madhyamgram > BT College > Michaelnagar > Gouripur > Birati > Airport Gate 3 > Airport Gate 1 > Kaikhali > Haldirams > Chinar Park > City Center 2 > Akanksha > Nawabpur > Ecopark > Jatragachi > Narkelbagan > Axis Mall > Newtown > DLF 1 > College More > Wipro > Saltlake 10no Tank
Barasat Colony,Sector V,1,WBTC,,,22,Madhyamgram > BT College > Birati > Airport Gate 3 > Airport Gate 1 > Central Jail > Nager Bazar > Diamond Plaza > Bangur Avenue > Laketown > Sreebhumi > Ultadanga > Saltlake PNB > Saltlake 4no Tank > Baisakhi > Purta Bhawan > Karunamoyee > Wipro > SDF > College More
Barasat/ Ecospace,Baruipur,1,WBTC,,,19,Airport 1 No > Chinar Park > Eco Park > Aliah > Ecospace > Narkelbagan > Newtown > Sector 5 > Chingrighata > Science City > Ruby > Ajaynagar > Peerless > Patuli > Garia > Narendrapur > Harinavi
Barasat Kazipara Depot,Joka Tram Depot,1,WBTC (CTC),,,43,Champadali > Dakbunglow More > Hridaypur > Madhyamgram > Doltola > B.T College > Birati > Airport Gate 3 > Airport Gate 1 > Haldiram > Chinar Park > City Centre 2 > Ecopark > Narkel Bagan > Axis Mall > Newtown > DLF1 > Technopolis > College More > SDF > Chingrighata > Dhapa Mathpukur > Science City > Uttar Panchannagram > VIP Bazar > Fortis Hospital > Ruby > Acropolis > Kasba > Ballygunge Station 
Barddhaman,Karunamoyee,1,WBTC,,,10,Barddhaman Bypass > Shaktigarh > Durgapur Expressway > Dankuni > Bally > Dunlop > Airport > Ultadanga
Barddhaman Alisha Bus Stand,Belpahari,1,Private,,,20,Telipukur > Bankura > Khandaghosh > Rasulpur > Kankordanga > Sonamukhi > Joyrampur > Bishnupur > Nakaijuri > Chagulia > Taldangra > Simlapal > Bkrampur > P > Raipur > Motgoda > Fulkushma > Silda
Barddhaman Alisha Bus Stand,Bishnupur,1,Private,,,21,Telipukur > Bankura > Sagrai > Seherabazar > Mogolmari > Uchalan > Bulchandpur > Naisharai > Arambagh > Kalipur > Bhikdas > Goghat > Kamarpukur > Joyrambati > Kotulpur > Gogra > Mirjapur > Chatra > Joypur
Barddhaman Alisha Bus Stand,Garhbeta,1,Private,,,15,Telipukur > Bankura > Khandaghosh > Rasulpur > Kankordanga > Patrasayer > Balsi > Pandua > Hingjuri > Joykrishnapur > Bishnupur > Bankadaha > Dhadika
Barddhaman Alisha Bus Stand,Hoomgarh,1,Private,,,30,Telipukur > Bankura > Sagrai > Seherabazar > Mogolmari > Uchalan > Bulchandpur > Naisharai > Arambagh > Kalipur > Gobindapur > Modina > Bengai > Khatul > Kotulpur > Gogra > Mirjapur > Chatra > Joypur > Bishnupur > Bankadaha > Choubeta > Dhadika > Garhbeta > Amlagora > Radhanagar > Gatebazar > Fatesinghpur
Barddhaman Alisha Bus Stand,Jhargram,1,Private,,,20,Telipukur > Bankura > Khandaghosh > Rasulpur > Kankordanga > Patrasayer > Balsi > Pandua > Hingjuri > Joykrishnapur > Bishnupur > Bankadaha > Dhadika > Garhbeta > Hoomgarh > Goaltore > Pirakata > Lalgarh
Barddhaman Alisha Bus Stand,Manbazar,1,Private,,,16,Telipukur > Bankura > Khandaghosh > Rasulpur > Kankordanga > Sonamukhi > Beliatore > Bankura Bypass > Satighat > Bankura Pump > Poabagan > Bangla > Hatirampur > Payrachali
Barddhaman Alisha Bus Stand,Purulia,1,Private,,,23,Telipukur > Bankura > Khandaghosh > Rasulpur > Kankordanga > Sonamukhi > Beliatore > Bankura Bypass > Satighat > Bankura Bus Stand > Poabagan > Kumidya > Kalpathor > Bhagabanpur > Harigram > Payrachali > Bishpuria > Hura > Lalpur > Laxmanpur > Ladhurka
Barddhaman Alisha Bus Stand,Tatanagar,1,Private,,,24,Birhata > Telipukur > Bankura > Khandaghosh > Rasulpur > Kankordanga > Sonamukhi > Beliatore > Bankura Bypass > Satighat > Bankura Bus Stand > Poabagan > Bangla > Hatirampur > Khatra > Akhuta > Ranibandh > Poradih > Banduan > Dhabani > Katin > Patamda
Barddhaman Birhata,Dhaldanga,1,Private,,,24,Telipukur > Bankura > Sagrai > Seherabazar > Mogolmari > Uchalan > Bulchandpur > Naisharai > Arambagh > Kalipur > Bhikdas > Goghat > Kamarpukur > Joyrambati > Kotulpur > Gogra > Mirjapur > Chatra > Joypur > Bishnupur > Ramsagar > Onda
Barddhaman Nawabhat Bus Stand,Banduan,1,Private,,,18,Galsi > Budbud > Panagarh > Muchipara > Durgapur Station > Borjora > Beliatore > Bankura > Poabagan > Bangla > Hatirampur > Payrachali > Manbazar > Khariduar > Boro > Akhro
Barddhaman Nawabhat Bus Stand,Kutni,1,Private,,,18,Galsi > Budbud > Panagarh > Muchipara > Durgapur Station > Borjora > Beliatore > Bankura > Poabagan > Bangla > Hatirampur > Payrachali > Manbazar > Khariduar > Boro > Ankhro
Barddhaman Nawabhat Bus Stand,Manihara,1,Private,,,15,Galsi > Budbud > Panagarh > Muchipara > Durgapur Station > Borjora > Maliara > Durlavpur > G Ghati > Kusthal > Shaltora > Dhaban > Jorhira
Barddhaman Nawabhat Bus Stand,Mayapur Hulor Ghat Bus Stand,1,Private,,,22,Golapbag > Barddhaman Station > Hatgobindopur > Nabastha > Paharhati > Satgachia > Bohar > Bulbulitala > Madhupur > Dhatrigram > Samudragarh > Nadanghat > Hematpur > Nabadwip Railgate > Bhaluka Battala > Krishnanagar High Road > Krishnanagar > Dhubilia > Bamanpukur > Mayapur Iskcon Temple
Barddhaman Nawabhat Bus Stand,Ranchi,1,Private,,,28,Galsi > Budbud > Panagarh > Muchipara > Durgapur Station > Borjora > Beliatore > Keranibandh Bypass > Bankura Station > Machantala > Bankura > Chhatna > Kamalpur > Bishpuria > Hura > Lalpur > Ladhurka > Purulia > Chas > Kotshila > Jhalda > Tulin > Muri > Sili > Janha > Bundu
Barddhaman Nawabhat Bus Stand,Ranibandh,1,Private,,,18,Galsi > Budbud > Panagarh > Muchipara > Durgapur Station > Borjora > Beliatore > Bankura > Poabagan > Shunukpahari > Bangla > Haritampur > Khatra > Mukutmanipur > Ambikanagar > Akhuta
Barddhaman Nawabhat Bus Stand,Sagarpara,1,Private,,,31,Golapbag > Barddhaman Station > Hatgobindopur > Nabastha > Paharhati > Satgachia > Bohar > Bulbulitala > Madhupur > Dhatrigram > Samudragarh > Nadanghat > Hematpur > Nabadwip Railgate > Bhaluka Battala > Krishnanagar High Road > Krishnanagar > Ghurni > Chapra > Boro Andulia > Tehatta > Betai > Haripur > Najirpur > Kathalia > Mahishbathan > Karimpur > Jalangi > Narasinghapur
Barddhaman Tinkonia,Dhaldanga,1,Private,,,25,Birhata > Telipukur > Bankura > Sagrai > Seherabazar > Mogolmari > Uchalan > Bulchandpur > Naisharai > Arambagh > Kalipur > Bhikdas > Goghat > Kamarpukur > Joyrambati > Kotulpur > Gogra > Mirjapur > Chatra > Joypur > Bishnupur > Ramsagar > Onda
Barddhaman Tinkonia,Kharagpur,1,Private,,,29,Birhata > Telipukur > Bankura > Sagrai > Seherabazar > Mogolmari > Uchalan > Bulchandpur > Naisharai > Arambagh > Kalipur > Goghat > Kamarpukur > Hajipur > Ramjibanpur > Shrinagar > Jara > Khirpai > Kalikapur > Jhakra > Neradeul > Mugbasan > Keshpur > Dharma > Medinipur > Mohanpur > Kharagpurchowrangee
Barddhaman Tinkonia,Mecheda Station,1,Private,,,33,Telipukur > Bankura > Sagrai > Seherabazar > Mogolmari > Uchalan > Bulchandpur > Naisharai > Arambagh > Kalipur > Goghat > Kamarpukur > Hajipur > Ramjibanpur > Shrinagar > Jara > Khirpai > Radhanagar > Borda Choukan > Ghatal > Daspur > Bakultala > Sultannagar > Goura > Sonamui > Khukurdaha > Keshapat > Mechogram > Siddha > Deulia Bazar > Haldia
Barddhaman Tinkonia,Purulia,1,Private,,,19,Birhata > Telipukur > Bankura > Khandaghosh > Rasulpur > Kankordanga > Sonamukhi > Beliatore > Bankura Bypass > Satighat > Bankura Bus Stand > Chhatna > Kharbona > Kamalpur > Bishpuria > Hura > Lalpur
Bardhaman,Bandwan,1,RAJARAM BUS SERVICE,09:15,09:15,19,Galsi > Budbud > Panagarh > Durgapur (Muchipara) > Durgapur (Station) > Barjora > Beliatore > Makurgram > Bankura > Dhaldanga > Puabagan > Sunukpahari > Indpur > Bangla > Hatirampur > Pairachali > Manbazar
Bardhaman,Barakar,1,,07:30,07:30,2,
Bardhaman,Beldanga,1,,03:20,03:20,14,Hatgobindapur > Satgachia > Samudragarh > Nadanghat > Hematpur > Nabadwip > Krishnanagar > Dhubulia > Bethuadahari > Debagram > Palasi > Rejinagar
Bardhaman,Berhampore,1,,,,10,Badshahi Road > Natunhat > Natungram > Futisanko > Marut > Sundarpur > Dakbungalow > Kuli
Bardhaman,Bishnupur,1,,05:50,05:50,2,
Bardhaman,Chandrakona Road,1,,06:20,06:20,14,Sehara Bazar > Mogalmari > Akui > Sahaspur > Indus > Kotulpur > Joypur > Bishnupur > Bankadaha > Dhadika > Garhbeta > Kiaboni
Bardhaman,Chandrakona Town,1,,08:10,08:10,14,Khandaghosh > Rasulpur > Kankardanga > Patrasayer > Balsi > Pandua > Hinjuri > Joykrishnapur > Bishnupur > Bankadaha > Dhadika > Garhbeta
Bardhaman,Chittaranjan,1,,08:45,08:45,11,Galsi > Budbud > Panagarh > Durgapur (Muchipara) > Durgapur (City Center) > Andal > Raniganj > Asansol > Rupnarayanpur
Bardhaman,Garhbeta,1,,07:15,07:15,12,Khandaghosh > Rasulpur > Kankardanga > Patrasayer > Balsi > Pandua > Hinjuri > Joykrishnapur > Bishnupur > Bankadaha
Bardhaman,Ghatal,1,,08:00,08:00,13,Birhata > Telipukur > Sehara Bazar > Uchalan > Arambagh > Goghat > Kamarpukur > Ramjibanpur > Khirpai > Radhanagar > Baroda Chowkan
Bardhaman,Hazaribagh,1,,08:15,08:15,2,
Bardhaman,Hoomgarh,1,,07:05,07:05,17,Birhata > Telipukur > Sehara Bazar > Mogalmari > Uchalan > Arambagh > Bengai > Khatul > Kotulpur > Joypur > Bishnupur > Bankadaha > Dhadika > Garhbeta > Amlagora
Bardhaman,Jangipur,1,MAHARAJ BUS SERVICE,04:10,04:10,13,Golapbag > Mehedibagan > Narja > Natunhat > Pirtala > Futishanko > Marut > Sundarpur > Kuli > Panchgram > Umarpur
Bardhaman,Katwa,1,,06:50,06:50,5,Golapbag > Bhatar > Balgona
Bardhaman,Panskura,1,,05:50,05:50,21,Telipukur > Sehara Bazar > Mogalmari > Uchalan > Arambagh > Goghat > Kamarpukur > Ramjibanpur > Srinagar > Khirpai > Radhanagar > Baroda Chowkan > Ghatal > Daspur > Sultannagar > Goura > Khukur Daha > Keshapat > Mechogram
Bardhaman,Ranchi,1,,05:40,05:40,21,Galsi > Budbud > Panagarh > Durgapur (Muchipara) > Durgapur (Station) > Barjora > Beliatore > Makurgram > Bankura > Chhatna > Kharbona > Kamalpur > Bishpuria > Hura > Lalpur > Ladhurka > Purulia > Chas > Jhalda
Bardhaman,Samaspur,1,,14:30,14:30,7,Golapbag > Hatgobindapur > Pirtala > Kusumgram > Putsuri
Bardhaman,Shikarpur,1,AMIT TRAVELS,04:55,04:55,12,Kusumgram > Nadanghat > Nabadwip > Krishnanagar > Chapra > Tehatta > Betai > Nazipur > Mahish Bathan > Karimpur
Bardhaman,Tatanagar,1,,07:30,07:30,25,Birhata > Telipukur > Khandaghosh > Rasulpur > Sonamukhi > Rampur > Chhandar > Beliatore > Makurgram > Bankura > Dhaldanga > Puabagan > Sunukpahari > Indpur > Bangla > Hatirampur > Khatra > Ranibandh > Poradih > Bandwan > Katin > Patamda > Dimna
Bardhaman Alisha,Kharagpur,1,,,,25,Bankura More > Sehara Bazar > Moghalmari > Uchalan > Bulchandrapur > Arambagh > Pallisree > Kalipur > Goghat > Kamarpukur > Hajipur > Ramjibanpur > Srinagar > Jara > Khirpai > Chandrakona Town > Neradeul > Mugbasan > Keshpur > Dharma > Medinipur > Mohanpur > Chaurangee
Bargachia,Haripal Station,1,Private,,,9,Jagatballavpur > Sitapur > Prasadpur > Jangipara > Tarar > Ramhatitala > Gajar
Bargachia,Sealdah,1,Private,,,22,Domjur > Makardaha > Katlia > Salap > Nibra > Khejurtala > Garpa > Santragachi > Baksara > Belepole > Carry Road > Vidyasagar Setu > PTS > Rabindra Sadan > Maidan > Park Street > Esplanade > Chandni Chowk > Wellington > Moulali
Barrackpore,Haldia,1,WBTC,,,11,Sodepur > Belgharia > Dunlop > Salap > Dhulagarh > Kolaghat > Mecheda > Nandakumar > Ranichak
Barrackpore,Howrah,1,WBTC,,,20,Bakrakpur College > Barakpur Chiriamore > Talpukur > Titagarh P.S > Khardha Bazar > Sukchar Manument > Panihati > Kamarhati > Rathtala > Dunlop Bridge > Tobin Rd > Sinthi More > Chiria More > Shyambazar > Grey St > Vivekananda Rd > Ranindra Sarani > Howrah Bridge
Barrackpore Chiria,Howrah Station,1,WBTC,,,18,Titagarh > Khardaha > Sodepur Girja > Kamarhati > Rathtala > Dunlop > Bonhooghly > Tobin Road > Sinthi > Chiria > Shyambazar > Rajballavpara > Sovabazar > Girish Park > MG Road > Barabazar
Barrackpore Chiria,Salap,1,Private,,,12,Titagarh > Khardaha > Sodepur Girja > Kamarhati > Rathtala > Dunlop > Dakshineswar > Ballyhalt > Rajchandrapur > Kona
Barrackpore Court,Esplanade,1,Private,,,20,Barrackpore Chiria > Titagarh > Khardaha > Sodepur Girja > Kamarhati > Rathtala > Dunlop > Bonhooghly > Tobin Road > Sinthi > Chiria > Shyambazar > Rajballavpara > Sovabazar > Girish Park > MG Road > Central > Chandni Chowk
Barrackpore Court,Habra Station,1,Private,,,22,Barrackpore Station > Subhash Colony > Wireless > Mohanpur > Debpukur > Chapuria > Mathrangi > Nilgunge > Beraberia > Madhabpur > Santoshpur > Kamdebpur > Amdanga > Rahana Bazar > Awalsiddhi > Iswarigacha > Magurkhali > 8 No Kalibari > Kachua > Kalyangarh
Barrackpore Court,Howrah Station,1,WBTC,,,18,Titagarh > Khardaha > Sodepur Girja > Kamarhati > Rathtala > Dunlop > Bonhooghly > Tobin Road > Sinthi > Chiria > Shyambazar > Rajballavpara > Sovabazar > Girish Park > MG Road > Barabazar
Barrackpore Court,Kanchrapara,1,Private,,,15,Barrackpore Station > Palta Bazar > Ichapur > Shyamnagar > Authpur > Jagatdal > Kankinara > Bhatpara > Naihati Station > Garifa Road > Boldeghata > Halisahar > Bagmore
Barrackpore Court,Karunamoyee,1,WBTC,,,21,Barrackpore Chiria > Titagarh > Khardaha > Sodepur Girja > Kamarhati > Rathtala > Dunlop > Bonhooghly > Tobin Road > Sinthi > Chiria > Shyambazar > Khanna Cinema > Ultadanga > Ultadanga Hudco > Saltlake PNB > Saltlake CA Block > City Center 1 > Bikash Bhawan
Barrackpore Court,Santragachi,1,WBTC,,,28,Titagarh > Khardaha > Sodepur Girja > Kamarhati > Rathtala > Dunlop > Bonhooghly > Tobin Road > Sinthi > Chiria > Shyambazar > Rajballavpara > Sovabazar > Girish Park > MG Road > Central > Chandni Chowk > Esplanade > Park Street > Maidan > Rabindra Sadan > PTS > Vidyasagar Setu > Carry Road > Belepole > Baksara
Barrackpore Station,Dhulagarh,1,Private,,,17,Titagarh > Khardaha > Sodepur Girja > Kamarhati > Rathtala > Dunlop > Dakshineswar > Ballyhalt > Rajchandrapur > Kona > Salap > Nibra > Ankurhati > Jalan Gate > Alampur
Barrackpore Station,Howrah Station,1,Private,,,18,Titagarh > Khardaha > Sodepur Girja > Kamarhati > Rathtala > Dunlop > Bonhooghly > Tobin Road > Sinthi > Chiria > Shyambazar > Rajballavpara > Sovabazar > Girish Park > MG Road > Barabazar
Barrackpore Station,Newtown,1,WBTC,,,36,Subhash Colony > Wireless > Mohanpur > Debpukur > Chapuria > Mathrangi > Nilgunge > Rangapur > Kokapur > Jagannathpur > Barbaria > Barasat Colony > Barasat Chapadali > Madhyamgram > BT College > Birati > Airport Gate 3 > Airport Gate 1 > Kaikhali > Haldirams > Teghoria > Baguiati > Kestopur > Dumdum Park > Laketown > Sreebhumi > Ultadanga > Saltlake Gate > City Center 1 > Bikash Bhawan > Karunamoy
Barrackpur,Barasat,1,WBTC,,,13,Barrackpore Station > Subhash Colony > Wireless More > Mohanpur > Debpukur > Chapuria > Mathrangi > Nilgunge > Rangapur > Kokapur > Jagannathpur
Barrackpur,Howrah,1,WBTC,,,16,Khardah > Sodepur Girja > Kamarhati > Rathtala More > Dunlop More > Bonhooghly > Tobin Road > Sinthee More > Chiria More > Shyambazar > Rajballavpara > Sovabazar > Girish Park > MG Road
Barrackpur Court,W. B. State University (Barasat),1,WBTC,,,6,Lalkuthi > Mohanpur > Nilgunge Bazar > Kazibari More
Barshal,Esplanade,1,WBTC,,,20,Rampurhat > Tarapith > Mallarpur > Mohammad Bazar > Seherakuri > Suri > Kachujor > Dubrajpur > Joydev > Illambazar > 11 Mile > Darjeeling > Panagarh Bypass > Barddhaman Bypass > Shaktigarh > Dankuni > Salap > Santragachi
Barshal,Haldia,1,WBTC,,,35,Rampurhat > Tarapith > Mallarpur > Mohammad Bazar > Seherakuri > Suri > Kachujor > Dubrajpur > Joydev > Illambazar > 11 Mile > Darjeeling > Panagarh Bypass > Barddhaman Bypass > Shaktigarh > Dankuni > Salap > Santragachi > Esplanade > Santragachi > Dhulagarh > Ranihati > Uluberia Checkpost > Bagnan > Kolaghat > Mecheda > Nimtauri > Nandakumar > Kapasaria > Brajalalchak > City Center 1 > Ranichak >
Baruipur,Amtala,1,WBTC,,,12,Baruipur Station > Padmapukur > Kalyanpur Panchayat > Dhopagachi > Julpia > Balakhali > Jalilpur > Gobra > Ghatur > Pirtala
Baruipur,Babughat,1,Private,,,27,Shibanipith > Baruipur Hospital > Baruipur Station > Padmapukur > Khasmallick > Harinavi > Rajpur Bazar > Narendrapur > Kamalgazi > Mahamayatala > Garia Metro > Ramgarh > Baghajatin > Jadavpur 8B > Dhakuria > Golpark > Gariahat > Ballygunge Phari > Quest Mall > Park Circus > Mallick Bazar > Moulali > Wellington > Chandni Chowk > Esplanade
Baruipur,Chunakhali,1,WBTC,,,20,Shibanipith > Puratan Bazar > Phooltala > Uttarbhag > Kulari > Taldi > Betberia Belegachi > Canning > Canning Station > Matla Bridge > Dockghat > Kanthalberia > Kaltala > Panikhali > Nirdeshkhali > 10 No Majhipara > Baria > Bagulakhali
Baruipur,Gadkhali,1,WBTC,,,26,Shibanipith > Puratan Bazar > Phooltala > Uttarbhag > Kulari > Taldi > Betberia Belegachi > Canning > Canning Station > Matla Bridge > Dockghat > Kanthalberia > Kaltala > Bhangankhali > Narayantala > Kultali > Uttar Sonakhali > Sonakhali Bus Stand > Basanti Chowmatha > Kalidanga > Chandkhali > Matgaran > Dakshin Battala > Masjidbati
Baruipur,Hoomgarh,1,,06:30,06:30,2,
Baruipur,Howrah,1,WBTC,,,27,Baruipur Hospital > Baruipur Station > Padmapukur > Khasmallick > Harinavi > Rajpur Bazar > Narendrapur > Kamalgazi > Dhalai Bridge > Patuli More > Peerless Hospital > Hiland Park > Ajaynagar > EM Bypass > Mukundapur > Kalikapur > Ruby Hospital > VIP Bazar. Uttar Panchannagram > Science City > Topsia More > 4no. Bridge > Chittaranjan Hospital > CIT Road > Moulali More > Esplanade
Baruipur,Howrah Station,1,WBTC,,,35,Shibanipith > Baruipur Hospital > Baruipur Station > Padmapukur > Khasmallick > Gobindapur > Harinavi > Rajpur Bazar > Narendrapur > Kamalgazi > Dhalai Bridge > Patuli > Peerless Hospital > Hiland Park > Ajaynagar > EM Bypass > Mukundapur > Kalikapur > Ruby > Fortis > VIP Bazar > Uttar Panchannagram > Science City > Topsia > 4 No Bridge > Chittaranjan Hospital > CIT Road > Moulali > Wellington > C
Baruipur,Jharkhali,1,WBTC,,,30,Shibanipith > Puratan Bazar > Phooltala > Uttarbhag > Kulari > Taldi > Betberia Belegachi > Canning > Canning Station > Matla Bridge > Dockghat > Kanthalberia > Kaltala > Bhangankhali > Narayantala > Kultali > Uttar Sonakhali > Sonakhali Bus Stand > Basanti Chowmatha > Shibganj Bazar > Sunderban Chowmatha > Jyotishpur > Bashiram Bazar > Hiranmoypur > Nimtala > Nafargange > Kumirmari Bazar > Sahidn
Baruipur,Karunamoyee,1,WBTC,,,33,Shibanipith > Baruipur Hospital > Baruipur Station > Padmapukur > Jogi Battala > Khasmallick > Antara Mental Hospital > Gobindapur > Malancha > Haritala > Harinavi > Rajpur Bazar > Narendrapur > Kamalgazi > Dhalai Bridge > Patuli > Peerless Hospital > Hiland Park > Ajaynagar > EM Bypass > Mukundapur > Kalikapur > Ruby > VIP Bazar > Uttar Panchannagram > Science City > Mathpukur > Chingrighata > Be
Baruipur,Nabanna,1,WBTC,,,16,Taratala > Behala Tram Depot > Sakherbajar > 3A Bus Stand > Pilan > Kheriberia > Amtala > Rajarhat > Tahelarampur bazar > Amratal > Magurkhali Bridge > Dhamua > Basundharia > Suryapur
Baruipur,Nandigram,1,SHREYAN TRAVEL'S,06:05,06:05,15,Kamalgazi > Ruby > Exide More > Santragachi > Kona Express More > Dhulagarh > Uluberia > Bagnan > Kolaghat > Mecheda > Nimtouri > Nandakumar > Chandipur
Baruipur A.C,Digha,1,SBSTC,06:30,06:30,2,
Baruipur New Terminus,Karunamoyee (Salt Lake),1,WBTC,,,15,Baruipur/Padmapukur > Malancha Bazar > Harinavi > Mission Gate > Kamalgazi More > Dhalai Bridge > Patuli > Peerless Hospital > Ajay Nagar > Ruby > Sc. City > Metropolitan > KBKC More
Basirhat,Bongaon,1,WBTC,,,26,Trimohini > Kholapota > Gadarati > Taragunia > Baduria Bazar > Rudrapur > Haidarpur > Bagjola Bazar > Magra Bazar > Shimulpur > Biswashati > Machhlandapur > Nakpul Bazar > Gobardanga > Matikumra > Amkola > Gaighata > Bokchora > Chandpara > Debipur > Mondonpara > Dogachia > Kalupur > Panchpota
Basirhat,Gadiara,1,Private,,,54,Kholapota > Gopalpur > Matia Bridge > Swarupnagar > Berachampa > Deganga > Kartickpur > Beleghata > Golabari > Goakhali > Kadambagachi > Kazipara Depot > Barasat Chapadali > Madhyamgram > Doltala > BT College > Michaelnagar > Birati > Airport Gate 3 > Airport Gate 1 > Kaikhali > Haldirams > Teghoria > Baguiati > Kestopur > Dumdum Park > Laketown > Sreebhumi > Ultadanga > Kankurgachi > Maniktala > 
Basirhat,Hakimpur,1,WBTC,,,27,Sadarpur > Madartala > Kendua Bazar > Malatipur > Korapara > Ghoraras Beltala > Gopalpur > Kholapota > Trimohini > Basirhat > Sangrampur > Biramnagar > Gandharbapur > Katiahat Bazar > Aturia > Goaldaha > Gokulpur > Tentulia > Hathatgange > Swarupnagar > Sarapul > Dakbungalow Bazar > Nirman > Duttapara > Bithari
Basirhat,Howrah Station,1,WBTC,,,15,Bhabla Station > Murarisha Chowmatha > Chaital Ghat > Malancha > Minakhan > Ghushighata > Ghatakpukur > Science City > Park Circus > Moulali > Esplanade > BBD Bag > Barabazar
Basirhat,Lebukhali,1,Private,,,8,Dandirhat > Shankchura Bazar > Taki Chowrangee > Hasnabad > Par Hasnabad > Hingalgunge
Basirhat,Nazat,1,Private,,,9,Bhabla Station > Pifa Bazar > Bhebia Chowrasta > Rajapur > Kharampur > Akhratala > Metekhali
Basirhat,Taranipur,1,WBTC,,,14,Sangrampur > Biramnagar > Katiahat Bazar > Aturia > Goaldaha > Gokulpur > Tentulia > Hathatgange > Swarupnagar > Sarapul > Raghabkati > Gobindapur
Basubati Darbar Sharif,Esplanade,1,WBTC,,,16,Basubati > Azabnagar > Banamalipur > Paschim Tajpur > Pirtala > Sheakhala > Mosat > Chanditala > Dankuni > Ballyhalt > Dakshineswar > Dunlop > Shyambazar > Central
Batanagar,Esplanade,1,Private,,,17,Bata > Dakghar > Mollar Gate > Rampur Quarter > SM Nagar > Sarkarpool > Jhinjhira Bazar > Brace Bridge > Taratala > Majherhat > Mominpore > Ekbalpur > Alipore Zoo > PTS > Fort William
Batanagar,Howrah Station,1,Mini Bus,,,18,Bata > Dakghar > Mollar Gate > Rampur Quarter > SM Nagar > Sarkarpool > Jhinjhira Bazar > Brace Bridge > Hide Road > Babubazar > Kidderpore > Hastings > Fort William > Esplanade > BBD Bag > Barabazar
BBD Bag,Achipur,1,WBTC,,,22,Esplanade > Fort William > PTS > Alipore Zoo > Ekbalpur > Mominpore > Majherhat > Taratala > Brace Bridge > Jhinjhira Bazar > Sarkarpool > SM Nagar > Rampur Quarter > Mollar Gate > Dakghar > Bata > Nungi > Budge Budge > Charial > Pujali
BBD Bag,Airport Gate 1,1,Mini Bus,,,17,Central > MG Road > Girish Park > Vivekananda Road > Maniktala > Kankurgachi > Ultadanga > Sreebhumi > Laketown > Dumdum Park > Kestopur > Baguiati > Teghoria > Haldirams > Kaikhali
BBD Bag,Baguiati,1,Mini Bus,,,13,Central > MG Road > Girish Park > Vivekananda Road > Maniktala > Kankurgachi > Ultadanga > Sreebhumi > Laketown > Dumdum Park > Kestopur
BBD Bag,Ballygunge Station,1,Mini Bus,,,11,Esplanade > Park Street > Maidan > Rabindra Sadan > Minto Park > Beck Bagan > Gurusaday Road > Ballygunge Phari > Gariahat
BBD Bag,Birati Station,1,Mini Bus,,,20,Central > MG Road > Girish Park > Vivekananda Road > Maniktala > Kankurgachi > Ultadanga > Sreebhumi > Laketown > Dumdum Park > Kestopur > Baguiati > Teghoria > Haldirams > Kaikhali > Airport Gate 1 > Airport Gate 3 > Birati
BBD Bag,Daspara,1,Mini Bus,,,19,Esplanade > Park Street > Maidan > Rabindra Sadan > Minto Park > Beck Bagan > Gurusaday Road > Ballygunge Phari > Gariahat > Golpark > Dhakuria > Jadavpur 8B > Santoshpur > Ajaynagar > EM Bypass > Mukundapur > Nayabad
BBD Bag,Derozio College,1,Mini Bus,,,17,Central > MG Road > Girish Park > Vivekananda Road > Maniktala > Kankurgachi > Ultadanga > Sreebhumi > Laketown > Dumdum Park > Kestopur > Baguiati > Lokenath Mandir > Chinar Park > Salua Bazar
BBD Bag,Domjur,1,WBTC,,,17,Esplanade > Park Street > Maidan > Rabindra Sadan > PTS > Vidyasagar Setu > Carry Road > Belepole > Baksara > Santragachi > Garpa > Khejurtala > Salap > Katlia > Makardaha
BBD Bag,Dunlop,1,Mini Bus,,,12,Central > MG Road > Girish Park > Sovabazar > Rajballavpara > Shyambazar > Chiria > Sinthi > Tobin Road > Bonhooghly
BBD Bag,Garia Bus Stand,1,Mini Bus,,,16,Esplanade > Park Street > Maidan > Rabindra Sadan > Minto Park > Beck Bagan > Gurusaday Road > Ballygunge Phari > Gariahat > Golpark > Dhakuria > Jadavpur 8B > Baghajatin > Ramgarh
BBD Bag,Garia Station,1,Mini Bus,,,20,Esplanade > Park Street > Maidan > Rabindra Sadan > Minto Park > Beck Bagan > Park Circus > Topsia > Science City > Uttar Panchannagram > VIP Bazar > Ruby > Kalikapur > Mukundapur > Ajaynagar > Hiland Park > Patuli > Dhalai Bridge
BBD Bag,Jadavpur 8B,1,Mini Bus,,,13,Esplanade > Park Street > Maidan > Rabindra Sadan > Minto Park > Beck Bagan > Gurusaday Road > Ballygunge Phari > Gariahat > Golpark > Dhakuria
BBD Bag,Jodhpur Park,1,Mini Bus,,,13,Esplanade > Park Street > Maidan > Rabindra Sadan > Minto Park > Beck Bagan > Gurusaday Road > Ballygunge Phari > Gariahat > Golpark > Dhakuria
BBD Bag,Mandirtala,1,Private,,,8,Esplanade > Park Street > Maidan > Rabindra Sadan > PTS > Vidyasagar Setu
BBD Bag,Saltlake,1,Mini Bus,,,15,Esplanade > Chandni Chowk > Wellington > Moulali > Sealdah > Beleghata > Beleghata Building > Saltlake 16no Tank > Saltlake 14no Tank > Sushrut Hospital > Saltlake 12no Tank > Karunamoyee > Bikash Bhawan
BBD Bag,Shyambazar,1,Mini Bus,,,7,Central > MG Road > Girish Park > Sovabazar > Rajballavpara
BBD Bag,SM Nagar,1,Private,,,16,Esplanade > Park Street > Maidan > Rabindra Sadan > Bhowanipore > Hazra > Kalighat > Alipore Court > Burdwan Road > Majherhat > Taratala > Brace Bridge > Jhinjhira Bazar > Sarkarpool
BBD Bag,Tikiapara,1,Private,,,13,Esplanade > Park Street > Maidan > Rabindra Sadan > PTS > Vidyasagar Setu > Carry Road > Belepole > Natun Rasta > Ichapur > Shanpur
Begunkodor,Manbazar,1,SANGITA TRAVEL'S,04:40,04:40,8,Sirkabad > Simulia > Purulia > Chakaltore > Kenda > Gopalnagar
Behala,Kankurgachi,1,WBTC,,,10,Taratala More > Mominpur > Khidirpur > Water Gate > Esplanade > BBD.BAGB.B.Ganguli St.Sealdah > Rajabazar > Phoolbagn
Behala,New Town,1,WBTC,,,12,Burashibtala Main Road > New Alipore Petrol Pump > Chetla > Rashbehari Xing > Gariahat > Ruby > Science City > Chingrihata > SDF > College More
Behala 14 No,Kankurgachi,1,WBTC,,,20,Majherhat > Mominpore > Ekbalpur > Kidderpore > Hastings > Princep Ghat > Babughat > Esplanade > BBD Bag > Podder Court > Central > Bowbazar > Medical College > College Street > Sealdah > Rajabazar > Maniktala > Bagmari Bazar
Behala 14 No,Metiabruz Ssp Hospital,1,WBTC,,,8,Taratala > Brace Bridge > Jhinjhira Bazar > Nature Park > Santoshpur Station > Metiabruz
Behala 14 No,Newtown,1,Private,,,23,Roy Bahadur Road > New Alipore > Durgapur Bridge > Chetla Park > Rashbehari > Deshapriya Park > Gariahat > Ballygunge Station > Kasba PS > Bosepukur > Acropolis Mall > Ruby > VIP Bazar > Uttar Panchannagram > Science City > Mathpukur > Chingrighata > Nicco Park > SDF > College More > DLF 1
Behala 14 No,Rajabazar,1,Mini Bus,,,14,Majherhat > Mominpore > Alipore Court > Kalighat > Hazra > Bhowanipore > Rabindra Sadan > Minto Park > Beck Bagan > Mallick Bazar > Moulali > Sealdah
Behala Airport,Howrah Station,1,WBTC,,,15,Parnasree > Taratala > Majherhat > Mominpore > Ekbalpur > Kidderpore > Hastings > Fort William > Esplanade > BBD Bag > GPO > Shipping Corporation > Barabazar
Behala Chowrasta,Digha,1,WBTC,,,14,Kidderpore > Esplanade > Hastings > Toll Tax > Santragachi > Dhulagarh > Kolaghat > Nandakumar > Kanthi > Ramnagar > Old Digha > New Digha
Behala Chowrasta,Howrah Station,1,Mini Bus,,,13,Behala 14 No > Majherhat > Mominpore > Alipore Court > Bhabani Bhawan > Alipore Zoo > PTS > Fort William > Esplanade > BBD Bag > Barabazar
Behala Chowrastha,Jadavpur,1,WBTC,,,6,Ramkrishna Ashram > Motilal Gupta Road > Siriti More > Karunamoyee
Bejra,Durgapur (Station),1,MAA TARINI TRAVELS,08:20,08:20,7,Bolpur > Illambazar > Piyariganj > Panagarh > Durgapur (Muchipara)
Beleghata Building,Garia Station,1,Private,,,24,Beleghata > Sealdah > Moulali > Mallick Bazar > Beck Bagan > Minto Park > Lansdowne > Sishu Mangal > Hazra > Kalighat > Rashbehari > Rabindra Sarovar > Tollygunge Phari > Anwar Shah Road > Lake Gardens > South City > Jadavpur 8B > Baghajatin > Ramgarh > 45 Bus Stand > Patuli > Dhalai Bridge
Belgachia,Santragachi,1,WBTC,,,20,RG Kar > Shyambazar > Khanna Cinema > Maniktala > Rajabazar > Sealdah > Moulali > Wellington > Chandni Chowk > Esplanade > Park Street > Maidan > Rabindra Sadan > PTS > Vidyasagar Setu > Carry Road > Belepole > Baksara
Belgharia,Old Digha,1,WBTC,,,16,Belgharia Badamtala > Belgharia Station > Dunlop > Salap > Dhulagarh > Ranihati > Bagnan > Kolaghat > Mecheda > Nandakumar > Bajkul > Henria > Contai > Ramnagar
Belgharia Rathtala,Golf Green,1,Private,,,27,Rathtala > Dunlop > Bonhooghly > Tobin Road > Sinthi > Chiria > Shyambazar > Khanna Cinema > Maniktala > Rajabazar > Sealdah > Moulali > Mallick Bazar > Beck Bagan > Minto Park > Lansdowne > Sishu Mangal > Deshapriya Park > Gariahat > Golpark > Dhakuria > Jadavpur PS > South City > Lake Gardens > Doordarshan Bhawan
Belgharia Station,Golf Green,1,Private,,,30,Rathtala > Dunlop > Bonhooghly > Tobin Road > Sinthi > Chiria > Shyambazar > Hatibagan > Hedua > Vivekananda Road > Amherst Street > Bank Of India > Bowbazar > Central > Chandni Chowk > Esplanade > Park Street > Maidan > Rabindra Sadan > Bhowanipore > Hazra > Kalighat > Rashbehari > Rabindra Sarovar > Tollygunge Phari > Anwar Shah Road > Lake Gardens > Doordarshan Bhawan
Belgharia Station,Howrah Maidan,1,Mini Bus,,,18,Rathtala > Dunlop > Bonhooghly > Tobin Road > Sinthi > Chiria > Shyambazar > Rajballavpara > Sovabazar > BK Paul > Ahiritola > Jorabagan > Malapara > Barabazar > Posta Bazar > Howrah Station
Belpahari,Barddhaman Alisha Bus Stand,1,Private,,,20,Silda > Fulkushma > Motgoda > Raipur > P > Bkrampur > Simlapal > Taldangra > Chagulia > Nakaijuri > Bishnupur > Joyrampur > Sonamukhi > Kankordanga > Rasulpur > Khandaghosh > Bankura > Telipukur
Belpahari,Esplanade,1,WBTC,,,27,Silda > Kanko > Binpur > Aulia > Andharia > Harda > Dahijuri > Jhargram > Sevayatan > Dherua > Chandra > Gurguripal > Midnapore > Kharagpur Chowringhee > Debra > Ashari > Panskura Bypass > Mechogram > Kolaghat > Bagnan > Uluberia Checkpost > Panchla > Ranihati > Dhulagarh > Santragachi
Belpahari,Kolkata (Esplanade),1,,18:00,18:00,28,Silda > Fulkusma > Motgoda > Raipur > P More > Bikrampur > Simlapal > Taldangra > Ratanpur > Dhaldanga > Bankura > Makurgram > Beliatore > Barjora > Durgapur (Station) > Durgapur (Muchipara) > Panagarh > Budbud > Galsi > Bardhaman > Saktigarh > Dankuni > Bally > Dakshineswar > Dunlop > Sealdah
Belpahari,Tarkeshwar,1,,04:40,04:40,17,Silda > Fulkusma > Raipur > P More > Bikrampur > Amlasuli > Hoomgarh > Radhanagar > Amlagora > Garhbeta > Dhadika > Kamarpukur > Arambagh > Mayapur > Champadanga
Belurmath,Esplanade,1,Mini Bus,,,8,Liluah > Bandha Ghat > Golabarai PS > Howrah Station > Barabazar > BBD Bag
Belurmath,Garia Bus Stand,1,WBTC,,,39,Lalbaba College > Bally Bazar > Ballykhal > Ballyghat > Dakshineswar > Dunlop > Mathkal > Durganagar > Airport > Kaikhali > Haldiram > Teghoria > Baguihati > Keshtopur > Dumdum Park > Lake Town > Ultadanga HUDCO > Saltlake Gate > Bengal Chemical > Mani Square > Apollo Hospital > Swabhumi > Saltlake Stadium > Building More > Chingrighata > Dhapa Mathpukur > Science City > Uttar Panchannagram > Fort
Belurmath,Garia Station,1,Private,,,31,Lalbaba College > Bally Bazar > Ballykhal > Dakshineswar > Dunlop > Bonhooghly > Tobin Road > Sinthi > Chiria > Shyambazar > Khanna Cinema > Ultadanga > Bengal Chemical > Apollo Hospital > Beleghata Building > Chingrighata > Mathpukur > Science City > Uttar Panchannagram > VIP Bazar > Ruby > Kalikapur > EM Bypass > Mukundapur > Ajaynagar > Hiland Park > Peerless Hospital > Patuli > Dhalai Bridge
Belut,Silda,1,,05:50,05:50,17,Saldiha > Jorda > Bangla > Indpur > Sunukpahari > Puabagan > Bankura > Dhaldanga > Ratanpur > Taldangra > Simlapal > P More > Raipur > Motgoda > Fulkusma
Benachity,Jamalpur,1,,07:40,07:40,2,
Benachity,Kotulpur,1,,06:20,06:20,14,Durgapur (City Center) > Panagarh > Budbud > Galsi > Bardhaman > Telipukur > Sagrai > Sehara Bazar > Mogalmari > Akui > Sahaspur > Indus
Benachity,Mougram,1,ISRAIL TRAVELS,05:00,05:00,12,Durgapur (City Center) > Durgapur (Muchipara) > Panagarh > Piyariganj > Illambazar > Bolpur > Nanoor > Kirnahar > Futishanko > Salar
Benachity,Tarkeshwar,1,,07:20,07:20,13,Durgapur (City Center) > Panagarh > Budbud > Galsi > Bardhaman > Telipukur > Shyamsundar > Palasan > Pahalanpur > Muthadanga > Champadanga
Berachampa,Karunamoyee,1,Private,,,26,Deganga > Beleghata > Sondalia Station > Aminpur > Kharibari > Mahishgari > Langolpota > Kalaberia > Rajarhat Chowmatha > Reckjuani > Derozio College > Salua Bazar > Chinar Park > Lokenath Mandir > Baguiati > Kestopur > Dumdum Park > Laketown > Sreebhumi > Ultadanga > Saltlake PNB > Saltlake CA Block > City Center 1 > Bikash Bhawan
Berhampore,Digha,1,Ayush Riya,18:50,18:50,30,Beldanga > Rejinagar > Palashi > Dhubulia > Krishnanagar > Santipur Bypass > Fulia > Ranaghat > Chakdaha > Jagulia > Awalsiddhi > Barasat > Madhyamgram > Airport > Baguihati > Ultodanga > Sealdah > Dharmatala > Santragachi > Dhulagarh > Kolaghat > Mecheda > Nimtouri > Nandakumar > Nachinda > Kanthi > Chaulkhola > Ramnagar
Berhampore,Esplanade,1,WBTC,,,21,Mahalandi > Sankarpur > Nagar > Khargram > Kuli > Dakbangla Hat > Bahadurpur > Futisanko > Pirtala > Nutangram > Natunhat > Muratipur > Norja > Dewandighi > Bardhhaman Station > Shaktigarh > Dankuni > Salap > Santragachi
Berhampore,Kolkata,1,Aradhana Travels,06:53,06:53,14,Beldanga > Palashi > Debgram > Bethuadahari > Dhubulia > Krishnanagar > Shantipur > Ranaghat > Jaguli > Barasat > Airport > Ultadanga
Berhampur,Balurghat,1,NBSTC,07:00,07:00,2,
Berhampur,Chakulia,1,NBSTC,09:30,09:30,2,
Berhampur,Cooch Behar,1,NBSTC,06:30,06:30,2,
Berhampur,Dalkhola,1,NBSTC,11:00,11:00,2,
Berhampur,Dewanganj,1,NBSTC,05:00,05:00,2,
Berhampur,Dhupguri,1,NBSTC,04:30,04:30,2,
Berhampur,Haldibari,1,NBSTC,05:30,05:30,2,
Berhampur,Kharagpur,1,NBSTC,05:00,05:00,2,
Berhampur,Krishnanagar,1,NBSTC,09:00,09:00,3,Nadia
Berhampur,Malbazar,1,NBSTC,05:20,05:20,2,
Berhampur,Pachthupi,1,NBSTC,05:30,05:30,3,Kolkata
Berhampur,Raiganj,1,NBSTC,08:00,08:00,2,
Berhampur,Sahapur,1,NBSTC,07:20,07:20,2,
Beri Gopalpur,Barasat Chapadali,1,Private,,,30,Banstala > Purandarpur > Acharipara > Panchpota > Sutia > Boldeghata > Gazna Bazar > Madhusankati > Jamdani > Khatura Bazar > Gobardanga > Nakpul Bazar > Payragachi > Joygachi > Habra Station > Manasabari Bazar > Radha Chemical > Kalyangarh > Kachua > Ashoknagar Chowrangi > 8 No Kalibari > Ashoknagar Station > Khosdelpur > Guma Chowmatha > Bira Chowmatha > Joypul Bazar > Duttapukur > Bamangachi
Beri Gopalpur,Bongaon,1,Private,,,10,Subidpur > Purandarur > Pabnapara > Kahankia > Jhawdanga > Barnaberia > Angrail > Puratan Bongaon
B Garden,Barasat Chapadali,1,Private,,,42,Shalimar Station > Mandirtala > Vidyasagar Setu > PTS > Rabindra Sadan > Bhowanipore > Hazra > Kalighat > Rashbehari > Deshapriya Park > Gariahat > Ballygunge Station > Kasba PS > Bosepukur > Acropolis Mall > Ruby > VIP Bazar > Uttar Panchannagram > Science City > Mathpukur > Chingrighata > Nicco Park > SDF > College More > DLF 1 > Newtown > Axis Mall > Narkelbagan > Ecopark > Nawabpur > Akanksha 
Bhalukbasa,Medinipur,1,,05:50,05:50,12,Patharpara > Amlasuli > Hoomgarh > Radhanagar > Garhbeta > Kiaboni > Chandrakona Road > Salboni > Godapiasal > Bhadutala
Bhangore,Shyambazar,1,Private,,,29,Kanthalia > Shonepur > Kashipur > Polerhat > Bazetaraf > Shikharpur > Vedic Village > Lauhati > Bishnupur > Rajarhat Chowmatha > Reckjuani > Beraberi > Narayanpur > Bablatala > Kalipark > Gopalpur House > Dashadrone > Kaikhali > Airport Gate 1 > Central Jail > Nager Bazar > Diamond Plaza > Bangur Avenue > Kalindi > Patipukur > Belgachia > RG Kar
Bhattanagar,Esplanade,1,Mini Bus,,,11,Liluah Station > Bamangachi > Salkia Chowrasta > Bandha Ghat > Golabarai PS > Pilkhana > Howrah Station > Barabazar > BBD Bag
Bhebia Chowrasta,Rajabazar,1,Private,,,11,Chaital Ghat > Malancha > Minakhan > Ghatakpukur > Science City > Chingrighata > Beleghata Building > Beleghata > Sealdah
Bhubaneswar,Bankura,1,Shyamoli Paribahan,,,2,
Bhubaneswar,Jhargram,1,,19:00,19:00,12,Cuttack > Bhadrak > Baleshwar > Jaleswar > Belda > Keshiary > Kultikri > Rohini > Ragra > Lodhasuli
Bhutsahar,Bankura,1,,07:50,07:50,11,Simlapal > Lakshmisagar > Khatra > Hatirampur > Bangla > Indpur > Sunukpahari > Puabagan > Dhaldanga
Bhutshahar,Bankura,1,Priyanka,07:50,07:50,8,Simlapal > Lakshmisagar > Khatra > Hatirampur > Bangla > Dholdanga
Bibirhat,Nandi Bagan,1,WBTC,,,23,Shamukpota > Shamali > Rasapunja > Hanspukur > Joka Bridge > Thakurpukur > Shilpara > Sakher Bazar > Behala Chowrasta > Behala 14 No > Majherhat > Mominpore > Alipore Court > Hazra > Kalighat > Rashbehari > Deshapriya Park > Gariahat > Ballygunge Station > Kasba Post Office > Haltu Bazar
Bichali Ghat,Anandapur,1,Private,,,20,Kamal Talkies > Ramnagar > Nature Park > Jhinjhira Bazar > Brace Bridge > Taratala > New Alipore > Mahabirtala > Tollygunge Phari > Rabindra Sarovar > Rashbehari > Deshapriya Park > Gariahat > Ballygunge Station > Kasba PS > Bosepukur > Acropolis Mall > Ruby
Bichalighat,Bikash Bhavan,1,WBTC,,,21,HMG College/Metiabruj > Halder Para > Abestors More > Ramnagar More > Dockyard > Khiderpore > Fancy Market > Hastings > J.K.Island > Mayo Rd > Esplanade > S.K.Mallick Rd > Moulali > Sealdah > Cannel Bridge > Rashmoni Bazar > Jora Mandir > Beliaghata Main Road > Central Park
Bichali Ghat,Picnic Garden,1,Private,,,19,Mudiali > HMG College > Fatehpur > Ramnagar > Garden Reach > Babubazar > Kidderpore > Ekbalpur > Mominpore > Alipore Court > Kalighat > Hazra > Sishu Mangal > Garcha Road > Ballygunge Phari > Bondel Gate > Kustia
Bidyanagar,Bardhaman,1,BORO MAA TRAVELS,13:10,13:10,7,Parulia > Samaspur > Putsuri > Kusumgram > Golapbag
Biharinath,Ranibandh,1,,05:25,05:25,18,Tiluri > Saltora > Jhanka > Lapahari > Dhaban > Jorehira > Hatjor > Jhantipahari > Kharbona > Chhatna > Bankura > Puabagan > Indpur > Bangla > Hatirampur > Khatra
Bijaygunge Bazar,Falta Sector 1,1,Private,,,25,Ramnarayanpur > Brindabanpur > Anchna > Mandabtala > Mandirbazar > Deular > Hatugunge > Dalanghata > Diamond Harbour > Noongola > Leninnagar > Kapathat > Mohanpur > Kalagachia > Sarisha > Sarisha 246 > Pitambara > Pateswari Mandir > Dhukrijhara > Goundia Raghunathpur > Bhadura > Haridashpur > Khandalia
Bikash Bhawan,Babughat,1,Private,,,14,Karunamoyee > Saltlake 12no Tank > Sushrut Hospital > Saltlake 14no Tank > Saltlake 16no Tank > Beleghata Building > Beleghata > Sealdah > Moulali > Wellington > Chandni Chowk > Esplanade
Binpur,Arambagh,1,,07:50,07:50,13,Baksi > Fulkusma > Motgoda > Raipur > P More > Simlapal > Taldangra > Nakaijuri > Bishnupur > Joypur > Kotulpur
Binpur,Ghatal,1,,06:40,06:40,12,Lalgarh > Kantapahari > Ramgarh > Pingboni > Goaltore > Chandrakona Road > Chandrakona Town > Khirpai > Radhanagar > Baroda Chowkan
Binpur,Medinipur,1,,12:50,12:50,13,Harda > Tilabani > Belatikri > Lalgarh > Jhitka > Bhimpur > Kayma > Pirakata > Moupal > Patharkumkumi > Bhadutala
Birati,Digha,1,WBTC,,,17,Belgharia Station > Dunlop > Salap > Dhulagarh > Ranihati > Bagnan > Kolaghat > Mecheda > Nandakumar > Bajkul > Henria > Contai > Ramnagar > Old Digha > New Digha
Birati Station,BBD Bag,1,Mini Bus,,,20,Birati > Airport Gate 3 > Airport Gate 1 > Kaikhali > Haldirams > Teghoria > Baguiati > Kestopur > Dumdum Park > Laketown > Sreebhumi > Ultadanga > Kankurgachi > Maniktala > Vivekananda Road > Girish Park > MG Road > Central
Birati Station,Saltlake 206,1,Mini Bus,,,24,Birati > Airport Gate 3 > Airport Gate 1 > Kaikhali > Haldirams > Chinar Park > City Center 2 > Akanksha > Ecopark > Aliah University > Ecospace > DLF 2 > Unitech Gate 2 > Narkelbagan > Axis Mall > Newtown > DLF 1 > SDF > College More > Wipro > Karunamoyee > Saltlake 9no Tank
Birati Tantkal,Babughat,1,Private,,,23,Birati Station > Birati > Airport Gate 3 > Airport Gate 1 > Kaikhali > Haldirams > Teghoria > Baguiati > Kestopur > Dumdum Park > Laketown > Sreebhumi > Ultadanga > Kankurgachi > Maniktala > Vivekananda Road > Girish Park > MG Road > Central > Chandni Chowk > Esplanade
Birlapur,Esplanade,1,Private,,,22,Calcium > Birla > Charial > Budge Budge > Nungi > Bata > Dakghar > Mollar Gate > Rampur Quarter > SM Nagar > Sarkarpool > Jhinjhira Bazar > Brace Bridge > Taratala > Majherhat > Mominpore > Ekbalpur > Alipore Zoo > PTS > Fort William
Birshibpur,Serampore,1,Private,,,16,Uluberia > Panchla > Ranihati > Dhulagarh > Alampur > Jalan Gate > Ankurhati > Nibra > Salap > Kona > Delhi Road > Pardankuni > Belu > Nabgram
Birsingha,Tarkeshwar,1,,05:40,05:40,11,Joyrampur > Bishnupur > Joypur > Kotulpur > Khatul > Bengai > Arambagh > Mayapur > Champadanga
Bishnupur,Barddhaman Alisha Bus Stand,1,Private,,,21,Joypur > Chatra > Mirjapur > Gogra > Kotulpur > Joyrambati > Kamarpukur > Goghat > Bhikdas > Kalipur > Arambagh > Naisharai > Bulchandpur > Uchalan > Mogolmari > Seherabazar > Sagrai > Bankura > Telipukur
Bishnupur,Contai,1,,06:00,06:00,12,Bankadaha > Dhadika > Garhbeta > Chandrakona Road > Salboni > Medinipur > Kharagpur > Belda > Khakurda > Egra
Bishnupur,Digha Border,1,,,,12,Jairambati > Kamarpukur > Khirpai > Ghatal > Sultannagar > Gaura > Mechogram > Mecheda Station > Nandakumar > Heria
Bishnupur,Durgapur Station,1,,,,4,Bankura Bypass > Beliatore
Bishnupur,Esplanade,1,WBTC,,,15,Joypur > Jayrambati > Kamarpukur > Goghat > Arambagh > Mayapur > Champadanga > Gojar > Sheakhala > Mosat > Dankuni > Dunlop > Central Avenue
Bishnupur,Ghatal,1,,06:50,06:50,2,
Bishnupur,Gopiballabpur,1,,06:15,06:15,2,
Bishnupur,Habra Station,1,WBTC,,,12,Arambagh > Sheakhala > Mosat > Champadanga > Dankuni Housing > Dunlop Bridge > Airport Gate 3 > Barasat Chapadali > Duttapukur > Ashoknagar Station
Bishnupur,Haldia,1,,07:20,07:20,18,Bankadaha > Garhbeta > Chandrakona Road > Chandrakona Town > Khirpai > Radhanagar > Baroda Chowkan > Ghatal > Daspur > Goura > Mechogram > Mecheda > Tamluk > Nandakumar > Mahishadal > Chaitanyapur
Bishnupur,Karunamoyee,1,MDG Paribahan,05:10,05:10,31,Birai More > Jaypur > Chatra > Kotulpur > Khatul > Bengai > Arambagh > Mayapur > Champadanga > Haripal More > Siyakhala > Mashat > Chanditala > Dankuni > Dakshineswar > Dunlop > Belgharia Expressway > Airport > Kaikhali > Chinar Park > Akanksha More > Eco Park > Narkelbagan > Biswabangla Gate > Newtown > DLF > Mahishbathan > College More > Sector V
Bishnupur,Molian,1,,07:15,07:15,2,
Bishnupur,Old Digha,1,,,,29,Chaubeta More > Dhadika > Garhbeta > Kiyaboni > Chandrakona Road > Salboni > Godapiyasal > Bhadutala > Keranichati > Medinipur > Amtala > Mohanpur > Kharagpur > Makrampur > Belda > Khakurda > Sauri > Lalat > Jahalda > Egra > Digha More > Kudi > Mirzapur > Negua > Paniparul > Ramnagar > Thikra
Bishnupur,Sarenga,1,MANUMUN TRAVEL'S,06:00,06:00,12,Nakaijuri > Chagulia > Taldangra > Bibarda > Harmasra > Arkama > Khatra > Kankardanga > Jambani > P More
Bishnupur,Taldangra,1,,,,4,Simlapal > Khatra
Bishnupur,Township,1,,,,30,Dhadika > Garhbeta > Kiyaboni > Chandrakona Road > Dabcha > Andharnayan > Baharasole > Chandrakona Town > Kalikapur > Khirpai > Radhanagar > Barda Chowkan > Ghatal Central > Daspur > Bakultala > Sultan Nagar > Gaura > Khukurdah > Keshapat > Mechogram > Mecheda Station > Maniktala > Tamluk > Nandakumar Bazar > Mahishadal > Chaitanyapur > Manjushree More > Durgachak
Bisunupur,Esplanade,1,WBTC,,,10,Arambagh > Sheakhala > Mosat > Champadanga > Dankuni Housing > Dunlop > Shyambazar > Central
BNR Hospital,Bangur Avenue,1,Private,,,20,Babubazar > Kidderpore > Hastings > PTS > Rabindra Sadan > Minto Park > Beck Bagan > Mallick Bazar > Moulali > Sealdah > Rajabazar > Maniktala > Khanna Cinema > Shyambazar > RG Kar > Belgachia > Patipukur > Kalindi
Boalghata,Barasat Chapadali,1,Private,,,12,Majlishpur > Mithpukuria > Shasan Bazar > Paltadanga > Aminpur > Pakdaha > Golabari > Goakhali > Kadambagachi > Kazipara Depot
Boalia,Karunamoyee,1,Private,,,41,Damodarpur Bazaar > Gangarampur > Uluberia > Nimdighi > Khalisani > Panchla > Ranihati > Dhulagarh > Alampur > Jalan Gate > Ankurhati > Nibra > Salap > Kona > Rajchandrapur > Ballyhalt > Dakshineswar > Dunlop Bridge > Mathkal > Durganagar > Airport Gate 3 > Airport Gate 1 > Kaikhali > Haldirams > Chinar Park > City Center 2 > Akanksha > Nawabpur > Ecopark > Aliah University > Ecospace > DLF 2 > Un
Boga,Barasat,1,,07:40,07:40,2,
Boga,Barasat Chapadali,1,Private,,,28,Khejuri > Henria > Bajkul > Chandipur > Narghat > Nandakumar > Nimtouri > Radhamoni > Mecheda > Kolaghat > Bagnan > Nimdighi > Khalisani > Panchla > Ranihati > Dhulagarh > Ankurhati > Salap > Kona > Ballyhalt > Dakshineswar > Dunlop > Airport Gate 3 > Birati > BT College > Madhyamgram
Boga,Howrah,1,,07:00,07:00,2,
Bokaro,Durgapur (Station),1,,06:40,06:40,2,
Bolpur,Barakar,1,,06:20,06:20,2,
Bolpur,Bardhaman,1,Bishwabharati Ray Travels,07:20,07:20,28,Supur > Bhediya > Kalidah > Kurumba > Dinnathpur > Uttar Ramnagar > Morbandh > Banbagram > Ausgram > Somaipur > Alutia > Guskara Railgate > Guskara Bus Stand > Bolgona More > Shibda More > Odgram > Jhnapur > Barachaumatha > Kayrapur > Natungram > Mainagar > Haldi > Alampur > Talit > Talit Railgate > Jhinguti More
Bolpur,Benachity,1,SONAI TRAVEL'S,13:05,13:05,7,Illambazar > Piyariganj > Panagarh > Durgapur (Muchipara) > Durgapur (City Center)
Bolpur,Bishnupur,1,SHANTI TRAVELS,06:20,06:20,16,Illambazar > Panagarh > Durgapur (Muchipara) > Durgapur (Station) > Barjora > Asuria More > Sahebdihi > Katabandh > Pakhanna > Sahapur > Nachanhati > Sonamukhi > Radha Nagar > Joykrishnapur
Bolpur,Digha,1,SBSTC,05:30,05:30,45,Rajatpur > Bhedia > Gobindapur > Guskara > Haldi > Bardhaman Nawabhat > Bardhaman Rail Station > Bardhaman Alisha Bus Stand > Telipukur > Bankura More > Seherabazar > Moglamari > Mirepota > Uchalan > Bulchandpur > Naisharai > Arambagh > Goghat > Kamarpukur > Ramjibanpur > Srinagar > Jara > Khirpai > Radhanagar > Ghatal > Daspur > Mechogram > Deulia Bazar > Mecheda > Radhamoni > Nimtouri > Nandakum
Bolpur,Dumka,1,,06:50,06:50,2,
Bolpur,Esplanade,1,WBTC,,,11,Sureshwar Shiv Mandir > Bhedia > Guskara > Talit Rail Gate > Barddhaman > Shaktigarh > Dankuni > Salap > Santragachi
Bolpur,Memari,1,,06:00,06:00,2,
Bolpur,New Digha,1,,,,46,Bhedia > Guskara > Haldi > Bardhaman Nababhat > Bardhaman Station > Alisha > Bankura More > Badulia > Sehara Bazar > Moghalmari > Mirepota > Uchalan > Bulchand > Naisharai > Arambagh > Goghat > Kamarpukur Chati > Hajipur > Ramjibanpur > Jara > Khirpai > Radhanagar > Ghatal > Daspur > Mechogram > Deulia Bazar > Mecheda > Radhamoni > Nimtouri > Nandakumar > Norghat > Chandipur > Bajkul > Heria > Kal
Bolpur,Panchthupi,1,,,,19,Mohanpur > Beluti > Datina > Saota > Nanur > Kirnahar > Jubutia > Daskalgram > Futisanko > Katadighi > Morgram > Marut > Majlispur > Mamodpur > Baidyanathpur > Sundarpur > Bahadurpur
Bolpur,Rampurhat,1,PAPAI TRAVEL'S,07:55,07:55,7,Panrui > Purandarpur > Suri > Mohammad Bazar > Mallarpur
Bolpur,Salar,1,ADDYA SHAKTI TRAVELS,08:55,08:55,6,Charkalgram > Khujutipara > Futishanko > Pachundi
Bongaon,Asansol,1,WBTC,,,29,Chandpara > Gaighata > Chongda > Habra Joygachi > Ashoknagar > Guma > Bira > Joypul > Duttapukur > Bamangachi > Barasat Chapadali > Barasat Dakbunglow > Barasat > Madhyamgram > Airport Gate 3 > Dunlop Bridge > Dankuni > Shaktigarh > Barddhaman Bypass > Panagarh Bypass > Dvc > Muchipara > Durgapur City Center > Bhiringi > Andal > Raniganj Punjabi > Kalipahari
Bongaon,Basirhat,1,WBTC,,,26,Panchpota > Kalupur > Dogachia > Mondonpara > Debipur > Chandpara > Bokchora > Gaighata > Amkola > Matikumra > Gobardanga > Nakpul Bazar > Machhlandapur > Biswashati > Shimulpur > Magra Bazar > Bagjola Bazar > Haidarpur > Rudrapur > Baduria Bazar > Taragunia > Gadarati > Kholapota > Trimohini
Bongaon,Beri Gopalpur,1,Private,,,10,Puratan Bongaon > Angrail > Barnaberia > Jhawdanga > Kahankia > Pabnapara > Purandarur > Subidpur
Bongaon,Boyra,1,Private,,,12,Motigunge > Ghatboar > Katlamari > Chanda > Ganrapota > Patshimulia > Asharu Bazar > Helencha > Bagdah > Meherani
Bongaon,Dakshineswar,1,WBTC,,,39,Panchpota > Kalupur > Dogachia > Mondonpara > Debipur > Chandpara > Bokchora > Gaighata > Bagna > Dharampur > Kolashim Bazar > Kulpukur > Chongda > Hatthuba > Saptapally > Joygachi > Habra Station > Ashoknagar Station > Khosdelpur > Guma Chowmatha > Bira Chowmatha > Joypul Bazar > Duttapukur > Bamangachi > Mondonkathi > Kazipara > Barasat Chapadali > Madhyamgram > BT College > Michaelnagar > Gouri
Bongaon,Habra Station,1,Private,,,14,Motigunge > Chapaberia > Chalki Bazar > Gopalnagar > Pallagram > Nahata > Nimtala > Nagarukhra > Hapania > Jhikra Bazar > Chanda > Banbania
Bonhooghly,Chapadanga,1,Private,,,26,Dunlop > Dakshineswar > Ballyhalt > Rajchandrapur > Delhi Road > Dankuni Housing > Dankuni Station > Kalipur > Chanditala > Kalachara > Kumirmora > Krishnarampur > Jangalpara > Mosat > Aushbali > Sheakhala > Anantapur > Sipaigachi > Khejuria > Gajar > Joyrampur > Piyasara > Binodbati > Darbeshpur
Bonhooghly,Jagatballavpur,1,Private,,,20,Dunlop > Dakshineswar > Ballyhalt > Rajchandrapur > Delhi Road > Dankuni Housing > Dankuni Station > Kalipur > Chanditala > Kalachara > Kumirmora > Krishnarampur > Jangalpara > Mosat > Gopalpur Bazar > Banipur > Aniya > Maitapukur Bus Stand
Boyra,Bongaon,1,Private,,,12,Meherani > Bagdah > Helencha > Asharu Bazar > Patshimulia > Ganrapota > Chanda > Katlamari > Ghatboar > Motigunge
BT College,Golf Green,1,Private,,,29,Michaelnagar > Birati > Airport Gate 3 > Airport Gate 1 > Central Jail > Nager Bazar > Diamond Plaza > Bangur Avenue > Laketown > Sreebhumi > Ultadanga > Kankurgachi > Phoolbagan > Beleghata > Sealdah > Moulali > Mallick Bazar > Park Circus > Quest Mall > Ballygunge Phari > Gariahat > Golpark > Dhakuria > Jadavpur PS > South City > Lake Gardens > Doordarshan Bhawan
Budbud,Manbazar,1,,03:45,03:45,19,Panagarh > Durgapur (Muchipara) > Durgapur (City Center) > Andal > Raniganj > Mejia > Pabra > Saltora > Santuri > Manihara > Kashipur > Hura > Lalpur > Manguria > Napara > Bagda > Puncha
Buglidih,Bankura,1,,05:50,05:50,12,Napara > Ramkundi > Gopalpur > Belut > Saldiha > Jorda > Bangla > Indpur > Sunukpahari > Puabagan
Burdwan,Agra,1,Shyamoli Paribahan,,,2,
Burdwan,Etawah,1,Shyamoli Paribahan,,,2,
Burdwan,Fatehpur,1,Shyamoli Paribahan,,,2,
Burdwan,Itaberia,1,,,,13,Bankuramore > Uchalan > Arambagh > Goghat > Khirpai > Radhanagar > Ghatal > Daspur > Mecheda Station > Radhamoni > Nandakumar
Burdwan,Mathura,1,Shyamoli Paribahan,,,2,
Burdwan,Nagar,1,SBSTC,12:00,12:00,3,Kolkata
Burdwan Alisha,Mecheda Station,1,,,,26,Bankura More > Sagrai > Seherabazar > Moghalmari > Uchalan > Bulchandpur > Naisharai > Pallishree > Arambagh > Kalipur > Goghat > Kamarpukur > Ramjibanpur > Khirpai > Radhanagar > Barda Chowkan > Ghatal > Daspur > Sultannagar > Gaura > Sonamui > Khukurdah > Keshpat > Mechogram
Burdwan Alisha,Panskura,1,,,,10,Uchalan > Bulchandrapur > Arambagh > Kamarpukur Chati > Ramjibanpur > Khirpai > Ghatal CBS > Gaura
Burdwan Raj College,Old Digha,1,,,,3,Arambagh
Burul,Babughat,1,WBTC,,,25,Burul Bazar > Chandua Bazar > Bisalakshmitala > Dongaria > Nodakhali > Bakhrahat > Bibirhat > Shamukpota > Shamali > Rasapunja > Hanspukur > Joka Bridge > Thakurpukur > Shilpara > Sakher Bazar > Behala Chowrasta > Behala 14 No > Majherhat > Mominpore > Bhabani Bhawan > PTS > Fort William > Esplanade
Burul,Radhanagar,1,Private,,,21,Burul Bazar > Chandua Bazar > Bisalakshmitala > Mallickpur > Sahararhat > Bhadura > Goundia Raghunathpur > Dhukrijhara > Pateswari Mandir > Pitambara > Sarisha > Kalagachia > Mohanpur > Kapathat > Leninnagar > Noongola > Diamond Harbour > Dalanghata > Uttar Ramkrishnapur
Canning,Dhamakhali,1,WBTC,,,12,Canning Station > Matla Bridge > Dockghat > Kanthalberia > Amjhara > Dhuri Bazar > Atharobanki > Charabidya > Gabbuni > Sarberia
Chaital Ghat,Howrah Station,1,Private,,,11,Malancha > Minakhan > Ghatakpukur > Science City > Topsia > Park Circus > Moulali > Esplanade > BBD Bag
Chaital Ghat,Rajabazar,1,Private,,,10,Malancha > Minakhan > Ghatakpukur > Science City > Chingrighata > Beleghata Building > Beleghata > Sealdah
Chaitanyapur,Digha,1,,05:45,05:45,2,
Chaitanyapur,Jhargram,1,,05:20,05:20,17,Durgachak > Haldia > Nandakumar > Chandipur > Bajkul > Henria > Contai > Egra > Khakurda > Belda > Kharagpur > Nimpura > Kalaikunda > Guptamoni > Lodhasuli
Chakla,Esplanade,1,WBTC,,,32,Subarnapur > Badarhat > Icchapur > Bira Chowmatha > Duttapukur > Bamangachi > Barasat Chapadali > Madhyamgram > Doltala > BT College > Michaelnagar > Birati > Airport Gate 3 > Airport Gate 1 > Central Jail > Nager Bazar > Diamond Plaza > Bangur Avenue > Kalindi > Patipukur > Belgachia > RG Kar > Shyambazar > Khanna Cinema > Maniktala > Rajabazar > Sealdah > Moulali > Wellington > Chandni Chowk
Chakta,Bardhaman,1,SREE DHAR TRAVELS,08:10,08:10,10,Futishanko > Kirnahar > Nanoor > Bandar > Natunhat > Narja > Mehedibagan > Golapbag
Chakta,Esplanade,1,WBTC,,,18,Komarpur > Hattala Bazar > Nirol > Pachundi > Ketugram > Sepaidighi > Katwa > Dainhat > Maldanga > Kusumgram > Satgachia > Memari > Masagram > Gurap > Dankuni > Santragachi
Chakta,Katwa,1,,08:00,08:00,2,
Chalauni,Siliguri,1,,07:30,07:30,9,Matelli > Chalsa > Malbazar > Damdim > Oodlabari > Ellenbari > Sevoke
Chanchal,Asansol,1,NBSTC,05:30,05:30,2,
Chanchal,Balurghat,1,NBSTC,07:15,07:15,2,
Chanchal,Berhampur,1,NBSTC,06:30,06:30,2,
Chanchal,Esplanade,1,WBTC,,,20,Samsi > Gazole > Malda > Farakka > Omarpur > Morgram > Berhampore > Beldanga > Palashi > Krishnanagar > Shantipur > Phulia > Ranaghat > Chakdah > Jaguli > Awalsiddhi > Barasat > Ultadanga
Chanchal,Kalna,1,NBSTC,08:30,08:30,2,
Chanchal,Kolkata,1,NBSTC,04:45,04:45,2,
Chanchal,Malda,1,NBSTC,06:00,06:00,2,
Chanchal,Siliguri,1,NBSTC,05:30,05:30,2,
Chandankyari,Purulia,1,PUSHPASHREE TRAVELS,09:30,09:30,7,Darda > Nadiha > Surulia > Kaluhar > Golkunda
Chandipur,Medinipur,1,Rudrapriya,05:00,05:00,11,Bajkul > Bhagwanpur > Manglamaro > Patashpur > Egra > Jahalda > Khakurda > Belda > Kharagpur Chowringhee
Chanditala,Howrah Station,1,Private,,,14,Kalipur > Jagadishpur > Chamrail > Eksara > Kona > Biradingi > Belgachia > Bamangachi > Salkia Chowrasta > Bandha Ghat > Golabarai PS > Pilkhana
Chandrakona Road,Bardhaman,1,,05:50,05:50,13,Kiaboni > Garhbeta > Dhadika > Shyamnagar > Chamkaitala > Kamarpukur > Goghat > Arambagh > Uchalan > Sehara Bazar > Telipukur
Chandrakona Road,Belpahari,1,,06:40,06:40,2,
Chandrakona Road,Durgapur Station,1,,,,16,Nayabasat > Bulanpur > Sarenga > P More > Bikrampur > Simlapal > Taldangra > Shibdanga More > Ratanpur > Dholdanga > Bankura Bypass > Bankura Bus Stand > Satighat > Beliatore
Chandrakona Road,Haldia,1,,04:30,04:30,20,Chandrakona Town > Kalikapur > Khirpai > Radhanagar > Baroda Chowkan > Ghatal > Daspur > Sultannagar > Goura > Khukur Daha > Keshapat > Mechogram > Panskura > Tamluk > Nandakumar > Mahishadal > Chaitanyapur > Durgachak
Chandrakona Road,Kolkata,1,,05:35,05:35,2,
Chandrakona Road,Kukrahati,1,,05:35,05:35,19,Chandrakona Town > Kalikapur > Khirpai > Radhanagar > Baroda Chowkan > Ghatal > Daspur > Sultannagar > Goura > Khukur Daha > Keshapat > Mechogram > Mecheda > Tamluk > Nandakumar > Mahishadal > Chaitanyapur
Chandrakona Road,Manbazar,1,,07:35,07:35,12,Goaltore > Pingboni > Ramgarh > Lalgarh > Baksi > Fulkusma > Barikul > Ranibandh > Khatra > Hatirampur
Chandrakona Road,Medinipur,1,,08:20,08:20,2,
Chandrakona Road,Nabadwip,1,,05:30,05:30,18,Chandrakona Town > Kalikapur > Khirpai > Srinagar > Ramjibanpur > Kamarpukur > Goghat > Arambagh > Uchalan > Mogalmari > Sehara Bazar > Telipukur > Bardhaman > Kusumgram > Nadanghat > Hematpur
Chandrakona Road Central Bus Stand,Howrah,1,,,,5,Ghatal > Daspur > Gaura
Chandrakona Town,Bishnupur,1,,05:20,05:20,2,
Chandrakona Town,Karunamoyee,1,PUSPANJALI TRAVELS,03:10,03:10,23,Kalikapur > Khirpai > Radhanagar > Baroda Chowkan > Ghatal > Daspur > Sultannagar > Goura > Khukur Daha > Keshapat > Mechogram > Kolaghat > Bagnan > Uluberia > Dhulagarh > Kona Express More > Salap > Bally > Dakshineswar > Dunlop > Dum Dum Airport
Chandrakona Town,Kolkata,1,,05:05,05:05,23,Kalikapur > Khirpai > Radhanagar > Baroda Chowkan > Ghatal > Daspur > Sultannagar > Goura > Khukur Daha > Keshapat > Mechogram > Kolaghat > Bagnan > Uluberia > Dhulagarh > Kona Express More > Salap > Bally > Dakshineswar > Dunlop > Shyambazar
Chandrakona Town,Kolkata Station,1,Private,,,27,Khirpai > Ghatal > Mechogram > Kolaghat > Bagnan > Uluberia > Panchla > Ranihati > Dhulagarh > Alampur > Jalan Gate > Ankurhati > Nibra > Salap > Kona > Rajchandrapur > Ballyhalt > Dakshineswar > Dunlop > Bonhooghly > Tobin Road > Sinthi > Chiria > Shyambazar > RG Kar
Chandrakona Town,Panskura,1,,06:00,06:00,6,Sultannagar > Goura > Khukur Daha > Mechogram
Chandrakona Town,Tarkeshwar,1,,06:10,06:10,12,Raskundu > Garhbeta > Dhadika > Shyamnagar > Chamkaitala > Kamarpukur > Goghat > Arambagh > Mayapur > Champadanga
Chapadanga,Bonhooghly,1,Private,,,26,Darbeshpur > Binodbati > Piyasara > Joyrampur > Gajar > Khejuria > Sipaigachi > Anantapur > Sheakhala > Aushbali > Mosat > Jangalpara > Krishnarampur > Kumirmora > Kalachara > Chanditala > Kalipur > Dankuni Station > Dankuni Housing > Delhi Road > Rajchandrapur > Ballyhalt > Dakshineswar > Dunlop
Chapra,Baharampur,1,GITANJALI TRAVEL'S,07:20,07:20,7,Bara Andulia > Tehatta > Shyamnagar > Palasi > Rejinagar
Chelyama,Bankura,1,,06:00,06:00,15,Raghunathpur > Sarbori More > Madhukunda > Tiluri > Saltora > Jhanka > Lapahari > Dhaban > Jorehira > Hatjor > Jhantipahari > Kharbona > Chhatna
Chetla,Paikpara,1,WBTC,,,13,Shyambazar > Khanna > Manicktala > Sealdha > Moulali > Padmapukur > Darga Rd > Bondel Gate > Hazra > Kalighat > Alipur Rd
Chetla Park,Howrah Station,1,Private,,,14,Rashbehari > Kalighat > Hazra > Alipore Court > Mominpore > Ekbalpur > Kidderpore > Hastings > Fort William > Esplanade > BBD Bag > Barabazar
Chhirudi,Bankura,1,,06:00,06:00,6,Pairachali > Kamalpur > Kharbona > Chhatna
Chichra,Bankura,1,,05:45,05:45,14,Gidhni > Parihati > Silda > Fulkusma > Motgoda > Raipur > P More > Bikrampur > Simlapal > Taldangra > Ratanpur > Dhaldanga
China Mandir,Dakghar,1,Private,,,22,Ruby > Acropolis Mall > Bosepukur > Kasba PS > Ballygunge Station > Gariahat > Deshapriya Park > Rashbehari > Hazra > Kalighat > Alipore Court > Burdwan Road > Majherhat > Behala 14 No > Behala Chowrasta > Bakultala > Shakuntala Park > Shibrampur > Sarada Park > Moynagarh
Chingrighata,Dhulagarh,1,Private,,,30,Nicco Park > SDF > College More > DLF 1 > Newtown > Axis Mall > Narkelbagan > Ecopark > Nawabpur > Akanksha > City Center 2 > Chinar Park > Haldirams > Kaikhali > Airport Gate 1 > Airport Gate 3 > Durganagar > Mathkal > Dunlop Bridge > Dakshineswar > Ballyhalt > Rajchandrapur > Kona > Salap > Nibra > Ankurhati > Jalan Gate > Alampur
Chinsurah Court,Haripal Station,1,Private,,,14,Khadina > Chinsurah Station > Sugandha > Harit > Puinan > Dadpur > Maheshwarpur > Hasnan Bridge > Makalpur Bazar > Belmuri Station > Bhanderhati > Basudebpur
Chinsurah Court,Jirat,1,Private,,,18,Ghorir > Mearbere > Khadina > Hooghly > Bandel > Keota > Sahagunj > Bansbhberia > Boropara > Kalitala > Tribeni > Kuntighat > Dumurdaha > Kamalpur > Baneshwarpur > Hatikanda
Chirkunda,Bankura,1,,06:00,06:00,15,Panchet > Sarbori More > Madhukunda > Tiluri > Saltora > Jhanka > Lapahari > Dhaban > Jorehira > Hatjor > Jhantipahari > Kharbona > Chhatna
Chittaranjan,Digha,1,,19:00,19:00,20,Asansol > Durgapur (City Center) > Durgapur (Station) > Barjora > Beliatore > Makurgram > Bankura > Dhaldanga > Onda > Ramsagar > Bishnupur > Garhbeta > Chandrakona Road > Medinipur > Kharagpur > Belda > Khakurda > Egra
Chittaranjan,Haldia,1,WBTC,,,37,Salanpur > Rupnarayanpur > Chaurangi > Jubilee > Asansol > Kalipahari > Raniganj Punjabi > Andal > Bhiringi > Durgapur City Center > Dvc > Muchipara > Panagarh Bypass > Barddhaman Bypass > Shaktigarh > Dankuni > Salap > Santragachi > Esplanade > Santragachi > Dhulagarh > Ranihati > Panchla > Uluberia Checkpost > Bagnan > Kolaghat > Mecheda > Radhamoni > Nimtauri > Nandakumar > Kapasaria > Brajalal
Chittaranjan,Kandi,1,,04:50,04:50,17,Rupnarayanpur > Asansol > Raniganj > Andal > Durgapur (City Center) > Durgapur (Muchipara) > Panagarh > Piyariganj > Illambazar > Bolpur > Kirnahar > Futishanko > Marut > Sundarpur > Kuli
Chittaranjan,Khatra,1,,06:20,06:20,2,
Chittaranjan,Purulia,1,,07:10,07:10,6,Chirkunda > Sarbori More > Raghunathpur > Anara
Choto Finga,Howrah Station,1,WBTC,,,22,Boro Finga > Bisharpara > Birati > Airport Gate 3 > Airport Gate 1 > Kaikhali > Haldirams > Teghoria > Baguiati > Kestopur > Dumdum Park > Laketown > Sreebhumi > Ultadanga > Kankurgachi > Maniktala > Vivekananda Road > Girish Park > MG Road > Barabazar
Chuchura,Bankura,1,,05:10,05:10,17,Chandannagar > Bhadreswar > Baidyabati > Singur > Basudebpur > Tarkeshwar > Champadanga > Mayapur > Arambagh > Bengai > Kotulpur > Bishnupur > Ramsagar > Onda > Dhaldanga
Chunakhali,Baruipur,1,WBTC,,,20,Bagulakhali > Baria > 10 No Majhipara > Nirdeshkhali > Panikhali > Kaltala > Kanthalberia > Dockghat > Matla Bridge > Canning Station > Canning > Betberia Belegachi > Taldi > Kulari > Uttarbhag > Phooltala > Puratan Bazar > Shibanipith
Chunavati,Howrah Station,1,Private,,,13,Hanskhali Pole > Bakultala > Danesh Shaikh Lane > Amtala Phari > Narayana Hospital > Bataitala Phari > Kazipara > Avani Mall > Shibpur Bazar > Mallick Fatak > Howrah Maidan
Contai,Asansol,1,MITRA TRAVEL'S,05:30,05:30,25,Egra > Khakurda > Belda > Kharagpur > Mohanpur > Medinipur > Bhadutala > Salboni > Chandrakona Road > Garhbeta > Dhadika > Bankadaha > Bishnupur > Ramsagar > Onda > Dhaldanga > Bankura > Makurgram > Beliatore > Barjora > Durgapur (Station) > Durgapur (City Center) > Raniganj
Contai,Bankura,1,MITRA TRAVELS,04:30,04:30,18,Egra > Khakurda > Belda > Kharagpur > Medinipur > Bhadutala > Godapiasal > Salboni > Chandrakona Road > Garhbeta > Dhadika > Bankadaha > Bishnupur > Ramsagar > Onda > Dhaldanga
Contai,Fulkusma,1,,07:25,07:25,13,Egra > Khakurda > Belda > Kharagpur > Medinipur > Chandra > Dherua > Jhargram > Dahijuri > Binpur > Silda
Contai,Hatibari,1,USHA MOTORS,03:20,03:20,10,Egra > Khakurda > Belda > Keshiary > Kultikri > Rohini > Ragra > Gopiballabpur
Contai,Ramgarh,1,,08:05,08:05,14,Egra > Khakurda > Belda > Kharagpur > Mohanpur > Medinipur > Bhadutala > Patharkumkumi > Moupal > Pirakata > Bhimpur > Lalgarh
Contai,Salt Lake,1,Santosh Bus Service,05:45,05:45,2,
Contai Central,Medinipur Central,1,,,,16,Satmile > Balighai > Egra > Jahalda > Lalat > Sauri > Khakurdah > Thakur Chowk > Belda > Bakhrabad > Narayangarh > Mokrampur > Kharagpur Station > Kharagpur Chaurangi
Cooch Behar,Balurghat,1,NBSTC,06:00,06:00,3,Falakata
Cooch Behar,Beldanga,1,NBSTC,05:15,05:15,3,Mathabhanga
Cooch Behar,Berhampur,1,NBSTC,07:00,07:00,3,Falakata
Cooch Behar,Buniadpur,1,NBSTC,08:10,08:10,3,Falakata
Cooch Behar,Gazole,1,NBSTC,07:40,07:40,3,Falakata
Cooch Behar,Haldibari,1,NBSTC,04:30,04:30,3,Falakata
Cooch Behar,Krishnagar,1,NBSTC,07:00,07:00,3,Falakata
Coochbehar Bus Stand,Dharmatala Government Bus,1,,,,37,Pundibari > Ghoshkadanga > Falakata > Moranga Chowpathi > Dhupguri Bus Stand > Maynaguri Bypass > Goshala More > Fatapukur > Fulbari > Air View More > Siliguri TNCBT Bus Stand > Islampur > Dalkhola > Raiganj > Gazole > Malda > Farakka > Omarpur > Moregram > Baharampur > Beldanga > Palashi > Debgram > Bethuadahari > Dhubulia > Krishnanagar Panthatirtha Hotel > Santipur Bypass > Phulia > Ranaghat Pr
Cossipore,Esplanade,1,Private,,,10,Bibibazar > Chitpur Bridge > Bagbazar > Sovabazar > Girish Park > MG Road > Central > Chandni Chowk
Dahighat,Sealdah,1,WBTC,,,8,Mominpur > Hazra > Elgin Road > Park street > Esplanade > Subod Mallick Squre
Dainhat,Esplanade,1,WBTC,,,12,Maldanga > Manteshwar > Kusumgram > Satgachia > Memari > Masagram > Gurap > Dankuni > Salap > Santragachi
Dakghar,China Mandir,1,Private,,,22,Moynagarh > Sarada Park > Shibrampur > Shakuntala Park > Bakultala > Behala Chowrasta > Behala 14 No > Majherhat > Mominpore > Alipore Court > Hazra > Kalighat > Rashbehari > Deshapriya Park > Gariahat > Ballygunge Station > Kasba PS > Bosepukur > Acropolis Mall > Ruby
Dakghar,Howrah Station,1,Private,,,17,Mollar Gate > Rampur Quarter > SM Nagar > Sarkarpool > Jhinjhira Bazar > Brace Bridge > Taratala > Mahjerhat > Mominpore > Ekbalpur > Kidderpore > Hastings > Princep Ghat > Babughat > Barabazar
Dakshineswar,Babughat,1,Mini Bus,,,17,Alambazar > Deshbandhu Road > Bonhooghly > Baranagar Bazar > Sinthi > Chiria > Shyambazar > Hatibagan > Hedua > Vivekananda Road > Amherst Street > Bank Of India > Bowbazar > Central > BBD Bag
Dakshineswar,Barasat Colony,1,WBTC,,,11,Dunlop > Rathtala > Kamarhati > Sodepur Station > Ghola Bazar > Muragacha > Boardghar > Sajirhat > Madhyamgram
Dakshineswar,Bongaon,1,WBTC,,,39,Dunlop Bridge > Mathkal > Durganagar > Belgharia Expressway > Airport Gate 3 > Birati > Gouripur > Michaelnagar > BT College > Madhyamgram > Barasat Chapadali > Kazipara > Mondonkathi > Bamangachi > Duttapukur > Joypul Bazar > Bira Chowmatha > Guma Chowmatha > Khosdelpur > Ashoknagar Station > Habra Station > Joygachi > Saptapally > Hatthuba > Chongda > Kulpukur > Kolashim Bazar > Dharampur > Bagn
Dakshineswar,Esplanade,1,Private,,,16,Alambazar > Deshbandhu Road > Bonhooghly > Baranagar Bazar > Cossipore > Bibibazar > Chitpur Bridge > Bagbazar > Rajballavpara > Sovabazar > Girish Park > MG Road > Central > Chandni Chowk
Dakshineswar,Kudghat,1,WBTC,,,20,Alambazar > Cossipore > Bibibazar > Chitpur Bridge > Bagbazar > Sovabazar > Girish Park > MG Road > Central > BBD Bag > Park Street > Rabindra Sadan > Bhowanipore > Hazra > Kalighat > Rashbehari > Rabindra Sarovar > Tollygunge Metro
Dakshineswar,Ruby,1,WBTC,,,25,Alambazar > Tantipara > Sabedabagan > Dunlop > Indian Statistical Institute > Bonhooghly > Tobin Road > Sinthi > Chiria > Shyambazar > Khanna Cinema > Maniktala > Sukea Street > Rajabazar > Sealdah > Moulali > CIT Road > Chittaranjan Hospital > 4 No Bridge > Topsia > Science City > Uttar Panchannagram > VIP Bazar
Dakshineswar,Sector V,1,Private,,,20,Dunlop > Bonhooghly > Tobin Road > Sinthi > Chiria > Shyambazar > Khanna Cinema > Ultadanga > Saltlake PNB > Saltlake CA Block > Labony Estate > Saltlake 13no Tank > Saltlake Stadium > Saltlake 14no Tank > Sushrut Hospital > Wipro > SDF > College More
Dakshineswar,Shapoorji,1,WBTC,,,21,Dunlop Bridge > Mathkal > Durganagar > Airport Gate 3 > Airport Gate 1 > Kaikhali > Haldirams > Chinar Park > City Center 2 > Akanksha > Nawabpur > Ecopark > Aliah University > Ecospace > DLF 2 > Unitech Gate 2 > Unitech Gate 1 > Uem Campus > Karigari Bhawan
Damda,Chittaranjan,1,,04:10,04:10,22,Chakaltore > Kenda > Gopalnagar > Manbazar > Pairachali > Hatirampur > Bangla > Indpur > Puabagan > Dhaldanga > Bankura > Makurgram > Beliatore > Barjora > Durgapur (Station) > Durgapur (City Center) > Andal > Raniganj > Asansol > Rupnarayanpur
Danesh Shaikh Lane,Aliah University,1,Private,,,30,Amtala Phari > Narayana Hospital > Mandirtala > Vidyasagar Setu > Hastings > PTS > Rabindra Sadan > Minto Park > Beck Bagan > Park Circus > 4 No Bridge > Topsia > Science City > EM Bypass > Mathpukur > Metropolitan > Chingrighata > Nicco Park > Wipro > SDF > College More > DLF 1 > Newtown > Axis Mall > Narkelbagan > Unitech Gate 2 > DLF 2 > Ecospace
Danesh Shaikh Lane,Esplanade,1,Mini Bus,,,13,Amtala Phari > Narayana Hospital > Bataitala Phari > Kazipara > Avani Mall > Shibpur Bazar > Mallick Fatak > Howrah Maidan > Howrah Station > Barabazar > BBD Bag
Dankuni Housing,Haroa Bridge,1,Private,,,33,Rajchandrapur > Ballyhalt > Dakshineswar > Dunlop > Bonhooghly > Tobin Road > Sinthi > Chiria > Shyambazar > Khanna Cinema > Ultadanga > Sreebhumi > Laketown > Dumdum Park > Kestopur > Baguiati > Lokenath Mandir > Chinar Park > Salua Bazar > Derozio College > Reckjuani > Rajarhat Chowmatha > Bishnupur > Lauhati > Chandpur > Dhibdhiba > Shyamnagar > Pirnagar > Payragacha > Dhanpota > Mazompur
Dankuni Housing,Kamalgazi,1,Private,,,30,Rajchandrapur > Ballyhalt > Dakshineswar > Dunlop > Bonhooghly > Tobin Road > Sinthi > Chiria > Shyambazar > Khanna Cinema > Ultadanga > Bengal Chemical > Apollo Hospital > Beleghata Building > Chingrighata > Mathpukur > Science City > Uttar Panchannagram > VIP Bazar > Ruby > Kalikapur > EM Bypass > Mukundapur > Ajaynagar > Hiland Park > Peerless Hospital > Patuli > 45 Bus Stand
Dankuni Housing,Nager Bazar,1,Private,,,11,Rajchandrapur > Ballyhalt > Dakshineswar > Dunlop > Bonhooghly > Tobin Road > Sinthi > Chiria > Dumdum Station
Dankuni Housing,Park Circus,1,WBTC,,,30,Maiti Para > Rajchandrapur > Ballyhalt > Dakshineswar > Dunlop Bridge > Mathkal > Durganagar > Airport Gate 3 > Airport Gate 1 > Kaikhali > Haldirams > Chinar Park > City Center 2 > Akanksha > Nawabpur > Ecopark > Narkelbagan > Axis Mall > Newtown > DLF 1 > Technopolis > College More > SDF > Nicco Park > Chingrighata > Mathpukur > Science City > Topsia
Danrikadoba,Purulia,1,,05:00,05:00,6,Manbazar > Gopalnagar > Kenda > Chakaltore
Dantan,Dharmatala,1,,,,8,Mohanpur > Egra > Satmile > Contai (Kanthi) > Nandakumar > Kolaghat
Dantan,Esplanade,1,WBTC,,,18,Belda > Kasba Narayangarh > Kharagpur > Midnapore > Kharagpur Chowringhee > Debra > Ashari > Panskura Bypass > Mechogram > Kolaghat > Bagnan > Uluberia Checkpost > Panchla > Ranihati > Dhulagarh > Santragachi
Dantan,Howrah,1,,02:40,02:40,20,Turka > Jankapur > Mohanpur > Egra > Contai > Henria > Bajkul > Chandipur > Nandakumar > Nimtouri > Mecheda > Kolaghat > Bagnan > Uluberia > Dhulagarh > Kona Express More > Santragachi > Kolkata (Esplanade)
Dantol,Kantakhali,1,,06:10,06:10,10,Godapiasal > Bhadutala > Medinipur > Madpur > Debra > Balichak > Jamna > Temathani
Darbhanga Bihar,Siliguri,1,Shyamoli Paribahan,,,2,
Darjeeling,Islampur,1,NBSTC,13:30,13:30,2,
Darjeeling,Jaigaon,1,NBSTC,07:30,07:30,2,
Daroka,Esplanade,1,WBTC,,,10,Labhpur > Futisanko > Kirnahar > Barddhaman Natunhat > Shaktigarh > Dankuni > Salap > Santragachi
Dasghara,Haripal Station,1,Private,,,7,Nelorpar > Dhaniakhali > Belmuri Station > Bhanderhati > Basudebpur
Daspara,BBD Bag,1,Mini Bus,,,19,Nayabad > Mukundapur > EM Bypass > Ajaynagar > Santoshpur > Jadavpur 8B > Dhakuria > Golpark > Gariahat > Ballygunge Phari > Gurusaday Road > Beck Bagan > Minto Park > Rabindra Sadan > Maidan > Park Street > Esplanade
Debra,Bajkul,1,,08:50,08:50,2,
Delhi,Siliguri,1,Shyamoli Paribahan,,,2,
Derozio College,Babughat,1,Private,,,19,Salua Bazar > Chinar Park > Lokenath Mandir > Baguiati > Kestopur > Dumdum Park > Laketown > Sreebhumi > Ultadanga > Kankurgachi > Phoolbagan > Beleghata > Sealdah > Moulali > Wellington > Chandni Chowk > Esplanade
Derozio College,BBD Bag,1,Mini Bus,,,17,Salua Bazar > Chinar Park > Lokenath Mandir > Baguiati > Kestopur > Dumdum Park > Laketown > Sreebhumi > Ultadanga > Kankurgachi > Maniktala > Vivekananda Road > Girish Park > MG Road > Central
Deulihat,Howrah,1,,03:50,03:50,17,Ramnagar > Paniparul > Contai > Henria > Bajkul > Chandipur > Nandakumar > Nimtouri > Mecheda > Kolaghat > Bagnan > Uluberia > Dhulagarh > Kona Express More > Santragachi
Deulihat,Medinipur,1,,04:50,04:50,8,Ramnagar > Paniparul > Egra > Khakurda > Belda > Kharagpur
Dhabani,Kalna,1,,06:05,06:05,25,Bandwan > Manbazar > Pairachali > Hatirampur > Bangla > Indpur > Sunukpahari > Puabagan > Dhaldanga > Bankura > Makurgram > Beliatore > Barjora > Durgapur (Station) > Durgapur (Muchipara) > Panagarh > Budbud > Galsi > Bardhaman > Saktigarh > Rasulpur > Memari > Satgachia
Dhadka,Purulia,1,,05:40,05:40,8,Bandwan > Katin > Barabazar > Balarampur > Urma > Simulia
Dhamakhali,Barasat Chapadali,1,WBTC,,,54,Rampur > Fakirtala > Sarberia > Agarhati > Kanmari > Boyermari > Shirishtala > Rajbari > Mathbari > Malancha > Joygram > Minakhan > Kushangra > Bamanpukur > Ghushighata > Ghoshpur > Chandipur > Bamunia > Ghatakpukur > Nalmuri > Boralighat > Paglarhat > Bhojerhat > Calcutta Leather Complex > Kantatala > Leather Complex > Bantala Bazar > Chowbaga > Science City > Mathpukur > Chingrighata > Nicco Par
Dhamakhali,Canning,1,WBTC,,,12,Sarberia > Gabbuni > Charabidya > Atharobanki > Dhuri Bazar > Amjhara > Kanthalberia > Dockghat > Matla Bridge > Canning Station
Dhanbad,Agra,1,Shyamoli Paribahan,,,2,
Dhanbad,Etawah,1,Shyamoli Paribahan,,,2,
Dhanbad,Fatehpur,1,Shyamoli Paribahan,,,2,
Dhanbad,Kolkata,1,Shyamoli Paribahan,,,2,
Dhanbad,Mathura,1,Shyamoli Paribahan,,,2,
Dhanmath,Laketown,1,Private,,,33,Acropolis Mall > Ruby > EM Bypass > Kalikapur > Sapuipara > Saheed Nagar > Jadavpur PS > South City > Lake Gardens > Anwar Shah Road > Tollygunge Phari > Rabindra Sarovar > Rashbehari > Kalighat > Hazra > Bhowanipore > Rabindra Sadan > Maidan > Park Street > Esplanade > Chandni Chowk > Central > MG Road > Girish Park > Sovabazar > Rajballavpara > Shyambazar > RG Kar > Belgachia > Patipukur > Kalin
Dhulagarh,Amity University,1,Private,,,37,Alampur > Jalan Gate > Ankurhati > Nibra > Khejurtala > Garpa > Santragachi > Baksara > Belepole > Carry Road > Vidyasagar Setu > PTS > Rabindra Sadan > Minto Park > Beck Bagan > Park Circus > Topsia > Science City > EM Bypass > Mathpukur > Metropolitan > Chingrighata > Beleghata Building > Stadium Island > Sushrut Hospital > Wipro > SDF > College More > DLF 1 > Newtown > Axis Mall > Narkelbagan >
Dhulagarh,Barrackpore Station,1,Private,,,17,Alampur > Jalan Gate > Ankurhati > Nibra > Salap > Kona > Rajchandrapur > Ballyhalt > Dakshineswar > Dunlop > Rathtala > Kamarhati > Sodepur Girja > Khardaha > Titagarh
Dhulagarh,Chingrighata,1,Private,,,30,Alampur > Jalan Gate > Ankurhati > Nibra > Salap > Kona > Rajchandrapur > Ballyhalt > Dakshineswar > Dunlop Bridge > Mathkal > Durganagar > Airport Gate 3 > Airport Gate 1 > Kaikhali > Haldirams > Chinar Park > City Center 2 > Akanksha > Nawabpur > Ecopark > Narkelbagan > Axis Mall > Newtown > DLF 1 > College More > SDF > Nicco Park
Dhulagarh,Rashbehari,1,Private,,,40,Alampur > Jalan Gate > Ankurhati > Nibra > Salap > Kona > Rajchandrapur > Ballyhalt > Dakshineswar > Dunlop Bridge > Mathkal > Durganagar > Airport Gate 3 > Airport Gate 1 > Kaikhali > Haldirams > Teghoria > Baguiati > Kestopur > Dumdum Park > Laketown > Sreebhumi > Ultadanga > Bengal Chemical > Apollo Hospital > Beleghata Building > Chingrighata > Mathpukur > Science City > Uttar Panchannagram > 
Dhulagarh,Sealdah,1,Private,,,21,Alampur > Jalan Gate > Ankurhati > Nibra > Khejurtala > Garpa > Santragachi > Baksara > Belepole > Carry Road > Vidyasagar Setu > PTS > Rabindra Sadan > Maidan > Park Street > Esplanade > Chandni Chowk > Wellington > Moulali
Dhulagarh,Sinthi,1,Private,,,28,Alampur > Argori > Andul Bazar > Mourigram > Chunavati > Hanskhali Pole > Bakultala > Danesh Shaikh Lane > Amtala Phari > Narayana Hospital > Bataitala Bridge > Vidyasagar Setu > PTS > Rabindra Sadan > Maidan > Park Street > Esplanade > Chandni Chowk > Wellington > Moulali > Sealdah > Rajabazar > Maniktala > Khanna Cinema > Shyambazar > Chiria
Dhulagarh,Unitech Gate 1,1,Private,,,35,Alampur > Jalan Gate > Ankurhati > Nibra > Khejurtala > Garpa > Santragachi > Baksara > Belepole > Carry Road > Vidyasagar Setu > PTS > Rabindra Sadan > Minto Park > Beck Bagan > Park Circus > 4 No Bridge > Topsia > Science City > EM Bypass > Mathpukur > Metropolitan > Chingrighata > Beleghata Building > Stadium Island > Sushrut Hospital > Wipro > SDF > College More > DLF 1 > Newtown > Axis Mall >
Dhuliyan,Esplanade,1,WBTC,,,22,Omarpur > Sheikhdighi > Morgram > Panchgram > Sherpur > Nagar > Khargram > Kuli > Bahadurpur > Sundarpur > Futisanko > Pirtala > Natunhat > Muratipur > Norja > Dewandighi > Bardhhaman > Shaktigarh > Dankuni > Santragachi
Dhuliyan,Nababhat Bus Stand,1,,,,36,Kuli > Bardhaman > Haus Nagar > Basudebpur > Sajur More > Chander More > Ahiran > Jangipur Bypass > Umrapur > Sekhdighi > Morgram > Panchgram > Sahebnagar > Sherpur > Nagar > Khargram > Karali Tala > Dakbangla Bypass > Bahadurpur More > Sundarpur > Marut > Hatkaluha > Futisako > Raikha > Ratanpur Pirtala > Natungram > Palitpur More > Natunhat > Mangalkot > Muratipur > Alinagar > Narja More > Dewan
Dhumsai,Belpahari,1,MAMONI TRAVEL'S,06:00,06:00,9,Kharikamathani > Gopiballabpur > Lodhasuli > Jhargram > Dahijuri > Binpur > Silda
Dhumsai,Esplanade,1,WBTC,,,21,Kuldiha > Andharishole > Baligeria > Kharikamathani > Nayagram > Bhasraghat > Keshiary > Tentulmuri > Hatigeria > Khajuraberi > Salua > Kharagpur > Kharagpur Chowringhee > Basantapur > Debra > Mechogram > Kolaghat > Dhulagarh > Santragachi
Dhumsai,Gidhni,1,SATPATHY TRAVEL'S,08:10,08:10,7,Kharikamathani > Gopiballabpur > Lodhasuli > Jhargram > Jambani
Diamond,Asansol,1,SBSTC,14:45,14:45,2,
Diamond Harbour,Patharpratima,1,WBTC,,,21,Dalanghata > Hatugunge > Uttar Chandipur > Kachuberia > Kulpi > Dakshin Ramkrishnapur > Chakdulalpur > Karanjali > Belpukur > Bhagabanpur > ONGC > Natun Rasta > Kakdwip Station > Kakdwip Bus Stand > Kajoler > Hospital > Gangadharpur > Addhabazar > Milan
Diamond Harbour,Raidighi,1,Private,,,18,Dalanghata > Hatugunge > Deular > Mandirbazar > Ratneshwarpur > Pukuria Hat > Karbala > Mathurapur Station > South Bishnupur > Khotirbazar > Belgachi > Lalpur > Krishnachandrapur > Kashinagar > Companir Thek > Mayramahal
Digha,Aranghata,1,WBTC,,,24,New Digha > Ramnagar > Balisai > Contai > Henria > Nandakumar > Mecheda > Radhamoni > Kolaghat > Bagnan > Uluberia Bypass > Dhulagarh > Salap > Bally > Dunlop > Airport Gate 3 > Madhyamgram > Barasat Colony > Amdanga > Barajaguli > Chakdah > Ranaghat
Digha,Asansol A.C.,1,SBSTC,10:45,10:45,2,
Digha,Baduria,1,WBTC,,,30,Ramnagar > Chowalkhola > Contai Bus Stand > Nachinda > Heria > Bajkul > Norghat > Nandakumar > Nimtouri > Mecheda > Kolaghat > Bagnan > Uluberia > Panchla > Dhulagarh > Ankurhati > Salap > Ballyhalt > Salap > Dunlop Bridge > Airport Gate 3 > Madhyamgram > Barasat Chapadali > Kadambagachi > Golabari > Deganga > Berachampa > Jadurhati
Digha,Barasat A.C,1,SBSTC,13:30,13:30,2,
Digha,Bardhaman,1,,03:25,03:25,27,Ramnagar > Contai > Henria > Bajkul > Chandipur > Nandakumar > Nimtouri > Mecheda > Mechogram > Keshapat > Khukur Daha > Goura > Sultannagar > Daspur > Ghatal > Baroda Chowkan > Radhanagar > Khirpai > Ramjibanpur > Kamarpukur > Goghat > Arambagh > Uchalan > Sehara Bazar > Telipukur
Digha,Baruipur A.C,1,SBSTC,13:45,13:45,2,
Digha,Behala Chowrasta,1,WBTC,,,13,New Digha > Ramnagar > Kanthi > Nandakumar > Kolaghat > Dhulagarh > Santragachi > Toll Tax > Hastings > Esplanade > Kidderpore
Digha,Belgharia,1,WBTC,,,17,New Digha > Ramnagar > Contai > Henria > Bajkul > Nandakumar > Mecheda > Kolaghat > Bagnan > Ranihati > Dhulagarh > Salap > Dunlop > Belgharia Station > Belgharia Badamtala
Digha,Birati,1,WBTC,,,16,New Digha > Ramnagar > Contai > Henria > Bajkul > Nandakumar > Mecheda > Kolaghat > Bagnan > Ranihati > Dhulagarh > Salap > Dunlop > Belgharia Station
Digha,Chittaranjan,1,,20:00,20:00,21,Ramnagar > Egra > Khakurda > Belda > Kharagpur > Medinipur > Chandrakona Road > Garhbeta > Bishnupur > Ramsagar > Onda > Dhaldanga > Bankura > Makurgram > Beliatore > Barjora > Durgapur (Station) > Durgapur (City Center) > Asansol
Digha,Dumdum,1,SBSTC,13:30,13:30,2,
Digha,Dumdum Station,1,WBTC,,,18,New Digha > Ramnagar > Balisai > Contai > Henria > Nandakumar > Mecheda > Radhamoni > Kolaghat > Bagnan > Uluberia Bypass > Dhulagarh > Salap > Bally > Dunlop > Dumdum Chiriya
Digha,Falta,1,SBSTC,11:50,11:50,3,Budge Budge
Digha,Garia A.C,1,SBSTC,13:45,13:45,2,
Digha,Goaltore,1,GANGARAM TRAVEL'S,05:55,05:55,12,Contai > Egra > Khakurda > Belda > Kharagpur > Mohanpur > Medinipur > Bhadutala > Moupal > Pirakata
Digha,Goyespur,1,SBSTC,14:00,14:00,2,
Digha,Habra Depot,1,WBTC,,,39,Ramnagar > Chowalkhola > Contai Bus Stand > Nachinda > Heria > Bajkul > Norghat > Nandakumar > Nimtouri > Mecheda > Kolaghat > Bagnan > Uluberia > Panchla > Dhulagarh > Alampur > Jalan Gate > Ankurhati > Nibra > Salap > Kona > Ballyhalt > Dakshineswar > Dunlop Bridge > Mathkal > Durganagar > Airport Gate 3 > Birati > BT College > Madhyamgram > Barasat Chapadali > Bamangachi > Duttapukur > Bira Cho
Digha,Habra Station,1,WBTC,,,25,Ramnagar > Chowalkhola > Contai Bus Stand > Nachinda > Heria > Bajkul > Norghat > Nandakumar > Nimtouri > Mecheda > Kolaghat > Bagnan > Uluberia > Panchla > Dhulagarh > Ankurhati > Salap > Dunlop Bridge > Airport Gate 3 > Madhyamgram > Barasat Chapadali > Duttapukur > Ashoknagar Station
Digha,Haldia,1,SBSTC,10:50,10:50,3,Kolkata
Digha,Jayrambati,1,SOUVIK TRAVELS,04:50,04:50,18,Ramnagar > Contai > Henria > Bajkul > Chandipur > Nandakumar > Nimtouri > Mecheda > Mechogram > Daspur > Ghatal > Baroda Chowkan > Khirpai > Srinagar > Ramjibanpur > Kamarpukur
Digha,Kakdwip,1,SBSTC,09:40,09:40,2,
Digha,Khardaha,1,WBTC,,,15,New Digha > Ramnagar > Contai > Henria > Bajkul > Nandakumar > Mecheda > Kolaghat > Bagnan > Ranihati > Dhulagarh > Salap > Dunlop
Digha,Khirpai,1,WBTC,,,32,New Digha > Ramnagar > Balisai > Chaulkhola > Pichaboni > Kanthi > Nachinda > Henria > Bajkul > Chandipur > Kolaghat > Nimtauri > Radhamoni > Mecheda > Kolaghat > Bagnan > Uluberia > Dhulagarh > Santragachi > Esplanade > Santragachi > Dhulagarh > Panchla > Uluberia > Bagnan > Kolaghat > Mechogram > Goura > Daspur > Ghatal
Digha,Kudghat,1,WBTC,,,14,New Digha > Ramnagar > Kanthi > Nandakumar > Mecheda > Kolaghat > Dhulagarh > Santragachi > Esplanade > Exide > Rashbehari > Tollygunge
Digha,Kuli,1,WBTC,,,14,New Digha > Ramnagar > Kanthi > Nandakumar > Kolaghat > Dhulagarh > Santragachi > Esplanade > Santragachi > Dankuni > Barddhaman > Futisanko
Digha,Madhyamgram,1,WBTC,,,24,Ramnagar > Chowalkhola > Contai Bus Stand > Nachinda > Heria > Bajkul > Norghat > Nandakumar > Nimtouri > Mecheda > Kolaghat > Bagnan > Uluberia > Panchla > Dhulagarh > Ankurhati > Salap > Dunlop > Belgharia Station > Nimta Bazar > Birati Station > Birati
Digha,Nabadwip,1,SBSTC,08:00,08:00,4,Kolkata > Kalna
Digha,Nagar,1,SBSTC,08:50,08:50,2,
Digha,Naihati,1,SBSTC,12:40,12:40,2,
Digha,Naihati Station,1,WBTC,,,27,Ramnagar > Chowalkhola > Contai Bus Stand > Nachinda > Heria > Bajkul > Norghat > Nandakumar > Nimtouri > Mecheda > Kolaghat > Bagnan > Uluberia > Panchla > Dhulagarh > Ankurhati > Salap > Ballyhalt > Salap > Dunlop > Sodepur > Barrackpore Chiria > Palta > Bhatpara > Shyamnagar
Digha,Nandigram,1,SBSTC,15:50,15:50,2,
Digha,New Barrackpore,1,WBTC,,,17,New Digha > Ramnagar > Contai > Henria > Bajkul > Nandakumar > Mecheda > Kolaghat > Bagnan > Ranihati > Dhulagarh > Salap > Dunlop > Birati > BT College
Digha,Newtown,1,WBTC,,,32,New Digha > Old Digha > Ramnagar > Balisai > Chaulkhola > Pichaboni > Contai > Nachinda > Henria > Bajkul > Chandipur > Norghat > Nandakumar > Nimtauri > Radhamoni > Mecheda > Kolaghat > Bagnan > Uluberia Checkpost > Panchla > Ranihati > Dhulagarh > Santragachi > Esplanade > Central Avenue > Girish Park > Maniktala > Kankurgachi > Ultadanga > Karunamoyee
Digha,Purulia,1,,19:30,19:30,26,Ramnagar > Contai > Egra > Khakurda > Belda > Kharagpur > Medinipur > Bhadutala > Godapiasal > Salboni > Chandrakona Road > Goaltore > Pingboni > Sarenga > P More > Raipur > Haludkanali > Khatra > Hatirampur > Pairachali > Manbazar > Puncha > Lalpur > Ladhurka
Digha,Raipur,1,,04:20,04:20,16,Contai > Egra > Khakurda > Belda > Kharagpur > Mohanpur > Medinipur > Bhadutala > Moupal > Pirakata > Debagram > Goaltore > Sarenga > P More
Digha,Salar,1,SBSTC,08:25,08:25,2,
Digha,Salt Lake,1,Santosh Bus Service,04:30,04:30,2,
Digha,Sarenga,1,,06:10,06:10,2,
Digha,Serampore,1,WBTC,,,23,Ramnagar > Chowalkhola > Contai Bus Stand > Nachinda > Heria > Bajkul > Norghat > Nandakumar > Nimtouri > Mecheda > Kolaghat > Bagnan > Uluberia > Panchla > Dhulagarh > Ankurhati > Salap > Ballyhalt > Ballyghat > Uttarpara > Rishra
Digha,Siliguri,1,,12:10,12:10,2,
Digha,Taki,1,WBTC,,,27,New Digha > Ramnagar > Chaulkhola > Kanthi > Henria > Bajkul > Chandipur > Nandakumar > Mecheda > Kolaghat > Bagnan > Uluberia Checkpost > Dhulagarh > Salap > Dunlop > Airport Gate 3 > Barasat Chapadali > Kadambagachi > Beleghata > Deganga > Berachampa > Kholapota > Basirhat Chowmatha > Basirhat Station > Taki Chowrangee
Digha,Tarapith,1,,09:20,09:20,19,Ramnagar > Contai > Henria > Bajkul > Nandakumar > Kolaghat > Mechogram > Ghatal > Khirpai > Ramjibanpur > Kamarpukur > Arambagh > Uchalan > Sehara Bazar > Bardhaman > Guskara > Bolpur
Digha Border,Jairambati,1,,,,23,Old Digha > Ramnagar > Balisai > Chaulkola > Pichaboni > Contai > Heria > Bajkul > Chandipur > Nandakumar > Nimtouri > Radhamoni > Mecheda > Mechogram > Daspur > Ghatal > Barda Chowkan > Khirpai > Srinagar > Ramjibanpur > Hajipur
Digha Border,Kukrahati Ferry Ghat,1,,,,8,Contai > Henria > Bajkul > Chandipur > Nandakumar > Mahishadal
Digha Border & Bus Stand,Midnapore Central Bus Stand,1,,,,4,Egra Central Bus Stand > Belda
Dinanathpur,Esplanade,1,WBTC,,,6,Aushgram > Barddhaman > Dankuni > Santragachi
Dinhata,Chanchal,1,NBSTC,05:30,05:30,3,Falakata
Dinhata,Choudhuri Hat,1,NBSTC,09:00,09:00,3,Cooch Behar
Dinhata,Kaliyaganj,1,NBSTC,06:00,06:00,3,Falakata
Dinhata,Nalagola,1,NBSTC,04:30,04:30,3,Falakata
Dinhata,Raiganj,1,NBSTC,07:30,07:30,3,Falakata
Dinhata,Tapan,1,NBSTC,05:00,05:00,3,Falakata
Dobhi,Kolkata,1,Shyamoli Paribahan,,,2,
Domjur,BBD Bag,1,WBTC,,,17,Makardaha > Katlia > Salap > Khejurtala > Garpa > Santragachi > Baksara > Belepole > Carry Road > Vidyasagar Setu > PTS > Rabindra Sadan > Maidan > Park Street > Esplanade
Domjur,Howrah Station,1,Private,,,12,Makardaha > Katlia > Salap > Bankra Bazar > Japani Gate > Baltikuri > Dasnagar > Shanpur > Tikiapara Bypass > Howrah Maidan
Domjur,Rabindra Sadan,1,WBTC,,,14,Domjur Bdo Office > Makardaha > Katlia > Salap > Khejurtala > Garpa > Santragachi > Baksara > Belepole > Carry Road > Vidyasagar Setu > PTS
Dostipur,Akra Fatak,1,WBTC,,,23,Mashat Market > Usthi > Adharmanik > Bagaria > Shirakole > Amtala > Bishnupur > Khariberia > Bhasha 14no > Pailan > Joka Bridge > Thakurpukur > Shilpara > Sakher Bazar > Behala Chowrasta > Behala 14 No > Taratala > Brace Bridge > Jhinjhira Bazar > Nature Park > Santoshpur Station
Dumdum,Digha,1,SBSTC,07:00,07:00,2,
Dum Dum,Howrah,1,WBTC,,,7,Chria > Shyambazar > Manicktala > Bedon Squre > Howrah Bridge East/Barabazar
Dum Dum 11A Stand,Karunamoyee,1,WBTC,,,9,Airport Gate No. 1 > Chiner Park > Akhankha More > Eco Park > Jatragachi > New Town Central Stand > College More
Dumdum Canton,Babughat,1,Private,,,19,Central Jail > Nager Bazar > Diamond Plaza > Bangur Avenue > Kalindi > Patipukur > Belgachia > RG Kar > Shyambazar > Khanna Cinema > Maniktala > Rajabazar > Sealdah > Moulali > Wellington > Chandni Chowk > Esplanade
Dumdum Cantonment,Esplanade,1,Private,,,14,Noapara > Tobin Road > Sinthi > Chiria > Shyambazar > Khanna Cinema > Maniktala > Rajabazar > Sealdah > Moulali > Wellington > Chandni Chowk
Dumdum Station,Digha,1,WBTC,,,19,Dumdum Chiriya > Dunlop > Bally > Salap > Dhulagarh > Uluberia Bypass > Bagnan > Kolaghat > Radhamoni > Mecheda > Nandakumar > Henria > Contai > Balisai > Ramnagar > Old Digha > New Digha
Dumdum Station,Karunamoyee,1,WBTC,,,27,Nager Bazar > ILS Hospital > Central Jail > Airport Gate 1 > Kaikhali > Haldirams > Chinar Park > City Center 2 > Akanksha > Nawabpur > Ecopark > Westin > Aliah University > Ecospace > DLF 2 > Unitech Gate 2 > Tata Cancer Hospital > Narkelbagan > Axis Mall > Newtown > DLF 1 > Technopolis > College More > Wipro > Saltlake 10no Tank
Dumka,Asansol,1,,05:45,05:45,5,Fatehpur > Jamtara > Mihijam
Dumurjola,Park Circus,1,Private,,,14,Ichapur > Shanpur > Tikiapara Bypass > Howrah Maidan > Howrah Station > Barabazar > MG Road > College Street > Sealdah > Moulali > CIT Road > Chittaranjan Hospital
Dunlop,Ballygunge,1,WBTC,,,18,Tobin Rd > Sinthi More > Chiriamore > Shyambazar > Grey St > Vivekananda Rd > M.G.Road > Colutala St > C.R.Ave > BBD Bag > Espl > Park street > Hazra > Rashbehari Ave > Deshapriya Park > Gariahat
Dunlop,Ballygunge Station,1,WBTC,,,24,Bonhooghly > Tobin Road > Sinthi > Chiria > Shyambazar > Rajballavpara > Sovabazar > Girish Park > MG Road > Central > Chandni Chowk > Esplanade > Park Street > Maidan > Rabindra Sadan > Bhowanipore > Hazra > Kalighat > Rashbehari > Lake Mall > Deshapriya Park > Gariahat
Dunlop,BBD Bag,1,Mini Bus,,,12,Bonhooghly > Tobin Road > Sinthi > Chiria > Shyambazar > Rajballavpara > Sovabazar > Girish Park > MG Road > Central
Dunlop,Esplanade,1,Private,,,16,Bonhooghly > Baranagar Bazar > Sinthi > Chiria > Shyambazar > Hatibagan > Hedua > Vivekananda Road > Amherst Street > Bank Of India > Bowbazar > Hind Cinema > Wellington > Chandni Chowk
Dunlop,Nabanna,1,WBTC,,,19,Bonhooghly > Tobin Road > Sinthi > Chiria > Shyambazar > Rajballavpara > Sovabazar > Girish Park > MG Road > Central > Chandni Chowk > Esplanade > Park Street > Maidan > Rabindra Sadan > PTS > Vidyasagar Setu
Dunlop,Panchla,1,Private,,,14,Dakshineswar > Ballyhalt > Rajchandrapur > Kona > Salap > Nibra > Ankurhati > Jalan Gate > Alampur > Dhulagarh > Ranihati > Dhamisa
Dunlop,Sakher Bazar,1,Private,,,25,Bonhooghly > Tobin Road > Sinthi > Chiria > Shyambazar > Rajballavpara > Sovabazar > Girish Park > MG Road > Central > Chandni Chowk > Esplanade > Park Street > Maidan > Rabindra Sadan > PTS > Hastings > Kidderpore > Ekbalpur > Mominpore > Majherhat > Behala 14 No > Behala Chowrasta
Durgachak,Jhargram,1,Aadrika,06:55,06:55,30,Manjushree More > Chaitanyapur > Mahishadal > Nandakumar Bazar > Tamluk > Maniktala > Mecheda > Siddha Bazar > Deulia Bazar > Mechogram > Panskura > Ashari > Debra > Basantpur > Madpur > Kharagpur Chowringhee > Kharagpur Station > Reshmi Metallic > Panchrulia > Sahachak > Nimpura > Bombay Road > Guptamani > Balibhasa > Gazashimukh > Lodhashuli > Garo > Kalabuni
Durgachak,Karunamoyee,1,,06:30,06:30,17,Chaitanyapur > Mahishadal > Nandakumar > Nimtouri > Mecheda > Kolaghat > Bagnan > Uluberia > Dhulagarh > Kona Express More > Salap > Bally > Dakshineswar > Dunlop > Dum Dum Airport
Durgachak,Kolkata (Esplanade),1,,08:00,08:00,2,
Durgachak,Medinipur,1,Droupadi Travels,09:45,09:45,31,Manjushree More > Hazra More > Sutahata > Chaitanyapur > Dwariberia > Lakshya > Baburhat > Terpeksha More > Mahishadal > Namlaksha Bazar > Nandakumar Bazar > Puiyada > Byabattarhat > Nimtala > Tamluk > Maniktala > Radhaballavpur > Dimari > Kanktiya > Santipur > Mecheda > Siddha Bazar > Deulia Bazar > Mechogram > Panskura > Ashari > Debra > Basantpur > Madpur
Durgachak,Shyambazar,1,,05:45,05:45,2,
Durgapur,Agra,1,Shyamoli Paribahan,,,2,
Durgapur,Balrampur,1,SBSTC,05:30,05:30,17,City Center > Andal > Raniganj > Asansol > Niyamatpur > D. Ghat > Sorbari More > Gobag > Raghunathpur > Anara > Jhapra > Golakunda > Purulia > Kantadi > Urma
Durgapur,Barasat,1,WBTC,,,13,Durgapur City Center > Muchipara > Barddhaman > Shaktigarh > Dankuni Housing > Bally > Dunlop > Belgharia Expressway > Madhyamgram > Barasat Dakbunglow > Barasat Chapadali
Durgapur,Dishergarh,1,,,,10,Raghunathpur > Bankura > Raniganj > Adra > Kashipur > Talajuri > Rangamati > Kharbona
Durgapur,Etawah,1,Shyamoli Paribahan,,,2,
Durgapur,Fatehpur,1,Shyamoli Paribahan,,,2,
Durgapur,Howrah,1,JGD Travels,02:30,02:30,2,
Durgapur,Mathura,1,Shyamoli Paribahan,,,2,
Durgapur,Siliguri,1,Shyamoli Paribahan,,,2,
Durgapur (City Center),Gopiballabpur,1,SBSTC,05:15,05:15,26,Durgapur (Station) > Barjora > Beliator > Bankura Bypass > Dhaldanga > Nutangram > Ratanpur > Taldangra > Simlapal > Bikrampur > P More > Raipur > Phulkushma > Mandalkuli > Silda > Kanko > Binpur > Andharia > Dahijuri > Jhargram Panch Mathar More > Lodhasuli > Fekoghat > Tapsia > Rontua
Durgapur (City Center),Jhargram,1,,05:40,05:40,11,Beliatore > Makurgram > Bankura > Dhaldanga > Taldangra > Simlapal > P More > Raipur > Fulkusma
Durgapur (City Center),Kuli,1,,06:05,06:05,11,Durgapur (Muchipara) > Panagarh > Illambazar > Bolpur > Nanoor > Kirnahar > Futishanko > Marut > Sundarpur
Durgapur (City Center),Manbazar,1,MURMU TRAVELS,05:20,05:20,17,Andal > Raniganj > Mejia > Pabra > Saltora > Santuri > Raghunathpur > Adra > Kashipur > Hura > Lalpur > Manguria > Napara > Bagda > Puncha
Durgapur (City Center),Purulia,1,SBSTC,09:00,09:00,8,Beliatore > Bankura Bus Stand > Chhatna > Kamalpur > Hura > Ladhurka
Durgapur (City Center),Santaldihi,1,SBSTC,07:15,07:15,13,Andal > Raniganj Punjabi More > Kalipahari More > Asansol > Niamatpur > D Ghat > Nituria > Sarbari More > Raghunathpur > Rukni More > Paharigora
Durgapur (City Center),Tatanagar,1,,05:00,05:00,12,Barjora > Beliatore > Makurgram > Bankura > Chhatna > Kharbona > Kamalpur > Hura > Purulia > Balarampur
Durgapur St.,Arambagh,1,,,,17,Beliatore > Bankura Bypass > Onda > Ramsagar > Bishnupur > MIT More > Tantipukur > Joypur > Rajgram > Gelia > Gogra > Kotulpur > Koalpara > Deshra > Joyrambati
Durgapur (Station),Ambika Nagar,1,SUPER TRAVELS,06:25,06:25,14,Barjora > Beliatore > Makurgram > Bankura > Dhaldanga > Puabagan > Sunukpahari > Indpur > Bangla > Hatirampur > Khatra > Mukutmanipur
Durgapur (Station),Bankura,1,,04:20,04:20,11,Phulberia > Beliatore > Makurgram > Dhoni > Hebir More > Tora Bridge > Lakshya > Satighat > Machantala
Durgapur (Station),Bishnupur,1,ISHIKA TRAVEL'S,09:40,09:40,4,Beliatore > Bankura Bypass
Durgapur (Station),Kashipur,1,,09:50,09:50,13,Barjora > Beliatore > Makurgram > Bankura > Chhatna > Kharbona > Kamalpur > Alijhara > Kustore > Lara More > Sonathali
Durgapur (Station),Kharagpur,1,ISHIKA TRADERS,08:30,08:30,17,Barjora > Beliatore > Bankura > Dhaldanga > Onda > Ramsagar > Bishnupur > Bankadaha > Dhadika > Garhbeta > Chandrakona Road > Salboni > Godapiasal > Bhadutala > Medinipur
Durgapur (Station),Lalgarh,1,,07:20,07:20,13,Barjora > Beliatore > Makurgram > Bankura > Dhaldanga > Ratanpur > Taldangra > Simlapal > P More > Sarenga > Ramgarh
Durgapur (Station),Sarenga,1,,07:55,07:55,11,Barjora > Beliatore > Makurgram > Bankura > Dhaldanga > Ratanpur > Taldangra > Simlapal > P More
Ecospace,Andul Station,1,Private,,,34,DLF 2 > Unitech Gate 2 > Narkelbagan > Axis Mall > Newtown > DLF 1 > College More > SDF > Wipro > Nicco Park > Chingrighata > Metropolitan > Mathpukur > EM Bypass > Science City > Topsia > 4 No Bridge > Park Circus > Beck Bagan > Minto Park > Rabindra Sadan > PTS > Hastings > Vidyasagar Setu > Mandirtala > Narayana Hospital > Amtala Phari > Danesh Shaikh Lane > Bakultala > Hanskhali Pole > Chunava
Ecospace,Santragachi,1,Private,,,24,DLF 2 > Unitech Gate 2 > Narkelbagan > Axis Mall > Newtown > DLF 1 > College More > SDF > Nicco Park > Chingrighata > Mathpukur > Science City > Topsia > Park Circus > Beck Bagan > Minto Park > Rabindra Sadan > PTS > Vidyasagar Setu > Carry Road > Belepole > Baksara
Ecospace,Tollygunge Metro,1,Private,,,25,DLF 2 > Unitech Gate 2 > Narkelbagan > Axis Mall > Newtown > DLF 1 > College More > SDF > Nicco Park > Chingrighata > Mathpukur > Science City > Uttar Panchannagram > VIP Bazar > Ruby > Acropolis Mall > Bosepukur > Kasba PS > Ballygunge Station > Gariahat > Deshapriya Park > Rashbehari > Rabindra Sarovar
Eden City,Amity University,1,WBTC,,,40,Nungi > Bata > Dakghar > Mollar Gate > Rampur Quarter > SM Nagar > Sarkarpool > Jhinjhira Bazar > Brace Bridge > Taratala > New Alipore > Durgapur Bridge > Chetla Park > Rashbehari > Deshapriya Park > Gariahat > Ballygunge Station > Kasba PS > Bosepukur > Acropolis Mall > GST Bhawan > Ruby > VIP Bazar > Uttar Panchannagram > Science City > Mathpukur > Chingrighata > Nicco Park > SDF > College More
Eden City,Howrah Station,1,WBTC,,,23,Nungi > Bata > Dakghar > Mollar Gate > Rampur Quarter > SM Nagar > Sarkarpool > Jhinjhira Bazar > Brace Bridge > Taratala > Majherhat > Mominpore > Ekbalpur > Kidderpore > Hastings > Fort William > Esplanade > BBD Bag > GPO > Shipping Corporation > Barabazar
Egra,Baruipur,1,,04:50,04:50,2,
Egra,Chandrakona Road,1,,04:30,04:30,21,Patashpur > Dasagram > Temathani > Jamna > Balichak > Debra > Panskura > Mechogram > Keshapat > Khukur Daha > Goura > Sultannagar > Daspur > Ghatal > Baroda Chowkan > Radhanagar > Khirpai > Kalikapur > Chandrakona Town
Egra,Kalyani,1,,05:30,05:30,22,Pratap Dighi > Itaberia > Madha Khali > Henria > Bajkul > Chandipur > Nandakumar > Nimtouri > Mecheda > Kolaghat > Bagnan > Uluberia > Dhulagarh > Kona Express More > Salap > Bally > Dakshineswar > Dunlop > Barrackpore > Shyamnagar
Egra,Medinipur,1,,07:00,07:00,2,
Egra,Salt Lake,1,Santosh Bus Service,05:10,05:10,2,
Esplanade,Aantpur,1,WBTC,,,7,Santragachi > Salap > Domjur > Bargachia > Jangipara
Esplanade,Airport Gate 1,1,Private,,,20,Chandni Chowk > Wellington > Hind Cinema > Bowbazar > Medical College > College Street > Vivekananda Road > Maniktala > Kankurgachi > Ultadanga > Sreebhumi > Laketown > Dumdum Park > Kestopur > Baguiati > Teghoria > Haldirams > Kaikhali
Esplanade,Airport Terminal,1,WBTC,,,18,BBD Bag > Central > MG Road > Girish Park > Vivekananda Road > Maniktala > Kankurgachi > Ultadanga > Sreebhumi > Laketown > Dumdum Park > Kestopur > Baguiati > Teghoria > Haldirams > Kaikhali
Esplanade,Alipurduar,1,WBTC,,,24,Ultadanga > Barasat > Morgram > Omarpur > Farakka > Malda > Gazole > Itahar > Raiganj > Dalkhola > Islampur > Siliguri > Fulbari > Fatapukur > Jalpaiguri Bypass > Mainaguri Bypass > Dhupguri > Salbari > Falakata > Mathurabagan > Pundibari > Cooch Behar
Esplanade,Arambagh,1,WBTC,,,13,Santragachi > Salap > Dankuni > Kalipur Bazar > Chanditala > Mosat > Sheakhala > Gawjar > Champadanga > Mayapur > Gourhati
Esplanade,Badartala,1,Private,,,13,Babughat > Princep Ghat > Hastings > Kidderpore > Babubazar > Garden Reach > Ramnagar > Kamal Talkies > Bichali Ghat > Metiabruz > Rajabagan
Esplanade,Baduria,1,WBTC,,,30,Chandni Chowk > Central > MG Road > Girish Park > Sovabazar > Rajballavpara > Shyambazar > RG Kar > Belgachia > Patipukur > Kalindi > Bangur Avenue > Diamond Plaza > Nager Bazar > Central Jail > Airport Gate 1 > Airport Gate 3 > Birati > BT College > Madhyamgram > Barasat Chapadali > Kadambagachi > Golabari > Beleghata > Deganga > Berachampa > Jadurhati > Raghunathpur
Esplanade,Baghmundi,1,WBTC,,,9,Santragachi > Dankuni > Barddhaman > Durgapur > Chatna > Bankura > Purulia
Esplanade,Bakshi,1,WBTC,,,10,Santragachi > Dhulagarh > Ranihati > Nimdighi > Bagnan > Mankur > Kalyanpur > Kajiberia
Esplanade,Bakultala,1,Private,,,12,Babughat > Barabazar > Howrah Station > Foreshore Road > Avani Mall > Kazipara > Bataitala Phari > Narayana Hospital > Amtala Phari > Danesh Shaikh Lane
Esplanade,Balgona,1,WBTC,,,10,Santragachi > Salap > Dankuni > Shaktigarh > Barddhaman Station > Dewandighi > Norja > Bhatar
Esplanade,Ballykhal,1,Private,,,11,Babughat > Barabazar > Howrah Station > Pilkhana > Salkia Chowrasta > Malipanchghara > Liluah > Belurmath > Bally Bazar
Esplanade,Baluhati,1,Mini Bus,,,16,Babughat > Barabazar > Howrah Station > Pilkhana > Golabarai PS > Bandha Ghat > Salkia Chowrasta > Bamangachi > Belgachia > Biradingi > Kona > Eksara > Chamrail > Jagadishpur
Esplanade,Bandowan,1,WBTC,,,16,Santragachi > Salap > Dankuni > Shaktigarh > Barddhaman Bypass > Panagarh Bypass > Durgapur City Center > Durgapur Station > Bankura > Puabagan > Hatirampur > Khatra > Ranibandh > Jhilimili
Esplanade,Barrackpore Court,1,Private,,,20,Chandni Chowk > Central > MG Road > Girish Park > Sovabazar > Rajballavpara > Shyambazar > Chiria > Sinthi > Tobin Road > Bonhooghly > Dunlop > Rathtala > Kamarhati > Sodepur Girja > Khardaha > Titagarh > Barrackpore Chiria
Esplanade,Barshal,1,WBTC,,,20,Santragachi > Salap > Dankuni > Shaktigarh > Barddhaman Bypass > Panagarh Bypass > Darjeeling > 11 Mile > Illambazar > Joydev > Dubrajpur > Kachujor > Suri > Seherakuri > Mohammad Bazar > Mallarpur > Tarapith > Rampurhat
Esplanade,Basubati Darbar Sharif,1,WBTC,,,16,Central > Shyambazar > Dunlop > Dakshineswar > Ballyhalt > Dankuni > Chanditala > Mosat > Sheakhala > Pirtala > Paschim Tajpur > Banamalipur > Azabnagar > Basubati
Esplanade,Batanagar,1,Private,,,17,Fort William > PTS > Alipore Zoo > Ekbalpur > Mominpore > Majherhat > Taratala > Brace Bridge > Jhinjhira Bazar > Sarkarpool > SM Nagar > Rampur Quarter > Mollar Gate > Dakghar > Bata
Esplanade,Belpahari,1,WBTC,,,27,Santragachi > Dhulagarh > Ranihati > Panchla > Uluberia Checkpost > Bagnan > Kolaghat > Mechogram > Panskura Bypass > Ashari > Debra > Kharagpur Chowringhee > Midnapore > Gurguripal > Chandra > Dherua > Sevayatan > Jhargram > Dahijuri > Harda > Andharia > Aulia > Binpur > Kanko > Silda
Esplanade,Belurmath,1,Mini Bus,,,9,Babughat > Barabazar > Howrah Station > Pilkhana > Salkia Chowrasta > Malipanchghara > Liluah
Esplanade,Berhampore,1,WBTC,,,21,Santragachi > Salap > Dankuni > Shaktigarh > Bardhhaman Station > Dewandighi > Norja > Muratipur > Natunhat > Nutangram > Pirtala > Futisanko > Bahadurpur > Dakbangla Hat > Kuli > Khargram > Nagar > Sankarpur > Mahalandi
Esplanade,Bhattanagar,1,Mini Bus,,,11,Babughat > Barabazar > Howrah Station > Pilkhana > Golabarai PS > Bandha Ghat > Salkia Chowrasta > Bamangachi > Liluah Station
Esplanade,Birlapur,1,Private,,,22,Fort William > PTS > Alipore Zoo > Ekbalpur > Mominpore > Majherhat > Taratala > Brace Bridge > Jhinjhira Bazar > Sarkarpool > SM Nagar > Rampur Quarter > Mollar Gate > Dakghar > Bata > Nungi > Budge Budge > Charial > Birla > Calcium
Esplanade,Bisunupur,1,WBTC,,,10,Central > Shyambazar > Dunlop > Dankuni Housing > Champadanga > Mosat > Sheakhala > Arambagh
Esplanade,Bolpur,1,WBTC,,,11,Santragachi > Salap > Dankuni > Shaktigarh > Barddhaman > Talit Rail Gate > Guskara > Bhedia > Sureshwar Shiv Mandir
Esplanade,Chakla,1,WBTC,,,32,Chandni Chowk > Wellington > Moulali > Sealdah > Rajabazar > Maniktala > Khanna Cinema > Shyambazar > RG Kar > Belgachia > Patipukur > Kalindi > Bangur Avenue > Diamond Plaza > Nager Bazar > Central Jail > Airport Gate 1 > Airport Gate 3 > Birati > Michaelnagar > BT College > Doltala > Madhyamgram > Barasat Chapadali > Bamangachi > Duttapukur > Bira Chowmatha > Icchapur > Badarhat > Subarnapur
Esplanade,Chakta,1,WBTC,,,18,Santragachi > Dankuni > Gurap > Masagram > Memari > Satgachia > Kusumgram > Maldanga > Dainhat > Katwa > Sepaidighi > Ketugram > Pachundi > Nirol > Hattala Bazar > Komarpur
Esplanade,Chanchal,1,WBTC,,,20,Ultadanga > Barasat > Awalsiddhi > Jaguli > Chakdah > Ranaghat > Phulia > Shantipur > Krishnanagar > Palashi > Beldanga > Berhampore > Morgram > Omarpur > Farakka > Malda > Gazole > Samsi
Esplanade,Cossipore,1,Private,,,10,Chandni Chowk > Central > MG Road > Girish Park > Sovabazar > Bagbazar > Chitpur Bridge > Bibibazar
Esplanade,Dainhat,1,WBTC,,,12,Santragachi > Salap > Dankuni > Gurap > Masagram > Memari > Satgachia > Kusumgram > Manteshwar > Maldanga
Esplanade,Dakshineswar,1,Private,,,16,Bentinck Street > Lalbazar > Poddar Court > Rabindra Sarani > Ganesh Talkies > BK Paul > Kumartuli > Chitpur Bridge > Bibibazar > Cossipore > Baranagar Bazar > Bonhooghly > Deshbandhu Road > Alambazar
Esplanade,Danesh Shaikh Lane,1,Mini Bus,,,11,Babughat > Barabazar > Howrah Station > Foreshore Road > Avani Mall > Kazipara > Bataitala Phari > Narayana Hospital > Amtala Phari
Esplanade,Daroka,1,WBTC,,,10,Santragachi > Salap > Dankuni > Shaktigarh > Barddhaman Natunhat > Kirnahar > Futisanko > Labhpur
Esplanade,Dhuliyan,1,WBTC,,,22,Santragachi > Dankuni > Shaktigarh > Bardhhaman > Dewandighi > Norja > Muratipur > Natunhat > Pirtala > Futisanko > Sundarpur > Bahadurpur > Kuli > Khargram > Nagar > Sherpur > Panchgram > Morgram > Sheikhdighi > Omarpur
Esplanade,Dhumsai,1,WBTC,,,21,Santragachi > Dhulagarh > Kolaghat > Mechogram > Debra > Basantapur > Kharagpur Chowringhee > Kharagpur > Salua > Khajuraberi > Hatigeria > Tentulmuri > Keshiary > Bhasraghat > Nayagram > Kharikamathani > Baligeria > Andharishole > Kuldiha
Esplanade,Digha Border,1,,,,9,Dhulagarh > Mecheda > Nandakumar > Chandipur > Bajkul > Heria > Contai
Esplanade,Dinanathpur,1,WBTC,,,6,Santragachi > Dankuni > Barddhaman > Aushgram
Esplanade,Dumdum Cantonment,1,Private,,,14,Chandni Chowk > Wellington > Moulali > Sealdah > Rajabazar > Maniktala > Khanna Cinema > Shyambazar > Chiria > Sinthi > Tobin Road > Noapara
Esplanade,Fatikgachi,1,WBTC,,,6,Rabindra Sadan > Santragachi > Ankurhati > Dhulagarh
Esplanade,Furfura Sharif,1,WBTC,,,11,Central > Shyambazar > Dunlop > Dakshineswar > Ballyhalt > Dankuni Housing > Chanditala > Mosat > Sheakhala
Esplanade,Gadiara,1,WBTC,,,11,Santragachi > Ankurhati > Dhulagarh > Ranihati > Nimdighi > Uluberia > 58 Gate > Garchumuk > Shyampur
Esplanade,Gangadharpur,1,Private,,,39,Fort William > PTS > Alipore Zoo > Bhabani Bhawan > Burdwan Road > Majherhat > Behala 14 No > Behala Chowrasta > Sakher Bazar > Shilpara > Thakurpukur > Joka Bridge > Pailan > Bhasha 14no > Khariberia > Bishnupur > Amtala > Shirakole > Fatehpur > Dostipur > Sarisha > Kalagachia > Mohanpur > Kapathat > Leninnagar > Noongola > Diamond Harbour > Hatuganj > Kulpi > Karanjali > Nischintipur > ONGC > Na
Esplanade,Gangarampur,1,WBTC,,,33,Airport > Madhyamgram > Barasat > Amdanga > Awalsiddhi > Jaguli > Chakdah > Ranaghat > Phulia > Shantipur > Krishnanagar > Dhubulia > Bethuadahari > Debagram > Palashi > Rejinagar > Beldanga > Berhampore > Palsanda > Morgram > Sheikhdighi > Omarpur > Ahiran > Chander > Dhuliyan > Farakka > Kaliachak > Sujapur > Malda > Gazole > Buniadpur
Esplanade,Garh Bhowanipore,1,WBTC,,,11,Santragachi > Alampur > Dhulagarh > Ranihati > Panpur > Amta > Sehagori > Shaoraberia > Bidichandrapur
Esplanade,Gayeshpur,1,Private,,,27,Girish Park > Maniktala > Kankurgachi > Ultadanga > Baguiati > Airport Gate 1 > Airport Gate 3 > Birati > Madhyamgram > Barasat Colony > Moyna Checkpost > Khilkapur > Mirhati > Kamdebpur > Amdanga > Rahana Bazar > Awalsiddhi > Adhata > Kanchiara > Bethpukur > Gadamara > Kapileshwar > Jaguli > Kalyani > Kalyani Aiims
Esplanade,Gazole,1,WBTC,,,32,Santragachi > Salap > Dankuni > Shaktigarh > Bardhhaman Station > Dewandighi > Norja > Muratipur > Natunhat > Nutangram > Pirtala > Futisanko > Sundarpur > Bahadurpur > Dakbangla Hat > Kuli > Khargram > Nagar > Sherpur > Panchgram > Morgram > Sheikhdighi > Omarpur > Ahiran > Chander > Dhuliyan > Farakka > Kaliachak > Sujapur > Malda
Esplanade,Gopiganj,1,WBTC,,,10,Santragachi > Dhulagarh > Kolaghat > Mechogram > Sonamui > Sultannagar > Sonakhali > Chaipat
Esplanade,Harishpur,1,WBTC,,,14,Santragachi > Dankuni > Shaktigarh > Barddhaman Bypass > Panagarh Bypass > Illambazar > Dubrajpur > Suri > Md Bazar > Rampurhat > Nalhati > Murarai
Esplanade,Haroa Bazar,1,Private,,,17,Ultadanga > Kaikhali > Dashadrone > Bablatala > Narayanpur > Rajarhat Chowmatha > Bishnupur > Lauhati > Chandpur > Dhibdhiba > Shyamnagar > Pirnagar > Payragacha > Dhanpota > Mazompur
Esplanade,Howrah Station,1,,,,3,Kakdwip
Esplanade,Jagardanga,1,Private,,,19,Chandni Chowk > Wellington > Moulali > Sealdah > Rajabazar > Maniktala > Khanna Cinema > Ultadanga > Sreebhumi > Laketown > Dumdum Park > Kestopur > Baguiati > Lokenath Mandir > Chinar Park > Salua Bazar > Derozio College
Esplanade,Jamuria,1,WBTC,,,10,Santragachi > Dankuni > Barddhaman > Panagarh Bypass > Dvc > Durgapur City Center > Raniganj > Asansol
Esplanade,Jayrambati,1,WBTC,,,9,Shyambazar > Dunlop > Dankuni Housing > Champadanga > Mosat > Sheakhala > Arambagh
Esplanade,Jibantala,1,Private,,,10,Moulali > Park Circus > Topsia > Science City > Ghatakpukur > Jagulgachi > Bodra > Kalitala
Esplanade,Joypur,1,WBTC,,,9,Santragachi > Dankuni > Shaktigarh > Bardhhaman > Natunhat > Futisanko > Kuli
Esplanade,Kaijuri Bazar,1,WBTC,,,15,Central > Shyambazar > Belgachia > Laketown > Nager Bazar > Airport Gate 1 > Airport Gate 3 > Madhyamgram > Barasat Chapadali > Deganga > Berachampa > Baduria > Aturia Bazar
Esplanade,Kakdwip Bus Stand,1,WBTC,,,23,PTS > Alipore Zoo > Mominpore > Majherhat > Behala 14 No > Behala Chowrasta > Sakher Bazar > Shilpara > Thakurpukur > Joka Bridge > Pailan > Bhasha 14no > Bishnupur > Amtala > Shirakole > Sarisha > Diamond Harbour > Hatuganj > Kulpi > Karanjali > Nischintipur
Esplanade,Kalna,1,WBTC,,,11,Santragachi > Salap > Dankuni > Shaktigarh > Barddhaman Station > Hatgobindapur > Satgachia > Bulbulitala > Dhatrigram
Esplanade,Kamal Talkies,1,Private,,,12,Babughat > Princep Ghat > Hastings > Kidderpore > Babubazar > Garden Reach > Ramnagar > Fatehpur > HMG College > Mudiali
Esplanade,Kamardanga,1,Mini Bus,,,10,Babughat > Barabazar > Howrah Station > Howrah Maidan > Panchanantala > Power House > Kadamtala > Ichapur
Esplanade,Kandi,1,WBTC,,,18,Santragachi > Salap > Dankuni > Shaktigarh > Bardhhaman Station > Dewandighi > Norja > Muratipur > Natunhat > Nutangram > Pirtala > Futisanko > Sundarpur > Bahadurpur > Dakbangla Hat > Kuli
Esplanade,Kantakhali,1,WBTC,,,11,Santragachi > Dhulagarh > Kolaghat > Mechogram > Debra > Balichak > Temathani > Sabang > Mohar
Esplanade,Karunamoyee,1,WBTC,,,17,Park Street > Maidan > Rabindra Sadan > Minto Park > Beck Bagan > Park Circus > Topsia > Science City > Mathpukur > Chingrighata > Beleghata Building > Stadium Island > GD > FD > Central Park
Esplanade,Ketugram,1,WBTC,,,15,Santragachi > Salap > Dankuni > Barddhaman > Dewandighi > Norja > Bhagar > Balgona > Negon > Koichor > Shrikhanda > Sepaidighi > Chundi
Esplanade,Khagraghat,1,WBTC,,,23,Santragachi > Salap > Dankuni > Shaktigarh > Barddhaman Station > Dewandighi > Norja > Muratipur > Natunhat > Nutangram > Pirtala > Futisanko > Sundarpur > Bahadurpur > Kuli > Khargram > Nagar > Sherpur > Sankarpur > Mahalandi > Jibanti
Esplanade,Kharika,1,WBTC,,,18,Santragachi > Dhulagarh > Ranihati > Panchla > Uluberia Checkpost > Bagnan > Kolaghat > Mechogram > Panskura Bypass > Debra > Kharagpur Chowringhee > Kharagpur Station > Salua > Hatigeria > Keshiary > Bhasraghat
Esplanade,Kirnahar,1,WBTC,,,7,Santragachi > Salap > Dankuni > Shaktigarh > Barddhaman Natunhat
Esplanade,Kuli,1,WBTC,,,15,Santragachi > Dankuni > Gurap > Memari > Satgechia > Majhergram > Kusumgram > Monteswar > Maldanga > Bhojpur > Kaleshwar > Kalui > Budhpur
Esplanade,Malbazar,1,WBTC,,,35,Airport > Barasat > Jaguli > Chakdah > Ranaghat > Shantipur > Krishnanagar > Dhubulia > Bethuadahari > Debagram > Palashi > Rejinagar > Beldanga > Berhampore > Palsanda > Morgram > Omarpur > Farakka > Malda > Gazole > Itahar > Raiganj > Dalkhola > Kishanganj > Islampur > Siliguri > Salugara > Mahananda Forest > Sevoke > Coronation Bridge > Bagrakot > Oodlabari > Damdim
Esplanade,Maldanga,1,WBTC,,,11,Santragachi > Salap > Dankuni > Memari > Shankarpur > Satgachia > Bamunia > Kusumgram > Manteshwar
Esplanade,Manbazar,1,WBTC,,,23,Santragachi > Salap > Dankuni > Shaktigarh > Barddhaman Bypass > Panagarh Bypass > Muchipara > Dvc > Durgapur City Center > Durgapur Station > Barjora > Beliatore > Makurgram > Bankura > Puabagan > Sunukpahari > Indpur > Bangla > Jorda > Saldiha > Puncha
Esplanade,Mandirtala,1,Mini Bus,,,8,Babughat > Barabazar > Howrah Station > Foreshore Road > Avani Mall > Kazipara
Esplanade,Moonbeam,1,Private,,,19,Chandni Chowk > Wellington > Moulali > Sealdah > Rajabazar > Maniktala > Kankurgachi > Ultadanga > Sreebhumi > Laketown > Dumdum Park > Kestopur > Baguiati > Lokenath Mandir > Chinar Park > City Center 2 > Akanksha
Esplanade,Moynaguri,1,WBTC,,,29,Airport > Barasat > Chakdah > Ranaghat > Shantipur > Krishnanagar > Bethuadahari > Palashi > Rejinagar > Beldanga > Berhampore > Morgram > Omarpur > Dhuliyan > Farakka > Kaliachak > Malda > Gazole > Itahar > Raiganj > Dalkhola > Kishanganj > Islampur > Siliguri > Fulbari > Fatapukur > Jalpaiguri Bypass
Esplanade,Nabanna,1,WBTC,,,7,Park Street > Maidan > Rabindra Sadan > PTS > Vidyasagar Setu
Esplanade,Nagar,1,WBTC,,,18,Santragachi > Salap > Dankuni > Shaktigarh > Bardhhaman Station > Dewandighi > Norja > Muratipur > Natunhat > Nutangram > Pirtala > Futisanko > Bahadurpur > Dakbangla Hat > Kuli > Khargram
Esplanade,Nainan,1,WBTC,,,22,PTS > Alipore Zoo > Bhowani Bhawan > Taratala > Behala PS > Behala 14 No > Behala Manton > Behala Chowrasta > Sakher Bazar > Shilpara > Thakurpukur Bazar > Thakurpukur 3A Bus Stand > Joka Esi > Joka Khalpole > Iim Joka > Raspunja > Praxis Business School > Bibirhat > Bakrahat > Dighirpar
Esplanade,Nandigram,1,WBTC,,,16,Santragachi > Dhulagarh > Ranihati > Uluberia > Bagnan > Kolaghat > Mecheda > Radhamoni > Nandakumar > Math Chandipur > Reyapara > Khodambari > Choumukhi > Amtalya
Esplanade,Nanur,1,WBTC,,,6,Dankuni > Barddhaman > Natunhat > Basapara
Esplanade,Nazat,1,WBTC,,,32,Chandni Chowk > Wellington > Moulali > Sealdah > Beleghata > Beleghata Building > Chingrighata > Mathpukur > Science City > Chowbaga > Bantala Bazar > Leather Complex > Kantatala > Bhojerhat > Paglarhat > Boralighat > Nalmuri > Ghatakpukur > Ghushighata > Bamanpukur > Kushangra > Minakhan > Malancha > Chaital Ghat > Nimchi Bazar > Bhebia Chowrasta > Rajapur > Kharampur > Akhratala > Metekhali
Esplanade,Nilgunge,1,WBTC,,,26,Chandni Chowk > Central > MG Road > Girish Park > Sovabazar > Rajballavpara > Shyambazar > Chiria > Sinthi > Tobin Road > Bonhooghly > Dunlop > Rathtala > Kamarhati > Sodepur Girja > Khardaha > Titagarh > Barrackpore Station > Subhash Colony > Wireless > Mohanpur > Debpukur > Chapuria > Mathrangi
Esplanade,Nimpith,1,WBTC,,,39,Park Street > Maidan > Rabindra Sadan > Bhowanipore > Hazra > Kalighat > Rashbehari > Rabindra Sarovar > Tollygunge Metro > Malancha Cinema > Ranikuthi > Netaji Nagar > Bansdroni > Naktala > Garia Metro > Mahamayatala > Kamalgazi > Narendrapur > Rajpur Bazar > Harinavi > Haritala > Malancha > Gobindapur > Antara Mental Hospital > Khasmallick > Jogi Battala > Padmapukur > Baruipur Station > Kachari
Esplanade,Noapara,1,Private,,,13,Chandni Chowk > Wellington > Moulali > Sealdah > Rajabazar > Maniktala > Khanna Cinema > Shyambazar > Chiria > Sinthi > Tobin Road
Esplanade,Noorpur,1,WBTC,,,23,Fort William > PTS > Bhabani Bhawan > Burdwan Road > Majherhat > Behala 14 No > Behala Chowrasta > Sakher Bazar > Shilpara > Thakurpukur > Joka Bridge > Pailan > Bhasha 14no > Khariberia > Bishnupur > Amtala > Shirakole > Fatehpur > Dostipur > Sarisha > Raichak
Esplanade,Omarpur,1,WBTC,,,21,Santragachi > Dankuni > Shaktigarh > Bardhhaman > Dewandighi > Norja > Muratipur > Natunhat > Pirtala > Futisanko > Sundarpur > Bahadurpur > Kuli > Khargram > Nagar > Sherpur > Panchgram > Morgram > Sheikhdighi
Esplanade,Palashipara,1,WBTC,,,11,Ultadanga > Airport Gate 1 > Madhyamgram > Barasat Colony > Jaguli > Ranaghat > Krishnanagar > Tehatta > Jitpur
Esplanade,Radhanagar,1,WBTC,,,8,Santragachi > Dankuni Housing > Mosat > Sheakhala > Champadanga > Gourangapur
Esplanade,Raichak,1,Private,,,22,Fort William > PTS > Bhabani Bhawan > Burdwan Road > Majherhat > Behala 14 No > Behala Chowrasta > Sakher Bazar > Shilpara > Thakurpukur > Joka Bridge > Pailan > Bhasha 14no > Khariberia > Bishnupur > Amtala > Shirakole > Fatehpur > Dostipur > Sarisha
Esplanade,Ramrajatala,1,Private,,,12,BBD Bag > Barabazar > Howrah Station > Howrah Maidan > Mallick Fatak > Kalibabu Bazar > Shyamasree > Surkikal > Dalalpukur > Natun Rasta
Esplanade,Rasulpur,1,WBTC,,,18,Santragachi > Dhulagarh > Uluberia > Bagnan > Kolaghat > Mecheda > Nandakumar > Chandipur > Bajkul > Henria > Kanthi > Chalti > Bajubandh > Mukundapur Bazar > Dholmari Bazar > Shyamchak
Esplanade,Sabaldaha,1,WBTC,,,14,Santragachi > Dankuni Housing > Bardhhaman Station > Dewandighi > Norja > Natunhat > Futisanko > Kuli > Sherpur > Bhalkundi > Joypur > Purapara
Esplanade,Sainthia,1,WBTC,,,9,Dankuni > Shaktigarh > Barddhaman > Natunhat > Futisanko > Kirnahar > Labhpur
Esplanade,Saiyadpara,1,WBTC,,,18,Santragachi > Salap > Dankuni > Shaktigarh > Bardhhaman Station > Dewandighi > Norja > Muratipur > Natunhat > Nutangram > Pirtala > Futisanko > Sundarpur > Fatepur > Koralitala > Burwan
Esplanade,Salkia Chowrasta,1,Mini Bus,,,8,Babughat > Barabazar > Howrah Station > Pilkhana > Golabarai PS > Bandha Ghat
Esplanade,Santragachi,1,Mini Bus,,,13,Babughat > Barabazar > Howrah Station > Howrah Maidan > Panchanantala > Power House > Kadamtala > Ichapur > Natun Rasta > Belepole > Baksara
Esplanade,Shibpur Td,1,Private,,,6,Babughat > Barabazar > Howrah Station > Foreshore Road
Esplanade,Shikharpur,1,WBTC,,,11,Ultadanga > Airport Gate 1 > Madhyamgram > Barasat Colony > Jaguli > Ranaghat > Krishnanagar > Tehatta > Karimpur
Esplanade,Shimuliyahat,1,WBTC,,,24,Santragachi > Salap > Dankuni > Gurap > Shaktigarh > Alisha Bus Stand > Police Line > Town Hall Para > Curzon Gate > Tinkonia > Barddhaman Station > Dewandighi > Norja > Muratipur > Natuhat > Natungram > Futisanko > Kirnahar > Labhpur > Abadanga > Daroka > Taruliahat
Esplanade,Shyamsundar,1,WBTC,,,9,Santragachi > Salap > Dankuni > Gurap > Masagram > Jamalpur > Rayna
Esplanade,Sinthi,1,Private,,,10,Chandni Chowk > Central > MG Road > Girish Park > Sovabazar > Rajballavpara > Shyambazar > Chiria
Esplanade,Sitalia,1,WBTC,,,16,Sealdah > Science City > Ghatakpukur > Ghushighata > Minakhan > Malancha > Chaital > Murarisha Chowmatha > Hasnabad Station > Par Hasnabad > Bailani Bazar > Rupmari Bazar > Bhandarkhali > Khulna
Esplanade,Sodepur Girja,1,Private,,,16,Chandni Chowk > Central > MG Road > Girish Park > Sovabazar > Rajballavpara > Shyambazar > Chiria > Sinthi > Tobin Road > Bonhooghly > Dunlop > Rathtala > Kamarhati
Esplanade,Sonamukhi,1,WBTC,,,10,Santragachi > Dankuni Housing > Barddhaman > Bankura > Khandaghosh > Rasulpur > Patrasayer > Dhansimla
Esplanade,Srinathpur,1,NBSTC,,,14,Central Avenue > Shyambazar > Lake Town > Nagerbazar > Airport > Madhyamgram > Barasat > Ashoknagar > Habra > Machhalandapur > Charghat > Kapileswarpur
Esplanade,Tapan,1,WBTC,,,27,Airport > Barasat > Chakdah > Ranaghat > Phulia > Shantipur > Krishnanagar > Dhubulia > Bethuadahari > Debagram > Palashi > Rejinagar > Beldanga > Berhampore > Palsanda > Morgram > Omarpur > Dhuliyan > Farakka > Kaliachak > Sujapur > Malda > Gazole > Buniadpur > Gangarampur
Esplanade,Ukhra,1,WBTC,,,16,Santragachi > Salap > Dankuni > Shaktigarh > Barddhaman Bypass > Panagarh Bypass > Muchipara > Dvc > Durgapur City Center > Bhiringi > Andal > Dakshin Khanda > Khandra > Kazi Nazrul Islam Airport
Esplanade,Usthi,1,WBTC,,,20,PTS > Alipore Zoo > Mominpore > Majherhat > Behala 14 No > Behala Chowrasta > Sakher Bazar > Shilpara > Thakurpukur > Joka Bridge > Pailan > Bhasha 14no > Bishnupur > Amtala > Shirakole > Bagaria > Srichanda > Adharmanik
Esplanade (Kolkata),Siliguri Junction,1,,,,0,
Falta,Babughat,1,Private,,,27,Sahararhat > Belsingha > Harindanga > Dighirpar > Dostipur > Fatehpur > Shirakole > Amtala > Bishnupur > Khariberia > Bhasha 14no > Pailan > Joka Bridge > Thakurpukur > Shilpara > Sakher Bazar > Behala Chowrasta > Behala 14 No > Majherhat > Mominpore > Ekbalpur > Kidderpore > Hastings > Fort William > Esplanade
Falta Sector 1,Bijaygunge Bazar,1,Private,,,25,Khandalia > Haridashpur > Bhadura > Goundia Raghunathpur > Dhukrijhara > Pateswari Mandir > Pitambara > Sarisha 246 > Sarisha > Kalagachia > Mohanpur > Kapathat > Leninnagar > Noongola > Diamond Harbour > Dalanghata > Hatugunge > Deular > Mandirbazar > Mandabtala > Anchna > Brindabanpur > Ramnarayanpur
Farakka,Raiganj,1,NBSTC,08:15,08:15,2,
Fatikgachi,Ahiritola,1,Mini Bus,,,23,Dhulagarh > Alampur > Andul Bazar > Mourigram > Chunavati > Hanskhali > Bakultala > Danesh Shaikh Lane > Amtala Phari > Narayana Hospital > Bataitala Phari > Kazipara > Avani Mall > Shibpur Bazar > Mallick Fatak > Howrah Maidan > Howrah Station > Barabazar > Posta Bazar > Malapara > Jorabagan
Fatikgachi,Esplanade,1,WBTC,,,6,Dhulagarh > Ankurhati > Santragachi > Rabindra Sadan
Fishery Gate,Barasat Chapadali,1,Private,,,16,Barrackpore Court > Barrackpore Station > Subhash Colony > Wireless > Mohanpur > Debpukur > Chapuria > Mathrangi > Nilgunge > Rangapur > Kokapur > Jagannathpur > Barbaria > Barasat Colony
Forbesganj Bihar,Siliguri,1,Shyamoli Paribahan,,,2,
Fulkusma,Howrah,1,,03:45,03:45,2,
Fulkusma,Jhargram,1,,14:05,14:05,6,Baksi > Harda > Binpur > Dahijuri
Fulkusma,Kolkata (Esplanade),1,,03:30,03:30,17,Binpur > Dahijuri > Jhargram > Lodhasuli > Guptamoni > Kharagpur > Madpur > Debra > Mechogram > Kolaghat > Bagnan > Uluberia > Dhulagarh > Kona Express More > Santragachi
Fulkusma,Mecheda,1,,03:40,03:40,19,Raipur > Bikrampur > Amlasuli > Hoomgarh > Garhbeta > Chandrakona Road > Chandrakona Town > Khirpai > Radhanagar > Baroda Chowkan > Ghatal > Daspur > Sultannagar > Goura > Khukur Daha > Keshapat > Mechogram
Fulkusma,Medinipur,1,,13:25,13:25,8,Silda > Gidhni > Parihati > Dahijuri > Dherua > Chandra
Fulkusma,Purulia,1,,05:00,05:00,13,Motgoda > Raipur > Haludkanali > Khatra > Hatirampur > Pairachali > Manbazar > Gopalnagar > Kenda > Chakaltore > Simulia
Furfura Sharif,Esplanade,1,WBTC,,,11,Sheakhala > Mosat > Chanditala > Dankuni Housing > Ballyhalt > Dakshineswar > Dunlop > Shyambazar > Central
Gadiara,Bagnan,1,Private,,,17,Gujarpur > Gohaldaha > Sitalpur > Shyampur > Kanthalibar > Hoglashi > Belpukur > Shasati > Deorah > Noul Bazar > Mugkalyan > Nuntia > Bantul > Antila Bridge > Khalore
Gadiara,Basirhat,1,Private,,,54,Shyampur > Kharuberia > Garchumuk > 58 Gate > Mohani > Dhulasimla > Gourhati > Uluberia > Panchla > Ranihati > Dhulagarh > Alampur > Nibra > Santragachi > Baksara > Belepole > Carry Road > Howrah Station > Barabazar > MG Road > Girish Park > Maniktala > Kankurgachi > Ultadanga > Sreebhumi > Laketown > Dumdum Park > Kestopur > Baguiati > Teghoria > Haldirams > Kaikhali > Airport Gate 1 > Airport Ga
Gadiara,Bishnupur,1,,04:50,04:50,24,Shyampur > Kharuberia > Bagnan > Kolaghat > Mecheda > Mechogram > Keshapat > Khukur Daha > Goura > Sultannagar > Daspur > Ghatal > Baroda Chowkan > Radhanagar > Khirpai > Kalikapur > Chandrakona Town > Chandrakona Road > Kiaboni > Garhbeta > Dhadika > Bankadaha
Gadiara,Esplanade,1,WBTC,,,11,Shyampur > Garchumuk > 58 Gate > Uluberia > Nimdighi > Ranihati > Dhulagarh > Ankurhati > Santragachi
Gadiara,Unitech Gate 1,1,Private,,,46,Shyampur > Kharuberia > Garchumuk > 58 Gate > Mohani > Dhulasimla > Gourhati > Uluberia > Panchla > Ranihati > Dhulagarh > Alampur > Jalan Gate > Ankurhati > Nibra > Khejurtala > Garpa > Santragachi > Baksara > Belepole > Carry Road > Vidyasagar Setu > PTS > Rabindra Sadan > Minto Park > Beck Bagan > Park Circus > 4 No Bridge > Topsia > Science City > EM Bypass > Mathpukur > Metropolitan > Chingri
Gadkhali,Baruipur,1,WBTC,,,26,Masjidbati > Dakshin Battala > Matgaran > Chandkhali > Kalidanga > Basanti Chowmatha > Sonakhali Bus Stand > Uttar Sonakhali > Kultali > Narayantala > Bhangankhali > Kaltala > Kanthalberia > Dockghat > Matla Bridge > Canning Station > Canning > Betberia Belegachi > Taldi > Kulari > Uttarbhag > Phooltala > Puratan Bazar > Shibanipith
Gadkhali,Howrah Station,1,WBTC,,,48,Masjidbati > Dakshin Battala > Matgaran > Chandkhali > Kalidanga > Basanti > Uttar Sonakhali > Kultali Bazar > Narayantala > Bhangankhali > Kaltala > Kanthalberia > Amjhara > Dhuri Bazar > Atharobanki > Charabidya > Gabbuni > Sarberia > Agarhati > Boyermari > Malancha > Minakhan > Kushangra > Bamanpukur > Ghushighata > Ghatakpukur > Nalmuri > Boralighat > Paglarhat > Bhojerhat > Kantatala > Leathe
Gangadharpur,Esplanade,1,Private,,,39,Hospital > Kajoler > Kakdwip Bus Stand > Kakdwip Station > Natun Rasta > ONGC > Nischintipur > Karanjali > Kulpi > Hatuganj > Diamond Harbour > Noongola > Leninnagar > Kapathat > Mohanpur > Kalagachia > Sarisha > Dostipur > Fatehpur > Shirakole > Amtala > Bishnupur > Khariberia > Bhasha 14no > Pailan > Joka Bridge > Thakurpukur > Shilpara > Sakher Bazar > Behala Chowrasta > Behala 14 No > Majherha
Ganganagar,Howrah,1,WBTC,,,18,Mickelnagar > Birati > Airport 1 No. Gate > Kaikhali > Baguiati > Kestopur > Laketown > Ultadanga > Kankurgachi > Maniktala > Rajabazar > Sealdha > Bank of India > Bowbazar > Central Avenue > BBD Bag/GPO
Ganga Nagar,Leather Complex,1,WBTC,,,36,BT College > Sukantanagar > Michaelnagar > Bankra > Gouripur > Birati > Airport Gate 3 > Airport Gate 1 > Kaikhali > Haldirams > Teghoria > Baguiati > Kestopur > Dumdum Park > Laketown > Sreebhumi > Ultadanga > Khanna Cinema > Maniktala > Sukea Street > Rajabazar > Sealdah > Moulali > Entally Market > Jora Girja > Ripon Street > Nonapukur > Mallick Bazar > Park Circus > 4 No Bridge > Topsia > Scie
Gangarampur,Esplanade,1,WBTC,,,33,Buniadpur > Gazole > Malda > Sujapur > Kaliachak > Farakka > Dhuliyan > Chander > Ahiran > Omarpur > Sheikhdighi > Morgram > Palsanda > Berhampore > Beldanga > Rejinagar > Palashi > Debagram > Bethuadahari > Dhubulia > Krishnanagar > Shantipur > Phulia > Ranaghat > Chakdah > Jaguli > Awalsiddhi > Amdanga > Barasat > Madhyamgram > Airport
Gangasagar,Kachuberia Sagar Island,1,WBTC,,,6,Light House > Chemaguri > Rudranagar > Harinbari
Gangtok,Siliguri,1,,07:10,07:10,2,
Garchakraberia,Nabadwip,1,ANJALI TRAVELS,02:20,02:20,25,Henria > Bajkul > Chandipur > Nandakumar > Nimtouri > Mecheda > Kolaghat > Bagnan > Uluberia > Dhulagarh > Kona Express More > Salap > Bally > Dakshineswar > Dunlop > Barrackpore > Kalyani > Ranaghat > Phulia > Santipur > Dignagar > Krishnanagar > Nadia
Garerghat,Kolkata (Esplanade),1,,07:00,07:00,2,
Garerghat,Maniktala,1,,05:25,05:25,17,Nandanpur > Rajhati > Khanakul > Chunait > Mayapur > Champadanga > Siakhala > Mosat > Chanditala > Dankuni > Salap > Kona Express More > Santragachi > Kolkata (Esplanade) > Sealdah
Garhbeta,Barddhaman Alisha Bus Stand,1,Private,,,15,Dhadika > Bankadaha > Bishnupur > Joykrishnapur > Hingjuri > Pandua > Balsi > Patrasayer > Kankordanga > Rasulpur > Khandaghosh > Bankura > Telipukur
Garhbeta,Durgachak,1,,05:05,05:05,16,Chandrakona Town > Khirpai > Radhanagar > Baroda Chowkan > Ghatal > Daspur > Sultannagar > Goura > Khukur Daha > Mechogram > Mecheda > Tamluk > Nandakumar > Mahishadal
Garhbeta,Ghatal,1,,06:15,06:15,2,
Garhbeta,Jhargram,1,,07:55,07:55,10,Amlagora > Hoomgarh > Amlasuli > Patharpara > Sarenga > Sijua > Lalgarh > Dahijuri
Garh Bhowanipore,Esplanade,1,WBTC,,,11,Bidichandrapur > Shaoraberia > Sehagori > Amta > Panpur > Ranihati > Dhulagarh > Alampur > Santragachi
Garh Bhowanipore,Ruby,1,Private,,,27,Rajapur > Amta > Panpur > Ranihati > Dhulagarh > Alampur > Jalan Gate > Ankurhati > Nibra > Khejurtala > Garpa > Santragachi > Baksara > Belepole > Carry Road > Vidyasagar Setu > PTS > Rabindra Sadan > Minto Park > Beck Bagan > Park Circus > Topsia > Science City > Uttar Panchannagram > VIP Bazar
Garia,Air Port,1,WBTC,,,21,PATULI > PEERLESS > KALIKAPUR > RUBY > VIP BAZAR > S.CITY > CHINGRIGHATA > NICCO PARK > SASTHYABHAVAN > SDF > TECHNOPOLIS > NEW TOWN > HOME TOWN > NARKELBAGAN > ECO PARK > NABADIGANTA MORE > C.C > CHINAR PARK > AIRPORT GATE NO.1
Garia,Baghbazar,1,WBTC,,,11,Shyambazar > Khanna > HUDCO > EM bypass > Ruby > Kalikapur > Ajoynagar > Pearless Hospital > Patuli P.S
Garia,Barasat,1,WBTC,,,10,Rubi Hospital > Science City > Chingrihata > HUDCO > V.I.P.Road > Airport > Doltala > Madhyamgram Chowrasta Xing
Garia,Egra,1,,04:20,04:20,2,
Garia,Jhargram,1,WBTC,,,25,Jadavpur > Exide > Park Street > Esplanade > Santragachi > Dhulagarh > Ranihati > Panchla > Uluberia Checkpost > Bagnan > Kolaghat > Mechogram > Panskura Bypass > Ashari > Debra > Kharagpur Chowringhee > Kharagpur Bypass > Kalaikunda > Balivasa > Guptamoni > Khemashuli > Lodhashuli > Kolaboni
Garia,Karunamoyee,1,WBTC,,,12,Patuli > Peerless > Ajoy Nagar > Kaikhali > Ruby > VIP Bazar > Sc. City > Metropolitan > Bldg. More > KBKC More
Garia,KWIC,1,WBTC,,,9,Anwar Shah Road > Hazra Crossing > Rabindra Sadan/PTS > Toll Tax/Carryroad > Belepole > Santragachi > Kona Express/NH6
Garia,Midnapore,1,WBTC,,,13,Naktala > Bansdroni > Tollygunge > Rashbehari > Exide > Esplanade > Santragachi > Dhulagarh > Kolaghat > Mechogram > Debra
Garia,Rajchandra- pur,1,WBTC,,,12,E.M.Bye Pass > Sc. City > Chingrihata > HUDCO > VIP Road > Kaikhali > Airport Gate No. 1 > Durganagar > Belghoria Exp. Way > Dakshineswar
Garia,Rampurhat,1,WBTC,,,13,Jadavpur > Rashbehari > Exide > Esplanade > Santragachi > Dankuni > Barddhaman > Futisanko > Kuli > Khargram > Tarapith
Garia,Solpatta,1,,04:50,04:50,2,
Garia A.C,Digha,1,SBSTC,07:00,07:00,2,
Garia Bus Stand,Airport Terminal,1,WBTC,,,34,45 Bus Stand > Patuli > Peerless Hospital > Hiland Park > Ajaynagar > Mukundapur > EM Bypass > Kalikapur > Ruby > Fortis Hospital > VIP Bazar > Uttar Panchannagram > Science City > Mathpukur > Chingrighata > Nicco Park > SDF > College More > Technopolis > DLF 1 > Newtown > Axis Mall > Narkelbagan > Jatragachi > Westin > Ecopark > Nawabpur > Akanksha > City Center 2 > Chinar Park > Haldirams > Kaik
Garia Bus Stand,Bagbazar,1,WBTC,,,23,45 Bus Stand > Patuli > Peerless Hospital > Hiland Park > Ajaynagar > EM Bypass > Mukundapur > Kalikapur > Ruby > VIP Bazar > Uttar Panchannagram > Science City > Mathpukur > Chingrighata > Beleghata Building > CIT Road > Phoolbagan > Kankurgachi > Ultadanga > Khanna Cinema > Shyambazar
Garia Bus Stand,Ballyhalt,1,WBTC,,,39,45 Bus Stand > Patuli > Peerless Hospital > Hiland Park > Ajaynagar > Mukundapur > EM Bypass > Kalikapur > Ruby > Fortis Hospital > VIP Bazar > Uttar Panchannagram > Science City > Mathpukur > Chingrighata > Beleghata Building > Saltlake Stadium > Swabhumi > Apollo Hospital > Mani Square > Bengal Chemical > Ultadanga > Sreebhumi > Laketown > Dumdum Park > Kestopur > Baguiati > Teghoria > Haldirams
Garia Bus Stand,BBD Bag,1,Mini Bus,,,16,Ramgarh > Baghajatin > Jadavpur 8B > Dhakuria > Golpark > Gariahat > Ballygunge Phari > Gurusaday Road > Beck Bagan > Minto Park > Rabindra Sadan > Maidan > Park Street > Esplanade
Garia Bus Stand,Karunamoyee,1,WBTC,,,19,45 Bus Stand > Patuli > Peerless Hospital > Hiland Park > Ajaynagar > EM Bypass > Mukundapur > Kalikapur > Ruby > VIP Bazar > Uttar Panchannagram > Science City > Mathpukur > Chingrighata > Beleghata Building > Saltlake Stadium > Central Park
Garia Bus Stand,Ultadanga,1,Private,,,19,45 Bus Stand > Patuli > Peerless Hospital > Hiland Park > Ajaynagar > Mukundapur > EM Bypass > Kalikapur > Ruby > VIP Bazar > Uttar Panchannagram > Science City > Mathpukur > Chingrighata > Beleghata Building > Apollo Hospital > Bengal Chemical
Garia Station,Airport Gate 1,1,Private,,,29,Dhalai Bridge > Garia Metro > Ramgarh > Baghajatin > Jadavpur 8B > Dhakuria > Golpark > Gariahat > Ballygunge Phari > Quest Mall > Park Circus > Chittaranjan Hospital > CIT Road > Moulali > Sealdah > Beleghata > Phoolbagan > Kankurgachi > Ultadanga > Sreebhumi > Laketown > Dumdum Park > Kestopur > Baguiati > Teghoria > Haldirams > Kaikhali
Garia Station,BBD Bag,1,Mini Bus,,,20,Dhalai Bridge > Patuli > Hiland Park > Ajaynagar > Mukundapur > Kalikapur > Ruby > VIP Bazar > Uttar Panchannagram > Science City > Topsia > Park Circus > Beck Bagan > Minto Park > Rabindra Sadan > Maidan > Park Street > Esplanade
Garia Station,Beleghata Building,1,Private,,,24,Dhalai Bridge > Patuli > 45 Bus Stand > Ramgarh > Baghajatin > Jadavpur 8B > South City > Lake Gardens > Anwar Shah Road > Tollygunge Phari > Rabindra Sarovar > Rashbehari > Kalighat > Hazra > Sishu Mangal > Lansdowne > Minto Park > Beck Bagan > Mallick Bazar > Moulali > Sealdah > Beleghata
Garia Station,Belurmath,1,Private,,,31,Dhalai Bridge > Patuli > Peerless Hospital > Hiland Park > Ajaynagar > Mukundapur > EM Bypass > Kalikapur > Ruby > VIP Bazar > Uttar Panchannagram > Science City > Mathpukur > Chingrighata > Beleghata Building > Apollo Hospital > Bengal Chemical > Ultadanga > Khanna Cinema > Shyambazar > Chiria > Sinthi > Tobin Road > Bonhooghly > Dunlop > Dakshineswar > Ballykhal > Bally Bazar > Lalbaba College
Garia Station,Howrah Station,1,Mini Bus,,,23,Peerless Hospital > EM Bypass > Ajaynagar > Mukundapur > Kalikapur > Sapuipara > Saheed Nagar > Jadavpur PS > Dhakuria > Golpark > Gariahat > Deshapriya Park > Sishu Mangal > Lansdowne > Minto Park > Rabindra Sadan > Maidan > Park Street > Esplanade > BBD Bag > Barabazar
Garia Station,Newtown,1,Private,,,16,Dhalai Bridge > Patuli > Ajaynagar > Kalikapur > Ruby > Uttar Panchannagram > Science City > Chingrighata > Nicco Park > Swastha Bhawan > SDF > College More > Technopolis > East Enclave
Garia Station,Paikpara,1,Private,,,22,Dhalai Bridge > Patuli > Peerless Hospital > Hiland Park > Ajaynagar > Mukundapur > EM Bypass > Kalikapur > Ruby > VIP Bazar > Uttar Panchannagram > Science City > Mathpukur > Chingrighata > Beleghata Building > Apollo Hospital > Bengal Chemical > Ultadanga > Khanna Cinema > Shyambazar
Gayeshpur,Esplanade,1,Private,,,27,Kalyani Aiims > Kalyani > Jaguli > Kapileshwar > Gadamara > Bethpukur > Kanchiara > Adhata > Awalsiddhi > Rahana Bazar > Amdanga > Kamdebpur > Mirhati > Khilkapur > Moyna Checkpost > Barasat Colony > Madhyamgram > Birati > Airport Gate 3 > Airport Gate 1 > Baguiati > Ultadanga > Kankurgachi > Maniktala > Girish Park
Gazole,Esplanade,1,WBTC,,,32,Malda > Sujapur > Kaliachak > Farakka > Dhuliyan > Chander > Ahiran > Omarpur > Sheikhdighi > Morgram > Panchgram > Sherpur > Nagar > Khargram > Kuli > Dakbangla Hat > Bahadurpur > Sundarpur > Futisanko > Pirtala > Nutangram > Natunhat > Muratipur > Norja > Dewandighi > Bardhhaman Station > Shaktigarh > Dankuni > Salap > Santragachi
Ghasbagan,Rajabazar,1,WBTC,,,8,Golabarai PS > Howrah Station > Barabazar > MG Road > College Street > Sealdah
Ghatakpukur,Babughat,1,Private,,,19,Nalmuri > Boralighat > Paglarhat > Bhojerhat > Kantatala > Leather Complex > Bantala Bazar > Chowbaga > Science City > Topsia > Tangra > Palmer Bazar > Sealdah > Moulali > Wellington > Chandni Chowk > Esplanade
Ghatakpukur,Barasat Chapadali,1,WBTC,,,10,Science City > SDF > Newtown > Narkelbagan > Ecopark > Chinar Park > Airport Gate 1 > Madhyamgram
Ghatakpukur,Rajchandrapur,1,Private,,,35,Nalmuri > Boralighat > Paglarhat > Bhojerhat > Karolberia > Chariswar > Paikan > Hatishala > Shapoorji > Karigari Bhawan > Uem Campus > Unitech Gate 1 > Narkelbagan > Axis Mall > Newtown > DLF 1 > College More > Wipro > Karunamoyee > Bikash Bhawan > City Center 1 > Saltlake CA Block > Saltlake PNB > Ultadanga > Khanna Cinema > Shyambazar > Chiria > Sinthi > Tobin Road > Bonhooghly > Dunlop > Daksh
Ghatakpukur,Sonarpur,1,WBTC,,,26,Jagulgachi > Saihati > Nimtala > Bodra > Patkelpota > Kalitala > Situri > Badir > Sondalia Bablatala > Sobedatala > Jhautala > Chandaneshwar > Sanksaharpukur > Sundia > Prasadpur > Khirishtala > Makrampur > Chakberia > Tematha > Kalikapur > Natagachi > Arapanch > Ramchandrapur > Ghasiara
Ghatakpukur,Tollygunge Metro,1,WBTC,,,23,Nalmuri > Boralighat > Paglarhat > Bhojerhat > Kantatala > Leather Complex > Bantala Bazar > Chowbaga > Science City > Uttar Panchannagram > VIP Bazar > Ruby > Acropolis Mall > Bosepukur > Kasba PS > Ballygunge Station > Gariahat > Deshapriya Park > Rashbehari > Rabindra Sarovar > Tollygunge Phari
Ghatal,Gopiballabpur,1,DEBLINA TRAVELS,07:20,07:20,15,Baroda Chowkan > Radhanagar > Khirpai > Kalikapur > Jhakra > Neradeul > Mugbosan > Keshpur > Medinipur > Mohanpur > Kharagpur > Guptamoni > Lodhasuli
Ghatal,Jhargram,1,,06:40,06:40,8,Khirpai > Chandrakona Town > Keshpur > Medinipur > Kharagpur > Lodhasuli
Ghatal,Nabadwip,1,,04:10,04:10,16,Baroda Chowkan > Radhanagar > Khirpai > Ramjibanpur > Kamarpukur > Goghat > Arambagh > Uchalan > Sehara Bazar > Bardhaman > Golapbag > Kusumgram > Nadanghat > Hematpur
Ghatal,Raipur,1,,07:45,07:45,10,Baroda Chowkan > Radhanagar > Khirpai > Chandrakona Road > Goaltore > Pingboni > Sarenga > P More
Goaltore,Karunamoyee,1,CHANGDAR TRAVELS,05:10,05:10,25,Chandrakona Road > Chandrakona Town > Kalikapur > Khirpai > Radhanagar > Baroda Chowkan > Ghatal > Daspur > Sultannagar > Goura > Khukur Daha > Keshapat > Mechogram > Kolaghat > Bagnan > Uluberia > Dhulagarh > Kona Express More > Salap > Bally > Dakshineswar > Dunlop > Dum Dum Airport
Goaltore,Medinipur,1,MAA SANAKA TRAVEL'S,14:00,14:00,6,Chandrakona Road > Salboni > Godapiasal > Bhadutala
Godapiasal,Karunamoyee,1,WBTC,,,17,Bhadutala > Midnapore > Kharagpur Chowringhee > Debra > Ashari > Mechogram > Kolaghat > Bagnan > Ranihati > Dhulagarh > Salap > Dunlop > Airport > Baguiati > Ultadanga
Gogra,Khatra,1,,06:10,06:10,13,Susunia Hill > Chhatna > Bankura > Dhaldanga > Ratanpur > Taldangra > Simlapal > Bikrampur > P More > Jambani > Kankradara
Golf Green,Air Port,1,WBTC,,,20,LAKE GARDENS > JADAVPUR P.S > SALIMPUR > SAPUIPARA KALIKAPUR > RUBY > EM BYEPASS > SC CITY > CHINGRIHATA > NICCO PK > SWASTHA BHAVAN > COLLEGE MORE > TECHONOPOLIS > NEW TOWN > HOME TOWN > NARKEL BAGAN > C.C.2 > KAIKHALI > AIRPORT GATE NO.1
Golf Green,Airport Terminal,1,WBTC,,,33,Doordarshan Bhawan > Lake Gardens > South City > Jadavpur PS > Saheed Nagar > Sapuipara > Kalikapur > Ruby > Fortis Hospital > VIP Bazar > Uttar Panchannagram > Science City > Mathpukur > Chingrighata > Nicco Park > SDF > College More > Technopolis > DLF 1 > Newtown > Axis Mall > Narkelbagan > Jatragachi > Westin > Ecopark > Nawabpur > Akanksha > City Center 2 > Chinar Park > Haldirams > Kaikhali
Golf Green,Bagbazar,1,Private,,,22,Doordarshan Bhawan > Lake Gardens > South City > Jadavpur PS > Dhakuria > Golpark > Gariahat > Ballygunge Phari > Quest Mall > Park Circus > Chittaranjan Hospital > CIT Road > Moulali > Sealdah > College Street > Vivekananda Road > Hedua > Hatibagan > Shyambazar > Rajballavpara
Golf Green,Belgharia Rathtala,1,Private,,,27,Doordarshan Bhawan > Lake Gardens > South City > Jadavpur PS > Dhakuria > Golpark > Gariahat > Deshapriya Park > Sishu Mangal > Lansdowne > Minto Park > Beck Bagan > Mallick Bazar > Moulali > Sealdah > Rajabazar > Maniktala > Khanna Cinema > Shyambazar > Chiria > Sinthi > Tobin Road > Bonhooghly > Dunlop > Rathtala
Golf Green,Belgharia Station,1,Private,,,31,Doordarshan Bhawan > Lake Gardens > Anwar Shah Road > Tollygunge Phari > Rabindra Sarovar > Rashbehari > Kalighat > Hazra > Bhowanipore > Rabindra Sadan > Maidan > Park Street > Esplanade > Chandni Chowk > Wellington > Hind Cinema > Bowbazar > Medical College > College Street > Vivekananda Road > Hedua > Hatibagan > Shyambazar > Chiria > Sinthi > Tobin Road > Bonhooghly > Dunlop > Rathtala
Golf Green,BT College,1,Private,,,29,Doordarshan Bhawan > Lake Gardens > South City > Jadavpur PS > Dhakuria > Golpark > Gariahat > Ballygunge Phari > Quest Mall > Park Circus > Mallick Bazar > Moulali > Sealdah > Beleghata > Phoolbagan > Kankurgachi > Ultadanga > Sreebhumi > Laketown > Bangur Avenue > Diamond Plaza > Nager Bazar > Central Jail > Airport Gate 1 > Airport Gate 3 > Birati > Michaelnagar
Golf Green,Howrah Station,1,Mini Bus,,,20,Doordarshan Bhawan > Lake Gardens > South City > Jadavpur PS > Dhakuria > Golpark > Gariahat > Ballygunge Phari > Quest Mall > Park Circus > Chittaranjan Hospital > CIT Road > Moulali > Wellington > Chandni Chowk > Esplanade > BBD Bag > Barabazar
Golpark,Nager Bazar,1,Private,,,19,Southern Avenue > Deshapriya Park > Sishu Mangal > Lansdowne > Minto Park > Beck Bagan > Mallick Bazar > Moulali > Sealdah > Beleghata > Phoolbagan > Kankurgachi > Ultadanga > Sreebhumi > Laketown > Bangur Avenue > Diamond Plaza
Gomunda,Kolkata (Esplanade),1,,09:55,09:55,2,
Gopalganj Bihar,Siliguri,1,Shyamoli Paribahan,,,2,
Gopalnagar,Bankura,1,,05:20,05:20,12,Manbazar > Puncha > Belut > Saldiha > Jorda > Bangla > Indpur > Sunukpahari > Puabagan > Dhaldanga
Gopalpur,Bankura,1,,13:40,13:40,9,Belut > Saldiha > Jorda > Bangla > Indpur > Sunukpahari > Puabagan
Gopalpur,Purulia,1,,06:20,06:20,10,Guniada > Belut > Chhirudi > Rakhera > Bishpuria > Hura > Lalpur > Ladhurka
Gopiballabpur,Bandwan,1,AMARNATH TRAVELS,06:35,06:35,11,Lodhasuli > Jhargram > Dahijuri > Binpur > Silda > Belpahari > Banspahari > Poradih > Kuilapal
Gopiballabpur,Bankura,1,,04:35,04:35,14,Gidhni > Parihati > Silda > Fulkusma > Motgoda > Raipur > P More > Bikrampur > Simlapal > Taldangra > Ratanpur > Dhaldanga
Gopiballabpur,Durgapur (Station),1,KABITA TRAVELS,03:40,03:40,20,Jambani > Jhargram > Dahijuri > Binpur > Silda > Fulkusma > Motgoda > Raipur > P More > Bikrampur > Simlapal > Taldangra > Ratanpur > Dhaldanga > Bankura > Makurgram > Beliatore > Barjora
Gopiballabpur,Khatra,1,AADITRI TRAVEL'S,05:25,05:25,13,Lodhasuli > Jhargram > Dherua > Lalgarh > Kantapahari > Ramgarh > Brahmandiha > Sarenga > P More > Jambani > Kankradara
Gopiballabpur,Ranchi,1,SANDHU TRAVEL'S,04:00,04:00,7,Baharagora > Dhalbhumgarh > Ghatsila > Galudi > Dimna
Gopiganj,Esplanade,1,WBTC,,,10,Chaipat > Sonakhali > Sultannagar > Sonamui > Mechogram > Kolaghat > Dhulagarh > Santragachi
Gopiganj,Kamalgazi,1,,05:15,05:15,15,Sultannagar > Goura > Khukur Daha > Keshapat > Mechogram > Kolaghat > Bagnan > Uluberia > Dhulagarh > Kona Express More > Santragachi > Kolkata (Esplanade) > Ruby
Gorakhpur,Siliguri,1,Shyamoli Paribahan,,,2,
Gouripur,Babughat,1,Private,,,18,Birati > Airport Gate 3 > Airport Gate 1 > Central Jail > Nager Bazar > Dumdum Station > Chiria > Shyambazar > Khanna Cinema > Maniktala > Rajabazar > Sealdah > Moulali > Wellington > Chandni Chowk > Esplanade
Goyespur,Digha,1,SBSTC,06:45,06:45,2,
Greenfield City,Howrah Station,1,Private,,,16,Shibrampur > Shakuntala Park > Bakultala > Behala Chowrasta > Behala 14 No > Majherhat > Mominpore > Ekbalpur > Kidderpore > Hastings > Fort William > Esplanade > BBD Bag > Barabazar
Gurap,Kalna,1,Private,,,15,Vastara > Haral > Bainchi > Bhopur > Jamna > Baidyapur Talar > Baidyapur Garage > Sirishtala > Singarkone > Senerdanga > Jhorobati > Nepakuli > Koldanga
Guskara,Benachity,1,,14:35,14:35,4,Panagarh > Durgapur (Muchipara)
Guskara,Illambazar,1,,06:15,06:15,2,
Guskara,Kalna,1,Private,,,18,Orgram > Kamarpara > Bhatar > Borobelun > Maldanga > Manteswar > Dakbangla > Kusumgram > Bhagra > Bamunia > Jhikra > Satgachia > Bohar > Bulbulitala > Madhupur > Dhatrigram
Habra,Contai,1,Santosh Bus Service,05:10,05:10,2,
Habra,Garia,1,WBTC,,,18,Guma > Bira > Duttapukur > Barasat > Madhyamgram > Airport 1no > Chinar Park > Eco Park > Narkelbagn > Newtown > Sec5 > Chingrighata > Science City > Ruby > Ajaynagar > Peerless
Habra,Mandarmani,1,Santosh Bus Service,05:10,05:10,2,
Habra,Santragachi,1,WBTC,,,22,Guma > Bira > Duttapukur > Barasat > Dackbanglow More > Madhyamgram > B.T. College > Mickel Nagar > Airport 1 no > Baguiati > Kestopur > Laketown > Ultadanga > Kankugachi > Maniktala > Girish Park > LalBazar > Esplanade > Rabinrasadan/PTS > Toll Tax/Carry Road
Habra,Suri,1,WBTC,,,8,Barasat > Airport > Dunlop > Dankuni > Barddhaman > Illambazar
Habra,Tajpur,1,Santosh Bus Service,05:10,05:10,2,
Habra Depot,Bakkhali,1,WBTC,,,42,Habra Station > Ashoknagar Station > Khosdelpur > Guma Chowmatha > Bira Chowmatha > Duttapukur > Bamangachi > Barasat Chapadali > Madhyamgram > BT College > Birati > Airport Gate 3 > Airport Gate 1 > Ultadanga > Esplanade > PTS > Alipore Zoo > Mominpore > Majherhat > Behala 14 No > Behala Chowrasta > Sakher Bazar > Shilpara > Thakurpukur > Joka Bridge > Pailan > Bhasha 14no > Bishnupur > Amtala > 
Habra Depot,Bankura,1,WBTC,,,21,Habra Station > Ashoknagar Station > Khosdelpur > Guma Chowmatha > Bira Chowmatha > Duttapukur > Bamangachi > Barasat Chapadali > Madhyamgram > BT College > Birati > Airport Gate 3 > Dunlop > Dankuni Housing > Bardhaman > Durgapur City Center > Durgapur Station > Barjora > Beliatore
Habra Depot,Digha,1,WBTC,,,39,Ashoknagar Station > Khosdelpur > Guma Chowmatha > Bira Chowmatha > Duttapukur > Bamangachi > Barasat Chapadali > Madhyamgram > BT College > Birati > Airport Gate 3 > Durganagar > Mathkal > Dunlop Bridge > Dakshineswar > Ballyhalt > Kona > Salap > Nibra > Ankurhati > Jalan Gate > Alampur > Dhulagarh > Panchla > Uluberia > Bagnan > Kolaghat > Mecheda > Nimtouri > Nandakumar > Norghat > Bajkul > Her
Habra Depot,Haldia,1,WBTC,,,28,Habra Station > Ashoknagar Station > Khosdelpur > Guma Chowmatha > Bira Chowmatha > Duttapukur > Bamangachi > Barasat Chapadali > Madhyamgram > BT College > Birati > Airport Gate 3 > Dunlop Bridge > Salap > Dhulagarh > Ranihati > Uluberia > Bagnan > Kolaghat > Mecheda > Nandakumar > Brajalalchak > Chaitanyapur > Sutahata > Durgachak > Haldia Township
Habra Depot,Jhargram,1,WBTC,04:20,04:20,30,Habra Station > Ashoknagar Station > Khosdelpur > Guma Chowmatha > Bira Chowmatha > Duttapukur > Bamangachi > Barasat Chapadali > Madhyamgram > BT College > Birati > Airport Gate 3 > Dunlop Bridge > Salap > Dhulagarh > Bagnan > Kolaghat > Mechogram > Panskura Bazar > Ashari > Debra > Basantapur > Kharagpur Chowrangee > Midnapore Town > Chandra > Dherua > Baita > Sevayatan
Habra Depot,Midnapore Town,1,WBTC,,,25,Habra Station > Ashoknagar Station > Khosdelpur > Guma Chowmatha > Bira Chowmatha > Duttapukur > Bamangachi > Barasat Chapadali > Madhyamgram > BT College > Birati > Airport Gate 3 > Dunlop Bridge > Salap > Dhulagarh > Bagnan > Kolaghat > Mechogram > Panskura Bazar > Ashari > Debra > Basantapur > Kharagpur Chowrangee
Habra Depot,Namkhana,1,WBTC,,,39,Habra Station > Ashoknagar Station > Khosdelpur > Guma Chowmatha > Bira Chowmatha > Duttapukur > Bamangachi > Barasat Chapadali > Madhyamgram > BT College > Birati > Airport Gate 3 > Airport Gate 1 > Ultadanga > Esplanade > PTS > Alipore Zoo > Mominpore > Majherhat > Behala 14 No > Behala Chowrasta > Sakher Bazar > Shilpara > Thakurpukur > Joka Bridge > Pailan > Bhasha 14no > Bishnupur > Amtala > 
Habra Depot,Park Circus,1,WBTC,,,31,Ashoknagar Station > Khosdelpur > Guma Chowmatha > Bira Chowmatha > Duttapukur > Bamangachi > Barasat Chapadali > Madhyamgram > BT College > Birati > Airport Gate 1 > Kaikhali > Haldirams > Chinar Park > City Center 2 > Akanksha > Nawabpur > Ecopark > Narkelbagan > Axis Mall > Newtown > DLF 1 > College More > SDF > Nicco Park > Chingrighata > Mathpukur > Science City > Topsia
Habra Depot,Purulia,1,WBTC,,,29,Habra Station > Ashoknagar Station > Khosdelpur > Guma Chowmatha > Bira Chowmatha > Duttapukur > Bamangachi > Barasat Chapadali > Madhyamgram > BT College > Birati > Airport Gate 3 > Dunlop > Dankuni Housing > Bardhaman > Durgapur City Center > Durgapur Station > Barjora > Beliatore > Bankura > Chhatna > Dallpur > Kamalpur > Bishpuriya > Hura > Ladhurka > Surulia
Habra Depot,Rampurhat,1,WBTC,,,28,Habra Station > Ashoknagar Station > Khosdelpur > Guma Chowmatha > Bira Chowmatha > Duttapukur > Bamangachi > Barasat Chapadali > Madhyamgram > BT College > Birati > Airport Gate 3 > Dunlop > Dankuni Housing > Shaktigarh > Bardhaman Station > Dewandighi > Norja > Natunhat > Futisanko > Bahadurpur > Kuli > Khargram > Budhigram > Tarapith > Barshal
Habra Station,Asansol,1,WBTC,,,13,Ashoknagar Station > Duttapukur > Barasat Chapadali > Airport Gate 3 > Dunlop Bridge > Dankuni Housing > Durgapur Expressway > Burdwan > Panagarh > Durgapur City Center > Raniganj
Habra Station,Barrackpore Court,1,Private,,,22,Kalyangarh > Kachua > 8 No Kalibari > Magurkhali > Iswarigacha > Awalsiddhi > Rahana Bazar > Amdanga > Kamdebpur > Santoshpur > Madhabpur > Beraberia > Nilgunge > Mathrangi > Chapuria > Debpukur > Mohanpur > Wireless > Subhash Colony > Barrackpore Station
Habra Station,Bishnupur,1,WBTC,,,12,Ashoknagar Station > Duttapukur > Barasat Chapadali > Airport Gate 3 > Dunlop Bridge > Dankuni Housing > Champadanga > Mosat > Sheakhala > Arambagh
Habra Station,Bongaon,1,Private,,,14,Banbania > Chanda > Jhikra Bazar > Hapania > Nagarukhra > Nimtala > Nahata > Pallagram > Gopalnagar > Chalki Bazar > Chapaberia > Motigunge
Habra Station,Digha,1,WBTC,,,25,Ashoknagar Station > Duttapukur > Barasat Chapadali > Madhyamgram > Airport Gate 3 > Dunlop Bridge > Salap > Ankurhati > Dhulagarh > Panchla > Uluberia > Bagnan > Kolaghat > Mecheda > Nimtouri > Nandakumar > Norghat > Bajkul > Heria > Nachinda > Contai Bus Stand > Chowalkhola > Ramnagar
Habra Station,Kalyani Aiims,1,WBTC,,,9,Kalyangarh > Kachua > Sendanga Bazar > Nurpur > Rajberia > Jaguli > Kalyani
Habra Station,Nazat,1,WBTC,,,25,Joygachi > Payragachi > Nakpul Bazar > Machhlandapur > Biswashati > Shimulpur > Magra Bazar > Bagjola Bazar > Haidarpur > Rudrapur > Baduria Bazar > Taragunia > Gadarati > Kholapota > Trimohini > Basirhat > Bhabla Station > Pifa Bazar > Bhebia Chowrasta > Rajapur > Kharampur > Akhratala > Metekhali
Habra Station,Santragachi,1,WBTC,,,12,Ashoknagar Station > Duttapukur > Barasat Chapadali > Madhyamgram > Airport Gate 1 > Ultadanga > Sealdah > Esplanade > Rabindra Sadan > Nabanna
Habra WBTC Depot,Garia Bus Stand,1,WBTC (CTC),,,38,Habra Rail Station > Ashok Nagar > Guma > Bira > Dutta Pukur > Banungachi Station Road > Barasat Champadali > Hridaypur > Madhyamgram > Doltola > B.T College > Birati More > Airport Gate 3 > Airport Gate 1 > Haldiram > Chinar Park > City Centre 2 > Ecopark > Narkel Bagan > Newtown > DLF1 > Technopolis > College More > SDF > Chingrighata > Dhapa Mathpukur > Science City > Uttar Panchannagram > Fort
Hakimpur,Basirhat,1,WBTC,,,27,Bithari > Duttapara > Nirman > Dakbungalow Bazar > Sarapul > Swarupnagar > Hathatgange > Tentulia > Gokulpur > Goaldaha > Aturia > Katiahat Bazar > Gandharbapur > Biramnagar > Sangrampur > Basirhat > Trimohini > Kholapota > Gopalpur > Ghoraras Beltala > Korapara > Malatipur > Kendua Bazar > Madartala > Sadarpur
Haldia,Barrackpore,1,WBTC,,,11,Ranichak > Nandakumar > Mecheda > Kolaghat > Dhulagarh > Salap > Dunlop > Belgharia > Sodepur
Haldia,Barshal,1,WBTC,,,35,Haldia Township > Ranichak > City Center 1 > Brajalalchak > Kapasaria > Nandakumar > Nimtauri > Mecheda > Kolaghat > Bagnan > Uluberia Checkpost > Ranihati > Dhulagarh > Santragachi > Esplanade > Santragachi > Salap > Dankuni > Shaktigarh > Barddhaman Bypass > Panagarh Bypass > Darjeeling > 11 Mile > Illambazar > Joydev > Dubrajpur > Kachujor > Suri > Seherakuri > Mohammad Bazar > Mallarpur > Tara
Haldia,Chandrakona Road,1,,05:05,05:05,2,
Haldia,Dhamakhali,1,SBSTC,06:00,06:00,5,Mecheda > Kolaghat > Kolkata
Haldia,Dhumsai,1,,03:10,03:10,2,
Haldia,Diamond Harbour,1,SBSTC,16:00,16:00,5,Mecheda > Kolaghat > Kolkata
Haldia,Digha,1,SBSTC,16:30,16:30,3,Kolkata
Haldia,Esplanade,1,WBTC,,,16,Haldia Township > Ranichak > City Center 1 > Brajalalchak > Kapasaria > Nandakumar > Nimtauri > Mecheda > Kolaghat > Bagnan > Uluberia Checkpost > Ranihati > Dhulagarh > Santragachi
Haldia,Falta,1,SBSTC,14:30,14:30,3,Kolkata
Haldia,Gidhni,1,,02:20,02:20,17,Durgachak > Chaitanyapur > Mahishadal > Nandakumar > Tamluk > Mecheda > Mechogram > Panskura > Debra > Madpur > Kharagpur > Guptamoni > Lodhasuli > Jhargram > Jambani
Haldia,Habra Depot,1,WBTC,,,28,Haldia Township > Durgachak > Sutahata > Chaitanyapur > Brajalalchak > Nandakumar > Mecheda > Kolaghat > Bagnan > Uluberia > Ranihati > Dhulagarh > Salap > Dunlop Bridge > Airport Gate 3 > Birati > BT College > Madhyamgram > Barasat Chapadali > Bamangachi > Duttapukur > Bira Chowmatha > Guma Chowmatha > Khosdelpur > Ashoknagar Station > Habra Station
Haldia,Kuli,1,SBSTC,10:50,10:50,5,Mecheda > Kolaghat > Kolkata
Haldia,Lalgarh,1,,07:15,07:15,2,
Haldia,Rajbalhat,1,WBTC,,,31,Haldia Township > Ranichak > City Center 1 > Brajalalchak > Kapasaria > Nandakumar > Nimtauri > Radhamoni > Mecheda > Kolaghat > Bagnan > Uluberia Checkpost > Panchla > Ranihati > Dhulagarh > Santragachi > Esplanade > Santragachi > Salap > Makardaha > Domjur > Dakshin Bari > Rajapur > Domjur > Bargachia > Jagatballavpur > Borhal > Sukanta Park > Rashidpur
Haldia,Tarakeswar,1,,,,3,Ghatal
Haldia,Tarapith,1,SBSTC,10:25,10:25,5,Mecheda > Kolaghat > Kolkata
Haldia,Tarkeshwar,1,,03:15,03:15,2,
Hantal,Howrah Station,1,Mini Bus,,,13,Bargachia > Domjur > Makardaha > Katlia > Salap > Bankra Bazar > Japani Gate > Dasnagar > Shanpur > Tikiapara Bypass > Howrah Maidan
Haridebpur,Howrah,1,WBTC,,,12,Karunamoyee > Tollygunge Tram depot > Tollygunge Phari > Rashbehari Avenue Xing > Hazra > Rabindra Sadan > Park Street > Esplanade > BBD Bag > Howrah Bridge East
Haridevpur,Howrah Station,1,WBTC,,,15,Tollygunge Karunamoyee > Tollygunge Metro > Rabindra Sarovar > Rashbehari > Kalighat > Hazra > Bhowanipore > Rabindra Sadan > Maidan > Park Street > Esplanade > BBD Bag > Barabazar
Harinarayanpur,Medinipur,1,,07:00,07:00,13,Fulkusma > Motgoda > Raipur > P More > Sarenga > Pingboni > Goaltore > Pirakata > Moupal > Patharkumkumi > Bhadutala
Harinavi,Howrah Station,1,Mini Bus,,,24,Rajpur Bazar > Narendrapur > Kamalgazi > Mahamayatala > Garia Metro > Naktala > Bansdroni > Netaji Nagar > Ranikuthi > Malancha Cinema > Tollygunge Metro > Rabindra Sarovar > Rashbehari > Kalighat > Hazra > Bhowanipore > Rabindra Sadan > Maidan > Park Street > Esplanade > BBD Bag > Barabazar
Haripal Station,Bargachia,1,Private,,,9,Gajar > Ramhatitala > Tarar > Jangipara > Prasadpur > Sitapur > Jagatballavpur
Haripal Station,Chinsurah Court,1,Private,,,14,Basudebpur > Bhanderhati > Belmuri Station > Makalpur Bazar > Hasnan Bridge > Maheshwarpur > Dadpur > Puinan > Harit > Sugandha > Chinsurah Station > Khadina
Haripal Station,Dasghara,1,Private,,,7,Basudebpur > Bhanderhati > Belmuri Station > Dhaniakhali > Nelorpar
Haripal Station,Udaynarayanpur,1,Private,,,8,Gajar > Ramhatitala > Tarar > Jangipara > Rahimpur > Sukanta Park
Harishpur,Esplanade,1,WBTC,,,14,Murarai > Nalhati > Rampurhat > Md Bazar > Suri > Dubrajpur > Illambazar > Panagarh Bypass > Barddhaman Bypass > Shaktigarh > Dankuni > Santragachi
Haroa Bazar,Barasat Chapadali,1,WBTC,,,13,Adampur > Ramnagar > Hamadama > Hadipur > Berachampa > Aturia > Deganga > Beleghata > Golabari > Goakhali > Kadambagachi
Haroa Bazar,Esplanade,1,Private,,,17,Mazompur > Dhanpota > Payragacha > Pirnagar > Shyamnagar > Dhibdhiba > Chandpur > Lauhati > Bishnupur > Rajarhat Chowmatha > Narayanpur > Bablatala > Dashadrone > Kaikhali > Ultadanga
Haroa Bridge,Dankuni Housing,1,Private,,,33,Mazompur > Dhanpota > Payragacha > Pirnagar > Shyamnagar > Dhibdhiba > Chandpur > Lauhati > Bishnupur > Rajarhat Chowmatha > Reckjuani > Derozio College > Salua Bazar > Chinar Park > Lokenath Mandir > Baguiati > Kestopur > Dumdum Park > Laketown > Sreebhumi > Ultadanga > Khanna Cinema > Shyambazar > Chiria > Sinthi > Tobin Road > Bonhooghly > Dunlop > Dakshineswar > Ballyhalt > Rajchandrapur
Haroa Bridge,Shyambazar,1,Private,,,29,Mazompur > Dhanpota > Payragacha > Pirnagar > Shyamnagar > Dhibdhiba > Chandpur > Lauhati > Bishnupur > Rajarhat Chowmatha > Reckjuani > Beraberi > Narayanpur > Bablatala > Kalipark > Gopalpur House > Dashadrone > Kaikhali > Airport Gate 1 > Central Jail > Nager Bazar > Diamond Plaza > Bangur Avenue > Kalindi > Patipukur > Belgachia > RG Kar
Hasnabad,Rajabazar,1,Private,,,27,Murarisha Chowmatha > Bhebia Chowrasta > Chaital Ghat > Malancha > Minakhan > Kushangra > Bamanpukur > Ghushighata > Ghatakpukur > Nalmuri > Boralighat > Paglarhat > Bhojerhat > Kantatala > Leather Complex > Bantala Bazar > Chowbaga > Science City > Topsia > 4 No Bridge > Park Circus > Chittaranjan Hospital > CIT Road > Moulali > Sealdah
Hatibari,Kolkata (Esplanade),1,RANA TRAVELS,04:10,04:10,17,Gopiballabpur > Lodhasuli > Guptamoni > Kalaikunda > Nimpura > Kharagpur > Debra > Panskura > Mechogram > Kolaghat > Bagnan > Uluberia > Dhulagarh > Kona Express More > Santragachi
Hatishala,Howrah Station,1,Private,,,28,Shapoorji > Karigari Bhawan > Uem Campus > Unitech Gate 1 > Unitech Gate 2 > DLF 2 > Ecospace > Aliah University > Ecopark > Nawabpur > Akanksha > City Center 2 > Chinar Park > Lokenath Mandir > Baguiati > Kestopur > Dumdum Park > Laketown > Sreebhumi > Ultadanga > Kankurgachi > Maniktala > Vivekananda Road > Girish Park > MG Road > Barabazar
Hatishala,Thakurpukur,1,Private,,,35,Shapoorji > Karigari Bhawan > Uem Campus > Unitech Gate 1 > Narkelbagan > Axis Mall > Newtown > DLF 1 > College More > SDF > Nicco Park > Chingrighata > Mathpukur > Science City > Uttar Panchannagram > VIP Bazar > Ruby > EM Bypass > Kalikapur > Sapuipara > Saheed Nagar > Jadavpur PS > South City > Lake Gardens > Anwar Shah Road > Tollygunge Phari > Mahabirtala > New Alipore > Taratala > Behala 14 
Hazaribagh,Bardhaman,1,,09:15,09:15,2,
Hazra,Hazra,1,WBTC,,,9,Rabindra Sadan > PTS > Alipore Zoo > Ekbalpur > Mominpore > Alipore Court > Kalighat
Hemnagar,Barasat Chapadali,1,WBTC,,,17,Jogeshganj Bazar > Patghara > Kanthal Beria > Deuli > Dulduli > Lebukhali > Hingalgunge > Par Hasnabad > Hasnabad > Taki Chowrangee > Basirhat > Kholapota > Berachampa > Deganga > Kadambagachi
Henria,Kolkata,1,Santosh Bus Service,13:40,13:40,2,
Hetia,Bardhaman,1,RAHUL TRAVELS,05:50,05:50,9,Kotulpur > Khatul > Bengai > Arambagh > Uchalan > Mogalmari > Sehara Bazar
Hetia,Burdwan,1,,,,7,Khatul > Bengai > Arambagh > Uchalan > Mogalmari
Hetiya,Alisa Bus Stand,1,,,,39,Bhagaldighi > Chatraara > Chatra More > Mirzapur > Bamunairi More > Gogra > Kotulpur > Khundanga > Lalki > Bankajete > Baidanga > Samroghat > Fatepur > Bandher Par > Govindpur > Jinkara > Indas > Khoshbag > Bieur > Kumrul > Telur > Rasulpur > Naldanga > Checkpost > Metedanga > Khandaghosh > Khejurihati > Nischintapur > Molla Road > Shalun > Padua > Keshabpur > Doichanda > Bankura More > Khaler Pol
High Court,Picnic Garden,1,Private,,,13,BBD Bag > Esplanade > Chandni Chowk > Wellington > Moulali > CIT Road > Chittaranjan Hospital > 4 No Bridge > Bondel Gate > Kustia > Colony Bazar
Hijli Sorif,Karunamoyee,1,,05:00,05:00,19,Boga > Henria > Bajkul > Chandipur > Nandakumar > Nimtouri > Mecheda > Kolaghat > Bagnan > Uluberia > Dhulagarh > Kona Express More > Salap > Bally > Dakshineswar > Dunlop > Dum Dum Airport
Hili,Siliguri,1,,19:00,19:00,2,
HMG College,Howrah Station,1,WBTC,,,11,Fatehpur > Ramnagar > Garden Reach > Babubazar > Kidderpore > Hastings > Princep Ghat > Babughat > Barabazar
Hoomgarh,Barasat,1,,04:10,04:10,26,Garhbeta > Raskundu > Chandrakona Town > Khirpai > Radhanagar > Baroda Chowkan > Ghatal > Daspur > Sultannagar > Goura > Khukur Daha > Keshapat > Mechogram > Kolaghat > Bagnan > Uluberia > Dhulagarh > Kona Express More > Salap > Bally > Dakshineswar > Dunlop > Sodepur > Barrackpore
Hoomgarh,Barddhaman Alisha Bus Stand,1,Private,,,30,Fatesinghpur > Gatebazar > Radhanagar > Amlagora > Garhbeta > Dhadika > Choubeta > Bankadaha > Bishnupur > Joypur > Chatra > Mirjapur > Gogra > Kotulpur > Khatul > Bengai > Modina > Gobindapur > Kalipur > Arambagh > Naisharai > Bulchandpur > Uchalan > Mogolmari > Seherabazar > Sagrai > Bankura > Telipukur
Hoomgarh,Durgapur (Station),1,SHIBAM TRAVELS,05:40,05:40,11,Bhutsahar > Panchmura > Taldangra > Ratanpur > Dhaldanga > Bankura > Makurgram > Beliatore > Barjora
Hoomgarh,Medinipur,1,,10:55,10:55,7,Garhbeta > Chandrakona Road > Salboni > Godapiasal > Bhadutala
Howrah,Air Port,1,WBTC,,,15,HOWRAH BRIDGE EAST > BBD BAG > ESPLANADE EAST > LALBAZAR > COLUTALA XING > M.G.RD > GIRISH PARK > MANICKTALA > KANKURGACHI > ULTADANGA > LAKETOWN > BAGUIHATI > KAIKHALI
Howrah,Bhebia,1,WBTC,,,22,Esplanade > Moulali More > Park Circus > Topsia More > Science City > Bantala > Katatala > Karidanga > Bhojerhat > Paglahat > Baralighat > Ghatakpukur > Chandipur > Bhushighata > Bamanpukur > Minakhan > Joypur > Malancha > Chaital > Battala
Howrah,Egra,1,,06:00,06:00,16,Santragachi > Kona Express More > Dhulagarh > Uluberia > Bagnan > Kolaghat > Mecheda > Nimtouri > Nandakumar > Chandipur > Bajkul > Bhagabanpur > Manglamaro > Patashpur
Howrah,H M Ghosh College,1,WBTC,,,14,Dalhousie > Esplanade > Babughat > Princep Ghat > Hastings > Khidderpore > Babubazar > BNR More > Muduali > Kachhi sarab > Garden Reach > Ramnagar
Howrah,Paniparul,1,,08:20,08:20,2,
Howrah Fire Station,Mukundapur,1,Private,,,20,Pilkhana > Golabarai PS > Howrah Station > Barabazar > BBD Bag > Esplanade > Chandni Chowk > Wellington > Moulali > CIT Road > Chittaranjan Hospital > 4 No Bridge > Topsia > Science City > VIP Bazar > Ruby > Kalikapur > EM Bypass
Howrah Maidan,Baisnabghata,1,Mini Bus,,,21,Howrah Station > Barabazar > BBD Bag > Esplanade > Park Street > Maidan > Rabindra Sadan > Bhowanipore > Hazra > Kalighat > Rashbehari > Rabindra Sarovar > Tollygunge Phari > Anwar Shah Road > Lake Gardens > South City > Jadavpur 8B > Baghajatin > Ramgarh
Howrah Maidan,Belgharia Station,1,Mini Bus,,,18,Howrah Station > Posta Bazar > Barabazar > Malapara > Jorabagan > Ahiritola > BK Paul > Sovabazar > Rajballavpara > Shyambazar > Chiria > Sinthi > Tobin Road > Bonhooghly > Dunlop > Rathtala
Howrah Maidan,Park Circus,1,Mini Bus,,,11,Howrah Station > Barabazar > BBD Bag > Esplanade > Chandni Chowk > Wellington > Moulali > CIT Road > Chittaranjan Hospital
Howrah Maidan,Park Street,1,WBTC,,,6,Howrah Station > Barabazar > BBD Bag > Esplanade
Howrah Maidan,Rabindra Sadan,1,Mini Bus,,,8,Howrah Station > Barabazar > BBD Bag > Esplanade > Park Street > Maidan
Howrah Maidan,Rajabazar Tram Depot,1,WBTC,,,6,Bura Bazar > Chitpur Crossing > M.G. Road Xing > College Street
Howrah Maidan,Shilpara,1,Mini Bus,,,15,Howrah Station > Barabazar > BBD Bag > Esplanade > Fort William > PTS > Alipore Zoo > Ekbalpur > Mominpore > Majherhat > Behala 14 No > Behala Chowrasta > Sakher Bazar
Howrah Maidan,Shyambazar,1,Mini Bus,,,11,Howrah Station > Barabazar > Posta Bazar > Malapara > Jorabagan > Ahiritola > BK Paul > Sovabazar > Rajballavpara
Howrah Maidan,Teghoria,1,Mini Bus,,,14,Barabazar > MG Road > Girish Park > Vivekananda Road > Maniktala > Khanna Cinema > Ultadanga > Sreebhumi > Laketown > Dumdum Park > Kestopur > Baguiati
Howrah Station,Akra Bazar,1,Private,,,21,Barabazar > BBD Bag > Esplanade > Babughat > Princep Ghat > Hastings > Kidderpore > Ekbalpur > Mominpore > Majherhat > Taratala > Brace Bridge > Jhinjhira Bazar > Sarkarpool > SM Nagar > Rampur Quarter > Mollar Gate > Dakghar > Akra Station
Howrah Station,Akra Fatak,1,Private,,,16,Barabazar > BBD Bag > Esplanade > Fort William > Hastings > Kidderpore > Ekbalpur > Mominpore > Majherhat > Taratala > Brace Bridge > Jhinjhira Bazar > Nature Park > Santoshpur Station
Howrah Station,Alampur,1,Private,,,15,Foreshore Road > Avani Mall > Kazipara > Bataitala Phari > Narayana Hospital > Amtala Phari > Danesh Shaikh Lane > Bakultala > Hanskhali Pole > Chunavati > Mourigram > Andul Bazar > Argori
Howrah Station,Aliah University,1,WBTC,,,25,Barabazar > BBD Bag > Esplanade > Chandni Chowk > Wellington > Moulali > Sealdah > Beleghata > Beleghata Building > Chingrighata > Nicco Park > Wipro > SDF > College More > Technopolis > DLF 1 > Newtown > Axis Mall > Narkelbagan > Tata Cancer Hospital > Unitech Gate 2 > DLF 2 > Ecospace
Howrah Station,Anandapur,1,Mini Bus,,,19,Barabazar > BBD Bag > Esplanade > Park Street > Maidan > Rabindra Sadan > Minto Park > Lansdowne > Sishu Mangal > Garcha Road > Ballygunge Phari > Gariahat > Ballygunge Station > Kasba PS > Bosepukur > Acropolis Mall > Ruby
Howrah Station,Aquatica,1,Private,,,19,Barabazar > Poddar Court > Central > Bowbazar > Medical College > College Street > Sealdah > Rajabazar > Maniktala > Khanna Cinema > Ultadanga > Sreebhumi > Laketown > Dumdum Park > Baguiati > Kestopur Bazar > Thakdari
Howrah Station,Badartala,1,Private,,,18,Barabazar > BBD Bag > Esplanade > Babughat > Princep Ghat > Hastings > Kidderpore > Babubazar > Garden Reach > Ramnagar > Fatehpur > HMG College > Mudiali > Bichali Ghat > Metiabruz > Rajabagan
Howrah Station,Ballygunge Station,1,WBTC,,,17,Barabazar > BBD Bag > Esplanade > Mayo Road > Park Street > Maidan > Rabindra Sadan > Exide > Elgin > Bhowanipore > Hazra > Kalighat > Rashbehari > Deshapriya Park > Gariahat
Howrah Station,Barrackpore Chiria,1,WBTC,,,18,Barabazar > MG Road > Girish Park > Sovabazar > Rajballavpara > Shyambazar > Chiria > Sinthi > Tobin Road > Bonhooghly > Dunlop > Rathtala > Kamarhati > Sodepur Girja > Khardaha > Titagarh
Howrah Station,Barrackpore Court,1,WBTC,,,18,Barabazar > MG Road > Girish Park > Sovabazar > Rajballavpara > Shyambazar > Chiria > Sinthi > Tobin Road > Bonhooghly > Dunlop > Rathtala > Kamarhati > Sodepur Girja > Khardaha > Titagarh
Howrah Station,Barrackpore Station,1,Private,,,18,Barabazar > MG Road > Girish Park > Sovabazar > Rajballavpara > Shyambazar > Chiria > Sinthi > Tobin Road > Bonhooghly > Dunlop > Rathtala > Kamarhati > Sodepur Girja > Khardaha > Titagarh
Howrah Station,Baruipur,1,WBTC,,,35,Barabazar > BBD Bag > Esplanade > Chandni Chowk > Wellington > Moulali > CIT Road > Chittaranjan Hospital > 4 No Bridge > Topsia > Science City > Uttar Panchannagram > VIP Bazar > Fortis > Ruby > Kalikapur > Mukundapur > EM Bypass > Ajaynagar > Hiland Park > Peerless Hospital > Patuli > Dhalai Bridge > Kamalgazi > Narendrapur > Rajpur Bazar > Harinavi > Gobindapur > Khasmallick > Padmapukur > Baru
Howrah Station,Basirhat,1,WBTC,,,15,Barabazar > BBD Bag > Esplanade > Moulali > Park Circus > Science City > Ghatakpukur > Ghushighata > Minakhan > Malancha > Chaital Ghat > Murarisha Chowmatha > Bhabla Station
Howrah Station,Batanagar,1,Mini Bus,,,18,Barabazar > BBD Bag > Esplanade > Fort William > Hastings > Kidderpore > Babubazar > Hide Road > Brace Bridge > Jhinjhira Bazar > Sarkarpool > SM Nagar > Rampur Quarter > Mollar Gate > Dakghar > Bata
Howrah Station,Behala Airport,1,WBTC,,,15,Barabazar > Shipping Corporation > GPO > BBD Bag > Esplanade > Fort William > Hastings > Kidderpore > Ekbalpur > Mominpore > Majherhat > Taratala > Parnasree
Howrah Station,Behala Chowrasta,1,Mini Bus,,,13,Barabazar > BBD Bag > Esplanade > Fort William > PTS > Alipore Zoo > Bhabani Bhawan > Alipore Court > Mominpore > Majherhat > Behala 14 No
Howrah Station,Chaital Ghat,1,Private,,,11,BBD Bag > Esplanade > Moulali > Park Circus > Topsia > Science City > Ghatakpukur > Minakhan > Malancha
Howrah Station,Chanditala,1,Private,,,15,Howrah Maidan > Pilkhana > Golabarai PS > Bandha Ghat > Salkia Chowrasta > Bamangachi > Belgachia > Biradingi > Kona > Eksara > Chamrail > Jagadishpur > Kalipur
Howrah Station,Chetla Park,1,Private,,,14,Barabazar > BBD Bag > Esplanade > Fort William > Hastings > Kidderpore > Ekbalpur > Mominpore > Alipore Court > Hazra > Kalighat > Rashbehari
Howrah Station,Choto Finga,1,WBTC,,,22,Barabazar > MG Road > Girish Park > Vivekananda Road > Maniktala > Kankurgachi > Ultadanga > Sreebhumi > Laketown > Dumdum Park > Kestopur > Baguiati > Teghoria > Haldirams > Kaikhali > Airport Gate 1 > Airport Gate 3 > Birati > Bisharpara > Boro Finga
Howrah Station,Chunavati,1,Private,,,11,Foreshore Road > Avani Mall > Kazipara > Bataitala Phari > Narayana Hospital > Amtala Phari > Danesh Shaikh Lane > Bakultala > Hanskhali Pole
Howrah Station,Dakghar,1,Private,,,19,Barabazar > BBD Bag > Esplanade > Babughat > Princep Ghat > Hastings > Kidderpore > Ekbalpur > Mominpore > Majherhat > Taratala > Brace Bridge > Jhinjhira Bazar > Sarkarpool > SM Nagar > Rampur Quarter > Mollar Gate
Howrah Station,Domjur,1,Private,,,15,Howrah Maidan > Panchanantala > Power House > Kadamtala > Ichapur > Shanpur > Dasnagar > Baltikuri > Japani Gate > Bankra Bazar > Salap > Katlia > Makardaha
Howrah Station,Dunlop,1,WBTC,,,12,Barabazar > MG Road > Girish Park > Sovabazar > Rajballavpara > Shyambazar > Chiria > Sinthi > Tobin Road > Bonhooghly
Howrah Station,Eden City,1,WBTC,,,23,Barabazar > Shipping Corporation > GPO > BBD Bag > Esplanade > Fort William > Hastings > Kidderpore > Ekbalpur > Mominpore > Majherhat > Taratala > Brace Bridge > Jhinjhira Bazar > Sarkarpool > SM Nagar > Rampur Quarter > Mollar Gate > Dakghar > Bata > Nungi
Howrah Station,Gadkhali,1,WBTC,,,48,Barabazar > BBD Bag > Esplanade > Chandni Chowk > Wellington > Moulali > Sealdah > Beleghata > Beleghata Building > Chingrighata > Mathpukur > Science City > Chowbaga > Bantala Bazar > Leather Complex > Kantatala > Bhojerhat > Paglarhat > Boralighat > Nalmuri > Ghatakpukur > Ghushighata > Bamanpukur > Kushangra > Minakhan > Malancha > Boyermari > Agarhati > Sarberia > Gabbuni > Charabidya > Atharo
Howrah Station,Garia Station,1,Mini Bus,,,23,Barabazar > BBD Bag > Esplanade > Park Street > Maidan > Rabindra Sadan > Minto Park > Lansdowne > Sishu Mangal > Deshapriya Park > Gariahat > Golpark > Dhakuria > Jadavpur PS > Saheed Nagar > Sapuipara > Kalikapur > Mukundapur > Ajaynagar > EM Bypass > Peerless Hospital
Howrah Station,Golf Green,1,Mini Bus,,,20,Barabazar > BBD Bag > Esplanade > Chandni Chowk > Wellington > Moulali > CIT Road > Chittaranjan Hospital > Park Circus > Quest Mall > Ballygunge Phari > Gariahat > Golpark > Dhakuria > Jadavpur PS > South City > Lake Gardens > Doordarshan Bhawan
Howrah Station,Greenfield City,1,Private,,,16,Barabazar > BBD Bag > Esplanade > Fort William > Hastings > Kidderpore > Ekbalpur > Mominpore > Majherhat > Behala 14 No > Behala Chowrasta > Bakultala > Shakuntala Park > Shibrampur
Howrah Station,Hantal,1,Mini Bus,,,17,Howrah Maidan > Panchanantala > Power House > Kadamtala > Ichapur > Shanpur > Dasnagar > Baltikuri > Japani Gate > Bankra Bazar > Salap > Katlia > Makardaha > Domjur > Bargachia
Howrah Station,Haridevpur,1,WBTC,,,15,Barabazar > BBD Bag > Esplanade > Park Street > Maidan > Rabindra Sadan > Bhowanipore > Hazra > Kalighat > Rashbehari > Rabindra Sarovar > Tollygunge Metro > Tollygunge Karunamoyee
Howrah Station,Harinavi,1,Mini Bus,,,24,Barabazar > BBD Bag > Esplanade > Park Street > Maidan > Rabindra Sadan > Bhowanipore > Hazra > Kalighat > Rashbehari > Rabindra Sarovar > Tollygunge Metro > Malancha Cinema > Ranikuthi > Netaji Nagar > Bansdroni > Naktala > Garia Metro > Mahamayatala > Kamalgazi > Narendrapur > Rajpur Bazar
Howrah Station,Hatishala,1,Private,,,28,Barabazar > MG Road > Girish Park > Vivekananda Road > Maniktala > Kankurgachi > Ultadanga > Sreebhumi > Laketown > Dumdum Park > Kestopur > Baguiati > Lokenath Mandir > Chinar Park > City Center 2 > Akanksha > Nawabpur > Ecopark > Aliah University > Ecospace > DLF 2 > Unitech Gate 2 > Unitech Gate 1 > Uem Campus > Karigari Bhawan > Shapoorji
Howrah Station,HMG College,1,WBTC,,,13,Barabazar > BBD Bag > Esplanade > Babughat > Princep Ghat > Hastings > Kidderpore > Babubazar > Garden Reach > Ramnagar > Fatehpur
Howrah Station,Joka Depot,1,WBTC,,,18,Barabazar > BBD Bag > Esplanade > Babughat > Princep Ghat > Hastings > Kidderpore > Ekbalpur > Mominpore > Majherhat > Taratala > Behala 14 No > Behala Chowrasta > Sakher Bazar > Shilpara > Thakurpukur
Howrah Station,Kanmari Bazar,1,WBTC,,,27,Barabazar > BBD Bag > Esplanade > Moulali > Sealdah > Beleghata > Beleghata Building > Chingrighata > Mathpukur > Science City > Chowbaga > Bantala Bazar > Leather Complex > Kantatala > Bhojerhat > Paglarhat > Boralighat > Nalmuri > Ghatakpukur > Ghushighata > Bamanpukur > Kushangra > Minakhan > Malancha > Boyermari
Howrah Station,Kasba Rathtala,1,Mini Bus,,,15,Barabazar > BBD Bag > Esplanade > Chandni Chowk > Wellington > Moulali > Mallick Bazar > Park Circus > Quest Mall > Ballygunge Phari > Gariahat > Ballygunge Station > Kasba Post Office
Howrah Station,Layalka,1,Private,,,19,Barabazar > BBD Bag > Esplanade > Park Street > Maidan > Rabindra Sadan > Bhowanipore > Hazra > Kalighat > Rashbehari > Rabindra Sarovar > Tollygunge Metro > Malancha Cinema > Ranikuthi > Netaji Nagar > Gandhi Colony > Bijoygarh
Howrah Station,Madhyamgram,1,Private,,,20,Barabazar > MG Road > Girish Park > Sovabazar > Rajballavpara > Shyambazar > Chiria > Sinthi > Tobin Road > Bonhooghly > Dunlop > Rathtala > Kamarhati > Sodepur Station > Ghola Bazar > Muragacha > Boardghar > Sajirhat
Howrah Station,Mathpukur,1,Mini Bus,,,11,Barabazar > BBD Bag > Esplanade > Chandni Chowk > Wellington > Moulali > Sealdah > Palmer Bazar > Dhapa Road
Howrah Station,Metiabruz,1,Mini Bus,,,13,Barabazar > BBD Bag > Esplanade > Fort William > Hastings > Kidderpore > Babubazar > Garden Reach > Ramnagar > Kamal Talkies > Bichali Ghat
Howrah Station,Moonbeam,1,Private,,,18,Barabazar > MG Road > College Street > Vivekananda Road > Maniktala > Kankurgachi > Ultadanga > Sreebhumi > Laketown > Dumdum Park > Kestopur > Baguiati > Lokenath Mandir > Chinar Park > City Center 2 > Akanksha
Howrah Station,Munshirhat,1,WBTC,,,18,Howrah Maidan > Panchanantala > Power House > Kadamtala > Ichapur > Shanpur > Dasnagar > Baltikuri > Japani Gate > Bankra Bazar > Salap > Katlia > Makardaha > Domjur > Bargachia > Pantihal
Howrah Station,Nahata,1,WBTC,,,40,Barabazar > MG Road > Girish Park > Vivekananda Road > Maniktala > Kankurgachi > Ultadanga > Sreebhumi > Laketown > Dumdum Park > Kestopur > Baguiati > Teghoria > Haldirams > Kaikhali > Airport Gate 1 > Airport Gate 3 > Birati > BT College > Madhyamgram > Barasat Chapadali > Bamangachi > Duttapukur > Bira Chowmatha > Guma Chowmatha > Khosdelpur > Ashoknagar Station > Habra Station > Joygachi > Sap
Howrah Station,Narit,1,WBTC,,,24,Howrah Maidan > Panchanantala > Power House > Kadamtala > Ichapur > Shanpur > Dasnagar > Baltikuri > Japani Gate > Bankra Bazar > Salap > Nibra > Ankurhati > Jalan Gate > Alampur > Dhulagarh > Ranihati > Panpur > Amta > Sehagori > Joypur > Khejurdaha
Howrah Station,Netaji Nagar,1,Private,,,16,Barabazar > BBD Bag > Esplanade > Park Street > Maidan > Rabindra Sadan > Bhowanipore > Hazra > Kalighat > Rashbehari > Rabindra Sarovar > Tollygunge Metro > Malancha Cinema > Ranikuthi
Howrah Station,New Barrackpore,1,Mini Bus,,,24,Barabazar > BBD Bag > Central > MG Road > Girish Park > Sovabazar > Hatibagan > Khanna Cinema > Ultadanga > Sreebhumi > Laketown > Dumdum Park > Kestopur > Baguiati > Teghoria > Haldirams > Kaikhali > Airport Gate 1 > Airport Gate 3 > Birati > Michaelnagar > BT College
Howrah Station,Newtown,1,WBTC,,,19,Barabazar > BBD Bag > Esplanade > Chandni Chowk > Wellington > Moulali > Nrs Hospital > Sealdah > Beleghata > Beleghata Building > Chingrighata > Nicco Park > Wipro > SDF > College More > Technopolis > DLF 1
Howrah Station,Nimta Bazar,1,Mini Bus,,,18,Posta Bazar > Barabazar > Malapara > Jorabagan > Ahiritola > BK Paul > Sovabazar > Rajballavpara > Shyambazar > Chiria > Sinthi > Tobin Road > Bonhooghly > Dunlop > Rathtala > Belgharia Station
Howrah Station,Palbazar,1,Private,,,19,Barabazar > BBD Bag > Esplanade > Park Street > Maidan > Rabindra Sadan > Minto Park > Lansdowne > Sishu Mangal > Deshapriya Park > Gariahat > Ballygunge Station > Kasba Post Office > Haltu Bazar > Ramlal Bazar > Sapuipara > Garfa Road
Howrah Station,Pancharul,1,Private,,,23,Howrah Maidan > Panchanantala > Power House > Kadamtala > Ichapur > Shanpur > Dasnagar > Baltikuri > Japani Gate > Bankra Bazar > Salap > Katlia > Makardaha > Domjur > Bargachia > Munshirhat > Peror > Basantapur > Narkelberia > Gourangachak > Jagaldaha
Howrah Station,Pardankuni,1,Private,,,13,Pilkhana > Salkia Chowrasta > Malipanchghara > Liluah > Belurmath > Bally Bazar > Ballykhal > Ballyhalt > Rajchandrapur > Dankuni Housing > Delhi Road
Howrah Station,Patuli,1,WBTC,,,28,Barabazar > Shipping Corporation > GPO > BBD Bag > Esplanade > Park Street > Maidan > Rabindra Sadan > Bhowanipore > Hazra > Kalighat > Rashbehari > Lake Mall > Deshapriya Park > Gariahat > Ballygunge Station > Kasba PS > Bosepukur > Acropolis Mall > Ruby > Kalikapur > Mukundapur > EM Bypass > Ajaynagar > Hiland Park > Peerless Hospital
Howrah Station,Phoolbagan,1,Mini Bus,,,10,Barabazar > Poddar Court > Central > Bowbazar > Medical College > College Street > Sealdah > Rajabazar
Howrah Station,Picnic Garden,1,Mini Bus,,,16,Barabazar > BBD Bag > Esplanade > Park Street > Maidan > Rabindra Sadan > Bhowanipore > Hazra > Sishu Mangal > Garcha Road > Ballygunge Phari > Bondel Gate > Kustia > Colony Bazar
Howrah Station,Purash,1,Mini Bus,,,19,Howrah Maidan > Panchanantala > Power House > Kadamtala > Ichapur > Shanpur > Dasnagar > Baltikuri > Japani Gate > Bankra Bazar > Salap > Katlia > Makardaha > Domjur > Bargachia > Munshirhat > Ghoradaha
Howrah Station,Rabindra Nagar,1,Mini Bus,,,16,Barabazar > BBD Bag > Esplanade > Park Street > Maidan > Rabindra Sadan > PTS > Alipore Zoo > Bhabani Bhawan > Alipore Court > Mominpore > Majherhat > Behala 14 No > Parnasree
Howrah Station,Rajbalhat,1,Private,,,21,Howrah Maidan > Panchanantala > Power House > Kadamtala > Ichapur > Shanpur > Dasnagar > Baltikuri > Japani Gate > Bankra Bazar > Salap > Katlia > Makardaha > Domjur > Bargachia > Jagatballavpur > Mohanbati > Jangipara > Rahimpur
Howrah Station,Rampur,1,WBTC,,,19,Howrah Maidan > Panchanantala > Power House > Kadamtala > Ichapur > Shanpur > Dasnagar > Baltikuri > Japani Gate > Bankra Bazar > Salap > Katlia > Makardaha > Domjur > Bargachia > Munshirhat > Udaynarayanpur
Howrah Station,Rathtala,1,WBTC,,,13,Barabazar > MG Road > Girish Park > Sovabazar > Rajballavpara > Shyambazar > Chiria > Sinthi > Tobin Road > Bonhooghly > Dunlop
Howrah Station,Ruiya Purbapara,1,Private,,,17,Pilkhana > Salkia Chowrasta > Malipanchghara > Liluah > Belurmath > Bally Bazar > Ballykhal > Dakshineswar > Dunlop > Rathtala > Kamarhati > Sodepur Station > Rashmoni > Kalyan Nagar > Doperia
Howrah Station,Saltlake,1,Mini Bus,,,18,Barabazar > Poddar Court > Central > Bowbazar > Medical College > College Street > Sealdah > Beleghata > Subhash Sarovar > Kadapara > Saltlake Stadium > Saltlake 13no Tank > Labony Estate > Central Park > Karunamoyee > Bikash Bhawan
Howrah Station,Sarsuna,1,Private,,,17,Barabazar > GPO > BBD Bag > Esplanade > Fort William > Hastings > Kidderpore > Ekbalpur > Mominpore > Majherhat > Taratala > Behala 14 No > Manton > Behala Chowrasta > Bakultala
Howrah Station,Sashtir,1,Private,,,15,Barabazar > BBD Bag > Esplanade > Fort William > Hastings > Kidderpore > Ekbalpur > Mominpore > Majherhat > Behala 14 No > Behala Chowrasta > Bakultala > Duttar Math
Howrah Station,Shapoorji,1,WBTC,,,29,Barabazar > Shipping Corporation > GPO > BBD Bag > Esplanade > Park Street > Maidan > Rabindra Sadan > Minto Park > Beck Bagan > Park Circus > Topsia > Science City > Mathpukur > Chingrighata > Nicco Park > Wipro > SDF > College More > Technopolis > DLF 1 > Newtown > Axis Mall > Narkelbagan > Unitech Gate 1 > Uem Campus > Karigari Bhawan
Howrah Station,Shibtala Math,1,Private,,,10,Barabazar > MG Road > College Street > Sealdah > Moulali > CIT Road > Gobra Kabarsthan > Auxilium Parish Church
Howrah Station,Suryasen Nagar,1,Private,,,15,Barabazar > BBD Bag > Esplanade > Fort William > Hastings > Kidderpore > Ekbalpur > Mominpore > Majherhat > Behala 14 No > Behala Chowrasta > Bakultala > Sarsuna
Howrah Station,Tangra,1,Mini Bus,,,11,Barabazar > BBD Bag > Esplanade > Chandni Chowk > Wellington > Moulali > Sealdah > Palmer Bazar > RN Chowdhury Road
Howrah Station,Uttar Panchannagram,1,Mini Bus,,,12,Barabazar > MG Road > College Street > Sealdah > Moulali > CIT Road > Chittaranjan Hospital > 4 No Bridge > Topsia > Science City
Howrah Station,VIP Bazar,1,Private,,,12,Barabazar > MG Road > College Street > Sealdah > Moulali > Mallick Bazar > Park Circus > Bondel Gate > Kustia > Colony Bazar
Howrah Station to,Hiland Willow/ Picnic Park,1,WBTC,,,18,Esplanade > Subodh Mallick Square > Moulali > Sealdah > Cannel Bridge > Rashmoni Bazar > Beliaghata Xing /Paribesh Bhavan > K.B.K.C > Panchayat Bhawa > Tank No. 16 > Techno India > Technopolish > New Town > Narkelbagan > Eco Space > Aliah University
Hura,Kharagpur,1,,04:45,04:45,16,Bishpuria > Hatirampur > Khatra > Kankradara > Jambani > P More > Sarenga > Pingboni > Goaltore > Pirakata > Moupal > Patharkumkumi > Bhadutala > Medinipur
Illambazar,Bowaichandi,1,,06:25,06:25,2,
Illambazar,Krishnanagar,1,BISWAS TOURS & TRAVELS,07:30,07:30,9,Guskara > Balgona > Srikhanda > Katwa > Parulia > Hematpur > Nabadwip
Illambazar,Nabadwip,1,Private,,,23,11 Mile > Basudha > Chora > Morebandh > Bononabagram > Aushgram > Alutiya > Gukara > Debpur > Muratipur > Bolgona > Nigan > Kaichar > Shrikhanda > Katwa Station > Katwa Bus Stand > Dainhat > Chhatni > Parulia Bazar > Shrirampur > Hematpur
Indas,Bardhaman,1,Maa Laxmi Travels,09:40,09:40,9,Sashpur > Bamniahat > Uchalan > Moghalmari > Seharabazar > Bankura More > Telipukur
Indus,Medinipur,1,,05:00,05:00,15,Patrasayer > Balsi > Pandua > Hinjuri > Bishnupur > Bankadaha > Dhadika > Garhbeta > Kiaboni > Chandrakona Road > Salboni > Godapiasal > Bhadutala
Indus Via-Kolkata,Midnapur,1,SBSTC,06:00,06:00,2,
Irhpala,Howrah,1,,07:30,07:30,2,
Islampur,Hili,1,NBSTC,07:30,07:30,3,Siliguri
Islampur,Malda,1,NBSTC,07:00,07:00,2,
Islampur,Raiganj,1,NBSTC,06:30,06:30,3,Siliguri
Itaberia,Medinipur,1,,05:00,05:00,2,
Itaberia,Tarakeswar,1,,,,36,Bhupatinagar > Madhakhali > Heria > Bajkul > Chandipur > Norghat > Nandakumar > Nimtouri > Radhamoni > Mecheda Station > Deulia Bazar > Siddha > Mechogram > Keshapat > Khukurdaha > Sonamui > Gaura > Sultannagar > Bakultala > Daspur > Ghatal > Barada Chaukan > Radhanagar > Khirpai > Jara > Srinagar > Ramjibanpur > Hajipur > Kamarpukur > Goghat > Arambagh > Mayapur > Kable > Sodepur
Jadavpore,Eco Space,1,WBTC,,,9,Ajoynagar > E M Byepass > Sc. City > Chingrihata > SDF > College More > New Town
Jadavpore,Janakalyan,1,WBTC,,,9,James Long Sarani > Ramkrishna Ashram > Motilal Gupta Rd > Siriti More > Karunamoyee > D.P.Sasmal Rd > Lake Gardens
Jadavpur 8B,Amity University,1,WBTC,,,26,Santoshpur > Ajaynagar > EM Bypass > Mukundapur > Kalikapur > Ruby > VIP Bazar > Uttar Panchannagram > Science City > Mathpukur > Chingrighata > Nicco Park > Wipro > SDF > College More > Technopolis > DLF 1 > Newtown > Axis Mall > Narkelbagan > Tata Cancer Hospital > Unitech Gate 2 > DLF 2 > Ecospace
Jadavpur 8B,BBD Bag,1,Mini Bus,,,13,Dhakuria > Golpark > Gariahat > Ballygunge Phari > Gurusaday Road > Beck Bagan > Minto Park > Rabindra Sadan > Maidan > Park Street > Esplanade
Jadavpur 8B,Nabanna,1,WBTC,,,14,Jadavpur PS > Dhakuria > Golpark > Southern Avenue > Deshapriya Park > Rashbehari > Kalighat > Hazra > Bhowanipore > Rabindra Sadan > PTS > Vidyasagar Setu
Jagardanga,Esplanade,1,Private,,,19,Derozio College > Salua Bazar > Chinar Park > Lokenath Mandir > Baguiati > Kestopur > Dumdum Park > Laketown > Sreebhumi > Ultadanga > Khanna Cinema > Maniktala > Rajabazar > Sealdah > Moulali > Wellington > Chandni Chowk
Jagatballavpur,Bonhooghly,1,Private,,,20,Maitapukur Bus Stand > Aniya > Banipur > Gopalpur Bazar > Mosat > Jangalpara > Krishnarampur > Kumirmora > Kalachara > Chanditala > Kalipur > Dankuni Station > Dankuni Housing > Delhi Road > Rajchandrapur > Ballyhalt > Dakshineswar > Dunlop
Jaguli,Barasat Chapadali,1,Private,,,15,Kapileshwar > Gadamara > Bethpukur > Kanchiara > Adhata > Awalsiddhi > Rahana Bazar > Amdanga > Kamdebpur > Mirhati > Khilkapur > Moyna Checkpost > Barasat Colony
Jaigaon,Siliguri,1,,08:30,08:30,2,
Jajigram,Asansol,1,,,,19,Palishgram > Natunhat > Atghara > Jalpara > Kasemnagar > Guskara > Abhirampur > Mankar > Mankar Rail Gate > Budbud > Panagarh > Rajbandh > Muchipara > Durgapur City Centre > Bhiringi More > Andal > Raniganj
Jaleswar,Kukrahati,1,,05:35,05:35,12,Gomunda > Mohanpur > Egra > Contai > Henria > Bajkul > Chandipur > Nandakumar > Mahishadal > Chaitanyapur
Jaleswar,Medinipur,1,,08:00,08:00,2,
Jalpaiguri,Balurghat,1,NBSTC,08:30,08:30,2,
Jalpaiguri,Berhampur,1,NBSTC,05:00,05:00,2,
Jalpaiguri,Birpara,1,NBSTC,08:30,08:30,2,
Jalpaiguri,Dewanganj,1,NBSTC,06:30,06:30,2,
Jalpaiguri,Dhumpara,1,NBSTC,08:15,08:15,2,
Jalpaiguri,Farakka,1,NBSTC,06:00,06:00,2,
Jalpaiguri,Gangarampur,1,NBSTC,06:00,06:00,2,
Jalpaiguri,Jorai,1,NBSTC,07:00,07:00,2,
Jalpaiguri,Kardaha,1,NBSTC,07:50,07:50,2,
Jalpaiguri,Odlabari,1,NBSTC,07:00,07:00,2,
Jalpaiguri,Satkura,1,NBSTC,08:00,08:00,2,
Jalpaiguri,Tapan,1,NBSTC,07:00,07:00,2,
Jamirgachi,Kolkata Station,1,WBTC,,,24,Shonepur > Gabtala Bazar > Hatishala > Shapoorji > Karigari Bhawan > Uem Campus > Unitech Gate 1 > Narkelbagan > Axis Mall > Newtown > DLF 1 > College More > Wipro > Karunamoyee > Bikash Bhawan > City Center 1 > Saltlake CA Block > Saltlake PNB > Ultadanga > Khanna Cinema > Shyambazar > RG Kar
Jamtora,Manbazar,1,AYAN TRAVELS,06:40,06:40,14,Kamalpur > Kharbona > Chhatna > Bankura > Dhaldanga > Puabagan > Sunukpahari > Indpur > Bangla > Boga > Molian > Pairachali
Jamtoria,Kolkata (Esplanade),1,,03:20,03:20,26,Rudra > Ambika Nagar > Mukutmanipur > Khatra > Hatirampur > Bangla > Indpur > Sunukpahari > Puabagan > Dhaldanga > Bankura > Makurgram > Beliatore > Barjora > Durgapur (Station) > Panagarh > Budbud > Galsi > Bardhaman > Saktigarh > Dankuni > Salap > Kona Express More > Santragachi
Jamuria,Esplanade,1,WBTC,,,10,Asansol > Raniganj > Durgapur City Center > Dvc > Panagarh Bypass > Barddhaman > Dankuni > Santragachi
Jamuria,Kolkata,1,SBSTC,06:15,06:15,2,
Jangipur,Arambagh,1,,05:40,05:40,13,Umarpur > Panchgram > Kuli > Futishanko > Natunhat > Muratipur > Narja > Bardhaman > Telipukur > Sehara Bazar > Uchalan
Jangipur,Asansol,1,,06:15,06:15,7,Morgram > Nalhati > Rampurhat > Mallarpur > Suri
Jangipur,Asansol Bus Stand,1,,,,7,Morgram > Nalhati > Rampurhat > Mallarpur > Suri
Jangipur,Kolkata (Esplanade),1,INSAT TRAVELS,07:30,07:30,13,Umarpur > Panchgram > Kuli > Futishanko > Natunhat > Bardhaman > Saktigarh > Dankuni > Salap > Kona Express More > Santragachi
Japani Gate,Sector V,1,Mini Bus,,,23,Dasnagar > Shanpur > Tikiapara Bypass > Howrah Station > Posta Bazar > Malapara > Jorabagan > Ahiritola > BK Paul > Sovabazar > Hatibagan > Khanna Cinema > Ultadanga > Saltlake PNB > Saltlake 4no Tank > Baisakhi > Purta Bhawan > Karunamoyee > Wipro > SDF > College More
Jayrambati,Bankura,1,KALPANA TRAVELS,04:45,04:45,8,Kotulpur > Joypur > Bishnupur > Ramsagar > Onda > Dhaldanga
Jayrambati,Esplanade,1,WBTC,,,9,Arambagh > Sheakhala > Mosat > Champadanga > Dankuni Housing > Dunlop > Shyambazar
Jhalda,Bankura,1,S TRAVELS,04:30,04:30,11,Chas > Purulia > Ladhurka > Lalpur > Hura > Bishpuria > Kamalpur > Kharbona > Chhatna
Jhalda,Jhargram,1,Kalyan Travels,04:00,04:00,25,Jaypur > Chashmoda > Lagda > Purulia > Tamna > Chakoltor > Tokariya > Bamundaha > Manpur > Barabazar > Jamboni > Katin > Madhupur > Bandowan > Kuilapal > Jhilimili > Chakadoba > Bhulabheda > Belpahari > Shilda > Binpur > Dahijuri > Panchmathar More
Jhalda,Karunamoyee,1,WBTC,,,12,Purulia > Asansol > Durgapur > Barddhaman > Dankuni > Dunlop > Belgharia Expressway > Airport > VIP Road > Ultadanga
Jhantipahari,Purulia,1,,06:10,06:10,11,Arrah > Rangamati > Talajuri > Gourangadih > Kashipur > Adra > Raghunathpur > Sanka > Anara
Jhargram,Bandwan,1,SBSTC,13:40,13:40,2,
Jhargram,Barddhaman Alisha Bus Stand,1,Private,,,20,Lalgarh > Pirakata > Goaltore > Hoomgarh > Garhbeta > Dhadika > Bankadaha > Bishnupur > Joykrishnapur > Hingjuri > Pandua > Balsi > Patrasayer > Kankordanga > Rasulpur > Khandaghosh > Bankura > Telipukur
Jhargram,Baripada,1,,05:40,05:40,7,Lodhasuli > Gopiballabpur > Kharikamathani > Jaleswar > Rasgovindpur
Jhargram,Bhubaneswar,1,,17:50,17:50,12,Lodhasuli > Ragra > Rohini > Kultikri > Keshiary > Belda > Jaleswar > Baleshwar > Bhadrak > Cuttack
Jhargram,Chandrakona Road,1,,08:20,08:20,7,Dahijuri > Lalgarh > Ramgarh > Pingboni > Goaltore
Jhargram,Durgapur (City Center),1,,05:20,05:20,11,Fulkusma > Raipur > P More > Simlapal > Taldangra > Dhaldanga > Bankura > Makurgram > Beliatore
Jhargram,Durgapur (Station),1,,09:00,09:00,11,Fulkusma > Raipur > P More > Simlapal > Taldangra > Dhaldanga > Bankura > Makurgram > Beliatore
Jhargram,Esplanade,1,WBTC,,,21,Kolaboni > Lodhashuli > Khemashuli > Guptamoni > Sardiha > Kalaikunda > Kharagpur Bypass > Kharagpur Chowringhee > Debra > Ashari > Panskura Bypass > Mechogram > Kolaghat > Bagnan > Uluberia Checkpost > Panchla > Ranihati > Dhulagarh > Santragachi
Jhargram,Habra Depot,1,WBTC,14:40,14:40,30,Sevayatan > Baita > Dherua > Chandra > Midnapore Town > Kharagpur Chowrangee > Basantapur > Debra > Ashari > Panskura Bazar > Mechogram > Kolaghat > Bagnan > Dhulagarh > Salap > Dunlop Bridge > Airport Gate 3 > Birati > BT College > Madhyamgram > Barasat Chapadali > Bamangachi > Duttapukur > Bira Chowmatha > Guma Chowmatha > Khosdelpur > Ashoknagar Station > Habra Station
Jhargram,Haldia,1,,06:30,06:30,13,Lodhasuli > Kharagpur > Madpur > Debra > Panskura > Mechogram > Mecheda > Tamluk > Nandakumar > Mahishadal > Durgachak
Jhargram,Siliguri,1,SUBARNA PARIBAHAN,13:55,13:55,20,Binpur > Belpahari > Jhilimili > Ranibandh > Khatra > Bangla > Bankura > Beliatore > Barjora > Durgapur (Station) > Durgapur (City Center) > Durgapur (Muchipara) > Suri > Farakka > Malda > Gazole > Raiganj > Islampur
Jhargram,Suri,1,SBSTC,13:00,13:00,2,
Jharkhali,Baruipur,1,WBTC,,,30,Sahidnagar > Kumirmari Bazar > Nafargange > Nimtala > Hiranmoypur > Bashiram Bazar > Jyotishpur > Sunderban Chowmatha > Shibganj Bazar > Basanti Chowmatha > Sonakhali Bus Stand > Uttar Sonakhali > Kultali > Narayantala > Bhangankhali > Kaltala > Kanthalberia > Dockghat > Matla Bridge > Canning Station > Canning > Betberia Belegachi > Taldi > Kulari > Uttarbhag > Phooltala > Puratan Bazar > Shibani
Jhilimili,Contai,1,MAA GUPTOMONI TRAVEL'S,03:10,03:10,16,Banspahari > Tamajuri > Belpahari > Silda > Binpur > Dahijuri > Jhargram > Lodhasuli > Guptamoni > Kalaikunda > Kharagpur > Belda > Khakurda > Egra
Jhilimili,Digha,1,,05:15,05:15,13,Belpahari > Silda > Jhargram > Lodhasuli > Guptamoni > Kalaikunda > Kharagpur > Belda > Egra > Paniparul > Ramnagar
Jhilimili,Medinipur,1,,06:20,06:20,2,
Jibantala,Esplanade,1,Private,,,10,Kalitala > Bodra > Jagulgachi > Ghatakpukur > Science City > Topsia > Park Circus > Moulali
Jibantala,Rajabazar,1,Private,,,19,Kalitala > Bodra > Ghatakpukur > Nalmuri > Boralighat > Paglarhat > Bhojerhat > Kantatala > Leather Complex > Bantala Bazar > Chowbaga > Science City > Topsia > 4 No Bridge > CIT Road > Moulali > Sealdah
Jirat,Chinsurah Court,1,Private,,,18,Hatikanda > Baneshwarpur > Kamalpur > Dumurdaha > Kuntighat > Tribeni > Kalitala > Boropara > Bansbhberia > Sahagunj > Keota > Bandel > Hooghly > Khadina > Mearbere > Ghorir
Jodhpur Park,BBD Bag,1,Mini Bus,,,13,Dhakuria > Golpark > Gariahat > Ballygunge Phari > Gurusaday Road > Beck Bagan > Minto Park > Rabindra Sadan > Maidan > Park Street > Esplanade
Joka,Eco Space,1,WBTC,,,25,Thakurpukur 3A Stand > Thakurpukur Bazar > Sakhar Bazar > Behala Chorasta > Behala Tram Depot > Taratala xing > New Alipore > Chetla > RB Av xing > Gariahat > Kasba P.S > Ruby > VIP Bazar > Science City Chingrighata > Sukanta Nagar > Nicco Park > SDF > College More > Techopolic > New Town > Home Town > Narkel Bagan > Ecispace
Joka,Howrah,1,WBTC,,,9,BEHALA > MOMINPUR > ZOO > PTS > RABINDRA SADAN > ESPLANADE > MISSION ROW XING
Joka,New Town,1,WBTC,,,13,Cancer Hospital > Kabardanga > Haridevpur > Karunamoyee > Tollygunge Metro > Rashbehari Xing > Gariahat > Ruby > Chingrihata > SDF > College More
Joka Bridge,Ruby,1,Mini Bus,,,20,Thakurpukur > Shilpara > Sakher Bazar > Behala Chowrasta > Behala 14 No > Majherhat > Mominpore > Alipore Court > Hazra > Kalighat > Rashbehari > Deshapriya Park > Gariahat > Ballygunge Station > Kasba PS > Bosepukur > Acropolis Mall > EM Bypass
Joka Depot,Howrah Station,1,WBTC,,,18,Thakurpukur > Shilpara > Sakher Bazar > Behala Chowrasta > Behala 14 No > Taratala > Majherhat > Mominpore > Ekbalpur > Kidderpore > Hastings > Princep Ghat > Babughat > Esplanade > BBD Bag > Barabazar
Jorda,Bankura,1,,06:40,06:40,9,Molian > Khatra > Lakshmisagar > Simlapal > Taldangra > Ratanpur > Dhaldanga
Jorda,Purulia,1,,13:30,13:30,9,Saldiha > Poradih > Chhirudi > Bishpuria > Hura > Lalpur > Ladhurka
Joydeb,Nabadwip,1,,07:50,07:50,8,Guskara > Muratipur > Balgona > Maldanga > Kusumgram > Nadanghat
Joynagar,Kishorimohonpur,1,WBTC,,,25,Duttabazar > Nimpith > Tulsighata > Mollarchak > Natunhat > Priyor > Kholakhali Hat > Jalaberia > Naskarpara > Kultali > Jamtala > Mandalerhat > Sankizahan > Kantamari > Dakshin Durgapur > Petkulchand Bazar > Bhasa Panchrasta Bazar > Debipur > Bhubaneshwari > Bindopur > Lakshmi > Maipith Bazar > Baikunthapur
Joynagar,Maipith,1,WBTC,,,25,Duttabazar > Nimpith > Tulsighata > Mollarchak > Natunhat > Priyor > Kholakhali Hat > Jalaberia > Naskarpara > Kultali > Jamtala > Mandalerhat > Sankizahan > Kantamari > Madhabpur > Manikpir > Dakshin Durgapur > Petkulchand Bazar > Bhasa Panchrasta Bazar > Debipur > Bhubaneshwari > Binodpur > Maipith Coastal
Joypur,Bagnan,1,Private,,,8,Khejurdaha > Khalna Bazar > Kulepairi > Kalyanpur > Patinan > Mankur
Joypur,Esplanade,1,WBTC,,,9,Kuli > Futisanko > Natunhat > Bardhhaman > Shaktigarh > Dankuni > Santragachi
Joypur,Kolkata,1,,05:35,05:35,2,
Joyrampur,Bankura,1,,06:20,06:20,5,Panchal > Beliatore > Makurgram
Julpia,Babughat,1,Private,,,23,Nepalgunge > Bakeshwar > Mallickpur > Sajnaberia > Mittirchak > Kabardanga > Keorapukur > Haridevpur > Siriti > NSHM Campus > Mahabirtala > Tollygunge Phari > Rabindra Sarovar > Rashbehari > Kalighat > Hazra > Bhowanipore > Rabindra Sadan > Maidan > Park Street > Esplanade
Jumainaskar Hat,Lakshmikantapur Station,1,Private,,,14,Balikhali > Lakshminarayanpur > Shimulberia > Kishorepur > Dholahat > Jagadishpur Hospital > Jamalpur > Patharberia > Siddhiberia > Bhagabatipur > Gabberia > Polerhat
Junput,Baligeria,1,Baba Baidyanath,06:30,06:30,5,Contai > Egra > Kharika
Kachuberia Sagar Island,Gangasagar,1,WBTC,,,6,Harinbari > Rudranagar > Chemaguri > Light House
Kadamtala,Unitech Gate 1,1,Private,,,28,Ichapur > Natun Rasta > Belepole > Carry Road > Vidyasagar Setu > PTS > Rabindra Sadan > Minto Park > Beck Bagan > Park Circus > Topsia > Science City > EM Bypass > Mathpukur > Metropolitan > Chingrighata > Beleghata Building > Stadium Island > Sushrut Hospital > Wipro > SDF > College More > DLF 1 > Newtown > Axis Mall > Narkelbagan
Kaijuri Bazar,Esplanade,1,WBTC,,,15,Aturia Bazar > Baduria > Berachampa > Deganga > Barasat Chapadali > Madhyamgram > Airport Gate 3 > Airport Gate 1 > Nager Bazar > Laketown > Belgachia > Shyambazar > Central
Kakdwip,Digha,1,SBSTC,04:30,04:30,2,
Kakdwip Bus Stand,Bakkhali,1,WBTC,,,9,Ukilerhat > Namkhana Station > Narayanpur > Sibanagar > 10 Mile Bazar > Frazerganj > Amrabati
Kakdwip Bus Stand,Esplanade,1,WBTC,,,23,Nischintipur > Karanjali > Kulpi > Hatuganj > Diamond Harbour > Sarisha > Shirakole > Amtala > Bishnupur > Bhasha 14no > Pailan > Joka Bridge > Thakurpukur > Shilpara > Sakher Bazar > Behala Chowrasta > Behala 14 No > Majherhat > Mominpore > Alipore Zoo > PTS
Kaktiya,Karunamoyee,1,,07:40,07:40,2,
Kalabani,Manihara,1,,06:10,06:10,8,Surulia > Purulia > Ladhurka > Kashipur > Gourangadih > Talajuri
Kalna,Bardhaman,1,,06:55,06:55,2,
Kalna,Dhabani,1,,06:10,06:10,25,Satgachia > Memari > Rasulpur > Saktigarh > Bardhaman > Galsi > Budbud > Panagarh > Durgapur (Muchipara) > Durgapur (Station) > Barjora > Beliatore > Makurgram > Bankura > Dhaldanga > Puabagan > Sunukpahari > Indpur > Bangla > Hatirampur > Pairachali > Manbazar > Bandwan
Kalna,Digha,1,SBSTC,05:30,05:30,52,Dhatrighram > Madhupur > Bohar > Bulbulitala > Satgachia > Hatgobindpur > Paharhati > Kalna Gate > Bardhaman Station > Golapbag > Bardhaman Nawabhat Bus Stand > Bardhaman Bypass > Bardhaman Alisha Bus Stand > Telipukur > Bankura More > Seharabazar > Uchalan > Pollishree > Arambagh > Goghat > Kamarpukur > Ramjivanpur > Kshirpai > Radhanagar > Ghatal > Daspur > Sultannagar > Goura > Sonamui > Khukur
Kalna,Esplanade,1,WBTC,,,11,Dhatrigram > Bulbulitala > Satgachia > Hatgobindapur > Barddhaman Station > Shaktigarh > Dankuni > Salap > Santragachi
Kalna,Gurap,1,Private,,,15,Koldanga > Nepakuli > Jhorobati > Senerdanga > Singarkone > Sirishtala > Baidyapur Garage > Baidyapur Talar > Jamna > Bhopur > Bainchi > Haral > Vastara
Kalna,Guskara,1,Private,,,18,Dhatrigram > Madhupur > Bulbulitala > Bohar > Satgachia > Jhikra > Bamunia > Bhagra > Kusumgram > Dakbangla > Manteswar > Maldanga > Borobelun > Bhatar > Kamarpara > Orgram
Kalna,Karunamoyee,1,WBTC,,,15,Dhatrigram > Bulbulitala > Satgachia > Paharhati > Nabastha > Hatgobindapur > Barddhaman > Barddhaman Bypass > Shaktigarh > Dankuni > Dunlop > Airport > Ultadanga
Kalna,Kolkata,1,SBSTC,06:30,06:30,2,
Kalna,Rupnarayanpur,1,Private,,,26,Dhatrigram > Madhupur > Bulbulitala > Bohar > Satgachia > Paharhati > Nabastha > Hatgobindopur > Barddhaman Station > Golapbag > Barddhaman Nawabhat Bus Stand > Galsi > Budbud > Panagarh > Muchipara > Durgapur City Center > Andal > Raniganj Punjabi > Kalipahari > Asansol Bus Stand > Jubilee > Chandrachur Bypass > Salanpur > Dendua
Kalyani,Digha,1,,04:40,04:40,2,
Kalyani Aiims,Habra Station,1,WBTC,,,9,Kalyani > Jaguli > Rajberia > Nurpur > Sendanga Bazar > Kachua > Kalyangarh
Kalyani (Ishwargupta Setu),Asansol,1,,,,12,Bainchi > Memari > Saktigarh > Bardhaman > Galsi > Budbud > Panagarh > Durgapur (Muchipara) > Durgapur (City Center) > Andal
Kalyani Ishwsar Gupta Setu,Asansol,1,Private,,,17,Magra > Panuda > Bainchi > Memari > Rasulpur > Shaktigarh > Barddhaman Nawabhat Bus Stand > Galsi > Budbud > Panagarh > Muchipara > Durgapur City Center > Andal > Raniganj Punjabi > Kalipahari
Kamalgazi,Amity University,1,WBTC,,,29,Dhalai Bridge > Patuli > Peerless Hospital > Hiland Park > Ajaynagar > EM Bypass > Mukundapur > Kalikapur > Ruby > VIP Bazar > Uttar Panchannagram > Science City > Mathpukur > Chingrighata > Nicco Park > Wipro > SDF > College More > Technopolis > DLF 1 > Newtown > Axis Mall > Narkelbagan > Tata Cancer Hospital > Unitech Gate 2 > DLF 2 > Ecospace
Kamalgazi,Dankuni Housing,1,Private,,,30,45 Bus Stand > Patuli > Peerless Hospital > Hiland Park > Ajaynagar > Mukundapur > EM Bypass > Kalikapur > Ruby > VIP Bazar > Uttar Panchannagram > Science City > Mathpukur > Chingrighata > Beleghata Building > Apollo Hospital > Bengal Chemical > Ultadanga > Khanna Cinema > Shyambazar > Chiria > Sinthi > Tobin Road > Bonhooghly > Dunlop > Dakshineswar > Ballyhalt > Rajchandrapur
Kamalgazi,Eco Space,1,WBTC,,,17,Peerless Hospital > Ajoy Nagar > Kalikapur > Ruby Xing > V.I.P. Bazar > Science City > Metropolitan > Chingrighata > NICCO Park > Swastha Bhawan > College More/SDF > Philips /Technopolis > New Town/DLF > Home Town > Narkel Bagan
Kamalgazi,Howrah,1,WBTC,,,17,Arabinda Pally > Peerless Hospital > Ajoynagar > Kalikapur > Ruby > Panchanan Gram > EM Byepass > Topsia Rd. Xing > Lohapoll > Middle Rd > Moulali > S.N.Banarjee Rd > Esplanade > BBD Bag > Burra Bazar
Kamalpur,Bagnan,1,Private,,,14,Radhapur > Shrikole > Hoglashi > Belpukur > Shasati > Deorah > Noul Bazar > Mugkalyan > Nuntia > Bantul > Antila Bridge > Khalore
Kamalpur,Barasat Chapadali,1,Private,,,39,Shyampur > Kharuberia > Garchumuk > 58 Gate > Mohani > Dhulasimla > Gourhati > Uluberia > Panchla > Ranihati > Dhulagarh > Alampur > Nibra > Salap > Kona > Rajchandrapur > Ballyhalt > Dakshineswar > Dunlop > Rathtala > Kamarhati > Sodepur Girja > Khardaha > Titagarh > Barrackpore Station > Subhash Colony > Wireless > Mohanpur > Debpukur > Chapuria > Mathrangi > Nilgunge > Rangapur > Kokapur > Jaga
Kamalpur,Khatra,1,BISWANATH TRAVEL'S,06:30,06:30,8,Bishpuria > Chhirudi > Belut > Saldiha > Jorda > Molian
Kamal Talkies,Esplanade,1,Private,,,8,Ramnagar > Garden Reach > Babubazar > Kidderpore > Hastings > Fort William
Kamardanga,Esplanade,1,Mini Bus,,,9,Ichapur > Shanpur > Tikiapara Bypass > Howrah Maidan > Howrah Station > Barabazar > BBD Bag
Kamarhati,Alipore Zoo,1,Private,,,19,Rathtala > Dunlop > Bonhooghly > Tobin Road > Sinthi > Chiria > Shyambazar > Khanna Cinema > Maniktala > Rajabazar > Sealdah > Moulali > Mallick Bazar > Beck Bagan > Minto Park > Rabindra Sadan > PTS
Kamarpukur,Durgachak,1,,06:00,06:00,2,
Kamarpukur,Khatra,1,,07:25,07:25,2,
Kamarpukur,Saltora,1,,06:00,06:00,18,Jayrambati > Kotulpur > Joypur > Bishnupur > Ramsagar > Onda > Dhaldanga > Bankura > Chhatna > Kharbona > Jhantipahari > Hatjor > Jorehira > Dhaban > Lapahari > Jhanka
Kanchkol,Ahiritola,1,Private,,,24,Sondalia Station > Aminpur > Kharibari > Mahishgari > Langolpota > Kalaberia > Rajarhat Chowmatha > Reckjuani > Derozio College > Salua Bazar > Chinar Park > Lokenath Mandir > Baguiati > Kestopur > Dumdum Park > Laketown > Sreebhumi > Ultadanga > Khanna Cinema > Hatibagan > Sovabazar > BK Paul
Kanchrapara,Barasat Chapadali,1,Private,,,19,Kampa > Charapole > Mondourie > Jaguli > Kapileshwar > Gadamara > Bethpukur > Kanchiara > Adhata > Awalsiddhi > Rahana Bazar > Amdanga > Kamdebpur > Mirhati > Khilkapur > Moyna Checkpost > Barasat Colony
Kanchrapara,Barrackpore Court,1,Private,,,15,Bagmore > Halisahar > Boldeghata > Garifa Road > Naihati Station > Bhatpara > Kankinara > Jagatdal > Authpur > Shyamnagar > Ichapur > Palta Bazar > Barrackpore Station
Kandi,Digha,1,,22:30,22:30,23,Kuli > Futishanko > Kirnahar > Bolpur > Guskara > Bardhaman > Dankuni > Kolkata (Esplanade) > Santragachi > Dhulagarh > Uluberia > Bagnan > Kolaghat > Mecheda > Nimtouri > Nandakumar > Chandipur > Bajkul > Henria > Contai > Ramnagar
Kandi,Esplanade,1,WBTC,,,18,Kuli > Dakbangla Hat > Bahadurpur > Sundarpur > Futisanko > Pirtala > Nutangram > Natunhat > Muratipur > Norja > Dewandighi > Bardhhaman Station > Shaktigarh > Dankuni > Salap > Santragachi
Kankardanga,Medinipur,1,PARAMA TRAVELS,04:40,04:40,15,Patrasayer > Balsi > Pandua > Hinjuri > Bishnupur > Bankadaha > Dhadika > Garhbeta > Kiaboni > Chandrakona Road > Salboni > Godapiasal > Bhadutala
Kankrajhore,Medinipur,1,,09:30,09:30,2,
Kankurgachi,Behala 14 No,1,WBTC,,,18,Bagmari Bazar > Maniktala > Rajabazar > Sealdah > Bank Of India > Bowbazar > Central > Lalbazar > BBD Bag > Esplanade > Fort William > Hastings > Kidderpore > Ekbalpur > Mominpore > Majherhat
Kanmari Bazar,Howrah Station,1,WBTC,,,27,Boyermari > Malancha > Minakhan > Kushangra > Bamanpukur > Ghushighata > Ghatakpukur > Nalmuri > Boralighat > Paglarhat > Bhojerhat > Kantatala > Leather Complex > Bantala Bazar > Chowbaga > Science City > Mathpukur > Chingrighata > Beleghata Building > Beleghata > Sealdah > Moulali > Esplanade > BBD Bag > Barabazar
Kanmari Bazar,Ultadanga,1,WBTC,,,26,Boyermari > Malancha > Minakhan > Kushangra > Bamanpukur > Ghushighata > Ghatakpukur > Nalmuri > Boralighat > Paglarhat > Bhojerhat > Kantatala > Leather Complex > Bantala Bazar > Chowbaga > Science City > Mathpukur > Chingrighata > Beleghata Building > Beleghata > Sealdah > Rajabazar > Maniktala > Khanna Cinema
Kantakhali,Amlasuli,1,,04:50,04:50,15,Sabang > Temathani > Jamna > Kharagpur > Medinipur > Bhadutala > Godapiasal > Salboni > Chandrakona Road > Kiaboni > Garhbeta > Amlagora > Hoomgarh
Kantakhali,Esplanade,1,WBTC,,,11,Mohar > Sabang > Temathani > Balichak > Debra > Mechogram > Kolaghat > Dhulagarh > Santragachi
Kantakhali,Haldia,1,,03:35,03:35,13,Sabang > Temathani > Balichak > Debra > Panskura > Mechogram > Mecheda > Tamluk > Nandakumar > Mahishadal > Durgachak
Kantakhali,Kolkata (Esplanade),1,,06:30,06:30,2,
Kantore,Jhargram,1,,09:00,09:00,2,
Kantore,Kantakhali,1,,05:55,05:55,17,Amlasuli > Hoomgarh > Radhanagar > Amlagora > Garhbeta > Kiaboni > Chandrakona Road > Salboni > Godapiasal > Bhadutala > Medinipur > Kharagpur > Jamna > Temathani > Sabang
Karimpur,Bangaon,1,,05:50,05:50,2,
Karimpur,Bardhaman,1,SUDHA TRAVELS,05:50,05:50,17,Mahish Bathan > Kanthalia > Nazipur > Betai > Tehatta > Chapra > Krishnanagar > Nabadwip > Hematpur > Nadanghat > Samudragarh > Satgachia > Hatgobindapur > Mehedibagan > Golapbag
Karimpur,Krishnanagar,1,,08:05,08:05,2,
Karimpur,Ranaghat,1,Private,,,20,Mahishbathan > Kathalia > Najirpur > Haripur > Betai > Tehatta > Boro Andulia > Chapra > Ghurni > Krishnanagar > Chitradhali > Hanshkhali > Bagula > Kaikhali > Duttaphulia > Panikhali > Dhantala > Nokari
Karunamoyee,Akra Rabindra Nagar,1,WBTC,,,28,Central Park > Saltlake Stadium > Beleghata Building > Chingrighata > Mathpukur > Science City > Uttar Panchannagram > VIP Bazar > Fortis > Ruby > GST Bhawan > Acropolis Mall > Bosepukur > Kasba PS > Ballygunge Station > Gariahat > Deshapriya Park > Rashbehari > Chetla Park > Durgapur Bridge > New Alipore > Taratala > Brace Bridge > Jhinjhira Bazar > Nature Park > Santoshpur Station
Karunamoyee,Bagnan,1,Private,,,33,Wipro > College More > DLF 1 > Newtown > Axis Mall > Narkelbagan > Ecopark > Nawabpur > Akanksha > City Center 2 > Chinar Park > Haldirams > Kaikhali > Airport Gate 1 > Airport Gate 3 > Durganagar > Mathkal > Dunlop Bridge > Dakshineswar > Ballyhalt > Rajchandrapur > Kona > Salap > Nibra > Ankurhati > Jalan Gate > Alampur > Dhulagarh > Ranihati > Panchla > Uluberia
Karunamoyee,Bandowan,1,WBTC,,,22,Esplanade > Santragachi > Dhulagarh > Bagnan > Kolaghat > Mechogram > Panskura Bypass > Debra > Basantapur > Kharagpur Chowringhee > Kalaikunda > Lodhashuli > Jhargram > Dahijuri > Binpur > Silda > Belpahari > Banspahari > Poradi > Kuilapal
Karunamoyee,Bandwan,1,,04:45,04:45,2,
Karunamoyee,Barasat Colony,1,WBTC,,,24,Saltlake 10no Tank > Wipro > College More > DLF 1 > Newtown > Axis Mall > Narkelbagan > Jatragachi > Ecopark > Nawabpur > Akanksha > City Center 2 > Chinar Park > Haldirams > Kaikhali > Airport Gate 1 > Airport Gate 3 > Birati > Gouripur > Michaelnagar > BT College > Madhyamgram
Karunamoyee,Barddhaman,1,WBTC,,,10,Ultadanga > Airport > Dunlop > Bally > Dankuni > Durgapur Expressway > Shaktigarh > Barddhaman Bypass
Karunamoyee,Barrackpore Court,1,WBTC,,,21,Bikash Bhawan > City Center 1 > Saltlake CA Block > Saltlake PNB > Ultadanga Hudco > Ultadanga > Khanna Cinema > Shyambazar > Chiria > Sinthi > Tobin Road > Bonhooghly > Dunlop > Rathtala > Kamarhati > Sodepur Girja > Khardaha > Titagarh > Barrackpore Chiria
Karunamoyee,Baruipur,1,WBTC,,,33,Central Park > Saltlake Stadium > Beleghata Building > Chingrighata > Mathpukur > Science City > Uttar Panchannagram > VIP Bazar > Ruby > Kalikapur > Mukundapur > EM Bypass > Ajaynagar > Hiland Park > Peerless Hospital > Patuli > Dhalai Bridge > Kamalgazi > Narendrapur > Rajpur Bazar > Harinavi > Haritala > Malancha > Gobindapur > Antara Mental Hospital > Khasmallick > Jogi Battala > Padmapukur > 
Karunamoyee,Berachampa,1,Private,,,26,Bikash Bhawan > City Center 1 > Saltlake CA Block > Saltlake PNB > Ultadanga > Sreebhumi > Laketown > Dumdum Park > Kestopur > Baguiati > Lokenath Mandir > Chinar Park > Salua Bazar > Derozio College > Reckjuani > Rajarhat Chowmatha > Kalaberia > Langolpota > Mahishgari > Kharibari > Aminpur > Sondalia Station > Beleghata > Deganga
Karunamoyee,Bhattanagar,1,WBTC,,,11,Technopolis > Rabindra Tirtha > Nababpur > Chiner Park > Airport > Durganagar > Nimta > Dakshineswar > Bally Ghat
Karunamoyee,Boalia,1,Private,,,41,Wipro > College More > DLF 1 > Newtown > Axis Mall > Narkelbagan > Unitech Gate 2 > DLF 2 > Ecospace > Aliah University > Ecopark > Nawabpur > Akanksha > City Center 2 > Chinar Park > Haldirams > Kaikhali > Airport Gate 1 > Airport Gate 3 > Durganagar > Mathkal > Dunlop Bridge > Dakshineswar > Ballyhalt > Rajchandrapur > Kona > Salap > Nibra > Ankurhati > Jalan Gate > Alampur > Dhulagarh > Ranihat
Karunamoyee,Boga,1,Private,,,35,Wipro > College More > DLF 1 > Newtown > Axis Mall > Narkelbagan > Ecopark > Chinar Park > Kaikhali > Airport Gate 1 > Airport Gate 3 > Dunlop > Dakshineswar > Ballyhalt > Kona > Salap > Ankurhati > Dhulagarh > Ranihati > Panchla > Khalisani > Nimdighi > Bagnan > Kolaghat > Mecheda > Radhamoni > Nimtouri > Nandakumar > Narghat > Chandipur > Bajkul > Henria > Khejuri
Karunamoyee,Dumdum Station,1,WBTC,,,27,Saltlake 10no Tank > Wipro > College More > Technopolis > DLF 1 > Newtown > Axis Mall > Narkelbagan > Tata Cancer Hospital > Unitech Gate 2 > DLF 2 > Ecospace > Aliah University > Westin > Ecopark > Nawabpur > Akanksha > City Center 2 > Chinar Park > Haldirams > Kaikhali > Airport Gate 1 > Central Jail > ILS Hospital > Nager Bazar
Karunamoyee,Esplanade,1,WBTC,,,17,Central Park > FD > GD > Stadium Island > Beleghata Building > Chingrighata > Mathpukur > Science City > Topsia > Park Circus > Beck Bagan > Minto Park > Rabindra Sadan > Maidan > Park Street
Karunamoyee,Garia Bus Stand,1,WBTC,,,19,Central Park > Saltlake Stadium > Beleghata Building > Chingrighata > Mathpukur > Science City > Uttar Panchannagram > VIP Bazar > Ruby > Kalikapur > Mukundapur > EM Bypass > Ajaynagar > Hiland Park > Peerless Hospital > Patuli > 45 Bus Stand
Karunamoyee,Godapiasal,1,WBTC,,,17,Ultadanga > Baguiati > Airport > Dunlop > Salap > Dhulagarh > Ranihati > Bagnan > Kolaghat > Mechogram > Ashari > Debra > Kharagpur Chowringhee > Midnapore > Bhadutala
Karunamoyee,Jhargram,1,WBTC,,,14,Esplanade > Santragachi > Dhulagarh > Uluberia Checkpost > Bagnan > Kolaghat > Mechogram > Panskura Bypass > Debra > Kharagpur Chowringhee > Midnapore > Dherua
Karunamoyee,Kalna,1,WBTC,,,15,Ultadanga > Airport > Dunlop > Dankuni > Shaktigarh > Barddhaman Bypass > Barddhaman > Hatgobindapur > Nabastha > Paharhati > Satgachia > Bulbulitala > Dhatrigram
Karunamoyee,Midnapore,1,WBTC,,,17,Ultadanga > VIP Road > Airport > Belgharia Expressway > Dunlop > Nivedita Setu > Salap > Alampur > Dhulagarh > Ranihati > Panchla > Bagnan > Kolaghat > Panskura > Ashari
Karunamoyee,Muchighata,1,Private,,,37,Wipro > College More > SDF > Nicco Park > Sukantanagar > Chingrighata > Beleghata Building > Beleghata > Sealdah > Moulali > Wellington > Chandni Chowk > Esplanade > Park Street > Maidan > Rabindra Sadan > PTS > Vidyasagar Setu > Carry Road > Belepole > Baksara > Santragachi > Garpa > Khejurtala > Nibra > Ankurhati > Jalan Gate > Alampur > Dhulagarh > Ranihati > Panpur > Amta > Sehagori > Joypur >
Karunamoyee,Nabanna,1,WBTC,,,15,Central Park > Beleghata Building > Beleghata > Sealdah > Moulali > Wellington > Chandni Chowk > Esplanade > Park Street > Maidan > Rabindra Sadan > PTS > Vidyasagar Setu
Karunamoyee,Parnasree,1,WBTC,,,29,Bidyut Bhawan > Purta Bhawan > Baisakhi > Quality > Saltlake 4no Tank > Saltlake PNB > Saltlake Gate > Bengal Chemical > Apollo Hospital > Beleghata Building > Chingrighata > Mathpukur > Science City > Uttar Panchannagram > VIP Bazar > Ruby > Acropolis Mall > Bosepukur > Kasba PS > Ballygunge Station > Gariahat > Deshapriya Park > Rashbehari > Tollygunge Phari > Mahabirtala > New Alipore > Taratal
Karunamoyee,Ramjibanpur,1,,07:10,07:10,22,Dum Dum Airport > Dunlop > Dakshineswar > Bally > Salap > Kona Express More > Dhulagarh > Uluberia > Bagnan > Kolaghat > Mechogram > Keshapat > Khukur Daha > Goura > Sultannagar > Daspur > Ghatal > Baroda Chowkan > Radhanagar > Khirpai
Karunamoyee,Ramnagar,1,Private,,,19,Wipro > College More > SDF > Nicco Park > Chingrighata > Beleghata Building > Beleghata > Sealdah > Moulali > Wellington > Chandni Chowk > Esplanade > Fort William > Hastings > Kidderpore > Babubazar > Garden Reach
Karunamoyee,Ranihati,1,Private,,,34,Wipro > College More > DLF 1 > Newtown > Axis Mall > Narkelbagan > Unitech Gate 2 > DLF 2 > Ecospace > Aliah University > Ecopark > Nawabpur > Akanksha > City Center 2 > Chinar Park > Haldirams > Kaikhali > Airport Gate 1 > Airport Gate 3 > Durganagar > Mathkal > Dunlop Bridge > Dakshineswar > Ballyhalt > Rajchandrapur > Kona > Salap > Nibra > Ankurhati > Jalan Gate > Alampur > Dhulagarh
Karunamoyee,Sakuntala Park,1,WBTC,,,22,Raidighi > Bakultala > Nutan Para > Behala Chowrasta > Manton > Behala P.S > Taratala Xing > New Alipore > Chetla > R.B.Ave > Gariahat > Kasba P.S > Rubi > Science City > Chingrighata > Sukanta Nagar > Nicco Park > SDF > College More > WIPRO Xing
Karunamoyee,Shakuntala Park,1,WBTC,,,30,Saltlake 10no Tank > Swasthya Bhawan > Wipro > College More > SDF > Nicco Park > Chingrighata > Mathpukur > Science City > Uttar Panchannagram > VIP Bazar > Ruby > GST Bhawan > Acropolis Mall > Bosepukur > Kasba PS > Ballygunge Station > Gariahat > Deshapriya Park > Rashbehari > Chetla Park > Durgapur Bridge > New Alipore > Taratala > Behala 14 No > Manton > Behala Chowrasta > Bakultala
Karunamoyee,Solpatta,1,,07:40,07:40,2,
Karunamoyee,Thakurpukur,1,WBTC,,,25,Bikash Bhawan > City Center 1 > Saltlake PNB > Kankurgachi > Maniktala > Rajabazar > Sealdah > Moulali > Wellington > Chandni Chowk > Esplanade > Babughat > Princep Ghat > Hastings > Kidderpore > Ekbalpur > Mominpore > Majherhat > Behala 14 No > Behala Chowrasta > Sakher Bazar > Shilpara > Barisha
Karunamoyee,Udaynarayanpur,1,Private,,,35,Wipro > Sushrut Hospital > Stadium Island > Beleghata Building > Chingrighata > Metropolitan > Mathpukur > EM Bypass > Science City > Topsia > Park Circus > Beck Bagan > Minto Park > Rabindra Sadan > PTS > Vidyasagar Setu > Carry Road > Belepole > Baksara > Santragachi > Garpa > Khejurtala > Nibra > Ankurhati > Jalan Gate > Alampur > Dhulagarh > Ranihati > Panpur > Amta > Rajapur > Garh Bhowanipor
Kasba Rathtala,Howrah Station,1,Mini Bus,,,15,Kasba Post Office > Ballygunge Station > Gariahat > Ballygunge Phari > Quest Mall > Park Circus > Mallick Bazar > Moulali > Wellington > Chandni Chowk > Esplanade > BBD Bag > Barabazar
Kashipur,Ballyhalt,1,Private,,,31,Shonepur > Saduli > Nagalbeki > Jirangachha > Gabtala Bazar > Hatishala > ITC Infotech > Hajratala > Karigari Bhawan > Uem Campus > Natunpukur > Shirishtala > Unitech Gate 1 > Unitech Gate 2 > Tata Cancer Hospital > Narkelbagan > Ecopark > Nawabpur > Akanksha > City Center 2 > Chinar Park > Haldirams > Kaikhali > Airport Gate 1 > Airport Gate 3 > Durganagar > Mathkal > Dunlop Bridge > Dakshineswar
Kashipur,Budbud,1,,05:00,05:00,22,Gourangadih > Talajuri > Rangamati > Arrah > Kharbona > Jhantipahari > Hatjor > Jorehira > Dhaban > Lapahari > Jhanka > Saltora > Pabra > Mejia > Raniganj > Andal > Durgapur (City Center) > Durgapur (Station) > Durgapur (Muchipara) > Panagarh
Kashipur,Durgapur (Station),1,SULTAN TRAVELS,06:55,06:55,13,Sonathali > Lara More > Kustore > Alijhara > Kamalpur > Kharbona > Chhatna > Bankura > Makurgram > Beliatore > Barjora
Katwa,Barakar,1,Private,,,22,Katwa Station > Shrikhanda > Kaichar > Nigan > Bolgona > Muratipur > Debpur > Guskara > Abhirmapur > Mankar > Budbud > Panagarh > Muchipara > Durgapur City Center > Andal > Raniganj Punjabi > Kalipahari > Asansol Bus Stand > Neyamatpur > Kulti
Katwa,Rupnarayanpur,1,Private,,,24,Katwa Station > Shrikhanda > Kaichar > Nigan > Bolgona > Muratipur > Debpur > Guskara > Abhirmapur > Mankar > Budbud > Panagarh > Muchipara > Durgapur City Center > Andal > Raniganj Punjabi > Kalipahari > Asansol Bus Stand > Jubilee > Chandrachur Bypass > Salanpur > Dendua
Katwa,Suri,1,Didibhai,15:10,15:10,16,Ketugram > Pachundi > Nirol > Komorpur > Kandra > Futishanko > Daskalgram > Kirnahar > Akupurchati > Laghata > Labhpur > Chouhatta > Ahmedpur > Purundur
Kenjakura,Kolkata (Esplanade),1,,20:30,20:30,2,
Kenjakura,Suri,1,AYESHA TRAVEL'S,05:35,05:35,14,Chhatna > Bankura > Kanchanpur > Gobindadham > Amarkanan > Desuria > Gangajalghati > Nandakumar > Mejia > Raniganj > Pandaveswar > Dubrajpur
Keshargarh,Santaldih,1,Debjit,06:00,06:00,16,Chatumadar > Amlatora > Hijuli > Daldali > Lalpur > Hura > Damankiari > Simla > Gamarcuri > Kashipur > Adra > Raghunathpur > Dubra > Paharigora
Keshpur,Digha,1,,05:30,05:30,10,Medinipur > Mohanpur > Kharagpur > Belda > Khakurda > Egra > Contai > Ramnagar
Kestor,Anandapur,1,Private,,,19,Sarsuna > Bakultala > Behala Chowrasta > Behala 14 No > Majherhat > Mominpore > Alipore Court > Hazra > Kalighat > Rashbehari > Deshapriya Park > Gariahat > Ballygunge Station > Kasba PS > Bosepukur > Acropolis Mall > Ruby
Ketugram,Asansol,1,,04:50,04:50,14,Pachundi > Futishanko > Kirnahar > Nanoor > Bolpur > Illambazar > Piyariganj > Panagarh > Durgapur (Muchipara) > Durgapur (City Center) > Andal > Raniganj
Ketugram,Esplanade,1,WBTC,,,15,Chundi > Sepaidighi > Shrikhanda > Koichor > Negon > Balgona > Bhagar > Norja > Dewandighi > Barddhaman > Dankuni > Salap > Santragachi
Khagraghat,Esplanade,1,WBTC,,,23,Jibanti > Mahalandi > Sankarpur > Sherpur > Nagar > Khargram > Kuli > Bahadurpur > Sundarpur > Futisanko > Pirtala > Nutangram > Natunhat > Muratipur > Norja > Dewandighi > Barddhaman Station > Shaktigarh > Dankuni > Salap > Santragachi
Kharagpur,Arambagh,1,Private,,,21,Kharagpur Chowrangee > Mohanpur > Medinipur > Bhadutala > Godapiashal > Salboni > Mandalkupi > Chandrakona Road > Guaidaha > Chandrakona Town > Kalikapur > Khirpai > Jara > Shrinagar > Ramjibanpur > Hajipur > Kamarpukur > Goghat > Kalipur
Kharagpur,Baharampur,1,,05:00,05:00,23,Medinipur > Salboni > Chandrakona Road > Garhbeta > Dhadika > Bishnupur > Ramsagar > Onda > Dhaldanga > Bankura > Beliatore > Barjora > Durgapur (Station) > Durgapur (Muchipara) > Panagarh > Illambazar > Dubrajpur > Suri > Sainthia > Kuli > Kandi
Kharagpur,Bankura,1,,05:00,05:00,15,Medinipur > Bhadutala > Godapiasal > Salboni > Chandrakona Road > Kiaboni > Garhbeta > Dhadika > Bankadaha > Bishnupur > Ramsagar > Onda > Dhaldanga
Kharagpur,Barabazar,1,,04:40,04:40,2,
Kharagpur,Barddhaman,1,Private,,,28,Kharagpurchowrangee > Mohanpur > Medinipur > Dharma > Keshpur > Mugbasan > Neradeul > Chandrakona Town > Kalikapur > Khirpai > Jara > Shrinagar > Ramjibanpur > Hajipur > Kamarpukur > Goghat > Kalipur > Arambagh > Naisharai > Bulchandpur > Uchalan > Mogolmari > Seherabazar > Sagrai > Bankura > Telipukur
Kharagpur,Bishnupur,1,,06:40,06:40,10,Medinipur > Bhadutala > Godapiasal > Salboni > Chandrakona Road > Garhbeta > Dhadika > Bankadaha
Kharagpur,Burdwan,1,,,,7,Keshpur > Jhakra > Khirpai > Kamarpukur > Arambagh
Kharagpur,Durgapur (City Center),1,,05:50,05:50,18,Medinipur > Bhadutala > Godapiasal > Salboni > Chandrakona Road > Garhbeta > Dhadika > Bankadaha > Bishnupur > Ramsagar > Onda > Dhaldanga > Bankura > Makurgram > Beliatore > Barjora
Kharagpur,Ranchi,1,SANDHU TRAVELS,05:30,05:30,9,Lodhasuli > Chichra > Baharagora > Dhalbhumgarh > Ghatsila > Galudi > Dimna
Kharagpur Bus Stand,Burdwan Alisha Bus Stand,1,,,,3,Kamarpukur
Khardaha,Digha,1,WBTC,,,16,Dunlop > Salap > Dhulagarh > Ranihati > Bagnan > Kolaghat > Mecheda > Nandakumar > Bajkul > Henria > Contai > Ramnagar > Old Digha > New Digha
Kharibari,Ahiritola,1,Private,,,21,Mahishgari > Langolpota > Kalaberia > Rajarhat Chowmatha > Reckjuani > Derozio College > Salua Bazar > Chinar Park > Lokenath Mandir > Baguiati > Kestopur > Dumdum Park > Laketown > Sreebhumi > Ultadanga > Khanna Cinema > Hatibagan > Sovabazar > BK Paul
Kharibari,Bagbazar,1,Private,,,25,Chowmuha > Krishnamati > Kemia > Gustia > Kanchantala > Badu Bazar > Madhyamgram > Doltala > BT College > Michaelnagar > Birati > Airport Gate 3 > Airport Gate 1 > Central Jail > Nager Bazar > Diamond Plaza > Bangur Avenue > Kalindi > Patipukur > Belgachia > RG Kar > Shyambazar > Rajballavpara
Khariberia,Sonarpur Station,1,WBTC,,,27,Bhasha 14no > Pailan > Joka Bridge > Thakurpukur > Shilpara > Sakher Bazar > Behala Chowrasta > Behala 14 No > Taratala > New Alipore > Mahabirtala > Tollygunge Metro > Malancha Cinema > Ranikuthi > Netaji Nagar > Bansdroni > Naktala > Garia Metro > Mahamayatala > Kamalgazi > Karbala > Shimultala > Mission Pally > Iimc Hospital > Power House
Kharika,Esplanade,1,WBTC,,,18,Bhasraghat > Keshiary > Hatigeria > Salua > Kharagpur Station > Kharagpur Chowringhee > Debra > Panskura Bypass > Mechogram > Kolaghat > Bagnan > Uluberia Checkpost > Panchla > Ranihati > Dhulagarh > Santragachi
Kharika Mathani,Midnapur,1,SBSTC,06:00,06:00,3,Kolkata
Kharkushma,Sarenga,1,JOY BABA KHETRAPAL TRAVELS,11:30,11:30,6,Garhbeta > Hoomgarh > Amlasuli > Patharpara
Khatra,Adra,1,,06:00,06:00,10,Molian > Pairachali > Puncha > Bagda > Manguria > Lalpur > Hura > Kashipur
Khatra,Bardhaman,1,DISHA TRAVELS,06:50,06:50,16,Hatirampur > Bangla > Sunukpahari > Puabagan > Dhaldanga > Bankura > Makurgram > Beliatore > Barjora > Durgapur (Station) > Durgapur (Muchipara) > Panagarh > Budbud > Galsi
Khatra,Chandrakona Road,1,DUTTA MOTORS,08:30,08:30,11,Arkama > Harmasra > Lakshmisagar > Simlapal > Bikrampur > P More > Sarenga > Pingboni > Goaltore
Khatra,Digha,1,WBTC,,,34,Lakshmisagar > Simlapal > Sarenga > Goaltore > Pirakata > Kuturia > Midnapore > Kharagpur Chowringhee > Basantapur > Debra > Panskura Bypass > Mechogram > Kolaghat > Bagnan > Uluberia Checkpost > Dhulagarh > Santragachi > Esplanade > Santragachi > Dhulagarh > Uluberia Checkpost > Bagnan > Kolaghat > Mecheda > Nandakumar > Chandipur > Henria > Kanthi > Chaulkhola > Ramnagar > Old Digha > New Digha
Khatra,Durgapur (Station),1,,10:50,10:50,2,
Khatra,Ghatal,1,,06:30,06:30,15,Lakshmisagar > Simlapal > Bikrampur > Amlasuli > Hoomgarh > Radhanagar > Amlagora > Garhbeta > Kiaboni > Chandrakona Road > Chandrakona Town > Kalikapur > Khirpai
Khatra,Kolkata,1,SBSTC,04:00,04:00,3,Arambag
Khatra,Kolkata (Esplanade),1,,03:35,03:35,21,Lakshmisagar > Simlapal > Bikrampur > Amlasuli > Hoomgarh > Goaltore > Sijua > Pirakata > Moupal > Bhadutala > Medinipur > Debra > Mechogram > Kolaghat > Bagnan > Uluberia > Dhulagarh > Kona Express More > Santragachi
Khatra,Raipur,1,,07:00,07:00,2,
Khatra,Tarakeswar,1,,,,10,Bibarda > Ratanpur > Bishnupur > Joypur > Kotulpur > Bengai > Arambagh > Mayapur
Khetua,Howrah,1,,04:30,04:30,2,
Khetua,Kolkata,1,JAGANNATH TRAVELS,08:30,08:30,22,Baharasole > Chandrakona Town > Jayantipur > Kalikapur > Khirpai > Radhanagar > Barda Choukan > Ghatal > Daspur > Bakultala > Sultannagar > Gaura > Khukurdaha > Mechogram > Deulia > Haldia More > Kona Expressway > Bally Halt > Dakshineswar > Dunlop
Khetua,Kolkata Station,1,,,,22,Baharasole > Chandrakona Town > Jayantipur > Kalikapur > Khirpai > Radhanagar > Barda Choukan > Ghatal > Daspur > Bakultala > Sultannagar > Gaura > Khukurdaha > Mechogram > Deulia > Haldia More > Kona Expressway > Bally Halt > Dakshineswar > Dunlop
Khirpai,Digha,1,WBTC,,,33,Ghatal > Daspur > Goura > Mechogram > Kolaghat > Bagnan > Uluberia > Panchla > Dhulagarh > Santragachi > Esplanade > Santragachi > Dhulagarh > Uluberia > Bagnan > Kolaghat > Mecheda > Radhamoni > Nimtauri > Kolaghat > Chandipur > Bajkul > Henria > Nachinda > Kanthi > Pichaboni > Chaulkhola > Balisai > Ramnagar > Old Digha > New Digha
Khirpai,Howrah,1,,08:50,08:50,17,Radhanagar > Baroda Chowkan > Ghatal > Daspur > Sultannagar > Goura > Khukur Daha > Keshapat > Mechogram > Kolaghat > Bagnan > Uluberia > Dhulagarh > Kona Express More > Santragachi
Khudiram Park,Rajabazar,1,Private,,,28,Sarsuna > Bakultala > Behala Chowrasta > James Long Sarani > Raja Rammohan Roy Road > Panchanantala > Madanmohantala > Muchipara > Siriti > Karunamoyee > Tollygunge Metro > Tollygunge Phari > Rabindra Sarovar > Rashbehari > Kalighat > Hazra > Bhowanipore > Elgin Road > Rabindra Sadan > Maidan > Park Street > Esplanade > Chandni Chowk > Wellington > Moulali > Sealdah
Khudiram Park (Sarsuna),Sealdah (Rajabazar T.D.),1,WBTC,,,10,Behala Chowrastha > Panchanantala > Muchipara Xing > Karunamoyee > Tollygunge Metro Stn > Rashbehari Avn > Park Street > Esplanade
Kidderpore,Ballykhal,1,Mini Bus,,,16,Hastings > Princep Ghat > Babughat > Esplanade > BBD Bag > Barabazar > Howrah Station > Pilkhana > Golabarai PS > Salkia Chowrasta > Malipanchghara > Liluah > Belurmath > Bally Bazar
Kirnahar,Bardhaman,1,,,,18,Bandar > Khujutipara > Basapara > Nutanhat > Muratipur > Bamshor > Alinagar > Narja Mor > Khetia > Dewandighi Mor > Bajepatrapur > Bardhaman Rail Station > Mehedibagan > College Mor > City Hotel > Golapbag
Kirnahar,Binodia,1,,,,10,Kandi > Daskalgram > Futisanko > Kandra > Komarpur > Nirol > Panchundi > Sonarundi
Kirnahar,Esplanade,1,WBTC,,,7,Barddhaman Natunhat > Shaktigarh > Dankuni > Salap > Santragachi
Kirnahar,Sainthia,1,,,,8,Maheshpur > Laghata > Labhpur > Gopalpur > Chowhatta > Dhandanga
Kirnahar,Suri,1,,06:00,06:00,2,
Kishorimohonpur,Joynagar,1,WBTC,,,25,Baikunthapur > Maipith Bazar > Lakshmi > Bindopur > Bhubaneshwari > Debipur > Bhasa Panchrasta Bazar > Petkulchand Bazar > Dakshin Durgapur > Kantamari > Sankizahan > Mandalerhat > Jamtala > Kultali > Naskarpara > Jalaberia > Kholakhali Hat > Priyor > Natunhat > Mollarchak > Tulsighata > Nimpith > Duttabazar
Kolkata,Agra,1,Shyamoli Paribahan,,,2,
Kolkata,Bangalore,1,Shyamoli Paribahan,,,2,
Kolkata,Belpahari,1,SBSTC,12:30,12:30,2,
Kolkata,Bhubaneswar,1,Shyamoli Paribahan,,,2,
Kolkata,Bokaro,1,Shyamoli Paribahan,,,2,
Kolkata,Contai,1,Santosh Bus Service,06:00,06:00,2,
Kolkata,Dhumsai,1,SBSTC,06:14,06:14,4,Kharagpur > Keshiary
Kolkata,Eluru,1,Shyamoli Paribahan,,,2,
Kolkata,Etawah,1,Shyamoli Paribahan,,,2,
Kolkata,Fatehpur,1,Shyamoli Paribahan,,,2,
Kolkata,Guntur,1,Shyamoli Paribahan,,,2,
Kolkata,Jamuria,1,SBSTC,17:30,17:30,2,
Kolkata,Kalna,1,SBSTC,13:15,13:15,2,
Kolkata,Khatra,1,SBSTC,04:50,04:50,3,Arambag
Kolkata,Mandarmani,1,Santosh Bus Service,06:00,06:00,2,
Kolkata,Mathura,1,Shyamoli Paribahan,,,2,
Kolkata,Nandigram,1,SBSTC,16:45,16:45,2,
Kolkata,Nellore,1,Shyamoli Paribahan,,,2,
Kolkata,Puri,1,Shyamoli Paribahan,,,2,
Kolkata,Rajahmundry,1,Shyamoli Paribahan,,,2,
Kolkata,Ranibandh,1,,05:50,05:50,22,Shyambazar > Dunlop > Dakshineswar > Bally > Salap > Kona Express More > Dhulagarh > Uluberia > Bagnan > Kolaghat > Mechogram > Debra > Medinipur > Bhadutala > Pirakata > Goaltore > Sarenga > P More > Raipur > Haludkanali
Kolkata,Shankarpur,1,Santosh Bus Service,06:00,06:00,2,
Kolkata,Siliguri,1,Shyamoli Paribahan,,,2,
Kolkata,Sonachura,1,SBSTC,07:30,07:30,2,
Kolkata,Tajpur,1,Santosh Bus Service,06:00,06:00,2,
Kolkata,Tirupati,1,Shyamoli Paribahan,,,2,
Kolkata,Vijayawada,1,Shyamoli Paribahan,,,2,
Kolkata,Visakhapatnam,1,Shyamoli Paribahan,,,2,
Kolkata (Chandpal),Contai,1,GHOSH MOTORS,08:35,08:35,8,Rohini > Kultikri > Keshiari > Belda > Khakurda > Egra
Kolkata (Esplanade),Baharampur,1,,05:40,05:40,2,
Kolkata (Esplanade),Beta,1,DP TRAVEL'S,06:05,06:05,16,Howrah > Santragachi > Kona Express More > Dhulagarh > Uluberia > Bagnan > Kolaghat > Mecheda > Nimtouri > Nandakumar > Chandipur > Bajkul > Henria > Contai
Kolkata (Esplanade),Chandrakona Road,1,CHANGDAR TRAVELS,06:45,06:45,24,Shyambazar > Dunlop > Dakshineswar > Bally > Salap > Kona Express More > Dhulagarh > Uluberia > Kolaghat > Bagnan > Mechogram > Keshapat > Khukur Daha > Goura > Sultannagar > Daspur > Ghatal > Baroda Chowkan > Radhanagar > Khirpai > Kalikapur > Chandrakona Town
Kolkata (Esplanade),Digha,1,,08:00,08:00,16,Santragachi > Kona Express More > Dhulagarh > Uluberia > Bagnan > Kolaghat > Mecheda > Nimtouri > Nandakumar > Chandipur > Bajkul > Henria > Contai > Ramnagar
Kolkata (Esplanade),Purulia,1,,05:25,05:25,2,
Kolkata (Esplanade),Siliguri,1,,18:45,18:45,2,
Kolkata (Karunamoyee),Bangalore,1,Express Line,17:30,17:30,32,Dharmatala > Santragachi > Kharagpur Bypass > Baleswar > Bhadrak > Cuttack > Bhubaneswar > Berhampur > Sompeta > Ichchapuram > Srikakulam > Vizianagaram > Visakhapatnam > Tallapalem > Nakkapali > Jaggampeta > Rajanagar > Rajahmundry > Ananthapalli > Eluru > Vijayawada > Guntur > Ongole > Nellore > Renigunta > Tirupati > Chittoor > Bangalore (Attibele) > Chandpura > Bommasandra
Kolkata Station,Chandrakona Town,1,Private,,,27,RG Kar > Shyambazar > Chiria > Sinthi > Tobin Road > Bonhooghly > Dunlop > Dakshineswar > Ballyhalt > Rajchandrapur > Kona > Salap > Nibra > Ankurhati > Jalan Gate > Alampur > Dhulagarh > Ranihati > Panchla > Uluberia > Bagnan > Kolaghat > Mechogram > Ghatal > Khirpai
Kolkata Station,Jamirgachi,1,WBTC,,,24,RG Kar > Shyambazar > Khanna Cinema > Ultadanga > Saltlake PNB > Saltlake CA Block > City Center 1 > Bikash Bhawan > Karunamoyee > Wipro > College More > DLF 1 > Newtown > Axis Mall > Narkelbagan > Unitech Gate 1 > Uem Campus > Karigari Bhawan > Shapoorji > Hatishala > Gabtala Bazar > Shonepur
Kolkata Station,Kolaghat,1,,,,7,Dunlop > Mechogram > Chandrakona Town > Khirpai > Ghatal
Kolkata Station,Malancha,1,Private,,,27,RG Kar > Shyambazar > Khanna Cinema > Maniktala > Rajabazar > Sealdah > Moulali > CIT Road > Chittaranjan Hospital > 4 No Bridge > Topsia > Science City > Chowbaga > Bantala Bazar > Leather Complex > Kantatala > Bhojerhat > Paglarhat > Boralighat > Nalmuri > Ghatakpukur > Ghushighata > Bamanpukur > Kushangra > Minakhan
Kotshila,Bankura,1,SAHANA TRAVELS,10:10,10:10,12,Chas > Purulia > Ladhurka > Lakshanpur > Lalpur > Hura > Bishpuria > Kamalpur > Kharbona > Chhatna
Kotulpur,Kolkata (Esplanade),1,,05:40,05:40,15,Khatul > Bengai > Arambagh > Mayapur > Champadanga > Siakhala > Mosat > Chanditala > Dankuni > Bally > Dakshineswar > Dunlop > Shyambazar
Kotulpur,Medinipur,1,,07:05,07:05,13,Koalpara > Patpur > Badanganj > Chamkaitala > Srinagar > Khirpai > Kalikapur > Chandrakona Town > Neradeul > Mugbosan > Keshpur
Kotulpur,Nabadwip,1,,06:25,06:25,14,Bengai > Khatul > Arambagh > Uchalan > Mogalmari > Sehara Bazar > Telipukur > Golapbag > Bardhaman > Kusumgram > Nadanghat > Hematpur
Krishnabati,Tarakeswar,1,Private,,,11,Joykrishna Bazar > Dehibatpur > Deulpara > Kanraria > Keshabchak Gram Panchayat > Mohanbati > Manik Khola > Teghari > Choulpatty
Krishnanagar,Barakar,1,Private,,,30,Krishnanagar High Road > Bhaluka Battala > Nabadwip Railgate > Hematpur > Nadanghat > Samudragarh > Dhatrigram > Madhupur > Bulbulitala > Bohar > Satgachia > Paharhati > Nabastha > Hatgobindopur > Barddhaman Station > Golapbag > Barddhaman Nawabhat Bus Stand > Galsi > Budbud > Panagarh > Muchipara > Durgapur City Center > Andal > Raniganj Punjabi > Kalipahari > Asansol > Neyamatpur > Kulti
Krishnanagar,Karimpur,1,,08:20,08:20,13,Dhubulia > Bethuadahari > Debagram > Palasi > Syamnagar > Betai > Nazipur > Kanthalia > Mahish Bathan > Bajitpur > Gabrudanga
Krishnanagar,Malda,1,SUDHAMOY TRAVEL'S,06:10,06:10,8,Dhubulia > Palasi > Rejinagar > Baharampur > Kaliachak > Farakka
Krishnanagar,Sainthia,1,Private,,,24,Krishnanagar High Road > Bhaluka Battala > Nabadwip Railgate > Hematpur > Shrirampur > Parulia Bazar > Purbasthali > Chhatni > Dainhat > Katwa > Ketugram > Pachundi > Nirol > Komarpur > Kandra > Futisanko > Kirnahar > Labhpur > Chouhatta > Shimulia Ghat > Tilpara > Banagram
Krishnanagar,Shikarpur,1,BAMAKHYAPA,08:50,08:50,5,Chapra > Tehatta > Karimpur
Krishnanagar High Road,Asansol,1,Private,,,26,Bhaluka Battala > Nabadwip Railgate > Hematpur > Nadanghat > Samudragarh > Dhatrigram > Madhupur > Bulbulitala > Bohar > Satgachia > Paharhati > Nabastha > Hatgobindopur > Barddhaman Station > Golapbag > Barddhaman Nawabhat Bus Stand > Galsi > Budbud > Panagarh > Muchipara > Durgapur City Center > Andal > Raniganj Punjabi > Kalipahari
Kudghat,Amity University,1,WBTC,,,30,Tollygunge Metro > Rabindra Sarovar > Rashbehari > Lake Mall > Deshapriya Park > Gariahat > Ballygunge Station > Kasba PS > Bosepukur > Acropolis Mall > Ruby > VIP Bazar > Uttar Panchannagram > Science City > Mathpukur > Chingrighata > Nicco Park > Wipro > SDF > College More > Technopolis > DLF 1 > Newtown > Axis Mall > Narkelbagan > Unitech Gate 2 > DLF 2 > Ecospace
Kudghat,Dakshineswar,1,WBTC,,,20,Tollygunge Metro > Rabindra Sarovar > Rashbehari > Kalighat > Hazra > Bhowanipore > Rabindra Sadan > Park Street > BBD Bag > Central > MG Road > Girish Park > Sovabazar > Bagbazar > Chitpur Bridge > Bibibazar > Cossipore > Alambazar
Kudghat,Digha,1,WBTC,,,15,Tollygunge > Rashbehari > Exide > Esplanade > Santragachi > Dhulagarh > Kolaghat > Mecheda > Nandakumar > Kanthi > Ramnagar > Old Digha > New Digha
Kudghat,Manbazar,1,SBSTC,05:20,05:20,26,Tollygunge > Rashbehari > Hazra > Esplanade > Dharmatala > Santragachi > Dhulagarh > Ranihati > Bagnan > Kolaghat > Mechogram > Panskura Bypass > Chourangi More > Kharagpur Bypass > Kalaikunda > Guptamoni > Lodhasuli > Jhargram > Binpur > Silda > Belpahari > Paradi > Bandwan > Boro
Kudghat,Nabanna,1,WBTC,,,11,Tollygunge Metro > Rabindra Sarovar > Rashbehari > Kalighat > Hazra > Bhowanipore > Rabindra Sadan > PTS > Vidyasagar Setu
Kudghat,Shapoorji,1,WBTC,,,32,Tollygunge Metro > M R Bangur Hospital > Rabindra Sarovar > Mudiali > Rashbehari > Lake Mall > Deshapriya Park > Gariahat > Ballygunge Station > Kasba PS > Bosepukur > Acropolis Mall > Ruby > VIP Bazar > Uttar Panchannagram > Science City > Mathpukur > Chingrighata > Nicco Park > SDF > College More > Technopolis > DLF 1 > Newtown > Axis Mall > Narkelbagan > Tata Cancer Hospital > Unitech Gate 1 > 
Kuilapal,Purulia,1,,05:20,05:20,9,Chhirudi > Bandwan > Katin > Barabazar > Bamundiha > Chakaltore > Simulia
Kukrahati,Balichak,1,,07:40,07:40,2,
Kukrahati,Digha,1,,05:10,05:10,10,Chaitanyapur > Mahishadal > Nandakumar > Chandipur > Bajkul > Henria > Contai > Ramnagar
Kukrahati,Medinipur,1,,07:50,07:50,2,
Kulgachia,Tulshiberia,1,Private,,,4,Mahishrekha > Kamina
Kuli,Digha,1,WBTC,,,15,Futisanko > Barddhaman > Dankuni > Santragachi > Esplanade > Santragachi > Dhulagarh > Kolaghat > Nandakumar > Kanthi > Ramnagar > Old Digha > New Digha
Kuli,Esplanade,1,WBTC,,,15,Budhpur > Kalui > Kaleshwar > Bhojpur > Maldanga > Monteswar > Kusumgram > Majhergram > Satgechia > Memari > Gurap > Dankuni > Santragachi
Kulpi,Newtown (Shapoorji),1,,07:15,07:15,30,Hatugung > Netra > Usthi > Sirakole > Amtala > Thakurpukur > Behala > Taratala > Majerhat > Mominpur > Bhawani Bhawan > Alipore > PG/PTS > Rabindra Sadan > Esplanade > Moulali > Sealdah > Beleghata > Building More > Chingrighata > Nicco Park > Sector V > Technopolis > Newtown > Biswabangla Gate > Candor Gate > UEM IEM Campus > Karigari Bhawan
Kulti,Katwa,1,Private,,,21,Neyamatpur > Asansol Bus Stand > Kalipahari > Raniganj Punjabi > Andal > Durgapur City Center > Muchipara > Panagarh > Budbud > Mankar > Abhirampur > Guskara > Debpur > Muratipur > Bolgona > Nigan > Kaichar > Shrikhanda > Katwa Station
Kulti,Magra,1,Private,,,19,Neyamatpur > Asansol > Kalipahari > Raniganj Punjabi > Andal > Durgapur City Center > Muchipara > Panagarh > Budbud > Galsi > Barddhaman Nawabhat Bus Stand > Barddhaman Alisha Bus Stand > Shaktigarh > Rasulpur > Memari > Bainchi > Panuda
Kultikri,Bishnupur,1,Sannyasi,05:20,05:20,22,Guptamoni > Balibhasa > Lodhashuli > Jitushol > Jhargram Central Bus Stand > Jhargram Panch Mathar More > Lalgarh > Katapahari > Ramgarh > Brahmandiha > Taldiha > Sarenga > P. More > Bikrampur > Amlasuli > Humgar > Garhbeta > Dhadika > Chaubeta More > Bankadaha
Kundghat,Howrah,1,WBTC,,,11,Chandi Ghosh Rd > Tollygunge Tram Depot > Tollygunge Phari > Rashbehari Ave > Hazra > Elgin > Espl > B.B.D. Bag > Howrah Bridge East
Kundghat,Sapoorji,1,WBTC,,,11,Rashbehari Xing > Gariahat > Ruby > Science City > Chingrihata > Swasthya Bhawan > SDF > New Town > Narkel Bagan
Kuthighat,Howrah,1,,04:20,04:20,17,Radhanagar > Baroda Chowkan > Ghatal > Daspur > Sultannagar > Goura > Khukur Daha > Keshapat > Mechogram > Kolaghat > Bagnan > Uluberia > Dhulagarh > Kona Express More > Santragachi
Kutni,Bankura,1,JAGUBABU TRAVELS,04:50,04:50,10,Manbazar > Pairachali > Hatirampur > Bangla > Indpur > Sunukpahari > Puabagan > Dhaldanga
Kutni,Barddhaman Nawabhat Bus Stand,1,Private,,,18,Ankhro > Boro > Khariduar > Manbazar > Payrachali > Hatirampur > Bangla > Poabagan > Bankura > Beliatore > Borjora > Durgapur Station > Muchipara > Panagarh > Budbud > Galsi
Kutni,Bardhaman,1,,03:40,03:40,19,Manbazar > Pairachali > Gadapathar > Hatirampur > Bangla > Indpur > Sunukpahari > Puabagan > Bankura > Makurgram > Beliatore > Barjora > Durgapur (Station) > Durgapur (Muchipara) > Panagarh > Budbud > Galsi
Lachhipur,Bankura,1,,05:30,05:30,11,Dumurtore > Dhanara > Raipur > P More > Bikrampur > Simlapal > Taldangra > Ratanpur > Dhaldanga
Laketown,Dhanmath,1,Private,,,33,Kalindi > Patipukur > Belgachia > RG Kar > Shyambazar > Rajballavpara > Sovabazar > Girish Park > MG Road > Central > Chandni Chowk > Esplanade > Park Street > Maidan > Rabindra Sadan > Bhowanipore > Hazra > Kalighat > Rashbehari > Rabindra Sarovar > Tollygunge Phari > Anwar Shah Road > Lake Gardens > South City > Jadavpur PS > Saheed Nagar > Sapuipara > Kalikapur > EM Bypass > Ruby > Acropolis Ma
Lake Town (Jaya Cinema),Howrah Station,1,WBTC,,,5,Kankurgachi > Manicktala > Girish Park/C.R. Avn. Xing./M.G.Road Xing
Lakshanpur,Raniganj,1,,06:40,06:40,2,
Lakshmikantapur Station,Jumainaskar Hat,1,Private,,,14,Polerhat > Gabberia > Bhagabatipur > Siddhiberia > Patharberia > Jamalpur > Jagadishpur Hospital > Dholahat > Kishorepur > Shimulberia > Lakshminarayanpur > Balikhali
Lakshmisagar,Kolkata (Esplanade),1,,03:20,03:20,2,
Lalgarh,Bankura,1,A. B. T. BUS SERVICE,06:45,06:45,14,Belatikri > Tilabani > Baksi > Fulkusma > Motgoda > Raipur > P More > Bikrampur > Simlapal > Taldangra > Ratanpur > Dhaldanga
Lalgarh,Contai,1,,07:30,07:30,2,
Lalgarh,Tarakeswar,1,,,,18,Ramgarh > Pingboni > Goaltore > Kiyamacha > Chandrakona Road > Gueidaha Chati > Adhar Nayan > Chandrakona Town > Khirpai > Srinagar > Ramjibanpur > Hajipur > Kamarpukur > Goghat > Arambagh > Mayapur
Lalgola,Bardhaman,1,BHARASHA TRAVELS,03:15,03:15,10,Jangipur > Umarpur > Panchgram > Kuli > Futishanko > Natunhat > Mehedibagan > Golapbag
Lalpur,Durgapur (Station),1,,04:40,04:40,18,Hura > Bishpuria > Kamalpur > Kharbona > Jhantipahari > Hatjor > Jorehira > Dhaban > Lapahari > Jhanka > Saltora > Pabra > Mejia > Raniganj > Andal > Durgapur (City Center)
Langalhata,Nababhat Mor,1,,,,25,Bagsina Mor > Bankul > Labhpur > Akupur Chatty > Kirnahar > Ramakrishnapur > Baliara > Nanur > Baliguni > Bandar > Khujutipara > Basapara > Palitpur Mor > Natunhat > Mangalkot > Muratipur Mor > Bamshor > Alinagar > Narja Mor > Dewandighi Mor > Bardhaman Station Mor > College Mor > City Hotel
Langolpota,Ahiritola,1,Private,,,21,Kalaberia > Rajarhat Chowmatha > Reckjuani > Derozio College > Salua Bazar > Chinar Park > Lokenath Mandir > Baguiati > Kestopur > Dumdum Park > Laketown > Kalindi > Patipukur > Belgachia > RG Kar > Shyambazar > Rajballavpara > Sovabazar > BK Paul
Lauhati,Shyambazar,1,Private,,,21,Bishnupur > Rajarhat Chowmatha > Reckjuani > Beraberi > Narayanpur > Bablatala > Kalipark > Gopalpur House > Dashadrone > Kaikhali > Haldirams > Teghoria > Baguiati > Kestopur > Dumdum Park > Laketown > Sreebhumi > Ultadanga > Khanna Cinema
Layalka,Howrah Station,1,Private,,,19,Bijoygarh > Gandhi Colony > Netaji Nagar > Ranikuthi > Malancha Cinema > Tollygunge Metro > Rabindra Sarovar > Rashbehari > Kalighat > Hazra > Bhowanipore > Rabindra Sadan > Maidan > Park Street > Esplanade > BBD Bag > Barabazar
Leather Complex,Ganga Nagar,1,WBTC,,,36,Bantala Bazar > Chowbaga > Science City > Topsia > 4 No Bridge > Park Circus > Mallick Bazar > Nonapukur > Ripon Street > Jora Girja > Entally Market > Moulali > Sealdah > Rajabazar > Sukea Street > Maniktala > Khanna Cinema > Ultadanga > Sreebhumi > Laketown > Dumdum Park > Kestopur > Baguiati > Teghoria > Haldirams > Kaikhali > Airport Gate 1 > Airport Gate 3 > Birati > Gouripur > Bankra > Micha
Lebukhali,Basirhat,1,Private,,,8,Hingalgunge > Par Hasnabad > Hasnabad > Taki Chowrangee > Shankchura Bazar > Dandirhat
Lodda,Kenjakura,1,,07:00,07:00,2,
Lucknow,Siliguri,1,Shyamoli Paribahan,,,2,
Madanmohanpur,Asansol,1,,05:00,05:00,15,Kotulpur > Joypur > Bishnupur > Gamidya > Nikunjapur > Narrah > Makurgram > Beliatore > Barjora > Durgapur (Station) > Durgapur (City Center) > Andal > Raniganj
Madansole,Digha,1,RANA TRAVELS,05:30,05:30,14,Bhamal > Gopiballabpur > Mahapal > Ragra > Rohini > Kultikri > Keshiary > Belda > Khakurda > Egra > Paniparul > Ramnagar
Madansole,Kolkata (Esplanade),1,,04:30,04:30,2,
Madha Khali,Medinipur,1,,07:45,07:45,2,
Madhyamgram,Babughat,1,Private,,,25,Doltala > BT College > Michaelnagar > Birati > Airport Gate 3 > Airport Gate 1 > Kaikhali > Haldirams > Teghoria > Baguiati > Kestopur > Dumdum Park > Laketown > Sreebhumi > Ultadanga > Kankurgachi > Maniktala > Rajabazar > Sealdah > Moulali > Wellington > Chandni Chowk > Esplanade
Madhyamgram,Howrah Station,1,Private,,,20,Sajirhat > Boardghar > Muragacha > Ghola Bazar > Sodepur Station > Kamarhati > Rathtala > Dunlop > Bonhooghly > Tobin Road > Sinthi > Chiria > Shyambazar > Rajballavpara > Sovabazar > Girish Park > MG Road > Barabazar
Madhyamgram,Taratala,1,Private,,,33,BT College > Birati > Airport Gate 3 > Airport Gate 1 > Kaikhali > Haldirams > Teghoria > Baguiati > Kestopur > Dumdum Park > Laketown > Sreebhumi > Ultadanga > Bengal Chemical > Apollo Hospital > Beleghata Building > Chingrighata > Mathpukur > Science City > Uttar Panchannagram > VIP Bazar > Ruby > Acropolis Mall > Bosepukur > Kasba PS > Ballygunge Station > Gariahat > Deshapriya Park > Rashbehar
Madhyamgram,Tollygunge Metro,1,WBTC,,,33,Doltala > BT College > Birati > Airport Gate 3 > Airport Gate 1 > Kaikhali > Haldirams > Teghoria > Baguiati > Kestopur > Dumdum Park > Laketown > Sreebhumi > Ultadanga > Bengal Chemical > Apollo Hospital > Beleghata Building > Chingrighata > Mathpukur > Science City > Uttar Panchannagram > VIP Bazar > Ruby > Acropolis Mall > Bosepukur > Kasba PS > Ballygunge Station > Gariahat > Deshapriya Park >
Magra,Asansol,1,Private,,,16,Panuda > Bainchi > Memari > Rasulpur > Shaktigarh > Barddhaman Nawabhat Bus Stand > Galsi > Budbud > Panagarh > Muchipara > Durgapur City Center > Andal > Raniganj Punjabi > Kalipahari
Mahamayatala,Babughat,1,Private,,,17,Garia Metro > Naktala > Bansdroni > Netaji Nagar > Ranikuthi > Malancha Cinema > Tollygunge Metro > Rabindra Sarovar > Rashbehari > Kalighat > Hazra > Bhabani Bhawan > PTS > Fort William > Esplanade
Mahara,Bankura,1,,07:00,07:00,11,Chepua > Baidyanathpur > Manbazar > Pairachali > Molian > Boga > Bangla > Puabagan > Dhaldanga
Maheshpur,Garhbeta,1,,,,2,
Mahishbathan,Nimta Bazar,1,Private,,,22,College More > SDF > Wipro > Karunamoyee > Purta Bhawan > Baisakhi > Saltlake 4no Tank > Saltlake PNB > Ultadanga > Khanna Cinema > Shyambazar > Chiria > Sinthi > Tobin Road > Bonhooghly > Dunlop > Rathtala > Belgharia Station > Badamtala > Culture
Maipith,Joynagar,1,WBTC,,,25,Maipith Coastal > Binodpur > Bhubaneshwari > Debipur > Bhasa Panchrasta Bazar > Petkulchand Bazar > Dakshin Durgapur > Manikpir > Madhabpur > Kantamari > Sankizahan > Mandalerhat > Jamtala > Kultali > Naskarpara > Jalaberia > Kholakhali Hat > Priyor > Natunhat > Mollarchak > Tulsighata > Nimpith > Duttabazar
Malancha,Kolkata Station,1,Private,,,27,Minakhan > Kushangra > Bamanpukur > Ghushighata > Ghatakpukur > Nalmuri > Boralighat > Paglarhat > Bhojerhat > Kantatala > Leather Complex > Bantala Bazar > Chowbaga > Science City > Topsia > 4 No Bridge > Chittaranjan Hospital > CIT Road > Moulali > Sealdah > Rajabazar > Maniktala > Khanna Cinema > Shyambazar > RG Kar
Malbazar,Balurghat,1,NBSTC,06:30,06:30,2,
Malbazar,Esplanade,1,WBTC,,,35,Damdim > Oodlabari > Bagrakot > Coronation Bridge > Sevoke > Mahananda Forest > Salugara > Siliguri > Islampur > Kishanganj > Dalkhola > Raiganj > Itahar > Gazole > Malda > Farakka > Omarpur > Morgram > Palsanda > Berhampore > Beldanga > Rejinagar > Palashi > Debagram > Bethuadahari > Dhubulia > Krishnanagar > Shantipur > Ranaghat > Chakdah > Jaguli > Barasat > Airport
Malbazar,Islampur,1,NBSTC,06:50,06:50,2,
Malbazar,Jorai,1,NBSTC,06:50,06:50,2,
Malbazar,Malda,1,NBSTC,06:00,06:00,2,
Malbazar,Medical More,1,NBSTC,07:40,07:40,2,
Malbazar,Siliguri,1,NBSTC,08:00,08:00,2,
Malda,Dhupguri,1,NBSTC,05:30,05:30,2,
Malda,Dinhata,1,NBSTC,07:00,07:00,57,Narayanpur > Alampur > Gazole > Moyna > Checkpost > Baliyapara > Itahar > Durgapur > Kasba > Raiganj > Siliguri More > Nagar > Tungidighi > Karandighi > Domohona > Dalkhola > Purnia More > Kanki > Kishanganj > Panjipara > Islampur > Chopra > Bidhannagar > Ghoshpukur > Bagdogra > Matigara > Siliguri > Naukaghat More > Fulbari > Fatapukur > Gosal More > Jalpaiguri Bypass > Domohoni > Maynaguri Bypas
Malda,Joygaon,1,NBSTC,05:00,05:00,2,
Malda,Nainan,1,WBTC,,,67,Sujapur > Kaliachak > Farakka > Dhulian > Chander > Ahiran > Omarpur > Sedighi > Morgram > Panchgram > Sherpur > Nagar > Khargram > Kuli > Bahadurpur > Sundarpur > Futisanko > Pirtala > Nutangram > Natunhat > Muratipur > Norja > Dewandighi > Barddhaman Station > Shaktigarh > Dankuni > Salap > Santragachi > Esplanade > Taratala > Behala PS > Behala 14 No > Behala Manton > Behala Chowrasta > Sakher 
Maldanga,Esplanade,1,WBTC,,,11,Manteshwar > Kusumgram > Bamunia > Satgachia > Shankarpur > Memari > Dankuni > Salap > Santragachi
Malipanchghara,Sealdah,1,Mini Bus,,,10,Bandha Ghat > Salkia Chowrasta > Golabarai PS > Pilkhana > Howrah Station > Barabazar > MG Road > College Street
Manbazar,Barddhaman Alisha Bus Stand,1,Private,,,16,Payrachali > Hatirampur > Bangla > Poabagan > Bankura Pump > Satighat > Bankura Bypass > Beliatore > Sonamukhi > Kankordanga > Rasulpur > Khandaghosh > Bankura > Telipukur
Manbazar,Bardhaman,1,,05:25,05:25,2,
Manbazar,Chandrakona Road,1,,05:40,05:40,12,Pairachali > Hatirampur > Khatra > Lakshmisagar > Simlapal > Bikrampur > P More > Sarenga > Pingboni > Goaltore
Manbazar,Durgapur (City Center),1,,05:30,05:30,2,
Manbazar,Esplanade,1,WBTC,,,23,Puncha > Saldiha > Jorda > Bangla > Indpur > Sunukpahari > Puabagan > Bankura > Makurgram > Beliatore > Barjora > Durgapur Station > Durgapur City Center > Dvc > Muchipara > Panagarh Bypass > Barddhaman Bypass > Shaktigarh > Dankuni > Salap > Santragachi
Manbazar,Kolkata,1,,10:20,10:20,2,
Manbazar,Kolkata (Esplanade),1,,04:10,04:10,23,Bandwan > Kuilapal > Paradihi > Banspahari > Tamajuri > Belpahari > Silda > Binpur > Dahijuri > Jhargram > Lodhasuli > Guptamoni > Kharagpur > Debra > Mechogram > Kolaghat > Bagnan > Uluberia > Dhulagarh > Kona Express More > Santragachi
Manbazar,Suisa,1,,07:10,07:10,8,Sindri > Barabazar > Balarampur > Gobindapur > Baghmundi > Kalimati
Manbazar,Tatanagar,1,,14:00,14:00,5,Bandwan > Katin > Patamda
Mandarmani,Salt Lake,1,Santosh Bus Service,05:15,05:15,2,
Mandirtala,BBD Bag,1,Private,,,8,Vidyasagar Setu > PTS > Rabindra Sadan > Maidan > Park Street > Esplanade
Mandirtala,Esplanade,1,Mini Bus,,,10,Kazipara > Avani Mall > Shibpur Bazar > Mallick Fatak > Howrah Maidan > Howrah Station > Barabazar > BBD Bag
Mangrol,Digha,1,,,,7,Ghatal > Panskura > Mecheda > Nandakumar > Heria
Mangrul,Howrah,1,,05:20,05:20,2,
Mangrul,Karunamoyee,1,,06:40,06:40,2,
Manihara,Bankura,1,,13:20,13:20,7,Jorehira > Hatjor > Jhantipahari > Kharbona > Chhatna
Manihara,Barddhaman Nawabhat Bus Stand,1,Private,,,15,Jorhira > Dhaban > Shaltora > Kusthal > G Ghati > Durlavpur > Maliara > Borjora > Durgapur Station > Muchipara > Panagarh > Budbud > Galsi
Manihara,Bardhaman,1,,06:00,06:00,2,
Manihara,Ranibandh,1,,09:00,09:00,12,Jorehira > Jhantipahari > Kharbona > Chhatna > Bankura > Dhaldanga > Puabagan > Indpur > Hatirampur > Khatra
Matapara,Unitech Gate 2,1,Private,,,45,Gohal Beria > 58 Gate > Mohani > Dhulasimla > Gourhati > Uluberia > Nimdighi > Khalisani > Panchla > Ranihati > Dhulagarh > Alampur > Jalan Gate > Ankurhati > Nibra > Khejurtala > Garpa > Santragachi > Baksara > Belepole > Carry Road > Vidyasagar Setu > Hastings > PTS > Rabindra Sadan > Minto Park > Beck Bagan > Park Circus > 4 No Bridge > Topsia > Science City > EM Bypass > Mathpukur > Metropolit
Mathabhanga,Farakka,1,NBSTC,05:45,05:45,3,Siliguri
Mathabhanga,Gangarampur,1,NBSTC,06:45,06:45,3,Siliguri
Mathabhanga,Harirampur,1,NBSTC,08:00,08:00,3,Siliguri
Mathabhanga,Islampur,1,NBSTC,11:00,11:00,3,Cooch Behar
Mathabhanga,Malda,1,NBSTC,10:00,10:00,3,Siliguri
Mathabhanga,Siliguri - Sitai,1,NBSTC,08:30,08:30,2,
Mathpukur,Howrah Station,1,Mini Bus,,,11,Dhapa Road > Palmer Bazar > Sealdah > Moulali > Wellington > Chandni Chowk > Esplanade > BBD Bag > Barabazar
Mayapur,Bardhaman,1,RUBINA PARIBAHAN,05:30,05:30,10,Dhubulia > Krishnanagar > Nabadwip > Nadanghat > Samudragarh > Satgachia > Hatgobindapur > Golapbag
Mayapur Hulor Ghat Bus Stand,Barddhaman Nawabhat Bus Stand,1,Private,,,22,Mayapur Iskcon Temple > Bamanpukur > Dhubilia > Krishnanagar > Krishnanagar High Road > Bhaluka Battala > Nabadwip Railgate > Hematpur > Nadanghat > Samudragarh > Dhatrigram > Madhupur > Bulbulitala > Bohar > Satgachia > Paharhati > Nabastha > Hatgobindopur > Barddhaman Station > Golapbag
Maynaguri,Omarpur,1,NBSTC,04:00,04:00,2,
Mayta,Bankura,1,,05:40,05:40,11,Garhbeta > Amlagora > Hoomgarh > Amlasuli > Bikrampur > Simlapal > Taldangra > Ratanpur > Dhaldanga
Mecheda,Khatra,1,,06:20,06:20,2,
Mecheda,Medinipur,1,,05:40,05:40,17,Ramtarak > Nimtouri > Nandakumar > Bajkul > Bhagabanpur > Bhimeswari > Bibhishanpur > Manglamaro > Patashpur > Dasagram > Temathani > Jamna > Balichak > Debra > Madpur
Mecheda Station,Tarakeswar,1,Golden,06:50,06:50,24,Haldia More > Deulia Bazar > Siddha Bazar > Mechogram > Khukurdah > Gaura > Daspur > Ghatal > Borda Chaukan > Khara > Mangrul > Tatarpur > Hajipur > Kamarpukur > Goghat > Kalipur > Arambagh > Mayapur > Kable > Chapadanga > Muktarpur > Ramnarayanpur
Medinipur,Bandwan,1,SHIVAM TRAVEL'S,06:50,06:50,18,Mohanpur > Kharagpur > Nimpura > Kalaikunda > Guptamoni > Lodhasuli > Jhargram > Dahijuri > Binpur > Silda > Belpahari > Tamajuri > Banspahari > Poradih > Kuilapal > Chhirudi
Medinipur,Barasat,1,SBSTC,16:00,16:00,5,Kolaghat > Dunlop > Madhyamgram
Medinipur,Belpahari,1,BABA BASANTA ROY TRAVELS,08:40,08:40,8,Chandra > Dherua > Jhargram > Dahijuri > Binpur > Silda
Medinipur,Chandrakona Road,1,,13:50,13:50,5,Bhadutala > Godapiasal > Salboni
Medinipur,Garhbeta,1,,,,5,Godapiasal > Salboni > Chandrakona Road
Medinipur,Howrah,1,,05:40,05:40,12,Mohanpur > Kharagpur > Debra > Mechogram > Kolaghat > Bagnan > Uluberia > Dhulagarh > Kona Express More > Santragachi
Medinipur,Kalyani,1,MAA TARA TRAVELS,05:50,05:50,13,Debra > Mechogram > Kolaghat > Bagnan > Uluberia > Dhulagarh > Bally > Dakshineswar > Dunlop > Madhyamgram > Barasat
Medinipur,Khatra,1,,05:40,05:40,15,Bhadutala > Godapiasal > Salboni > Chandrakona Road > Garhbeta > Hoomgarh > Amlasuli > Bikrampur > Simlapal > Taldangra > Bibarda > Harmasra > Arkama
Medinipur,Lalgarh,1,,09:35,09:35,10,Bhadutala > Godapiasal > Salboni > Chandrakona Road > Goaltore > Pingboni > Ramgarh > Kantapahari
Medinipur,Malda,1,,04:30,04:30,2,
Medinipur,Mandarmani,1,Gobinda,08:55,08:55,12,Mohonpur > Kharagpur Chowringhee > Kharagpur Station > Belda > Khakurda > Egra > Satmile > Kanthi > Pichabani > Chaulkhola
Medinipur,Purulia,1,SBSTC,06:40,06:40,3,Jhargram
Medinipur,Raskundu,1,,09:15,09:15,2,
Memari,Bolpur,1,,05:50,05:50,2,
Metiabruz,Howrah Station,1,Mini Bus,,,13,Bichali Ghat > Kamal Talkies > Ramnagar > Garden Reach > Babubazar > Kidderpore > Hastings > Fort William > Esplanade > BBD Bag > Barabazar
Metiabruz,Shyambazar,1,Mini Bus,,,20,Bichali Ghat > Kamal Talkies > Ramnagar > Garden Reach > Babubazar > Kidderpore > Hastings > Princep Ghat > Babughat > Esplanade > Bentinck Street > Lalbazar > Poddar Court > Rabindra Sarani > Ganesh Talkies > BK Paul > Sovabazar > Rajballavpara
Metiabruz Ssp Hospital,Behala 14 No,1,WBTC,,,8,Metiabruz > Santoshpur Station > Nature Park > Jhinjhira Bazar > Brace Bridge > Taratala
Midnapore,Karunamoyee,1,WBTC,,,17,Ashari > Panskura > Kolaghat > Bagnan > Panchla > Ranihati > Dhulagarh > Alampur > Salap > Nivedita Setu > Dunlop > Belgharia Expressway > Airport > VIP Road > Ultadanga
Midnapore,Omarpur,1,WBTC,,,19,Bhadutala > Godapiasal > Salboni > Chandrakona Road > Garhbeta > Bishnupur > Bankura > Durgapur City Center > Joydev > Dubrajpur > Kachujor > Suri > Mohammad Bazar > Mallarpur > Rampurhat > Nalhati > Moregram
Midnapore Central Bus Stand,Digha,1,,,,4,Belda > Egra Central Bus Stand
Midnapore Central Bus Stand,Durgachak Central Bus Stand,1,,,,10,Madpur > Debra > Panskura > Mechogram > Mecheda > Tamluk > Nandakumar > Mahishadal
Midnapore Town,Habra Depot,1,WBTC,,,25,Kharagpur Chowrangee > Basantapur > Debra > Ashari > Panskura Bazar > Mechogram > Kolaghat > Bagnan > Dhulagarh > Salap > Dunlop Bridge > Airport Gate 3 > Birati > BT College > Madhyamgram > Barasat Chapadali > Bamangachi > Duttapukur > Bira Chowmatha > Guma Chowmatha > Khosdelpur > Ashoknagar Station > Habra Station
Midnapur,Indus Via-Kolkata,1,SBSTC,11:45,11:45,2,
Midnapur,Kharika Mathani,1,SBSTC,09:00,09:00,3,Kolkata
Midnapur,Mohar,1,SBSTC,12:30,12:30,3,Kolkata
Midnapur,Namkhana,1,SBSTC,11:00,11:00,2,
Milk Colony,New Alipore,1,Private,,,23,Ashubabu Bazar > Belgachia > RG Kar > Shyambazar > Rajballavpara > Sovabazar > Girish Park > MG Road > Medical College > Central > Chandni Chowk > Esplanade > Park Street > Maidan > Rabindra Sadan > Bhowanipore > Hazra > Kalighat > Rashbehari > Chetla Park > Durgapur Bridge
Milk Colony,Sakher Bazar,1,Private,,,25,Ashubabu Bazar > Belgachia > RG Kar > Shyambazar > Khanna Cinema > Maniktala > Rajabazar > Sealdah > Moulali > Wellington > Chandni Chowk > Esplanade > Park Street > Maidan > Rabindra Sadan > PTS > Hastings > Kidderpore > Ekbalpur > Mominpore > Majherhat > Behala 14 No > Behala Chowrasta
Mirzapur,Kolkata (Esplanade),1,,07:10,07:10,2,
Mohanpur,Medinipur,1,,07:30,07:30,8,Jankapur > Turka > Khandrui > Khakurda > Belda > Kharagpur
Mohar,Midnapur,1,SBSTC,06:00,06:00,3,Kolkata
Mohishpota,Babughat,1,Private,,,24,Parthapur > Natagarh > Bhomboler > Sodepur Station > Kamarhati > Rathtala > Dunlop > Bonhooghly > Tobin Road > Sinthi > Chiria > Shyambazar > Hatibagan > Hedua > Vivekananda Road > Amherst Street > Bank Of India > Bowbazar > Hind Cinema > Wellington > Chandni Chowk > Esplanade
Molian,Kashipur,1,,06:30,06:30,15,Boga > Bangla > Indpur > Sunukpahari > Puabagan > Bankura > Chhatna > Kharbona > Jhantipahari > Arrah > Rangamati > Talajuri > Gourangadih
Moonbeam,Esplanade,1,Private,,,19,Akanksha > City Center 2 > Chinar Park > Lokenath Mandir > Baguiati > Kestopur > Dumdum Park > Laketown > Sreebhumi > Ultadanga > Kankurgachi > Maniktala > Rajabazar > Sealdah > Moulali > Wellington > Chandni Chowk
Moonbeam,Howrah Station,1,Private,,,18,Akanksha > City Center 2 > Chinar Park > Lokenath Mandir > Baguiati > Kestopur > Dumdum Park > Laketown > Sreebhumi > Ultadanga > Kankurgachi > Maniktala > Vivekananda Road > Girish Park > MG Road > Barabazar
Morebandh,Krishnanagar,1,,06:50,06:50,2,
Mougram,Asansol,1,ISRAIL TRAVELS,05:25,05:25,15,Salar > Pachundi > Futishanko > Kirnahar > Nanoor > Bolpur > Illambazar > Piyariganj > Panagarh > Durgapur (Muchipara) > Durgapur (City Center) > Andal > Raniganj
Mourigram,Saltlake Stadium,1,Mini Bus,,,26,Chunavati > Hanskhali > Bakultala > Danesh Shaikh Lane > Amtala Phari > Narayana Hospital > Bataitala Phari > Kazipara > Avani Mall > Shibpur Bazar > Mallick Fatak > Howrah Maidan > Howrah Station > Barabazar > MG Road > Girish Park > Vivekananda Road > Maniktala > Kankurgachi > Ultadanga > Saltlake PNB > Saltlake CA Block > Labony Estate > Saltlake 13no Tank
Moyna,Bishnupur,1,,06:45,06:45,23,Balaipanda > Barisha > Jalchak > Maligram > Pingla > Mundumari > Balichak > Debra > Basantpur > Madpur > Mohanpur > Medinipur > Bhadutala > Godapiashal > Salbani > Mandalkupi > Chandrakona Road > Garhbeta > Dhadhika > Bankadaha > 1 No. Camp
Moyna,Jhargram,1,,07:00,07:00,13,Balaipanda > Jalchak > Pingla > Mundumari > Balichak > Debra > Madpur > Medinipur > Kharagpur > Guptamoni > Lodhasuli
Moynaguri,Esplanade,1,WBTC,,,29,Jalpaiguri Bypass > Fatapukur > Fulbari > Siliguri > Islampur > Kishanganj > Dalkhola > Raiganj > Itahar > Gazole > Malda > Kaliachak > Farakka > Dhuliyan > Omarpur > Morgram > Berhampore > Beldanga > Rejinagar > Palashi > Bethuadahari > Krishnanagar > Shantipur > Ranaghat > Chakdah > Barasat > Airport
Moynapur,Kolkata (Esplanade),1,,07:40,07:40,2,
Muchighata,Karunamoyee,1,Private,,,37,Jhikira > Joypur > Sehagori > Amta > Panpur > Ranihati > Dhulagarh > Alampur > Jalan Gate > Ankurhati > Nibra > Khejurtala > Garpa > Santragachi > Baksara > Belepole > Carry Road > Vidyasagar Setu > PTS > Rabindra Sadan > Maidan > Park Street > Esplanade > Chandni Chowk > Wellington > Moulali > Sealdah > Beleghata > Beleghata Building > Chingrighata > Sukantanagar > Nicco Park > SDF > College More
Mukundapur,Amta,1,Private,,,28,EM Bypass > Kalikapur > Ruby > VIP Bazar > Uttar Panchannagram > Science City > Topsia > Park Circus > Beck Bagan > Minto Park > Rabindra Sadan > PTS > Vidyasagar Setu > Carry Road > Belepole > Baksara > Santragachi > Garpa > Khejurtala > Nibra > Ankurhati > Jalan Gate > Alampur > Dhulagarh > Ranihati > Panpur
Mukundapur,Howrah Fire Station,1,Private,,,18,EM Bypass > Kalikapur > Ruby > VIP Bazar > Science City > Topsia > 4 No Bridge > Chittaranjan Hospital > CIT Road > Moulali > Wellington > Chandni Chowk > Esplanade > BBD Bag > Barabazar > Howrah Station
Mukundapur,Shirakole,1,WBTC,,,27,EM Bypass > Ajaynagar > Santoshpur > Jadavpur 8B > Dhakuria > Golpark > Gariahat > Ballygunge Phari > Garcha Road > Sishu Mangal > Hazra > Alipore Court > Burdwan Road > Majherhat > Behala 14 No > Behala Chowrasta > Sakher Bazar > Shilpara > Thakurpukur > Joka Bridge > Pailan > Bhasha 14no > Khariberia > Bishnupur > Amtala
Mundumari,Karunamoyee,1,,04:40,04:40,18,Pingla > Jalchak > Balaipanda > Moyna > Nimtouri > Mecheda > Kolaghat > Bagnan > Uluberia > Dhulagarh > Kona Express More > Salap > Bally > Dakshineswar > Dunlop > Dum Dum Airport
Munshirhat,Howrah Station,1,WBTC,,,14,Pantihal > Bargachia > Domjur > Makardaha > Katlia > Salap > Bankra Bazar > Japani Gate > Dasnagar > Shanpur > Tikiapara Bypass > Howrah Maidan
Muzaffarpur Bihar,Siliguri,1,Shyamoli Paribahan,,,2,
Nabadwip,Arambagh,1,,07:50,07:50,10,Hematpur > Nadanghat > Kusumgram > Golapbag > Bardhaman > Telipukur > Sehara Bazar > Uchalan
Nabadwip,Bishnupur,1,,04:10,04:10,19,Hematpur > Nadanghat > Samudragarh > Satgachia > Hatgobindapur > Golapbag > Birhata > Bardhaman > Telipukur > Sehara Bazar > Uchalan > Arambagh > Goghat > Kamarpukur > Jayrambati > Kotulpur > Joypur
Nabadwip,Digha,1,SBSTC,06:30,06:30,4,Kalna > Kolkata
Nabadwip,Illambazar,1,Private,,,23,Hematpur > Shrirampur > Parulia Bazar > Chhatni > Dainhat > Katwa Bus Stand > Katwa Station > Shrikhanda > Kaichar > Nigan > Bolgona > Muratipur > Debpur > Gukara > Alutiya > Aushgram > Bononabagram > Morebandh > Chora > Basudha > 11 Mile
Nabadwip,Manbazar,1,,03:45,03:45,2,
Nabadwip,Tarkeshwar,1,,,,2,
Nabadwip Railgate,Uttar Ramnagar,1,Private,,,29,Hematpur > Shrirampur > Parulia Bazar > Chhatni > Dainhat > Katwa Bus Stand > Katwa Station > Dakbangla > Jajigram > Palishgram > Natuhat > Atghora > Kashemnagar > Amdobe > Kolaipara > Jalpara > Guskara Bus Stand > Guskara College > Gupinpur > Hamirpur > Jora Amtala > Bhedia > Joykrishnapur > Kalidaha > Shrikrishnapur > Panduk > Dinanathpur
Nabanna,Airport Gate 1,1,WBTC,,,18,Howrah Station > Barabazar > MG Road > Girish Park > Sovabazar > Rajballavpara > Shyambazar > RG Kar > Belgachia > Patipukur > Kalindi > Bangur Avenue > Diamond Plaza > Nager Bazar > ILS Hospital > Central Jail
Nabanna,Airport Gate 3,1,WBTC,,,25,Vidyasagar Setu > PTS > Rabindra Sadan > Maidan > Park Street > Esplanade > Chandni Chowk > Central > MG Road > Girish Park > Sovabazar > Rajballavpara > Shyambazar > RG Kar > Belgachia > Patipukur > Kalindi > Bangur Avenue > Diamond Plaza > Nager Bazar > ILS Hospital > Central Jail > Airport Gate 1
Nabanna,Ariadaha,1,WBTC,,,19,Vidyasagar Setu > Fort William > Esplanade > BBD Bag > Lalbazar > Central > MG Road > Girish Park > Sovabazar > Rajballavpara > Shyambazar > Chiria > Sinthi > Tobin Road > Bonhooghly > Dunlop > Dakshineswar
Nabanna,Ballygunge Station,1,WBTC,,,12,Mandirtala > Vidyasagar Setu > PTS > Rabindra Sadan > Bhowanipore > Hazra > Kalighat > Rashbehari > Deshapriya Park > Gariahat
Nabanna,Barasat Chapadali,1,Private,,,30,Vidyasagar Setu > PTS > Rabindra Sadan > Minto Park > Beck Bagan > Park Circus > 4 No Bridge > Topsia > Science City > Mathpukur > Chingrighata > Beleghata Building > Apollo Hospital > Bengal Chemical > Ultadanga > Sreebhumi > Laketown > Dumdum Park > Kestopur > Baguiati > Teghoria > Haldirams > Kaikhali > Airport Gate 1 > Airport Gate 3 > Birati > BT College > Madhyamgram
Nabanna,Dunlop,1,WBTC,,,19,Vidyasagar Setu > PTS > Rabindra Sadan > Maidan > Park Street > Esplanade > Chandni Chowk > Central > MG Road > Girish Park > Sovabazar > Rajballavpara > Shyambazar > Chiria > Sinthi > Tobin Road > Bonhooghly
Nabanna,Esplanade,1,WBTC,,,7,Vidyasagar Setu > PTS > Rabindra Sadan > Maidan > Park Street
Nabanna,Jadavpur 8B,1,WBTC,,,14,Vidyasagar Setu > PTS > Rabindra Sadan > Bhowanipore > Hazra > Kalighat > Rashbehari > Deshapriya Park > Southern Avenue > Golpark > Dhakuria > Jadavpur PS
Nabanna,Karunamoyee,1,WBTC,,,15,Vidyasagar Setu > PTS > Rabindra Sadan > Maidan > Park Street > Esplanade > Chandni Chowk > Wellington > Moulali > Sealdah > Beleghata > Beleghata Building > Central Park
Nabanna,Kudghat,1,WBTC,,,11,Vidyasagar Setu > PTS > Rabindra Sadan > Bhowanipore > Hazra > Kalighat > Rashbehari > Rabindra Sarovar > Tollygunge Metro
Nabanna,Nayabad,1,WBTC,,,21,Vidyasagar Setu > PTS > Rabindra Sadan > Bhowanipore > Hazra > Kalighat > Rashbehari > Deshapriya Park > Southern Avenue > Golpark > Dhakuria > Jadavpur PS > Jadavpur 8B > Santoshpur > Ajaynagar > Hiland Park > Peerless Hospital > New Garia > Garia Station
Nabanna,Nilgunge,1,WBTC,,,33,Vidyasagar Setu > PTS > Rabindra Sadan > Maidan > Park Street > Esplanade > Chandni Chowk > Central > MG Road > Girish Park > Sovabazar > Rajballavpara > Shyambazar > Chiria > Sinthi > Tobin Road > Bonhooghly > Dunlop > Rathtala > Kamarhati > Sodepur Girja > Khardaha > Titagarh > Barrackpore Chiria > Barrackpore Station > Subhash Colony > Wireless > Mohanpur > Debpukur > Chapuria > Mathrangi
Nabanna,Patuli,1,WBTC,,,26,Vidyasagar Setu > PTS > Rabindra Sadan > Maidan > Park Street > Esplanade > Chandni Chowk > Wellington > Moulali > CIT Road > Chittaranjan Hospital > Park Circus > 4 No Bridge > Topsia > Science City > Uttar Panchannagram > VIP Bazar > Ruby > Kalikapur > EM Bypass > Mukundapur > Ajaynagar > Hiland Park > Peerless Hospital
Nabanna,Rajabazar,1,WBTC,,,12,Vidyasagar Setu > PTS > Rabindra Sadan > Maidan > Park Street > Esplanade > Chandni Chowk > Wellington > Moulali > Sealdah
Nabanna,Rajarhat,1,Private,,,30,Vidyasagar Setu > PTS > Rabindra Sadan > Maidan > Park Street > Esplanade > Chandni Chowk > Wellington > Moulali > Sealdah > Beleghata > Beleghata Building > Chingrighata > Nicco Park > SDF > College More > DLF 1 > Newtown > Axis Mall > Narkelbagan > Ecopark > Nawabpur > Akanksha > City Center 2 > Chinar Park > Salua Bazar > Derozio College > Reckjuani
Nabanna,Sector V,1,WBTC,,,16,Vidyasagar Setu > PTS > Rabindra Sadan > Maidan > Park Street > Esplanade > Chandni Chowk > Wellington > Moulali > Sealdah > Beleghata > Beleghata Building > Chingrighata > Nicco Park
Nabatkati,Barasat Chapadali,1,WBTC,,,31,Balti Bazar > Goalbathan > Bithari > Nandibari > Duttapara > Nirman > Sarapul > Mallickbari > Malangapara > Swarupnagar > Hathatgange > Tentulia > Ramchandrapur Bazar > Kayosa Bazar > Benar > Chandipur > Kalupur > Chatra Bazar > Machhlandapur > Nakpul Bazar > Payragachi > Joygachi > Habra Station > Ashoknagar Station > Khosdelpur > Guma Chowmatha > Bira Chowmatha > Duttapukur > Bamangachi
Nadanghat,Bardhaman,1,,12:10,12:10,3,Mirzapur
Nagar,Burdwan,1,SBSTC,05:00,05:00,3,Kolkata
Nagar,Digha,1,SBSTC,05:50,05:50,2,
Nagar,Esplanade,1,WBTC,,,18,Khargram > Kuli > Dakbangla Hat > Bahadurpur > Futisanko > Pirtala > Nutangram > Natunhat > Muratipur > Norja > Dewandighi > Bardhhaman Station > Shaktigarh > Dankuni > Salap > Santragachi
Nager Bazar,Anandapur,1,Private,,,31,Diamond Plaza > Bangur Avenue > Kalindi > Patipukur > Belgachia > RG Kar > Shyambazar > Khanna Cinema > Maniktala > Rajabazar > Sealdah > Moulali > Wellington > Chandni Chowk > Esplanade > Park Street > Maidan > Rabindra Sadan > Bhowanipore > Hazra > Kalighat > Rashbehari > Deshapriya Park > Gariahat > Ballygunge Station > Kasba PS > Bosepukur > Acropolis Mall > Ruby
Nager Bazar,Dankuni Housing,1,Private,,,11,Dumdum Station > Chiria > Sinthi > Tobin Road > Bonhooghly > Dunlop > Dakshineswar > Ballyhalt > Rajchandrapur
Nager Bazar,Golpark,1,Private,,,19,Diamond Plaza > Bangur Avenue > Laketown > Sreebhumi > Ultadanga > Kankurgachi > Phoolbagan > Beleghata > Sealdah > Moulali > Mallick Bazar > Beck Bagan > Minto Park > Lansdowne > Sishu Mangal > Deshapriya Park > Southern Avenue
Nager Bazar,Salap,1,Private,,,16,Diamond Plaza > Bangur Avenue > Kalindi > Patipukur > Ashubabu Bazar > Chiria > Sinthi > Tobin Road > Bonhooghly > Dunlop > Dakshineswar > Ballyhalt > Rajchandrapur > Kona
Nager Bazar,Science City,1,Private,,,14,Dumdum Station > Chiria > Shyambazar > Khanna Cinema > Maniktala > Rajabazar > Sealdah > Moulali > Mallick Bazar > Park Circus > 4 No Bridge > Topsia
Nahata,Barasat Chapadali,1,Private,,,19,Nimtala > Nagarukhra > Hapania > Jhikra Bazar > Chanda > Banbania > Habra Station > Habra Manasabari > Kalyangarh > Kachua > 8 No Kalibari > Ashoknagar Station > Khosdelpur > Guma Chowmatha > Bira Chowmatha > Duttapukur > Bamangachi
Nahata,Howrah Station,1,WBTC,,,40,Bokchora > Gaighata > Bagna > Dharampur > Kolashim Bazar > Kulpukur > Chongda > Hatthuba > Saptapally > Joygachi > Habra Station > Ashoknagar Station > Khosdelpur > Guma Chowmatha > Bira Chowmatha > Duttapukur > Bamangachi > Barasat Chapadali > Madhyamgram > BT College > Birati > Airport Gate 3 > Airport Gate 1 > Kaikhali > Haldirams > Teghoria > Baguiati > Kestopur > Dumdum Park > Laketown > Sree
Naihati,Digha,1,SBSTC,05:45,05:45,2,
Naihati Station,Digha,1,WBTC,,,27,Shyamnagar > Bhatpara > Palta > Barrackpore Chiria > Sodepur > Dunlop > Salap > Ballyhalt > Salap > Ankurhati > Dhulagarh > Panchla > Uluberia > Bagnan > Kolaghat > Mecheda > Nimtouri > Nandakumar > Norghat > Bajkul > Heria > Nachinda > Contai Bus Stand > Chowalkhola > Ramnagar
Naihati Station,Newtown,1,WBTC,,,47,Saheb Colony > Dogachia > Banstala > Panpur > Keutia > Gurdah > Basudebpur > Hansia > Kowgachi > Muthurapur > Kayrapur > Babanpur > Kundubari > Wireless > Mohanpur > Debpukur > Chapuria > Mathrangi > Nilgunge > Rangapur > Kokapur > Jagannathpur > Barbaria > Barasat Colony > Madhyamgram > BT College > Birati > Airport Gate 3 > Airport Gate 1 > Kaikhali > Haldirams > Teghoria > Baguiati > Kestopur >
Nainan,Esplanade,1,WBTC,,,22,Dighirpar > Bakrahat > Bibirhat > Praxis Business School > Raspunja > Iim Joka > Joka Khalpole > Joka Esi > Thakurpukur 3A Bus Stand > Thakurpukur Bazar > Shilpara > Sakher Bazar > Behala Chowrasta > Behala Manton > Behala 14 No > Behala PS > Taratala > Bhowani Bhawan > Alipore Zoo > PTS
Nainan,Malda,1,WBTC,,,67,Kalatalahat > Bhadura > Sahararhat > Belsingha > Sargaria > Harindanga > Majlishpur > Basudebpur > Dighirpar > Dostipur > Fatehpur > Hashimnagar > Mollarthesh > Shirakole > Rajarhat > Kriparampur > Amtala > Bishnupur PS > Bagirhat > Khariberia > Bhasha 14no > Swaminarayan Temple > Pailan > Joka Bharat Sevashram Hospital > Iim Joka > Joka Khalpole > Joka Esi > Thakurpukur 3A Bus Stand > Thakurpukur
Nainan,Tarapith,1,WBTC,,,51,Kalatalahat > Bhadura > Sahararhat > Belsingha > Sagaria > Harindanga > Majlishpur > Basudebpur > Dighirpar > Dostipur > Fatehpur > Mollarthesh > Shirakole > Hashimnagar > Rajarhat > Kriparampur > Amtala > Bishnupur PS > Bagirhat > Khariberia > Bhasa Mandir > Pailan > Joka > Thakurpukur > Shilpara > Sakher Bazar > Behala Chowrasta > Behala > Taratala > Esplanade > Santragachi > Salap > Dankuni > S
Namkhana,Habra Depot,1,WBTC,,,39,Kakdwip Bus Stand > Nischintipur > Karanjali > Kulpi > Hatuganj > Diamond Harbour > Sarisha > Shirakole > Amtala > Bishnupur > Bhasha 14no > Pailan > Joka Bridge > Thakurpukur > Shilpara > Sakher Bazar > Behala Chowrasta > Behala 14 No > Majherhat > Mominpore > Alipore Zoo > PTS > Esplanade > Ultadanga > Airport Gate 1 > Airport Gate 3 > Birati > BT College > Madhyamgram > Barasat Chapadali > Bama
Namkhana,Midnapur,1,SBSTC,05:00,05:00,2,
Nandakumar,Medinipur,1,,07:00,07:00,13,Chandipur > Bajkul > Mirzapur > Bibhishanpur > Manglamaro > Patashpur > Dasagram > Temathani > Jamna > Kharagpur > Mohanpur
Nandakumar,Salt Lake,1,Santosh Bus Service,06:40,06:40,2,
Nandi Bagan,Bibirhat,1,WBTC,,,23,Haltu Bazar > Kasba Post Office > Ballygunge Station > Gariahat > Deshapriya Park > Rashbehari > Hazra > Kalighat > Alipore Court > Burdwan Road > Majherhat > Behala 14 No > Behala Chowrasta > Sakher Bazar > Shilpara > Thakurpukur > Joka Bridge > Hanspukur > Rasapunja > Shamali > Shamukpota
Nandigram,Bankura,1,,03:20,03:20,23,Chandipur > Nandakumar > Tamluk > Mecheda > Mechogram > Keshapat > Khukur Daha > Goura > Sultannagar > Daspur > Ghatal > Khirpai > Chandrakona Town > Raskundu > Garhbeta > Dhadika > Bankadaha > Bishnupur > Ramsagar > Onda > Dhaldanga
Nandigram,Digha,1,SBSTC,06:20,06:20,2,
Nandigram,Esplanade,1,WBTC,,,16,Amtalya > Choumukhi > Khodambari > Reyapara > Math Chandipur > Nandakumar > Radhamoni > Mecheda > Kolaghat > Bagnan > Uluberia > Ranihati > Dhulagarh > Santragachi
Nandigram,Garia,1,,04:15,04:15,2,
Nandigram,Howrah,1,,07:00,07:00,2,
Nandigram,Kolkata,1,SBSTC,08:00,08:00,2,
Nanur,Esplanade,1,WBTC,,,6,Basapara > Natunhat > Barddhaman > Dankuni
Napara,Kolkata (Esplanade),1,,04:10,04:10,26,Gopalpur > Belut > Saldiha > Bangla > Indpur > Sunukpahari > Puabagan > Dhaldanga > Onda > Ramsagar > Bishnupur > Joypur > Kotulpur > Khatul > Bengai > Arambagh > Mayapur > Champadanga > Siakhala > Mosat > Chanditala > Dankuni > Dunlop > Shyambazar
Narit,Howrah Station,1,WBTC,,,21,Khejurdaha > Joypur > Sehagori > Amta > Panpur > Ranihati > Dhulagarh > Alampur > Jalan Gate > Ankurhati > Nibra > Salap > Bankra Bazar > Japani Gate > Baltikuri > Dasnagar > Shanpur > Tikiapara Bypass > Howrah Maidan
Natunhat,Asansol,1,,05:25,05:25,9,Guskara > Budbud > Panagarh > Durgapur (Muchipara) > Durgapur (City Center) > Andal > Raniganj
Nawpara,Kolkata,1,,,,6,Kotulpur > Arambagh > Mayapur > Champadanga
Nayabad,Nabanna,1,WBTC,,,21,Garia Station > New Garia > Peerless Hospital > Hiland Park > Ajaynagar > Santoshpur > Jadavpur 8B > Jadavpur PS > Dhakuria > Golpark > Southern Avenue > Deshapriya Park > Rashbehari > Kalighat > Hazra > Bhowanipore > Rabindra Sadan > PTS > Vidyasagar Setu
Nayabad,Ramnagar,1,Private,,,22,Garia Station > New Garia > EM Bypass > Peerless Hospital > Ajaynagar > Santoshpur > Jadavpur 8B > Dhakuria > Golpark > Southern Avenue > Deshapriya Park > Rashbehari > Rabindra Sarovar > Tollygunge Phari > Mahabirtala > New Alipore > Taratala > Brace Bridge > Jhinjhira Bazar > Nature Park
Nazat,Basirhat,1,Private,,,9,Metekhali > Akhratala > Kharampur > Rajapur > Bhebia Chowrasta > Pifa Bazar > Bhabla Station
Nazat,Esplanade,1,WBTC,,,32,Metekhali > Akhratala > Kharampur > Rajapur > Bhebia Chowrasta > Nimchi Bazar > Chaital Ghat > Malancha > Minakhan > Kushangra > Bamanpukur > Ghushighata > Ghatakpukur > Nalmuri > Boralighat > Paglarhat > Bhojerhat > Kantatala > Leather Complex > Bantala Bazar > Chowbaga > Science City > Mathpukur > Chingrighata > Beleghata Building > Beleghata > Sealdah > Moulali > Wellington > Chandni Chowk
Nazat,Habra Station,1,WBTC,,,25,Metekhali > Akhratala > Kharampur > Rajapur > Bhebia Chowrasta > Pifa Bazar > Bhabla Station > Basirhat > Trimohini > Kholapota > Gadarati > Taragunia > Baduria Bazar > Rudrapur > Haidarpur > Bagjola Bazar > Magra Bazar > Shimulpur > Biswashati > Machhlandapur > Nakpul Bazar > Payragachi > Joygachi
Nazipur,Tarapith,1,MANGALIK TRAVELS,07:10,07:10,7,Betai > Palasi > Baharampur > Nalhati > Rampurhat
Neilgunj,Esplanade,1,WBTC,,,18,Mohanpur > Lalkuthi > BKP Chiriamore > Talpukur > Titagarh P.S > Khardha > Panihati > Rathtala > Dunlop > SinthiMore > Shyambazar > Gray St > Vivekananda Rd > MG Rd > Kalutala > BB Ganguly St
Neilgunj,Howrah,1,WBTC,,,20,Mohanpur > Lalkuthi > BKP/Chiriamore > Talpukur > Titagarh P.S > Khardha > Sukchar Manument > Panihati > Kamarhati > Rathtala > Dunlop > SinthiMore > Shyambazar > Gray St > Vivekananda Rd > MG Rd > Satya Narayan Park > Howrah Bridge East
Neradeul,Garhbeta,1,,07:40,07:40,4,Chandrakona Town > Raskundu
Neradeul,Kolkata,1,,05:30,05:30,2,
Netaji Nagar,Howrah Station,1,Private,,,16,Ranikuthi > Malancha Cinema > Tollygunge Metro > Rabindra Sarovar > Rashbehari > Kalighat > Hazra > Bhowanipore > Rabindra Sadan > Maidan > Park Street > Esplanade > BBD Bag > Barabazar
New Alipore,Milk Colony,1,Private,,,23,Durgapur Bridge > Chetla Park > Rashbehari > Kalighat > Hazra > Bhowanipore > Rabindra Sadan > Maidan > Park Street > Esplanade > Chandni Chowk > Central > Medical College > MG Road > Girish Park > Sovabazar > Rajballavpara > Shyambazar > RG Kar > Belgachia > Ashubabu Bazar
New Barrackpore,Digha,1,WBTC,,,18,BT College > Birati > Dunlop > Salap > Dhulagarh > Ranihati > Bagnan > Kolaghat > Mecheda > Nandakumar > Bajkul > Henria > Contai > Ramnagar > Old Digha > New Digha
New Barrackpore,Howrah Station,1,Mini Bus,,,24,BT College > Michaelnagar > Birati > Airport Gate 3 > Airport Gate 1 > Kaikhali > Haldirams > Teghoria > Baguiati > Kestopur > Dumdum Park > Laketown > Sreebhumi > Ultadanga > Khanna Cinema > Hatibagan > Sovabazar > Girish Park > MG Road > Central > BBD Bag > Barabazar
Newtown,Barrackpore Station,1,WBTC,,,36,Mahishbathan > College More > Wipro > Karunamoyee > Bikash Bhawan > City Center 1 > Saltlake Gate > Ultadanga > Sreebhumi > Laketown > Dumdum Park > Kestopur > Baguiati > Teghoria > Haldirams > Kaikhali > Airport Gate 1 > Airport Gate 3 > Birati > BT College > Madhyamgram > Barasat Chapadali > Barasat Colony > Barbaria > Jagannathpur > Kokapur > Rangapur > Nilgunge > Mathrangi > Chapuria > Debpuku
Newtown,Behala 14 No,1,Private,,,23,DLF 1 > College More > SDF > Nicco Park > Chingrighata > Mathpukur > Science City > Uttar Panchannagram > VIP Bazar > Ruby > Acropolis Mall > Bosepukur > Kasba PS > Ballygunge Station > Gariahat > Deshapriya Park > Rashbehari > Chetla Park > Durgapur Bridge > New Alipore > Roy Bahadur Road
Newtown,Digha,1,WBTC,,,32,Karunamoyee > Ultadanga > Kankurgachi > Maniktala > Girish Park > Central Avenue > Esplanade > Santragachi > Dhulagarh > Ranihati > Panchla > Uluberia Checkpost > Bagnan > Kolaghat > Mecheda > Radhamoni > Nimtauri > Nandakumar > Norghat > Chandipur > Bajkul > Henria > Nachinda > Contai > Pichaboni > Chaulkhola > Balisai > Ramnagar > Old Digha > New Digha
Newtown,Garia Station,1,Private,,,16,East Enclave > Technopolis > College More > SDF > Swastha Bhawan > Nicco Park > Chingrighata > Science City > Uttar Panchannagram > Ruby > Kalikapur > Ajaynagar > Patuli > Dhalai Bridge
New Town,Howrah,1,WBTC,,,9,Newtown > SDF > Chingrihata > SC City > Topsia > Exide > Esplanade
Newtown,Howrah Station,1,WBTC,,,18,DLF 1 > Technopolis > College More > SDF > Nicco Park > Chingrighata > Beleghata Building > Beleghata > Sealdah > Nrs Hospital > Moulali > Wellington > Chandni Chowk > Esplanade > BBD Bag > Barabazar
Newtown,Nabanna,1,Private,,,16,DLF 1 > College More > SDF > Nicco Park > Chingrighata > Mathpukur > Science City > Topsia > Park Circus > Beck Bagan > Minto Park > Rabindra Sadan > PTS > Vidyasagar Setu
Newtown,Naihati Station,1,WBTC,,,47,Mahishbathan > College More > Wipro > Karunamoyee > Bikash Bhawan > City Center 1 > Saltlake Gate > Ultadanga > Sreebhumi > Laketown > Dumdum Park > Kestopur > Baguiati > Teghoria > Haldirams > Kaikhali > Airport Gate 1 > Airport Gate 3 > Birati > BT College > Madhyamgram > Barasat Colony > Barbaria > Jagannathpur > Kokapur > Rangapur > Nilgunge > Mathrangi > Chapuria > Debpukur > Mohanpur > Wirel
Newtown,Parnasree,1,WBTC,,,27,DLF 1 > Technopolis > College More > SDF > Wipro > Nicco Park > Chingrighata > Mathpukur > Science City > Uttar Panchannagram > VIP Bazar > Ruby > EM Bypass > Kalikapur > Sapuipara > Saheed Nagar > Jadavpur PS > South City > Lake Gardens > Anwar Shah Road > Tollygunge Phari > Mahabirtala > New Alipore > Taratala > State Garage
Newtown,Shyampur,1,Private,,,47,DLF 1 > College More > SDF > Nicco Park > Chingrighata > Metropolitan > Mathpukur > EM Bypass > Science City > Topsia > 4 No Bridge > Park Circus > Beck Bagan > Minto Park > Rabindra Sadan > PTS > Vidyasagar Setu > Carry Road > Belepole > Baksara > Santragachi > Garpa > Khejurtala > Nibra > Ankurhati > Jalan Gate > Alampur > Dhulagarh > Ranihati > Panchla > Khalisani > Nimdighi > Uluberia > Bagnan
Newtown,Thakurpukur,1,WBTC,,,26,DLF 1 > College More > SDF > Nicco Park > Chingrighata > Mathpukur > Science City > Uttar Panchannagram > VIP Bazar > Ruby > Acropolis Mall > Bosepukur > Kasba PS > Ballygunge Station > Gariahat > Deshapriya Park > Rashbehari > Rabindra Sarovar > Tollygunge Metro > Haridevpur > Keorapukur > Kabardanga > Kalitala Housing > Cancer Hospital
Newtown Bus Stand,Nabanna Bus Terminus,1,WBTC,,,18,DLF1 > Technopolis > College More > SDF > Chingrighata > Building More > CIT More > Beleghata Sales Tax > Sealdah Station > Moulali > Esplanade > GPO > Burrabazar > Howrah Station > Howrah Court > Kazipara
New Town (Sapoorji),Howrah,1,WBTC,,,9,Newtown > SDF > Chingrihata > SC City > Topsia > Exide > Esplanade
Nilgunge,Esplanade,1,WBTC,,,26,Mathrangi > Chapuria > Debpukur > Mohanpur > Wireless > Subhash Colony > Barrackpore Station > Titagarh > Khardaha > Sodepur Girja > Kamarhati > Rathtala > Dunlop > Bonhooghly > Tobin Road > Sinthi > Chiria > Shyambazar > Rajballavpara > Sovabazar > Girish Park > MG Road > Central > Chandni Chowk
Nilgunge,Nabanna,1,WBTC,,,33,Mathrangi > Chapuria > Debpukur > Mohanpur > Wireless > Subhash Colony > Barrackpore Station > Barrackpore Chiria > Titagarh > Khardaha > Sodepur Girja > Kamarhati > Rathtala > Dunlop > Bonhooghly > Tobin Road > Sinthi > Chiria > Shyambazar > Rajballavpara > Sovabazar > Girish Park > MG Road > Central > Chandni Chowk > Esplanade > Park Street > Maidan > Rabindra Sadan > PTS > Vidyasagar Setu
Nimpith,Esplanade,1,WBTC,,,39,Joynagar > Baharu > Dakshin Padmerhat > Gocharan > Shasan > Puratan Bazar > Shibanipith > Baruipur Hospital > Kachari Bazar > Baruipur Station > Padmapukur > Jogi Battala > Khasmallick > Antara Mental Hospital > Gobindapur > Malancha > Haritala > Harinavi > Rajpur Bazar > Narendrapur > Kamalgazi > Mahamayatala > Garia Metro > Naktala > Bansdroni > Netaji Nagar > Ranikuthi > Malancha Cinema > Tolly
Nimta Bazar,Howrah Station,1,Mini Bus,,,18,Belgharia Station > Rathtala > Dunlop > Bonhooghly > Tobin Road > Sinthi > Chiria > Shyambazar > Rajballavpara > Sovabazar > BK Paul > Ahiritola > Jorabagan > Malapara > Barabazar > Posta Bazar
Nimta Bazar,Mahishbathan,1,Private,,,22,Culture > Badamtala > Belgharia Station > Rathtala > Dunlop > Bonhooghly > Tobin Road > Sinthi > Chiria > Shyambazar > Khanna Cinema > Ultadanga > Saltlake PNB > Saltlake 4no Tank > Baisakhi > Purta Bhawan > Karunamoyee > Wipro > SDF > College More
Nirsa,Tatanagar,1,,05:30,05:30,13,Chirkunda > Barakar > Dishergarh > Sarbori More > Raghunathpur > Anara > Golkunda > Purulia > Balarampur > Barabazar > Katin
NJP-GB-MM,City 2,1,NBSTC,07:30,07:30,2,
NJP-GB-MM,City 3,1,NBSTC,08:30,08:30,2,
NJP-GB-MM,City 4,1,NBSTC,09:30,09:30,2,
Noapara,Esplanade,1,Private,,,13,Tobin Road > Sinthi > Chiria > Shyambazar > Khanna Cinema > Maniktala > Rajabazar > Sealdah > Moulali > Wellington > Chandni Chowk
Noorpur,Esplanade,1,WBTC,,,23,Raichak > Sarisha > Dostipur > Fatehpur > Shirakole > Amtala > Bishnupur > Khariberia > Bhasha 14no > Pailan > Joka Bridge > Thakurpukur > Shilpara > Sakher Bazar > Behala Chowrasta > Behala 14 No > Majherhat > Mominpore > Bhabani Bhawan > PTS > Fort William
Noorpur,Patharpratima,1,WBTC,,,29,Raichak > Sarisha > Kalagachia > Mohanpur > Kapathat > Leninnagar > Noongola > Diamond Harbour > Dalanghata > Hatugunge > Uttar Chandipur > Kachuberia > Kulpi > Dakshin Ramkrishnapur > Chakdulalpur > Karanjali > Belpukur > Bhagabanpur > ONGC > Natun Rasta > Kakdwip Station > Kakdwip Bus Stand > Kajoler > Hospital > Gangadharpur > Addhabazar > Milan
Noorpur,Ramganga,1,WBTC,,,39,Raichak > Sarisha > Kalagachia > Mohanpur > Kapathat > Leninnagar > Noongola > Diamond Harbour > Dalanghata > Hatugunge > Uttar Chandipur > Kachuberia > Kulpi > Tantirhat > Dayarampur Bazar > Lakshmikantapur Station > Polerhat > Gabberia > Bhagabatipur > Siddhiberia > Patharberia > Jamalpur > Jagadishpur Hospital > Dholahat > Dakshin Birampur > Bhagabanpur > Chowdhury Chak > Sarasberia > Brahmaner
Old Dakghar,Baghajatin,1,Private,,,20,Mollar Gate > Rampur Quarter > SM Nagar > Sarkarpool > Jhinjhira Bazar > Brace Bridge > Taratala > Majherhat > Mominpore > Alipore Court > Hazra > Kalighat > Rashbehari > Deshapriya Park > Gariahat > Golpark > Dhakuria > Jadavpur 8B
Omarpur,Esplanade,1,WBTC,,,21,Sheikhdighi > Morgram > Panchgram > Sherpur > Nagar > Khargram > Kuli > Bahadurpur > Sundarpur > Futisanko > Pirtala > Natunhat > Muratipur > Norja > Dewandighi > Bardhhaman > Shaktigarh > Dankuni > Santragachi
Omarpur,Midnapore,1,WBTC,,,19,Moregram > Nalhati > Rampurhat > Mallarpur > Mohammad Bazar > Suri > Kachujor > Dubrajpur > Joydev > Durgapur City Center > Bankura > Bishnupur > Garhbeta > Chandrakona Road > Salboni > Godapiasal > Bhadutala
Padmashree,Airport 1 No,1,,,,22,Baghajatin > Jadavpur > Dhakuria > Golpark > Gariahat > Ballygunge Phari > Park Circus > CIT Road > Moulali > Sealdah > Beleghata > Phoolbagan > Kankurgachi > Ultadanga > Lake Town > Bangur > Kestopur > Baguiati > Teghoria > Haldiram
Paikpara,Garia Station,1,Private,,,22,Shyambazar > Khanna Cinema > Ultadanga > Bengal Chemical > Apollo Hospital > Beleghata Building > Chingrighata > Mathpukur > Science City > Uttar Panchannagram > VIP Bazar > Ruby > Kalikapur > EM Bypass > Mukundapur > Ajaynagar > Hiland Park > Peerless Hospital > Patuli > Dhalai Bridge
Pairachali,Barakar,1,MAA DURGA TRAVELS,07:00,07:00,11,Rakhera > Bishpuria > Hura > Damankiari > Kashipur > Adra > Raghunathpur > Sarbori More > Dishergarh
Pairachali,Silda,1,,07:00,07:00,15,Bhagabanpur > Kashibediya > Kumidya > Puabagan > Bankura > Ratanpur > Taldangra > Simlapal > Bikrampur > P More > Raipur > Motgoda > Fulkusma
Palashipara,Esplanade,1,WBTC,,,11,Jitpur > Tehatta > Krishnanagar > Ranaghat > Jaguli > Barasat Colony > Madhyamgram > Airport Gate 1 > Ultadanga
Palbazar,Howrah Station,1,Private,,,19,Garfa Road > Sapuipara > Ramlal Bazar > Haltu Bazar > Kasba Post Office > Ballygunge Station > Gariahat > Deshapriya Park > Sishu Mangal > Lansdowne > Minto Park > Rabindra Sadan > Maidan > Park Street > Esplanade > BBD Bag > Barabazar
Pancharul,Howrah Station,1,Private,,,19,Jagaldaha > Gourangachak > Narkelberia > Basantapur > Peror > Munshirhat > Bargachia > Domjur > Makardaha > Katlia > Salap > Bankra Bazar > Japani Gate > Dasnagar > Shanpur > Tikiapara Bypass > Howrah Maidan
Panchla,Dunlop,1,Private,,,14,Dhamisa > Ranihati > Dhulagarh > Alampur > Jalan Gate > Ankurhati > Nibra > Salap > Kona > Rajchandrapur > Ballyhalt > Dakshineswar
Panchmura,Bishnupur,1,,06:40,06:40,2,
Panchthupi,Asansol,1,,07:20,07:20,14,Sundarpur > Marut > Futishanko > Kirnahar > Nanoor > Bolpur > Illambazar > Panagarh > Durgapur (Muchipara) > Durgapur (Station) > Andal > Raniganj
Pandaveswar,Purulia,1,,07:40,07:40,11,Raniganj > Mejia > Pabra > Saltora > Santuri > Raghunathpur > Sanka > Anara > Golkunda
Panna,Nabadwip,1,,04:40,04:40,14,Kotulpur > Bengai > Khatul > Arambagh > Uchalan > Sehara Bazar > Telipukur > Bardhaman > Golapbag > Kusumgram > Nadanghat > Hematpur
Panskura,Arambagh,1,,03:50,03:50,2,
Panskura,Bankura,1,,05:25,05:25,21,Mechogram > Keshapat > Khukur Daha > Goura > Sultannagar > Daspur > Ghatal > Baroda Chowkan > Radhanagar > Khirpai > Chandrakona Town > Chandrakona Road > Garhbeta > Dhadika > Bankadaha > Bishnupur > Ramsagar > Onda > Dhaldanga
Panskura,Contai,1,,04:55,04:55,9,Debra > Balichak > Jamna > Temathani > Dasagram > Patashpur > Egra
Panskura,Jhargram,1,,07:40,07:40,19,Keshapat > Khukur Daha > Goura > Sultannagar > Daspur > Ghatal > Radhanagar > Khirpai > Kalikapur > Chandrakona Town > Guiadaha > Chandrakona Road > Goaltore > Pingboni > Ramgarh > Kantapahari > Lalgarh
Panskura,Karunamoyee,1,SITARAM PARIBAHAN,05:55,05:55,14,Ramtarak > Mecheda > Kolaghat > Bagnan > Uluberia > Dhulagarh > Kona Express More > Salap > Bally > Dakshineswar > Dunlop > Dum Dum Airport
Panskura,Tarkeshwar,1,,07:55,07:55,2,
Panskura Station,Burdwan,1,,,,0,
Parasidanga,Asansol,1,,07:30,07:30,18,Arkama > Khatra > Hatirampur > Bangla > Indpur > Sunukpahari > Puabagan > Dhaldanga > Bankura > Makurgram > Beliatore > Barjora > Durgapur (Station) > Durgapur (City Center) > Andal > Raniganj
Pardankuni,Howrah Station,1,Private,,,12,Delhi Road > Dankuni Housing > Rajchandrapur > Ballyhalt > Ballykhal > Bally Bazar > Belurmath > Liluah > Bandha Ghat > Golabarai PS
Park Circus,Airport Gate 1,1,WBTC,,,21,Topsia > Science City > Mathpukur > Chingrighata > Nicco Park > SDF > College More > Technopolis > DLF 1 > Newtown > Axis Mall > Narkelbagan > Ecopark > Nawabpur > Akanksha > City Center 2 > Chinar Park > Haldirams > Kaikhali
Park Circus,Bankra Bazar,1,Mini Bus,,,19,Chittaranjan Hospital > CIT Road > Moulali > Wellington > Chandni Chowk > Esplanade > Babughat > Barabazar > Howrah Station > Howrah Maidan > Panchanantala > Power House > Kadamtala > Ichapur > Shanpur > Dasnagar > Japani Gate
Park Circus,Dankuni,1,WBTC,,,13,Chingrighata > SDF > Technopolis > Rabindra Tirtha > Nababpur > Chiner Park > Airport > Durganagar > Nimta > Dakshineswar > Bally Halt
Park Circus,Dankuni Housing,1,WBTC,,,30,Topsia > Science City > Mathpukur > Chingrighata > Nicco Park > SDF > College More > Technopolis > DLF 1 > Newtown > Axis Mall > Narkelbagan > Ecopark > Nawabpur > Akanksha > City Center 2 > Chinar Park > Haldirams > Kaikhali > Airport Gate 1 > Airport Gate 3 > Durganagar > Mathkal > Dunlop Bridge > Dakshineswar > Ballyhalt > Rajchandrapur > Maiti Para
Park Circus,Dumurjola,1,Private,,,15,Chittaranjan Hospital > CIT Road > Moulali > Sealdah > College Street > MG Road > Barabazar > Howrah Station > Howrah Maidan > Panchanantala > Power House > Kadamtala > Ichapur
Park Circus,Habra Depot,1,WBTC,,,31,Topsia > Science City > Mathpukur > Chingrighata > Nicco Park > SDF > College More > DLF 1 > Newtown > Axis Mall > Narkelbagan > Ecopark > Nawabpur > Akanksha > City Center 2 > Chinar Park > Haldirams > Kaikhali > Airport Gate 1 > Birati > BT College > Madhyamgram > Barasat Chapadali > Bamangachi > Duttapukur > Bira Chowmatha > Guma Chowmatha > Khosdelpur > Ashoknagar Station
Park Circus,Hakimpur,1,NBSTC,,,15,Science City > Chingrighata > Karunamoyee > Sector V > Newtown Bus Terminus > Chinarpark > Airport > Barasat > Berachampa > Baduria > Swarupnagar > Nirman > Bithari
Park Circus,Howrah Maidan,1,Mini Bus,,,11,Chittaranjan Hospital > CIT Road > Moulali > Wellington > Chandni Chowk > Esplanade > BBD Bag > Barabazar > Howrah Station
Park Street,Howrah Maidan,1,WBTC,,,7,Esplanade > Eden Gardens > Babughat > Barabazar > Howrah Station
Parnashree,Karunamoyee,1,WBTC,,,10,Tollygunge Phari > Rashbehari > Gariahat > Kasba Depot Gate > VIP Bazar > Sc. City > Chingri Ghata > HUDCO
Parnashri,Eco Space,1,WBTC,,,18,Taratala Xing > New Alipore > P.A.Sh Rd > Lords Beckary > Jadavpur PS > Sapuipara > Kalikapur > Ruby Hospital > E.M.Byepass > Sc.City > Chingrihata > Nicco Park > SDF > Technopolis > New Town Bus Stand > Home Town
Parnashri,Sapoorji,1,WBTC,,,24,T.DEPOT > MARINE COLLEGE > T.T.XING > NEWALIPORE > MAHABIRTALA > P A Sha Rd > LAKE GARDENS > JADAVPUR P.S > SAPUIPARA > KALIKAPUR > RUBY > S.CITY > CHINGRIGHATA > SUKANTA NAGAR > NICCO PARK > SWASTHA BHAVAN > COLLEGE MORE > TECHONOPOLIS > NEWTOWN > HOMETOWN > NARKELBAGAN > UNITECH
Parnasree,Karunamoyee,1,WBTC,,,29,Taratala > New Alipore > Mahabirtala > Tollygunge Phari > Rashbehari > Deshapriya Park > Gariahat > Ballygunge Station > Kasba PS > Bosepukur > Acropolis Mall > Ruby > VIP Bazar > Uttar Panchannagram > Science City > Mathpukur > Chingrighata > Beleghata Building > Apollo Hospital > Bengal Chemical > Saltlake Gate > Saltlake PNB > Saltlake 4no Tank > Quality > Baisakhi > Purta Bhawan > Bidyut Bhawa
Parnasree,Newtown,1,WBTC,,,27,State Garage > Taratala > New Alipore > Mahabirtala > Tollygunge Phari > Anwar Shah Road > Lake Gardens > South City > Jadavpur PS > Saheed Nagar > Sapuipara > Kalikapur > EM Bypass > Ruby > VIP Bazar > Uttar Panchannagram > Science City > Mathpukur > Chingrighata > Nicco Park > Wipro > SDF > College More > Technopolis > DLF 1
Parnasree,Sealdah,1,Private,,,18,Jhinjhira Bazar > Brace Bridge > Taratala > Majherhat > Mominpore > Ekbalpur > Kidderpore > Hastings > Fort William > Esplanade > BBD Bag > Podder Court > Central > Bowbazar > Medical College > College Street
Parnasree,Shapoorji,1,WBTC,,,31,Taratala > New Alipore > Mahabirtala > Tollygunge Phari > Anwar Shah Road > Lake Gardens > South City > Jadavpur PS > Saheed Nagar > Sapuipara > Kalikapur > EM Bypass > Ruby > VIP Bazar > Uttar Panchannagram > Science City > Mathpukur > Chingrighata > Nicco Park > Wipro > SDF > College More > DLF 1 > Newtown > Axis Mall > Narkelbagan > Unitech Gate 1 > Uem Campus > Karigari Bhawan
Parnasree,Unitech Gate 1,1,WBTC,,,27,Taratala > Majherhat > Mominpore > Ekbalpur > Kidderpore > Hastings > PTS > Rabindra Sadan > Minto Park > Beck Bagan > Mallick Bazar > Moulali > Sealdah > Beleghata > Beleghata Building > Chingrighata > Sukantanagar > Nicco Park > Wipro > SDF > College More > DLF 1 > Newtown > Axis Mall > Narkelbagan
Parsola,Bankura,1,,08:30,08:30,7,Lakshmisagar > Harmasra > Bibarda > Ratanpur > Dhaldanga
Parsola,Raniganj,1,,06:40,06:40,15,Lakshmisagar > Harmasra > Bibarda > Ratanpur > Dhaldanga > Bankura > Kanchanpur > Gobindadham > Amarkanan > Desuria > Gangajalghati > Durlavpur > Mejia
Patharghata,Ahiritola,1,Private,,,21,Gangraguri > Kalur > Bishnupur > Rajarhat Chowmatha > Reckjuani > Derozio College > Salua Bazar > Chinar Park > Lokenath Mandir > Baguiati > Kestopur > Dumdum Park > Laketown > Sreebhumi > Ultadanga > Khanna Cinema > Hatibagan > Sovabazar > BK Paul
Patharmora,Bankura,1,,05:25,05:25,7,Sonamukhi > Pakhanna > Barjora > Beliatore > Makurgram
Patharpara,Chandrakona Town,1,,06:00,06:00,2,
Patharpara,Durgapur (Station),1,JOY BABA KHETRAPAL TRAVELS,05:15,05:15,17,Amlasuli > Hoomgarh > Radhanagar > Amlagora > Garhbeta > Dhadika > Bankadaha > Bishnupur > Ramsagar > Onda > Dhaldanga > Bankura > Makurgram > Beliatore > Barjora
Patharpara,Medinipur,1,JOY BABA KHETRAPAL TRAVELS,07:20,07:20,11,Amlasuli > Hoomgarh > Radhanagar > Garhbeta > Kiaboni > Chandrakona Road > Salboni > Godapiasal > Bhadutala
Patharpratima,Diamond Harbour,1,WBTC,,,21,Milan > Addhabazar > Gangadharpur > Hospital > Kajoler > Kakdwip Bus Stand > Kakdwip Station > Natun Rasta > ONGC > Bhagabanpur > Belpukur > Karanjali > Chakdulalpur > Dakshin Ramkrishnapur > Kulpi > Kachuberia > Uttar Chandipur > Hatugunge > Dalanghata
Patharpratima,Noorpur,1,WBTC,,,29,Milan > Addhabazar > Gangadharpur > Hospital > Kajoler > Kakdwip Bus Stand > Kakdwip Station > Natun Rasta > ONGC > Bhagabanpur > Belpukur > Karanjali > Chakdulalpur > Dakshin Ramkrishnapur > Kulpi > Kachuberia > Uttar Chandipur > Hatugunge > Dalanghata > Diamond Harbour > Noongola > Leninnagar > Kapathat > Mohanpur > Kalagachia > Sarisha > Raichak
Patrasayer,Molian,1,,06:40,06:40,2,
Patuli,Howrah,1,WBTC,,,6,GARIAHAT > HAZRA > EXIDE > PARK STREET
Patuli,Howrah Station,1,WBTC,,,28,Peerless Hospital > Hiland Park > Ajaynagar > EM Bypass > Mukundapur > Kalikapur > Ruby > Acropolis Mall > Bosepukur > Kasba PS > Ballygunge Station > Gariahat > Deshapriya Park > Lake Mall > Rashbehari > Kalighat > Hazra > Bhowanipore > Rabindra Sadan > Maidan > Park Street > Esplanade > BBD Bag > GPO > Shipping Corporation > Barabazar
Patuli,Ramnagar,1,WBTC,,,24,Peerless Hospital > Hiland Park > Ajaynagar > EM Bypass > Mukundapur > Medica Hospital > Kalikapur > Ruby > Acropolis Mall > Bosepukur > Kasba PS > Ballygunge Station > Gariahat > Deshapriya Park > Rashbehari > Chetla Park > Burdwan Road > Mominpore > Ekbalpur > Kidderpore > Babubazar > Garden Reach
Phoolbagan,Howrah Station,1,Mini Bus,,,10,Rajabazar > Sealdah > Bank Of India > Bowbazar > Central > Lalbazar > BBD Bag > Barabazar
Phulberia,Bankura Bus Stand,1,,,,22,Darkini > Kumorpur > Kuldiha > Bera > Baid > Amjhor > Sukhadali > Birbhanpur > P More > Hetyagora > Bikrampur > Simlapal > Palkra > Kanali > Taldangra > Shibdanga More > Ratanpur > Natungram > Dhaldaunga > Bankura Bypass
Phulkusma,Mecheda,1,,,,9,Bikrampur > Dubrajpur > Amlasuli > Humgarh > Garhbeta > Chandrakona Road > Chandrakona Town
Phulkusma,Mecheda Railway Station,1,,,,10,Bikrampur > Sarenga > Goaltore > Garhbeta C.B.T > Chandrakona Road > Chandrakona Town > Khirpai > Ghatal
Phulkusma,Tarakeswar,1,,,,25,Raipur > P. More > Sarenga > Pingboni > Goaltore > Chandrakona Road > Guadah > Baharasole > Chandrakona Town > Jayantipur > Kalikapur > Banka > Khirpai > Jara > Srinagar > Ramjibanpur > Hajipur > Kamarpukur > Goghat > Arambagh > Mayapur > Sodepur > Pursurah
Picnic Garden,Bichali Ghat,1,Private,,,19,Kustia > Bondel Gate > Ballygunge Phari > Garcha Road > Sishu Mangal > Hazra > Kalighat > Alipore Court > Command Hospital > Ekbalpur > Kidderpore > Babubazar > Garden Reach > Ramnagar > Fatehpur > HMG College > Mudiali
Picnic Garden,High Court,1,Private,,,13,Colony Bazar > Kustia > Bondel Gate > 4 No Bridge > Chittaranjan Hospital > CIT Road > Moulali > Wellington > Chandni Chowk > Esplanade > BBD Bag
Picnic Garden,Howrah Station,1,Mini Bus,,,16,Colony Bazar > Kustia > Bondel Gate > Ballygunge Phari > Garcha Road > Sishu Mangal > Hazra > Bhowanipore > Rabindra Sadan > Maidan > Park Street > Esplanade > BBD Bag > Barabazar
P More,Bhubaneswar,1,DAS TRAVEL'S,17:30,17:30,13,Raipur > Matgoda > Fulkusma > Silda > Binpur > Jhargram > Gopiballabpur > Cuttack > Belda > Baleshwar > Bhadrak
P More,Contai,1,RANA MOTORS,05:55,05:55,16,Sarenga > Pingboni > Goaltore > Debagram > Pirakata > Moupal > Patharkumkumi > Bhadutala > Medinipur > Mohanpur > Kharagpur > Belda > Khakurda > Egra
Polerhat,Shyambazar,1,Private,,,20,Bazetaraf > Shikharpur > Vedic Village > Lauhati > Bishnupur > Rajarhat Chowmatha > Reckjuani > Derozio College > Salua Bazar > Chinar Park > Lokenath Mandir > Baguiati > Kestopur > Dumdum Park > Laketown > Sreebhumi > Ultadanga > Khanna Cinema
Pratap Dighi,Tarkeshwar,1,,04:30,04:30,2,
Purash,Howrah Station,1,Mini Bus,,,15,Ghoradaha > Munshirhat > Bargachia > Domjur > Makardaha > Katlia > Salap > Bankra Bazar > Japani Gate > Dasnagar > Shanpur > Tikiapara Bypass > Howrah Maidan
Puri,Durgapur,1,Shyamoli Paribahan,,,2,
Purulia,Asansol,1,,,,8,Golkunda > Anara > Raghunathpur > Sarbori More > Dishergarh > Neamatpur
Purulia,Baghmundi,1,GOUTAM TRAVELS,11:05,11:05,6,Damda > Aharara > Sirkabad > Ajodhya Hills
Purulia,Bandwan,1,,09:10,09:10,8,Simulia > Chakaltore > Gobindapur > Kenda > Gopalnagar > Manbazar
Purulia,Barddhaman Alisha Bus Stand,1,Private,,,23,Ladhurka > Laxmanpur > Lalpur > Hura > Bishpuria > Payrachali > Harigram > Bhagabanpur > Kalpathor > Kumidya > Poabagan > Bankura Bus Stand > Satighat > Bankura Bypass > Beliatore > Sonamukhi > Kankordanga > Rasulpur > Khandaghosh > Bankura > Telipukur
Purulia,Barddhaman Nawabhat,1,Private,,,18,Lalpur > Hura > Bishpuria > Kamalpur > Kharbona > Chhatna > Bankura Bus Stand > Satighat > Bankura Bypass > Beliatore > Sonamukhi > Kankordanga > Rasulpur > Khandaghosh > Bankura > Telipukur
Purulia,Bardhaman,1,,05:50,05:50,2,
Purulia,Chirkunda,1,LOKNATH TRAVELS,09:00,09:00,7,Golkunda > Anara > Sanka > Raghunathpur > Sarbori More
Purulia,Durgapur,1,SBSTC,09:05,09:05,8,Ladhurka > Hura > Kamalpur > Chhatna > Bankura Bus Stand > Beliatore
Purulia,Durgapur (City Center),1,Maharaja,04:35,04:35,8,Ladhurka > Hura > Kamalpur > Chhatna > Bankura Bus Stand > Beliatore
Purulia,Durgapur (Station),1,,08:15,08:15,8,Ladhurka > Hura > Kamalpur > Chhatna > Bankura Bus Stand > Beliatore
Purulia,Habra Depot,1,WBTC,,,29,Surulia > Ladhurka > Hura > Bishpuriya > Kamalpur > Dallpur > Chhatna > Bankura > Beliatore > Barjora > Durgapur Station > Durgapur City Center > Bardhaman > Dankuni Housing > Dunlop > Airport Gate 3 > Birati > BT College > Madhyamgram > Barasat Chapadali > Bamangachi > Duttapukur > Bira Chowmatha > Guma Chowmatha > Khosdelpur > Ashoknagar Station > Habra Station
Purulia,Manbazar,1,SUMAN TRAVELS,07:00,07:00,8,Damda > Urma > Balarampur > Barabazar > Katin > Bandwan
Purulia,Pandaveswar,1,,06:45,06:45,11,Golkunda > Anara > Sanka > Raghunathpur > Santuri > Saltora > Pabra > Mejia > Raniganj
Purulia,Raniganj,1,,08:20,08:20,10,Golkunda > Anara > Sanka > Raghunathpur > Santuri > Saltora > Pabra > Mejia
Purulia,Sarenga,1,KALIKA TRAVELS,05:00,05:00,13,Simulia > Chakaltore > Kenda > Gopalnagar > Manbazar > Pairachali > Hatirampur > Khatra > Haludkanali > Raipur > P More
Rabindra Nagar,Howrah Station,1,Mini Bus,,,16,Parnasree > Behala 14 No > Majherhat > Mominpore > Alipore Court > Bhabani Bhawan > Alipore Zoo > PTS > Rabindra Sadan > Maidan > Park Street > Esplanade > BBD Bag > Barabazar
Rabindra Sadan,Domjur,1,WBTC,,,14,PTS > Vidyasagar Setu > Carry Road > Belepole > Baksara > Santragachi > Garpa > Khejurtala > Salap > Katlia > Makardaha > Domjur Bdo Office
Rabindra Sadan,Howrah Maidan,1,Mini Bus,,,8,Maidan > Park Street > Esplanade > BBD Bag > Barabazar > Howrah Station
Radhanagar,Burul,1,Private,,,21,Uttar Ramkrishnapur > Dalanghata > Diamond Harbour > Noongola > Leninnagar > Kapathat > Mohanpur > Kalagachia > Sarisha > Pitambara > Pateswari Mandir > Dhukrijhara > Goundia Raghunathpur > Bhadura > Sahararhat > Mallickpur > Bisalakshmitala > Chandua Bazar > Burul Bazar
Radhanagar,Esplanade,1,WBTC,,,8,Gourangapur > Champadanga > Sheakhala > Mosat > Dankuni Housing > Santragachi
Raghunathpur,Bankura,1,,07:00,07:00,12,Santuri > Saltora > Jhanka > Lapahari > Dhaban > Jorehira > Hatjor > Jhantipahari > Kharbona > Chhatna
Raghunathpur,Tarapith,1,,06:15,06:15,12,Sarbori More > Dishergarh > Neamatpur > Asansol > Raniganj > Durgapur (City Center) > Durgapur (Muchipara) > Joydeb > Dubrajpur > Suri
Rahara Bazar,Babughat,1,Private,,,23,Kalyan Nagar > Rashmoni > Sodepur Station > Kamarhati > Rathtala > Dunlop > Bonhooghly > Tobin Road > Sinthi > Chiria > Shyambazar > Hatibagan > Hedua > Vivekananda Road > Amherst Street > Bank Of India > Bowbazar > Hind Cinema > Wellington > Chandni Chowk > Esplanade
Raichak,Esplanade,1,Private,,,22,Sarisha > Dostipur > Fatehpur > Shirakole > Amtala > Bishnupur > Khariberia > Bhasha 14no > Pailan > Joka Bridge > Thakurpukur > Shilpara > Sakher Bazar > Behala Chowrasta > Behala 14 No > Majherhat > Mominpore > Bhabani Bhawan > PTS > Fort William
Raidighi,Diamond Harbour,1,Private,,,18,Mayramahal > Companir Thek > Kashinagar > Krishnachandrapur > Lalpur > Belgachi > Khotirbazar > South Bishnupur > Mathurapur Station > Karbala > Pukuria Hat > Ratneshwarpur > Mandirbazar > Deular > Hatugunge > Dalanghata
Raiganj,Alipurduar,1,NBSTC,04:30,04:30,2,
Raiganj,Barasat,1,NBSTC,07:00,07:00,2,
Raiganj,Dhubri,1,NBSTC,16:00,16:00,3,Gangarampur
Raiganj,Falakata,1,NBSTC,03:45,03:45,2,
Raiganj,Malda,1,NBSTC,08:30,08:30,3,Bharatpur
Raipur,Babughat,1,Private,,,23,Dongaria > Nodakhali > Bakhrahat > Bibirhat > Shamukpota > Shamali > Rasapunja > Hanspukur > Joka Bridge > Thakurpukur > Shilpara > Sakher Bazar > Behala Chowrasta > Behala 14 No > Majherhat > Mominpore > Ekbalpur > Kidderpore > Hastings > Fort William > Esplanade
Raipur,Belda,1,,05:35,05:35,13,Motgoda > Fulkusma > Silda > Binpur > Dahijuri > Jhargram > Lodhasuli > Gopiballabpur > Kharikamathani > Bhasraghat > Keshiary
Raipur,Contai,1,,05:10,05:10,15,Motgoda > Fulkusma > Silda > Binpur > Dahijuri > Jhargram > Dherua > Chandra > Medinipur > Kharagpur > Belda > Khakurda > Egra
Raipur,Kolkata (Esplanade),1,RINA TRAVELS,05:15,05:15,17,Matgoda > Fulkusma > Silda > Binpur > Jhargram > Lodhasuli > Guptamoni > Kharagpur > Debra > Mechogram > Kolaghat > Bagnan > Uluberia > Dhulagarh > Santragachi
Raipur,Medinipur,1,MANDAL TRAVEL'S,05:25,05:25,12,Motgoda > Fulkusma > Baksi > Harda > Binpur > Jhargram > Lodhasuli > Guptamoni > Kharagpur > Mohanpur
Raipur,Purulia,1,,06:20,06:20,14,Motgoda > Fulkusma > Chendapathar > Jhilimili > Kuilapal > Chhirudi > Bandwan > Katin > Barabazar > Bamundiha > Chakaltore > Simulia
Rajabazar,Amtala,1,Private,,,26,Sealdah > Moulali > Wellington > Chandni Chowk > Esplanade > Park Street > Maidan > Rabindra Sadan > PTS > Hastings > Kidderpore > Ekbalpur > Mominpore > Majherhat > Behala 14 No > Behala Chowrasta > Sakher Bazar > Shilpara > Thakurpukur > Joka Bridge > Pailan > Bhasha 14no > Khariberia > Bishnupur
Rajabazar,Baburhat,1,Private,,,19,Sealdah > Moulali > CIT Road > 4 No Bridge > Topsia > Science City > Chowbaga > Bantala Bazar > Leather Complex > Kantatala > Bhojerhat > Paglarhat > Boralighat > Nalmuri > Ghatakpukur > Ghushighata > Minakhan
Rajabazar,Badartala,1,Private,,,23,Sealdah > Moulali > Wellington > Chandni Chowk > Esplanade > Babughat > Princep Ghat > Hastings > Kidderpore > Babubazar > BNR Hospital > Hide Road > Taratala > Brace Bridge > Jhinjhira Bazar > Nature Park > Ramnagar > Kamal Talkies > Bichali Ghat > Metiabruz > Rajabagan
Rajabazar,Behala 14 No,1,Mini Bus,,,14,Sealdah > Moulali > Mallick Bazar > Beck Bagan > Minto Park > Rabindra Sadan > Bhowanipore > Hazra > Kalighat > Alipore Court > Burdwan Road > Majherhat
Rajabazar,Bhebia Chowrasta,1,Private,,,11,Sealdah > Beleghata > Beleghata Building > Chingrighata > Science City > Ghatakpukur > Minakhan > Malancha > Chaital Ghat
Rajabazar,Chaital Ghat,1,Private,,,10,Sealdah > Beleghata > Beleghata Building > Chingrighata > Science City > Ghatakpukur > Minakhan > Malancha
Rajabazar,Ghasbagan,1,WBTC,,,7,Sealdah > College Street > MG Road > Barabazar > Howrah Station
Rajabazar,Hanskhali,1,WBTC,,,4,Rabindra Sadan/PTS > Toll Tax/College ghat
Rajabazar,Hasnabad,1,Private,,,27,Sealdah > Moulali > CIT Road > Chittaranjan Hospital > Park Circus > 4 No Bridge > Topsia > Science City > Chowbaga > Bantala Bazar > Leather Complex > Kantatala > Bhojerhat > Paglarhat > Boralighat > Nalmuri > Ghatakpukur > Ghushighata > Bamanpukur > Kushangra > Minakhan > Malancha > Chaital Ghat > Bhebia Chowrasta > Murarisha Chowmatha
Rajabazar,Howrah,1,WBTC,,,3,Central
Rajabazar,Jibantala,1,Private,,,19,Sealdah > Moulali > CIT Road > 4 No Bridge > Topsia > Science City > Chowbaga > Bantala Bazar > Leather Complex > Kantatala > Bhojerhat > Paglarhat > Boralighat > Nalmuri > Ghatakpukur > Bodra > Kalitala
Rajabazar,Khudiram Park,1,Private,,,28,Sealdah > Moulali > Wellington > Chandni Chowk > Esplanade > Park Street > Maidan > Rabindra Sadan > Elgin Road > Bhowanipore > Hazra > Kalighat > Rashbehari > Rabindra Sarovar > Tollygunge Phari > Tollygunge Metro > Karunamoyee > Siriti > Muchipara > Madanmohantala > Panchanantala > Raja Rammohan Roy Road > James Long Sarani > Behala Chowrasta > Bakultala > Sarsuna
Rajabazar,Nabanna,1,WBTC,,,12,Sealdah > Moulali > Wellington > Chandni Chowk > Esplanade > Park Street > Maidan > Rabindra Sadan > PTS > Vidyasagar Setu
Rajabazar,Ramnagar,1,Private,,,22,Sealdah > Moulali > Mallick Bazar > Beck Bagan > Minto Park > Rabindra Sadan > PTS > Hastings > Kidderpore > Ekbalpur > Mominpore > Majherhat > Taratala > Brace Bridge > Jhinjhira Bazar > Nature Park > Fatehpur > HMG College > Mudiali > Kamal Talkies
Rajabazar,Tollygunge Metro,1,Private,,,17,Sealdah > College Street > Medical College > Bowbazar > Central > BBD Bag > Esplanade > Park Street > Maidan > Rabindra Sadan > Bhowanipore > Hazra > Kalighat > Rashbehari > Rabindra Sarovar
Rajabazar Tram Depot,Chandmari,1,WBTC (CTC),,,15,Sealdah Station > Bow Bazar > Central > Lal Bazar > BBD Bag > Esplanade > Park Street > Rabindra Sadan > PTS > Hastings > Toll Tax > Bakultala > Hanskhali
Rajabazar Tram Depot,Sankrail,1,WBTC (CTC),,,18,Sealdah Station > Bow Bazar > Central > Lal Bazar > BBD Bag > Esplanade > Park Street > Rabindra Sadan > PTS > Hastings > Toll Tax > Bakultala > Nazir Gange > Panchpara Gram Panchayat > Chapa Tola > Sankrail Station
Rajarhat,Nabanna,1,Private,,,30,Reckjuani > Derozio College > Salua Bazar > Chinar Park > City Center 2 > Akanksha > Nawabpur > Ecopark > Narkelbagan > Axis Mall > Newtown > DLF 1 > College More > SDF > Nicco Park > Chingrighata > Beleghata Building > Beleghata > Sealdah > Moulali > Wellington > Chandni Chowk > Esplanade > Park Street > Maidan > Rabindra Sadan > PTS > Vidyasagar Setu
Rajbalhat,Haldia,1,WBTC,,,31,Rashidpur > Sukanta Park > Borhal > Jagatballavpur > Bargachia > Domjur > Rajapur > Dakshin Bari > Domjur > Makardaha > Salap > Santragachi > Esplanade > Santragachi > Dhulagarh > Ranihati > Panchla > Uluberia Checkpost > Bagnan > Kolaghat > Mecheda > Radhamoni > Nimtauri > Nandakumar > Kapasaria > Brajalalchak > City Center 1 > Ranichak > Haldia Township
Rajbalhat,Howrah Station,1,Private,,,17,Rahimpur > Jangipara > Mohanbati > Jagatballavpur > Bargachia > Domjur > Makardaha > Katlia > Salap > Bankra Bazar > Japani Gate > Dasnagar > Shanpur > Tikiapara Bypass > Howrah Maidan
Rajchandrapur,Ghatakpukur,1,Private,,,35,Ballyhalt > Dakshineswar > Dunlop > Bonhooghly > Tobin Road > Sinthi > Chiria > Shyambazar > Khanna Cinema > Ultadanga > Saltlake PNB > Saltlake CA Block > City Center 1 > Bikash Bhawan > Karunamoyee > Wipro > College More > DLF 1 > Newtown > Axis Mall > Narkelbagan > Unitech Gate 1 > Uem Campus > Karigari Bhawan > Shapoorji > Hatishala > Paikan > Chariswar > Karolberia > Bhojerhat > Paglarhat > B
Rajchandrapur,Karunamoyee,1,WBTC,,,20,Balikhal > Nimtala > Dakshineswar > Dunlop > Durganagar > Sreenagar / 3 No. Gate > Airport Gate No > Chinar Park > City Center > Nabadiganta > More > Eco Park > Narkel Bagan > Ne > New Town Central Stand > Technopolis > College More / SDF > Nicco Park
Rajchandrapur,Saltlake 206,1,Private,,,28,Ballyhalt > Dakshineswar > Dunlop > Bonhooghly > Tobin Road > Sinthi > Chiria > Dumdum Station > Nager Bazar > Central Jail > Airport Gate 1 > Kaikhali > Haldirams > Chinar Park > City Center 2 > Akanksha > Nawabpur > Ecopark > Narkelbagan > Axis Mall > Newtown > DLF 1 > College More > Wipro > Karunamoyee > Saltlake 9no Tank
Rajgram,Purulia,1,,06:00,06:00,9,Bandwan > Katin > Barabazar > Balarampur > Urma > Damda > Simulia
Ramganga,Esplanade,1,WBTC,,,26,Dhrubabazar > Ganjer Bazar > Hospital > Dhola > Polerhat > Kulpi > Hatuganj > Diamond Harbour > Sarisha > Shirakole > Amtala > Bishnupur > Bhasha 14no > Pailan > Joka Bridge > Thakurpukur > Shilpara > Sakher Bazar > Behala Chowrasta > Behala 14 No > Majherhat > Mominpore > Alipore Zoo > PTS
Ramganga,Noorpur,1,WBTC,,,39,Dhrubabazar > Ramganga Bdo Office > Indranarayanpur > Jashoda > Tentulia Bazar > Gurudaspur Hospital > Rathtala > Milan > Brahmaner > Sarasberia > Chowdhury Chak > Bhagabanpur > Dakshin Birampur > Dholahat > Jagadishpur Hospital > Jamalpur > Patharberia > Siddhiberia > Bhagabatipur > Gabberia > Polerhat > Lakshmikantapur Station > Dayarampur Bazar > Tantirhat > Kulpi > Kachuberia > Uttar Chandipur
Ramgarh,Contai,1,,06:40,06:40,2,
Ramgarh,Digha,1,,07:35,07:35,8,Lalgarh > Medinipur > Kharagpur > Belda > Egra > Ramnagar
Ramharipur,Purulia,1,,06:30,06:30,2,
Ramjibanpur Central Bus Stand,Howrah,1,,,,14,Radhanagar > Baroda Chowkan > Ghatal > Daspur > Sultannagar > Goura > Khukur Daha > Keshapat > Mechogram > Kolaghat > Bagnan > Uluberia
Ramnagar,Karunamoyee,1,Private,,,19,Garden Reach > Babubazar > Kidderpore > Hastings > Fort William > Esplanade > Chandni Chowk > Wellington > Moulali > Sealdah > Beleghata > Beleghata Building > Chingrighata > Nicco Park > SDF > College More > Wipro
Ramnagar,Nayabad,1,Private,,,22,Nature Park > Jhinjhira Bazar > Brace Bridge > Taratala > New Alipore > Mahabirtala > Tollygunge Phari > Rabindra Sarovar > Rashbehari > Deshapriya Park > Southern Avenue > Golpark > Dhakuria > Jadavpur 8B > Santoshpur > Ajaynagar > EM Bypass > Peerless Hospital > New Garia > Garia Station
Ramnagar,Patuli,1,WBTC,,,23,Garden Reach > Babubazar > Kidderpore > Ekbalpur > Mominpore > Alipore Court > Chetla Park > Rashbehari > Deshapriya Park > Gariahat > Ballygunge Station > Kasba PS > Bosepukur > Acropolis Mall > Ruby > Kalikapur > EM Bypass > Mukundapur > Ajaynagar > Hiland Park > Peerless Hospital
Ramnagar,Rajabazar,1,Private,,,22,Kamal Talkies > Mudiali > HMG College > Fatehpur > Nature Park > Jhinjhira Bazar > Brace Bridge > Taratala > Majherhat > Mominpore > Ekbalpur > Kidderpore > Hastings > PTS > Rabindra Sadan > Minto Park > Beck Bagan > Mallick Bazar > Moulali > Sealdah
Rampur,Howrah Station,1,WBTC,,,15,Udaynarayanpur > Munshirhat > Bargachia > Domjur > Makardaha > Katlia > Salap > Bankra Bazar > Japani Gate > Dasnagar > Shanpur > Tikiapara Bypass > Howrah Maidan
Rampurhat,Baharampur,1,,04:40,04:40,3,Nalhati
Rampurhat,Bardhaman,1,MAYER DOWA TRAVEL'S,06:15,06:15,13,Tarapith > Abadanga > Laghata > Labpur > Kirnahar > Nanoor > Bandar > Natunhat > Muratipur > Narja > Golapbag
Rampurhat,Digha,1,,20:40,20:40,15,Tarapith > Sainthia > Suri > Dubrajpur > Durgapur (City Center) > Bankura > Bishnupur > Garhbeta > Medinipur > Kharagpur > Belda > Egra > Contai
Rampurhat,Esplanade,1,WBTC,,,23,Barshal > Tarapith > Budhigram > Parulia > Eroali > Khargram > Kuli > Bahadurpur > Sundarpur > Futisanko > Pirtala > Nutangram > Natunhat > Muratipur > Norja > Dewandighi > Barddhaman Station > Shaktigarh > Dankuni > Salap > Santragachi
Rampurhat,Garia,1,WBTC,,,13,Tarapith > Khargram > Kuli > Futisanko > Barddhaman > Dankuni > Santragachi > Esplanade > Exide > Rashbehari > Jadavpur
Rampurhat,Habra Depot,1,WBTC,,,28,Barshal > Tarapith > Budhigram > Khargram > Kuli > Bahadurpur > Futisanko > Natunhat > Norja > Dewandighi > Bardhaman Station > Shaktigarh > Dankuni Housing > Dunlop > Airport Gate 3 > Birati > BT College > Madhyamgram > Barasat Chapadali > Bamangachi > Duttapukur > Bira Chowmatha > Guma Chowmatha > Khosdelpur > Ashoknagar Station > Habra Station
Rampurhat,Salar,1,,,,0,
Ramrajatala,Esplanade,1,Private,,,12,Natun Rasta > Dalalpukur > Surkikal > Shyamasree > Kalibabu Bazar > Mallick Fatak > Howrah Maidan > Howrah Station > Barabazar > BBD Bag
Ramsagar,Haldia,1,,04:15,04:15,21,Bishnupur > Bankadaha > Garhbeta > Chandrakona Road > Chandrakona Town > Kalikapur > Khirpai > Radhanagar > Baroda Chowkan > Ghatal > Daspur > Goura > Khukur Daha > Keshapat > Mechogram > Mecheda > Tamluk > Chaitanyapur > Durgachak
Ranaghat,Joyrampur,1,Private,,,20,Habibpur > Fulia > Shantipur Dakghar Bus Stand > Shantipur Bypass > Dignagar > Palpara > Krishnanagar > Ghurni > Chapra > Boro Andulia > Tehatta > Betai > Haripur > Najirpur > Kathalia > Mahishbathan > Karimpur > Dhankalmath
Ranaghat,Karimpur,1,Private,,,20,Nokari > Dhantala > Panikhali > Duttaphulia > Kaikhali > Bagula > Hanshkhali > Chitradhali > Krishnanagar > Ghurni > Chapra > Boro Andulia > Tehatta > Betai > Haripur > Najirpur > Kathalia > Mahishbathan
Ranaghat,Katwa,1,,06:40,06:40,2,
Ranchi,Barddhaman Nawabhat Bus Stand,1,Private,,,27,Bundu > Janha > Sili > Muri > Tulin > Jhalda > Kotshila > Chas > Purulia > Ladhurka > Lalpur > Hura > Bishpuria > Kamalpur > Chhatna > Bankura > Panchboga Flyover > Satighat > Beliatore > Borjora > Durgapur Station > Muchipara > Panagarh > Budbud > Galsi
Ranchi,Bardhaman,1,,06:25,06:25,21,Jhalda > Chas > Purulia > Ladhurka > Lalpur > Hura > Bishpuria > Kamalpur > Kharbona > Chhatna > Bankura > Makurgram > Beliatore > Barjora > Durgapur (Station) > Durgapur (Muchipara) > Panagarh > Budbud > Galsi
Ranchi,Tatanagar,1,,05:40,05:40,7,Tulin > Jhalda > Baghmundi > Balarampur > Chandil
Ranibandh,Asansol,1,,05:35,05:35,16,Mukutmanipur > Khatra > Hatirampur > Bangla > Indpur > Puabagan > Bankura > Makurgram > Beliatore > Barjora > Durgapur (Station) > Durgapur (City Center) > Andal > Raniganj
Ranibandh,Barddhaman Nawabhat Bus Stand,1,Private,,,18,Akhuta > Ambikanagar > Mukutmanipur > Khatra > Haritampur > Bangla > Shunukpahari > Poabagan > Bankura > Beliatore > Borjora > Durgapur Station > Muchipara > Panagarh > Budbud > Galsi
Ranibandh,Bardhaman,1,,04:40,04:40,19,Mukutmanipur > Khatra > Hatirampur > Bangla > Indpur > Sunukpahari > Puabagan > Dhaldanga > Bankura > Makurgram > Beliatore > Barjora > Durgapur (Station) > Durgapur (Muchipara) > Panagarh > Budbud > Galsi
Ranibandh,Kolkata (Esplanade),1,,04:55,04:55,17,Khatra > Hatirampur > Bangla > Dhaldanga > Bankura > Makurgram > Beliatore > Barjora > Durgapur (Station) > Bardhaman > Saktigarh > Dankuni > Salap > Kona Express More > Santragachi
Ranibandh,Medinipur,1,,05:15,05:15,12,Haludkanali > Raipur > P More > Sarenga > Pingboni > Goaltore > Chandrakona Road > Salboni > Godapiasal > Bhadutala
Ranibandh,Siliguri,1,,,,18,Bangla > Bankura > Durgapur City Centre > Muchipara > Panagarh Bypass > Bolpur > Suri > Moregram > Omarpur > Rampurhat > Dhuliyan > Farakka > Kaliachak > Malda > Gazole > Raiganj
Ranichak,Karunamoyee,1,SATYANARAYAN TRAVELS,04:45,04:45,19,Ghatal > Daspur > Sultannagar > Goura > Khukur Daha > Keshapat > Mechogram > Kolaghat > Bagnan > Uluberia > Dhulagarh > Kona Express More > Salap > Bally > Dakshineswar > Dunlop > Dum Dum Airport
Ranichak,Sonarpur,1,,05:40,05:40,14,Sultannagar > Goura > Mechogram > Kolaghat > Bagnan > Uluberia > Dhulagarh > Kona Express More > Santragachi > Kolkata (Esplanade) > Ruby > Kamalgazi
Ranihati,Ahiritola,1,Mini Bus,,,23,Dhulagarh > Alampur > Andul Bazar > Mourigram > Chunavati > Hanskhali > Bakultala > Danesh Shaikh Lane > Amtala Phari > Narayana Hospital > Bataitala Phari > Kazipara > Avani Mall > Shibpur Bazar > Mallick Fatak > Howrah Maidan > Howrah Station > Barabazar > Posta Bazar > Malapara > Jorabagan
Ranihati,Karunamoyee,1,Private,,,34,Dhulagarh > Alampur > Jalan Gate > Ankurhati > Nibra > Salap > Kona > Rajchandrapur > Ballyhalt > Dakshineswar > Dunlop Bridge > Mathkal > Durganagar > Airport Gate 3 > Airport Gate 1 > Kaikhali > Haldirams > Chinar Park > City Center 2 > Akanksha > Nawabpur > Ecopark > Aliah University > Ecospace > DLF 2 > Unitech Gate 2 > Narkelbagan > Axis Mall > Newtown > DLF 1 > College More > Wipro
Rashbehari,Dhulagarh,1,Private,,,40,Deshapriya Park > Gariahat > Ballygunge Station > Kasba PS > Bosepukur > Acropolis Mall > Ruby > VIP Bazar > Uttar Panchannagram > Science City > Mathpukur > Chingrighata > Beleghata Building > Apollo Hospital > Bengal Chemical > Ultadanga > Sreebhumi > Laketown > Dumdum Park > Kestopur > Baguiati > Teghoria > Haldirams > Kaikhali > Airport Gate 1 > Airport Gate 3 > Durganagar > Mathkal > Dunlop B
Rasulpur,Chandrakona Road,1,,07:20,07:20,13,Kumrul > Khosbag > Indus > Kotulpur > Koalpara > Patpur > Badanganj > Chamkaitala > Dhadika > Garhbeta > Raskundu
Rasulpur,Esplanade,1,WBTC,,,18,Shyamchak > Dholmari Bazar > Mukundapur Bazar > Bajubandh > Chalti > Kanthi > Henria > Bajkul > Chandipur > Nandakumar > Mecheda > Kolaghat > Bagnan > Uluberia > Dhulagarh > Santragachi
Rasulpur,Karunamoyee,1,,05:40,05:40,19,Indus > Sahaspur > Uchalan > Bulchandrapur > Arambagh > Mayapur > Champadanga > Siakhala > Mosat > Chanditala > Dankuni > Bally > Dakshineswar > Dunlop > Dum Dum Airport > Lake Town > Ultadanga
Rasulpur,Mukutmanipur,1,SATHI TRAVELS,06:00,06:00,13,Indus > Kotulpur > Joypur > Bishnupur > Nakaijuri > Chagulia > Taldangra > Bibarda > Harmasra > Arkama > Khatra
Rasulpur,Pirakata,1,,05:45,05:45,2,
Rathtala,Howrah Station,1,WBTC,,,13,Dunlop > Bonhooghly > Tobin Road > Sinthi > Chiria > Shyambazar > Rajballavpara > Sovabazar > Girish Park > MG Road > Barabazar
Rohini,Howrah,1,,06:40,06:40,2,
Rohini,Kolkata (Esplanade),1,SUMITRA TRAVELS,04:20,04:20,16,Ragra > Lodhasuli > Guptamoni > Kalaikunda > Kharagpur > Debra > Panskura > Mechogram > Kolaghat > Bagnan > Uluberia > Dhulagarh > Kona Express More > Santragachi
Rohini,Raipur,1,,08:00,08:00,10,Ragra > Lodhasuli > Jhargram > Dahijuri > Binpur > Silda > Fulkusma > Motgoda
Ruby,Amtala,1,WBTC,,,23,Acropolis Mall > Bosepukur > Kasba PS > Ballygunge Station > Gariahat > Deshapriya Park > Rashbehari > Chetla Park > Durgapur Bridge > New Alipore > Taratala > Behala 14 No > Behala Chowrasta > Sakher Bazar > Shilpara > Thakurpukur > Joka Bridge > Pailan > Bhasha 14no > Khariberia > Bishnupur
Ruby,Dakshineswar,1,WBTC,,,25,VIP Bazar > Uttar Panchannagram > Science City > Topsia > 4 No Bridge > Chittaranjan Hospital > CIT Road > Moulali > Sealdah > Rajabazar > Sukea Street > Maniktala > Khanna Cinema > Shyambazar > Chiria > Sinthi > Tobin Road > Bonhooghly > Indian Statistical Institute > Dunlop > Sabedabagan > Tantipara > Alambazar
Ruby,Garh Bhowanipore,1,Private,,,27,VIP Bazar > Uttar Panchannagram > Science City > Topsia > Park Circus > Beck Bagan > Minto Park > Rabindra Sadan > PTS > Vidyasagar Setu > Carry Road > Belepole > Baksara > Santragachi > Garpa > Khejurtala > Nibra > Ankurhati > Jalan Gate > Alampur > Dhulagarh > Ranihati > Panpur > Amta > Rajapur
Ruby,Joka Bridge,1,Mini Bus,,,21,EM Bypass > Ruby > Acropolis Mall > Bosepukur > Kasba PS > Ballygunge Station > Gariahat > Deshapriya Park > Rashbehari > Hazra > Kalighat > Alipore Court > Burdwan Road > Majherhat > Behala 14 No > Behala Chowrasta > Sakher Bazar > Shilpara > Thakurpukur
Rudra,Chittaranjan,1,,04:05,04:05,19,Ambika Nagar > Mukutmanipur > Khatra > Hatirampur > Bangla > Indpur > Sunukpahari > Puabagan > Bankura > Makurgram > Beliatore > Barjora > Durgapur (Station) > Durgapur (City Center) > Andal > Raniganj > Asansol
Ruiya Purbapara,Howrah Station,1,Private,,,16,Doperia > Kalyan Nagar > Rashmoni > Sodepur Station > Kamarhati > Rathtala > Dunlop > Dakshineswar > Ballykhal > Bally Bazar > Belurmath > Liluah > Bandha Ghat > Golabarai PS
Runakuraghat,Bankura,1,,06:20,06:20,15,Kantapahari > Amdiha > Panchgachia > Asansol > Raniganj > Mejia > Nandanpur > Durlavpur > Gangajalghati > Desuria > Amarkanan > Gobindadham > Kanchanpur
Sabaldaha,Esplanade,1,WBTC,,,14,Purapara > Joypur > Bhalkundi > Sherpur > Kuli > Futisanko > Natunhat > Norja > Dewandighi > Bardhhaman Station > Dankuni Housing > Santragachi
Sabrakone,Durgapur Station,1,,,,9,Bishnupur > Ramsagar > Onda > Dhaldanga > Bankura > Makurgram > Beliatore
Sagarpara,Barddhaman Nawabhat Bus Stand,1,Private,,,31,Narasinghapur > Jalangi > Karimpur > Mahishbathan > Kathalia > Najirpur > Haripur > Betai > Tehatta > Boro Andulia > Chapra > Ghurni > Krishnanagar > Krishnanagar High Road > Bhaluka Battala > Nabadwip Railgate > Hematpur > Nadanghat > Samudragarh > Dhatrigram > Madhupur > Bulbulitala > Bohar > Satgachia > Paharhati > Nabastha > Hatgobindopur > Barddhaman Station > Golapbag
Sagarpara,Bardhaman,1,PUSHPANJALI TRAVELS,05:30,05:30,18,Narsingpur > Jalangi > Karimpur > Mahish Bathan > Nazipur > Betai > Tehatta > Chapra > Krishnanagar > Nabadwip > Hematpur > Nadanghat > Samudragarh > Satgachia > Hatgobindapur > Golapbag
Sainthia,Esplanade,1,WBTC,,,9,Labhpur > Kirnahar > Futisanko > Natunhat > Barddhaman > Shaktigarh > Dankuni
Saiyadpara,Esplanade,1,WBTC,,,18,Burwan > Koralitala > Fatepur > Sundarpur > Futisanko > Pirtala > Nutangram > Natunhat > Muratipur > Norja > Dewandighi > Bardhhaman Station > Shaktigarh > Dankuni > Salap > Santragachi
Sajirhat,Babughat,1,Private,,,20,Boardghar > Muragacha > Ghola Bazar > Sodepur Station > Kamarhati > Rathtala > Dunlop > Bonhooghly > Tobin Road > Sinthi > Chiria > Shyambazar > Rajballavpara > Sovabazar > Girish Park > MG Road > Central > BBD Bag
Sakher Bazar,Anandapur,1,Mini Bus,,,15,Ml Gupta Road > Muchipara > Siriti > Tollygunge Metro > Rabindra Sarovar > Rashbehari > Deshapriya Park > Gariahat > Ballygunge Station > Kasba PS > Bosepukur > Acropolis Mall > Ruby
Sakher Bazar,Dunlop,1,Private,,,25,Behala Chowrasta > Behala 14 No > Majherhat > Mominpore > Ekbalpur > Kidderpore > Hastings > PTS > Rabindra Sadan > Maidan > Park Street > Esplanade > Chandni Chowk > Central > MG Road > Girish Park > Sovabazar > Rajballavpara > Shyambazar > Chiria > Sinthi > Tobin Road > Bonhooghly
Sakher Bazar,Milk Colony,1,Private,,,25,Behala Chowrasta > Behala 14 No > Majherhat > Mominpore > Ekbalpur > Kidderpore > Hastings > PTS > Rabindra Sadan > Maidan > Park Street > Esplanade > Chandni Chowk > Wellington > Moulali > Sealdah > Rajabazar > Maniktala > Khanna Cinema > Shyambazar > RG Kar > Belgachia > Ashubabu Bazar
Salap,Barrackpore Chiria,1,Private,,,12,Kona > Rajchandrapur > Ballyhalt > Dakshineswar > Dunlop > Rathtala > Kamarhati > Sodepur Girja > Khardaha > Titagarh
Salap,Nager Bazar,1,Private,,,16,Kona > Rajchandrapur > Ballyhalt > Dakshineswar > Dunlop > Bonhooghly > Tobin Road > Sinthi > Chiria > Ashubabu Bazar > Patipukur > Kalindi > Bangur Avenue > Diamond Plaza
Salar,Asansol,1,,04:50,04:50,13,Pachundi > Futishanko > Kirnahar > Bolpur > Illambazar > Piyariganj > Panagarh > Durgapur (Muchipara) > Durgapur (City Center) > Andal > Raniganj
Salar,Digha,1,SBSTC,05:15,05:15,2,
Salkia Chowrasta,Esplanade,1,Mini Bus,,,8,Bandha Ghat > Golabarai PS > Pilkhana > Howrah Station > Barabazar > BBD Bag
Saltlake,BBD Bag,1,Mini Bus,,,15,Bikash Bhawan > Karunamoyee > Saltlake 12no Tank > Sushrut Hospital > Saltlake 14no Tank > Saltlake 16no Tank > Beleghata Building > Beleghata > Sealdah > Moulali > Wellington > Chandni Chowk > Esplanade
Saltlake,Howrah Station,1,Mini Bus,,,18,Bikash Bhawan > Karunamoyee > Central Park > Labony Estate > Saltlake 13no Tank > Saltlake Stadium > Kadapara > Subhash Sarovar > Beleghata > Sealdah > Bank Of India > Bowbazar > Central > Lalbazar > BBD Bag > Barabazar
Saltlake 206,Birati Station,1,Mini Bus,,,24,Saltlake 9no Tank > Karunamoyee > Wipro > College More > SDF > DLF 1 > Newtown > Axis Mall > Narkelbagan > Unitech Gate 2 > DLF 2 > Ecospace > Aliah University > Ecopark > Akanksha > City Center 2 > Chinar Park > Haldirams > Kaikhali > Airport Gate 1 > Airport Gate 3 > Birati
Saltlake 206,Rajchandrapur,1,Private,,,28,Saltlake 9no Tank > Karunamoyee > Wipro > College More > DLF 1 > Newtown > Axis Mall > Narkelbagan > Ecopark > Nawabpur > Akanksha > City Center 2 > Chinar Park > Haldirams > Kaikhali > Airport Gate 1 > Central Jail > Nager Bazar > Dumdum Station > Chiria > Sinthi > Tobin Road > Bonhooghly > Dunlop > Dakshineswar > Ballyhalt
Salt Lake Depot Gate,Rajchandrapur,1,WBTC,,,13,New Town > Unitech > Eco Space > Aliah University > Daber More > ECO Park > City Centre II > Haldiram > Airport Gate No. 1 > Belghoria Exp. Way > Dakshineswar
Saltlake Karunamoyee,Santragachi,1,WBTC,,,23,Central Park > FD > GD > AMRI Hospital > Stadium Island > Building More > Chingrighata > Dhapa Mathpukur > Science City > Topsia > Park Circus Station > Park Circus 4 No. Bridge > Park Circus 7 Point > Beckbagan > Minto Park > Camac Street > Exide Crossing > PTS > Hastings > Toll Tax > Betore
Saltlake Stadium,Mourigram,1,Mini Bus,,,24,Saltlake 13no Tank > Labony Estate > Saltlake CA Block > Saltlake PNB > Ultadanga > Kankurgachi > Maniktala > Vivekananda Road > Girish Park > MG Road > Barabazar > Howrah Station > Foreshore Road > Avani Mall > Kazipara > Bataitala Phari > Narayana Hospital > Amtala Phari > Danesh Shaikh Lane > Bakultala > Hanskhali Pole > Chunavati
Samaspur,Bardhaman,1,,14:40,14:40,7,Putsuri > Kusumgram > Pirtala > Hatgobindapur > Golapbag
Samshernagar,Barasat Chapadali,1,WBTC,,,18,Jogeshganj Bazar > Patghara > Kanthal Beria > Deuli > Dulduli > Lebukhali > Hingalgunge > Par Hasnabad > Hasnabad > Taki Chowrangee > Murarisha Chowmatha > Basirhat > Kholapota > Berachampa > Deganga > Kadambagachi
Sandhipur,Kolkata (Esplanade),1,,04:50,04:50,2,
Sankrail,Amta,1,Private,,,8,Dhulagarh > Ranihati > Dhulorbandh > Manikpur > Panpur > Bhandergacha
Sankrail,Sealdah,1,WBTC,,,23,Chapatala > Rajgunge > Radhadashi > Podra Bazar > Nazirgunge > Bakultala > Danesh Shaikh Lane > Amtala Phari > Narayana Hospital > Bataitala Phari > Mandirtala > Nabanna > Vidyasagar Setu > PTS > Rabindra Sadan > Maidan > Park Street > Esplanade > Chandni Chowk > Wellington > Moulali
Santaldih,Bankura,1,,06:30,06:30,15,Dubra > Paharigora > Raghunathpur > Santuri > Saltora > Jhanka > Lapahari > Dhaban > Jorehira > Hatjor > Jhantipahari > Kharbona > Chhatna
Santasram,Benachity,1,,06:15,06:15,18,Ausnara > Khosbag > Kumrul > Rasulpur > Kumna > Nikunjapur > Khandaghosh > Nischintapur > Keshabpur > Telipukur > Bardhaman > Galsi > Budbud > Panagarh > Durgapur (Muchipara) > Durgapur (City Center)
Santasram,Kolkata (Esplanade),1,,05:10,05:10,14,Indus > Sahaspur > Akui > Mogalmari > Sehara Bazar > Bardhaman > Telipukur > Saktigarh > Dankuni > Salap > Kona Express More > Santragachi
Santragachi,Amity University (Ecospace),1,WBTC,,,28,Belepol > Toll Tax > Hastings > PTS > Exide Crossing > Minto Park > Beckbagan > Park Circus 7 Point > Don Bosco Crossing > Park Circus 4 No. Bridge > Topsia > Science City > Chingrighata > Building More > Stadium Island > GD > Sushrut Eye Hospital > Wipro > College More > Technopolis > DLF1 > Newtown > Axis Mall > Narkelbagan > Tata Cancer Hospital > Unitech Gate 2
Santragachi,Anandapur,1,WBTC,,,19,Baksara > Betore > Belepole > Carry Road > Vidyasagar Setu > PTS > Rabindra Sadan > Minto Park > Lansdowne > Sishu Mangal > Deshapriya Park > Gariahat > Ballygunge Station > Kasba PS > Bosepukur > Acropolis Mall > Ruby
Santragachi,Barrackpore,1,WBTC,,,8,Esplanade > CR Avenue > Shyambazar > BT Road > Dunlop > Sodpur
Santragachi,Barrackpore Court,1,WBTC,,,28,Baksara > Belepole > Carry Road > Vidyasagar Setu > PTS > Rabindra Sadan > Maidan > Park Street > Esplanade > Chandni Chowk > Central > MG Road > Girish Park > Sovabazar > Rajballavpara > Shyambazar > Chiria > Sinthi > Tobin Road > Bonhooghly > Dunlop > Rathtala > Kamarhati > Sodepur Girja > Khardaha > Titagarh
Santragachi,Belgachia,1,WBTC,,,20,Baksara > Belepole > Carry Road > Vidyasagar Setu > PTS > Rabindra Sadan > Maidan > Park Street > Esplanade > Chandni Chowk > Wellington > Moulali > Sealdah > Rajabazar > Maniktala > Khanna Cinema > Shyambazar > RG Kar
Santragachi,Esplanade,1,Mini Bus,,,12,Baksara > Belepole > Natun Rasta > Ichapur > Shanpur > Tikiapara Bypass > Howrah Maidan > Howrah Station > Barabazar > BBD Bag
Santragachi,Habra Station,1,WBTC,,,12,Nabanna > Rabindra Sadan > Esplanade > Sealdah > Ultadanga > Airport Gate 1 > Madhyamgram > Barasat Chapadali > Duttapukur > Ashoknagar Station
Sapuipara,Thakurpukur,1,WBTC,,,19,Garfa Road > Palbazar > Jadavpur 8B > Dhakuria > Golpark > Southern Avenue > Deshapriya Park > Rashbehari > Rabindra Sarovar > Tollygunge Phari > Mahabirtala > New Alipore > Taratala > Behala 14 No > Behala Chowrasta > Sakher Bazar > Shilpara
Sarenga,Asansol,1,,07:00,07:00,16,P More > Bikrampur > Simlapal > Taldangra > Ratanpur > Dhaldanga > Bankura > Makurgram > Beliatore > Barjora > Durgapur (Station) > Durgapur (City Center) > Andal > Raniganj
Sarenga,Bankura,1,,11:40,11:40,8,P More > Bikrampur > Simlapal > Taldangra > Ratanpur > Dhaldanga
Sarenga,Haldia,1,,05:10,05:10,20,Chingra > Ramgarh > Kantapahari > Lalgarh > Bhimpur > Pirakata > Patharkumkumi > Bhadutala > Medinipur > Debra > Panskura > Mechogram > Mecheda > Tamluk > Nandakumar > Mahishadal > Chaitanyapur > Durgachak
Sarenga,Howrah,1,,03:40,03:40,18,Ramgarh > Lalgarh > Bhimpur > Pirakata > Moupal > Patharkumkumi > Bhadutala > Medinipur > Debra > Mechogram > Kolaghat > Bagnan > Uluberia > Dhulagarh > Kona Express More > Santragachi
Sarsuna,Howrah,1,WBTC,,,12,Bakultala > Chowrasta > Manton Xing > Behala Tram Depot > Taratala Xing > Mominpor > Khidirpor > Casurina Ave > Esplanade > B.B.D.Bag
Sarsuna,Howrah Station,1,Private,,,17,Bakultala > Behala Chowrasta > Manton > Behala 14 No > Taratala > Majherhat > Mominpore > Ekbalpur > Kidderpore > Hastings > Fort William > Esplanade > BBD Bag > GPO > Barabazar
Sasaram,Kolkata,1,Shyamoli Paribahan,,,2,
Sashtir,Howrah Station,1,Private,,,15,Duttar Math > Bakultala > Behala Chowrasta > Behala 14 No > Majherhat > Mominpore > Ekbalpur > Kidderpore > Hastings > Fort William > Esplanade > BBD Bag > Barabazar
Sasthir More,Howrah,1,WBTC,,,13,Bakultala > Chowrasta > Manton > Behala P.S > Taratala Xing > Mominpur > Kidderpore > Casurina Ave > Esplanade > BBD Bag > Howrah Bridge East
Satyabala,Sishu Mangal,1,Mini Bus,,,15,Salkia Chowrasta > Bandha Ghat > Golabarai PS > Pilkhana > Howrah Station > Barabazar > BBD Bag > Esplanade > Park Street > Maidan > Rabindra Sadan > Minto Park > Lansdowne
Sautia,Howrah,1,,05:00,05:00,2,
Science City,Nager Bazar,1,Private,,,14,Topsia > 4 No Bridge > Park Circus > Mallick Bazar > Moulali > Sealdah > Rajabazar > Maniktala > Khanna Cinema > Shyambazar > Chiria > Dumdum Station
Sealdah,Bargachia,1,Private,,,22,Moulali > Wellington > Chandni Chowk > Esplanade > Park Street > Maidan > Rabindra Sadan > PTS > Vidyasagar Setu > Carry Road > Belepole > Baksara > Santragachi > Garpa > Khejurtala > Nibra > Salap > Katlia > Makardaha > Domjur
Sealdah,Dhulagarh,1,Private,,,21,Moulali > Wellington > Chandni Chowk > Esplanade > Park Street > Maidan > Rabindra Sadan > PTS > Vidyasagar Setu > Carry Road > Belepole > Baksara > Santragachi > Garpa > Khejurtala > Nibra > Ankurhati > Jalan Gate > Alampur
Sealdah,Malipanchghara,1,Mini Bus,,,10,College Street > MG Road > Barabazar > Howrah Station > Pilkhana > Golabarai PS > Salkia Chowrasta > Bandha Ghat
Sealdah,Parnasree,1,Private,,,17,Bank Of India > Bowbazar > Central > Lalbazar > BBD Bag > Esplanade > Fort William > Hastings > Kidderpore > Ekbalpur > Mominpore > Majherhat > Taratala > Brace Bridge > Jhinjhira Bazar
Sealdah,Sankrail,1,WBTC,,,23,Moulali > Wellington > Chandni Chowk > Esplanade > Park Street > Maidan > Rabindra Sadan > PTS > Vidyasagar Setu > Nabanna > Mandirtala > Bataitala Phari > Narayana Hospital > Amtala Phari > Danesh Shaikh Lane > Bakultala > Nazirgunge > Podra Bazar > Radhadashi > Rajgunge > Chapatala
Sealdah,Thakurpukur,1,WBTC,,,19,Bank Of India > Bowbazar > Central > Lalbazar > BBD Bag > Esplanade > Fort William > Hastings > Kidderpore > Ekbalpur > Mominpore > Majherhat > Behala 14 No > Behala Chowrasta > Sakher Bazar > Shilpara > Thakurpukur Bazar
Sector V,Ballyhalt,1,WBTC,,,20,College More > DLF 1 > Newtown > Axis Mall > Narkelbagan > Ecopark > Nawabpur > Akanksha > City Center 2 > Chinar Park > Haldirams > Kaikhali > Airport Gate 1 > Airport Gate 3 > Durganagar > Mathkal > Dunlop Bridge > Dakshineswar
Sector V,Barasat Colony,1,WBTC,,,22,College More > SDF > Wipro > Karunamoyee > Purta Bhawan > Baisakhi > Saltlake 4no Tank > Saltlake PNB > Ultadanga > Sreebhumi > Laketown > Bangur Avenue > Diamond Plaza > Nager Bazar > Central Jail > Airport Gate 1 > Airport Gate 3 > Birati > BT College > Madhyamgram
Sector V,Dakshineswar,1,Private,,,20,College More > SDF > Wipro > Sushrut Hospital > Saltlake 14no Tank > Saltlake Stadium > Saltlake 13no Tank > Labony Estate > Saltlake CA Block > Saltlake PNB > Ultadanga > Khanna Cinema > Shyambazar > Chiria > Sinthi > Tobin Road > Bonhooghly > Dunlop
Sector V,Japani Gate,1,Mini Bus,,,28,SDF > College More > Wipro > Karunamoyee > Purta Bhawan > Baisakhi > Saltlake 4no Tank > Saltlake PNB > Ultadanga > Khanna Cinema > Hatibagan > Sovabazar > BK Paul > Ahiritola > Jorabagan > Malapara > Barabazar > Howrah Station > Howrah Maidan > Panchanantala > Power House > Kadamtala > Ichapur > Shanpur > Dasnagar > Baltikuri
Sector V,Nabanna,1,WBTC,,,16,Nicco Park > Chingrighata > Beleghata Building > Beleghata > Sealdah > Moulali > Wellington > Chandni Chowk > Esplanade > Park Street > Maidan > Rabindra Sadan > PTS > Vidyasagar Setu
Sector V,Serampore,1,Private,,,32,College More > DLF 1 > Newtown > Axis Mall > Narkelbagan > Unitech Gate 2 > DLF 2 > Ecospace > Aliah University > Ecopark > Nawabpur > Akanksha > City Center 2 > Chinar Park > Haldirams > Kaikhali > Airport Gate 1 > Airport Gate 3 > Durganagar > Mathkal > Dunlop Bridge > Dakshineswar > Ballykhal > Uttarpara > Bhadrakali > Konnagar > Bagkhal > Rishra > Mahesh Bazar > Sirishtala
Sector V,Tikiapara,1,Mini Bus,,,26,SDF > College More > Wipro > Karunamoyee > Purta Bhawan > Baisakhi > Saltlake 4no Tank > Saltlake PNB > Ultadanga > Khanna Cinema > Hatibagan > Sovabazar > BK Paul > Ahiritola > Jorabagan > Malapara > Barabazar > Howrah Station > Howrah Maidan > Panchanantala > Power House > Kadamtala > Ichapur > Shanpur
Sehara Bazar,Bankura,1,DHARMARAJ TRAVELS,06:45,06:45,10,Rasulpur > Patrasayer > Dhansimla > Sonamukhi > Rampur > Bhairabdanga > Chhandar > Beliatore
Seharabazar,Bankura Bus Stand,1,,,,10,Rasulpur > Patrasayer > Dhansimla > Sonamukhi > Rampur > Bhairabdanga > Chhandar > Beliatore
Serampore,Aushbali,1,Private,,,15,Nabgram > Belu > Pardankuni > Delhi Road > Dankuni Housing > Dankuni Station > Kalipur > Chanditala > Kalachara > Kumirmora > Krishnarampur > Jangalpara > Mosat
Serampore,Birshibpur,1,Private,,,16,Nabgram > Belu > Pardankuni > Delhi Road > Kona > Salap > Nibra > Ankurhati > Jalan Gate > Alampur > Dhulagarh > Ranihati > Panchla > Uluberia
Serampore,Digha,1,WBTC,,,23,Rishra > Uttarpara > Ballyghat > Ballyhalt > Salap > Ankurhati > Dhulagarh > Panchla > Uluberia > Bagnan > Kolaghat > Mecheda > Nimtouri > Nandakumar > Norghat > Bajkul > Heria > Nachinda > Contai Bus Stand > Chowalkhola > Ramnagar
Serampore,Sector V,1,Private,,,32,Sirishtala > Mahesh Bazar > Rishra > Bagkhal > Konnagar > Bhadrakali > Uttarpara > Ballykhal > Dakshineswar > Dunlop Bridge > Mathkal > Durganagar > Airport Gate 3 > Airport Gate 1 > Kaikhali > Haldirams > Chinar Park > City Center 2 > Akanksha > Nawabpur > Ecopark > Aliah University > Ecospace > DLF 2 > Unitech Gate 2 > Narkelbagan > Axis Mall > Newtown > DLF 1 > College More
Shakuntala Park,Bagbazar,1,WBTC,,,23,Bakultala > Behala Chowrasta > Behala 14 No > Taratala > Majherhat > Mominpore > Ekbalpur > Alipore Zoo > PTS > Rabindra Sadan > Maidan > Park Street > Esplanade > Chandni Chowk > Wellington > Moulali > Sealdah > Rajabazar > Maniktala > Khanna Cinema > Shyambazar
Shakuntala Park,Karunamoyee,1,WBTC,,,30,Bakultala > Behala Chowrasta > Manton > Behala 14 No > Taratala > New Alipore > Durgapur Bridge > Chetla Park > Rashbehari > Deshapriya Park > Gariahat > Ballygunge Station > Kasba PS > Bosepukur > Acropolis Mall > GST Bhawan > Ruby > VIP Bazar > Uttar Panchannagram > Science City > Mathpukur > Chingrighata > Nicco Park > SDF > College More > Swasthya Bhawan > Wipro > Saltlake 10no Tank
Shalimar Station,Shapoorji,1,Private,,,26,Mandirtala > Vidyasagar Setu > PTS > Rabindra Sadan > Maidan > Park Street > Esplanade > Chandni Chowk > Wellington > Moulali > Sealdah > Beleghata > Beleghata Building > Chingrighata > Nicco Park > SDF > College More > DLF 1 > Newtown > Axis Mall > Narkelbagan > Unitech Gate 1 > Uem Campus > Karigari Bhawan
Shambazar,Durgapur City Centre,1,,,,11,Arkama > Khatra > Supur > Hatirampur > Bangla > Puabagan > Bankura Bypass > Beliatore > Barjora
Shapooji Housing,Baruipur Fultala Central Terminus,1,WBTC,,,38,Unitech Gate 1 > Tata Cancer Hospital > Narkel Bagan > Newtown > DLF1 > Technopolis > College More > SDF > Chingrighata > Dhapa Mathpukur > Science City > Uttar Panchannagram > Fortis Hospital > Ruby > Kalikapur > Mukundapur > Ajoynagar > Hiland Park > Patuli > Dhalai Bridge > Kamalgazi > Narendrapur Ramkrishna Mission > Rajpur > Chowhati > Harinavi > Haritala > Malancha > Gobindopur > Antara Ment
Shapooji Housing,Jainpur,1,WBTC,,,24,Unitech Gate 1 > Tata Cancer Hospital > Narkel Bagan > Newtown > DLF1 > Technopolis > College More > SDF > Chingrighata > Dhapa Mathpukur > Science City > Uttar Panchannagram > Fortis Hospital > Ruby > Kalikapur > Mukundapur > Ajoynagar > Hiland Park > Patuli > 45 Bus Stand > Garia Bus Stand > Garia Metro
Shapoorji,Alampur,1,Private,,,29,Karigari Bhawan > Uem Campus > Unitech Gate 1 > Unitech Gate 2 > DLF 2 > Ecospace > Aliah University > Ecopark > Nawabpur > Akanksha > City Center 2 > Chinar Park > Haldirams > Kaikhali > Airport Gate 1 > Airport Gate 3 > Durganagar > Mathkal > Dunlop Bridge > Dakshineswar > Ballyhalt > Rajchandrapur > Kona > Salap > Nibra > Ankurhati > Jalan Gate
Shapoorji,Amta,1,Private,,,30,Karigari Bhawan > Uem Campus > Unitech Gate 1 > Narkelbagan > Ecopark > Nawabpur > Akanksha > City Center 2 > Chinar Park > Haldirams > Kaikhali > Airport Gate 1 > Airport Gate 3 > Durganagar > Mathkal > Dunlop Bridge > Dakshineswar > Ballyhalt > Rajchandrapur > Kona > Salap > Nibra > Ankurhati > Jalan Gate > Alampur > Dhulagarh > Ranihati > Panpur
Shapoorji,Babughat,1,Private,,,20,Karigari Bhawan > Uem Campus > Unitech Gate 1 > Narkelbagan > Axis Mall > Newtown > DLF 1 > College More > SDF > Nicco Park > Chingrighata > Beleghata Building > Beleghata > Sealdah > Moulali > Wellington > Chandni Chowk > Esplanade
Shapoorji,Bangur Avenue,1,WBTC,,,33,Natunpukur > Hajratala > Karigari Bhawan > Uem Campus > Unitech Gate 1 > Narkelbagan > Axis Mall > Newtown > DLF 1 > College More > IBM > Wipro > Saltlake 10no Tank > Karunamoyee > Mayukh Bhawan > Bikash Bhawan > Central Park > City Center 1 > Saltlake CA Block > 2 No Tank > Saltlake PNB > Ultadanga Hudco > Ultadanga > Khanna Cinema > Shyambazar > RG Kar > Belgachia > Duttabagan > Patipukur > Kali
Shapoorji,Dakshineswar,1,WBTC,,,21,Karigari Bhawan > Uem Campus > Unitech Gate 1 > Unitech Gate 2 > DLF 2 > Ecospace > Aliah University > Ecopark > Nawabpur > Akanksha > City Center 2 > Chinar Park > Haldirams > Kaikhali > Airport Gate 1 > Airport Gate 3 > Durganagar > Mathkal > Dunlop Bridge
Shapoorji,Howrah Station,1,WBTC,,,28,Karigari Bhawan > Uem Campus > Unitech Gate 1 > Narkelbagan > Axis Mall > Newtown > DLF 1 > Technopolis > College More > SDF > Nicco Park > Chingrighata > Mathpukur > Science City > Topsia > Park Circus > Beck Bagan > Minto Park > Rabindra Sadan > Maidan > Park Street > Esplanade > BBD Bag > GPO > Shipping Corporation > Barabazar
Shapoorji,Kudghat,1,WBTC,,,32,Karigari Bhawan > Uem Campus > Unitech Gate 1 > Tata Cancer Hospital > Narkelbagan > Axis Mall > Newtown > DLF 1 > Technopolis > College More > SDF > Nicco Park > Chingrighata > Mathpukur > Science City > Uttar Panchannagram > VIP Bazar > Ruby > Acropolis Mall > Bosepukur > Kasba PS > Ballygunge Station > Gariahat > Deshapriya Park > Lake Mall > Rashbehari > Mudiali > Rabindra Sarovar > M R Bangur
Shapoorji,Parnasree,1,WBTC,,,31,Karigari Bhawan > Uem Campus > Unitech Gate 1 > Narkelbagan > Axis Mall > Newtown > DLF 1 > College More > SDF > Wipro > Nicco Park > Chingrighata > Mathpukur > Science City > Uttar Panchannagram > VIP Bazar > Ruby > EM Bypass > Kalikapur > Sapuipara > Saheed Nagar > Jadavpur PS > South City > Lake Gardens > Anwar Shah Road > Tollygunge Phari > Mahabirtala > New Alipore > Taratala
Shapoorji,Shalimar Station,1,Private,,,26,Karigari Bhawan > Uem Campus > Unitech Gate 1 > Narkelbagan > Axis Mall > Newtown > DLF 1 > College More > SDF > Nicco Park > Chingrighata > Beleghata Building > Beleghata > Sealdah > Moulali > Wellington > Chandni Chowk > Esplanade > Park Street > Maidan > Rabindra Sadan > PTS > Vidyasagar Setu > Mandirtala
Shibgunge,Bagnan,1,Private,,,16,Bhagabanpur > Narikelabar > Shyampur > Kanthalibar > Hoglashi > Belpukur > Shasati > Deorah > Noul Bazar > Mugkalyan > Nuntia > Bantul > Antila Bridge > Khalore
Shibpur Td,Esplanade,1,Private,,,7,Mallick Fatak > Howrah Maidan > Howrah Station > Barabazar > BBD Bag
Shikarpur,Bangaon,1,,05:30,05:30,2,
Shikarpur,Bardhaman,1,,04:20,04:20,18,Karimpur > Gabrudanga > Bajitpur > Mahish Bathan > Kanthalia > Nazipur > Betai > Tehatta > Bara Andulia > Chapra > Ghurni > Krishnanagar > Nabadwip > Nadanghat > Kusumgram > Golapbag
Shikharpur,Ahiritola,1,Private,,,21,Vedic Village > Lauhati > Bishnupur > Rajarhat Chowmatha > Reckjuani > Derozio College > Salua Bazar > Chinar Park > Lokenath Mandir > Baguiati > Kestopur > Dumdum Park > Laketown > Sreebhumi > Ultadanga > Khanna Cinema > Hatibagan > Sovabazar > BK Paul
Shikharpur,Esplanade,1,WBTC,,,11,Karimpur > Tehatta > Krishnanagar > Ranaghat > Jaguli > Barasat Colony > Madhyamgram > Airport Gate 1 > Ultadanga
Shilpara,Howrah Maidan,1,Mini Bus,,,15,Sakher Bazar > Behala Chowrasta > Behala 14 No > Majherhat > Mominpore > Ekbalpur > Alipore Zoo > PTS > Fort William > Esplanade > BBD Bag > Barabazar > Howrah Station
Shimuliyahat,Esplanade,1,WBTC,,,24,Taruliahat > Daroka > Abadanga > Labhpur > Kirnahar > Futisanko > Natungram > Natuhat > Muratipur > Norja > Dewandighi > Barddhaman Station > Tinkonia > Curzon Gate > Town Hall Para > Police Line > Alisha Bus Stand > Shaktigarh > Gurap > Dankuni > Salap > Santragachi
Shirakole,Mukundapur,1,WBTC,,,27,Amtala > Bishnupur > Khariberia > Bhasha 14no > Pailan > Joka Bridge > Thakurpukur > Shilpara > Sakher Bazar > Behala Chowrasta > Behala 14 No > Majherhat > Mominpore > Alipore Court > Hazra > Sishu Mangal > Garcha Road > Ballygunge Phari > Gariahat > Golpark > Dhakuria > Jadavpur 8B > Santoshpur > Ajaynagar > EM Bypass
Shyambazar,Babughat,1,Mini Bus,,,8,Rajballavpara > Sovabazar > Girish Park > MG Road > Central > BBD Bag
Shyambazar,Baduria,1,WBTC,,,23,RG Kar > Belgachia > Patipukur > Kalindi > Bangur Avenue > Diamond Plaza > Nager Bazar > Central Jail > Airport Gate 1 > Airport Gate 3 > Birati > BT College > Madhyamgram > Barasat Chapadali > Kadambagachi > Golabari > Beleghata > Deganga > Berachampa > Jadurhati > Raghunathpur
Shyambazar,Bagnan,1,Private,,,22,Chiria > Sinthi > Tobin Road > Bonhooghly > Dunlop > Dakshineswar > Ballyhalt > Rajchandrapur > Kona > Salap > Nibra > Ankurhati > Jalan Gate > Alampur > Dhulagarh > Ranihati > Panchla > Khalisani > Nimdighi > Uluberia
Shyambazar,Bankura,1,NOOR TRAVEL'S,05:15,05:15,20,Dunlop > Dakshineswar > Bally > Dankuni > Chanditala > Mosat > Siakhala > Champadanga > Mayapur > Arambagh > Bengai > Khatul > Kotulpur > Joypur > Bishnupur > Ramsagar > Onda > Dhaldanga
Shyambazar,BBD Bag,1,Mini Bus,,,7,Rajballavpara > Sovabazar > Girish Park > MG Road > Central
Shyambazar,Bhangore,1,Private,,,29,RG Kar > Belgachia > Patipukur > Kalindi > Bangur Avenue > Diamond Plaza > Nager Bazar > Central Jail > Airport Gate 1 > Kaikhali > Dashadrone > Gopalpur House > Kalipark > Bablatala > Narayanpur > Beraberi > Reckjuani > Rajarhat Chowmatha > Bishnupur > Lauhati > Vedic Village > Shikharpur > Bazetaraf > Polerhat > Kashipur > Shonepur > Kanthalia
Shyambazar,Bishnupur,1,,07:30,07:30,16,Dunlop > Dakshineswar > Bally > Dankuni > Chanditala > Mosat > Siakhala > Champadanga > Mayapur > Arambagh > Bengai > Khatul > Kotulpur > Joypur
Shyambazar,Durgapur (City Center),1,SOUMEN TRAVEL'S,06:50,06:50,15,Baidyanathpur > Arkama > Khatra > Hatirampur > Bangla > Indpur > Puabagan > Dhaldanga > Bankura > Makurgram > Beliatore > Barjora > Durgapur (Station)
Shyambazar,Haroa Bridge,1,Private,,,29,RG Kar > Belgachia > Patipukur > Kalindi > Bangur Avenue > Diamond Plaza > Nager Bazar > Central Jail > Airport Gate 1 > Kaikhali > Dashadrone > Gopalpur House > Kalipark > Bablatala > Narayanpur > Beraberi > Reckjuani > Rajarhat Chowmatha > Bishnupur > Lauhati > Chandpur > Dhibdhiba > Shyamnagar > Pirnagar > Payragacha > Dhanpota > Mazompur
Shyambazar,Howrah Maidan,1,Mini Bus,,,11,Rajballavpara > Sovabazar > BK Paul > Ahiritola > Jorabagan > Malapara > Barabazar > Posta Bazar > Howrah Station
Shyambazar,Lauhati,1,Private,,,21,Khanna Cinema > Ultadanga > Sreebhumi > Laketown > Dumdum Park > Kestopur > Baguiati > Teghoria > Haldirams > Kaikhali > Dashadrone > Gopalpur House > Kalipark > Bablatala > Narayanpur > Beraberi > Reckjuani > Rajarhat Chowmatha > Bishnupur
Shyambazar,Metiabruz,1,Mini Bus,,,18,Rajballavpara > Sovabazar > Girish Park > MG Road > Central > BBD Bag > Esplanade > Babughat > Princep Ghat > Hastings > Kidderpore > Babubazar > Garden Reach > Ramnagar > Kamal Talkies > Bichali Ghat
Shyambazar,Polerhat,1,Private,,,20,Khanna Cinema > Ultadanga > Sreebhumi > Laketown > Dumdum Park > Kestopur > Baguiati > Lokenath Mandir > Chinar Park > Salua Bazar > Derozio College > Reckjuani > Rajarhat Chowmatha > Bishnupur > Lauhati > Vedic Village > Shikharpur > Bazetaraf
Shyamnagar,Gopiballabpur,1,,05:45,05:45,13,Dhadika > Garhbeta > Kiaboni > Chandrakona Road > Salboni > Godapiasal > Bhadutala > Medinipur > Kharagpur > Guptamoni > Lodhasuli
Shyampur,Newtown,1,Private,,,47,Kanthalibar > Hoglashi > Belpukur > Shasati > Deorah > Noul Bazar > Mugkalyan > Nuntia > Bantul > Antila Bridge > Khalore > Bagnan > Uluberia > Nimdighi > Khalisani > Panchla > Ranihati > Dhulagarh > Alampur > Jalan Gate > Ankurhati > Nibra > Khejurtala > Garpa > Santragachi > Baksara > Belepole > Carry Road > Vidyasagar Setu > PTS > Rabindra Sadan > Minto Park > Beck Bagan > Park Circus > 4 No Br
Shyamsundar,Esplanade,1,WBTC,,,9,Rayna > Jamalpur > Masagram > Gurap > Dankuni > Salap > Santragachi
Silda,Asansol,1,,03:40,03:40,19,Fulkusma > Motgoda > Raipur > P More > Bikrampur > Simlapal > Taldangra > Ratanpur > Dhaldanga > Bankura > Makurgram > Beliatore > Barjora > Durgapur (Station) > Durgapur (City Center) > Andal > Raniganj
Silda,Kolkata (Esplanade),1,,19:00,19:00,2,
Silda,Medinipur,1,,05:50,05:50,2,
Silda,Tarkeshwar,1,,03:40,03:40,19,Fulkusma > Motgoda > Raipur > P More > Bikrampur > Simlapal > Taldangra > Panchmura > Sabrakon > Bishnupur > Joypur > Kotulpur > Khatul > Bengai > Arambagh > Mayapur > Champadanga
Siliguri,Bagdogra,1,NBSTC,08:00,08:00,2,
Siliguri,Balurghat,1,NBSTC,06:15,06:15,2,
Siliguri,Cooch Behar (AC),1,NBSTC,07:00,07:00,2,
Siliguri,Cooch Behar (Non-AC),1,NBSTC,14:30,14:30,2,
Siliguri,Delhi,1,Shyamoli Paribahan,,,2,
Siliguri,Delo,1,NBSTC,05:30,05:30,2,
Siliguri,Dhapra,1,NBSTC,08:00,08:00,2,
Siliguri,Fazilnagar,1,Shyamoli Paribahan,,,2,
Siliguri,Garu Bathan,1,NBSTC,,,2,
Siliguri,Gopalganj Bihar,1,Shyamoli Paribahan,,,2,
Siliguri,Gorakhpur,1,Shyamoli Paribahan,,,2,
Siliguri,Hapur,1,Shyamoli Paribahan,,,2,
Siliguri,Harishchandrapur,1,NBSTC,08:30,08:30,2,
Siliguri,Jiaganj,1,NBSTC,06:30,06:30,2,
Siliguri,Jiyaganj,1,NBSTC,06:30,06:30,2,
Siliguri,Kaliaganj,1,NBSTC,15:00,15:00,2,
Siliguri,Kalyani,1,NBSTC,05:30,05:30,2,
Siliguri,Kharibari,1,NBSTC,06:00,06:00,2,
Siliguri,Kolkata (AC),1,NBSTC,18:30,18:30,2,
Siliguri,Kolkata (Rocket),1,NBSTC,05:30,05:30,2,
Siliguri,Kushinagar,1,Shyamoli Paribahan,,,2,
Siliguri,Lucknow,1,Shyamoli Paribahan,,,2,
Siliguri,Mekhliganj,1,NBSTC,15:30,15:30,2,
Siliguri,Mirik,1,NBSTC,07:00,07:00,2,
Siliguri,Mohammadpur Bihar,1,Shyamoli Paribahan,,,2,
Siliguri,Pipra Kothi,1,Shyamoli Paribahan,,,2,
Siliguri,Raghunathganj,1,NBSTC,07:30,07:30,2,
Siliguri,Ranchi,1,NBSTC,11:00,11:00,2,
Siliguri,Sagardighi,1,NBSTC,06:15,06:15,2,
Siliguri,Tamkuhi Raj,1,Shyamoli Paribahan,,,2,
Siliguri,Tarapith,1,NBSTC,05:15,05:15,2,
Siliguri-Courtmore,Airport,1,NBSTC,07:30,07:30,2,
Siliguri-Courtmore,Belgachi,1,NBSTC,05:30,05:30,2,
Siliguri-Courtmore,Bijanbari,1,NBSTC,13:00,13:00,2,
Siliguri-Courtmore,Naxalbari-1,1,NBSTC,07:00,07:00,2,
Siliguri-Courtmore,Pahargumia,1,NBSTC,07:30,07:30,2,
Siliguri-Courtmore,Panighata,1,NBSTC,05:30,05:30,2,
Siliguri-Courtmore,Panitanki-1,1,NBSTC,08:00,08:00,2,
Siliguri-Courtmore,Panitanki-10,1,NBSTC,08:30,08:30,2,
Siliguri-Courtmore,Panitanki-11,1,NBSTC,08:50,08:50,2,
Siliguri-Courtmore,Panitanki-12,1,NBSTC,09:10,09:10,2,
Siliguri-Courtmore,Panitanki-2,1,NBSTC,08:30,08:30,2,
Siliguri-Courtmore,Panitanki-3,1,NBSTC,09:00,09:00,2,
Siliguri-Courtmore,Panitanki-4,1,NBSTC,06:30,06:30,2,
Siliguri-Courtmore,Panitanki-5,1,NBSTC,06:50,06:50,2,
Siliguri-Courtmore,Panitanki-6,1,NBSTC,07:10,07:10,2,
Siliguri-Courtmore,Panitanki-7,1,NBSTC,07:30,07:30,2,
Siliguri-Courtmore,Panitanki-8,1,NBSTC,07:50,07:50,2,
Siliguri-Courtmore,Panitanki-9,1,NBSTC,07:10,07:10,2,
Siliguri-Courtmore,Sukna,1,NBSTC,08:15,08:15,2,
Siliguri-Hili,Hili,1,NBSTC,06:00,06:00,2,
Siliguri MM,City 1,1,NBSTC,06:30,06:30,2,
Siliguri MM,City 2,1,NBSTC,07:30,07:30,2,
Siliguri MM,City 3,1,NBSTC,08:30,08:30,2,
Siliguri MM,City 4,1,NBSTC,09:30,09:30,2,
Siliguri NJP,City 1,1,NBSTC,06:30,06:30,2,
Siliguri NJP,Suriyapark,1,NBSTC,08:00,08:00,2,
Simlabandh,Bankura,1,SHREEMAA BUS SERVICE,14:30,14:30,9,Mosiara > Khatra > Hatirampur > Bangla > Indpur > Puabagan > Dhaldanga
Simlabandh,Durgapur (Station),1,RAJ TRAVELS,07:10,07:10,14,Mosiara > Molian > Boga > Bangla > Indpur > Sunukpahari > Puabagan > Dhaldanga > Bankura > Makurgram > Beliatore > Barjora
Simlabandh,Tarkeshwar,1,,04:20,04:20,2,
Simlapal,Bankura,1,,09:20,09:20,7,Lakshmisagar > Harmasra > Bibarda > Ratanpur > Dhaldanga
Sindurpeti,Asansol,1,,05:40,05:40,15,Harmasra > Bibarda > Taldangra > Ratanpur > Dhaldanga > Bankura > Makurgram > Beliatore > Barjora > Durgapur (Station) > Durgapur (City Center) > Andal > Raniganj
Sinthi,Dhulagarh,1,Private,,,28,Chiria > Shyambazar > Khanna Cinema > Maniktala > Rajabazar > Sealdah > Moulali > Wellington > Chandni Chowk > Esplanade > Park Street > Maidan > Rabindra Sadan > PTS > Vidyasagar Setu > Bataitala Bridge > Narayana Hospital > Amtala Phari > Danesh Shaikh Lane > Bakultala > Hanskhali Pole > Chunavati > Mourigram > Andul Bazar > Argori > Alampur
Sinthi,Esplanade,1,Private,,,10,Chiria > Shyambazar > Rajballavpara > Sovabazar > Girish Park > MG Road > Central > Chandni Chowk
Sishu Mangal,Satyabala,1,Mini Bus,,,15,Lansdowne > Minto Park > Rabindra Sadan > Maidan > Park Street > Esplanade > BBD Bag > Barabazar > Howrah Station > Pilkhana > Golabarai PS > Bandha Ghat > Salkia Chowrasta
Sitalia,Esplanade,1,WBTC,,,16,Khulna > Bhandarkhali > Rupmari Bazar > Bailani Bazar > Par Hasnabad > Hasnabad Station > Murarisha Chowmatha > Chaital > Malancha > Minakhan > Ghushighata > Ghatakpukur > Science City > Sealdah
SM Nagar,BBD Bag,1,Private,,,16,Sarkarpool > Jhinjhira Bazar > Brace Bridge > Taratala > Majherhat > Mominpore > Alipore Court > Kalighat > Hazra > Bhowanipore > Rabindra Sadan > Maidan > Park Street > Esplanade
Sodepur Girja,Esplanade,1,Private,,,16,Kamarhati > Rathtala > Dunlop > Bonhooghly > Tobin Road > Sinthi > Chiria > Shyambazar > Rajballavpara > Sovabazar > Girish Park > MG Road > Central > Chandni Chowk
Sohai Bazar,Barasat Chapadali,1,Private,,,7,Mohanpur > Beleghata > Tona > Golabari > Kadambagachi
Solpatta,Howrah,1,,04:25,04:25,2,
Solpatta,Kolkata (Esplanade),1,,03:40,03:40,2,
Sonachura,Kolkata,1,SBSTC,06:15,06:15,2,
Sonakhali,Alipore Zoo,1,WBTC,,,45,Uttar Sonakhali > Kultali Bazar > Narayantala > Bhangankhali > Kaltala > Kanthalberia > Amjhara > Dhuri Bazar > Atharobanki > Charabidya > Gabbuni > Sarberia > Agarhati > Boyermari > Malancha > Joygram > Minakhan > Kushangra > Bamanpukur > Ghushighata > Ghoshpur > Chandipur > Bamunia > Ghatakpukur > Nalmuri > Boralighat > Paglarhat > Bhojerhat > Kantatala > Leather Complex > Bantala Bazar > Chowba
Sonamukhi,Esplanade,1,WBTC,,,10,Dhansimla > Patrasayer > Rasulpur > Khandaghosh > Bankura > Barddhaman > Dankuni Housing > Santragachi
Sonamukhi,Karunamoyee,1,,05:30,05:30,14,Dhansimla > Kankardanga > Rasulpur > Khandaghosh > Telipukur > Bardhaman > Saktigarh > Dankuni > Bally > Dakshineswar > Dunlop > Dum Dum Airport
Sonamukhi Bazar,Kankurgachi,1,WBTC,,,20,Sarsuna > Behala chowrasta > Behala Tram Depot > Taratala Xing > Mint > Mominpur > Gopalnagar > Hazra > Elgin > Park Street > Esplanade > S.C.Mallick Square > Moulali > Sealdah > Canal Bridge(East) > Rashmoni Bazar > Beliaghata /CITRd. Xing > Phool Bagan
Sonarpur,Ghatakpukur,1,WBTC,,,26,Ghasiara > Ramchandrapur > Arapanch > Natagachi > Kalikapur > Tematha > Chakberia > Makrampur > Khirishtala > Prasadpur > Sundia > Sanksaharpukur > Chandaneshwar > Jhautala > Sobedatala > Sondalia Bablatala > Badir > Situri > Kalitala > Patkelpota > Bodra > Nimtala > Saihati > Jagulgachi
Sonarpur Station,Khariberia,1,WBTC,,,27,Power House > Iimc Hospital > Mission Pally > Shimultala > Karbala > Kamalgazi > Mahamayatala > Garia Metro > Naktala > Bansdroni > Netaji Nagar > Ranikuthi > Malancha Cinema > Tollygunge Metro > Mahabirtala > New Alipore > Taratala > Behala 14 No > Behala Chowrasta > Sakher Bazar > Shilpara > Thakurpukur > Joka Bridge > Pailan > Bhasha 14no
Sonarpur Station,Unitech Gate 1,1,WBTC,,,41,Power House > Iimc Hospital > Mission Pally > Shimultala > Karbala > Kamalgazi > Mahamayatala > Garia Metro > Ramgarh > Baghajatin > Sulekha > Jadavpur 8B > Jadavpur PS > Dhakuria > Golpark > Gariahat > Ballygunge Phari > Quest Mall > Park Circus > Chittaranjan Hospital > CIT Road > Moulali > Sealdah > Rajabazar > Maniktala > Kankurgachi > Ultadanga > Saltlake PNB > Saltlake 4no Tank > Sech Bhawan
Sonathali,Bandwan,1,,05:45,05:45,9,Hura > Lalpur > Ladhurka > Purulia > Chakaltore > Bamundiha > Barabazar
Sonathali,Ladhurka,1,,,,8,Purulia Bus Stand > Chaklatore > Bamundihah > Barabazar > Katin > Bandwan
Sonathali,Purulia,1,,14:50,14:50,6,Lara More > Hura > Lalpur > Ladhurka
Sonathali,Saltora,1,,,,10,Alijhara > Kamalpur > Kharbona > Chhatna > Bankura Bus Stand > Lohagarh > Jhatipahari > Jorhira
Srinagar,Fulkusma,1,,06:45,06:45,13,Shyamnagar > Dhadika > Garhbeta > Amlagora > Radhanagar > Hoomgarh > Amlasuli > Bikrampur > P More > Raipur > Motgoda
Sukanta Park,Esplanade,1,WBTC,,,10,Dilakhash > Jagatballavpur > Bargachia > Rajapur > Domjur > Makardaha > Salap > Santragachi
Supa,Baruipur,1,Krishna,04:00,04:00,24,Neredeul > Mugbasan > Keshpur > Nadajol > Rajnagar > Bakultala > Goura > Mechogram > Siddha Bazar > Haldia More > Bagnan > Ranihati > Dhulagarh > Santragachi > Second Hooghly Bridge > PG > Minto Park > Moulali > CIT Road > Science City > Ruby > Kamalgazi
Supa,Howrah Station,1,,,,27,Jhakra > Kalikapur > Khirpai > Radhanagar > Ghatal > Daspur > Bakultala > Beltala > Sultannagar > Sonamui > Gaura > Khukurdaha > Keshapat > Mechogram > Siddha Bazar > Deulia Bazar > Kolaghat > Bagnan > Uluberia > Ranihati > Dhulagarh > Santragachi > Belepol > Tikiapara > Howrah Bypass
Suri,Barasat,1,WBTC,,,16,Dubrajpur > Joydev > Illambazar > 11 Mile > Panagarh > Barddhaman Bypass > Shaktigarh > Dankuni > Dunlop > Airport Gate 3 > Birati > Madhyamgram > Barasat Dakbunglow > Barasat Chapadali
Suri,Habra,1,WBTC,,,8,Illambazar > Barddhaman > Dankuni > Dunlop > Airport > Barasat
Suri,Hili,1,NBSTC,06:30,06:30,2,
Suri,Islampur,1,NBSTC,07:00,07:00,2,
Suri,Karunamoyee,1,WBTC,,,14,Kachujor > Dubrajpur > Joydev > Illambazar > 11 Mile > Panagarh Darjeeling > Barddhaman Bypass > Shaktigarh > Dankuni Housing > Dunlop > Airport > Ultadanga
Suri,Krishnanagar,1,Private,,,26,Purandapur > Shekampur > Panrui > Debgram > Bolpur Bus Stand > Sian Hospital > Nanur > Kirnahar > Futisanko > Kandra > Komarpur > Nirol > Pachundi > Ketugram > Katwa Station > Katwa Bus Stand > Dainhat > Chhatni > Parulia Bazar > Shrirampur > Hematpur > Nabadwip Railgate > Bhaluka Battala > Krishnanagar High Road
Suri,Patharchapri,1,NBSTC,04:00,04:00,3,Malda
Suryasen Nagar,Howrah Station,1,Private,,,15,Sarsuna > Bakultala > Behala Chowrasta > Behala 14 No > Majherhat > Mominpore > Ekbalpur > Kidderpore > Hastings > Fort William > Esplanade > BBD Bag > Barabazar
Susunia Hill,Kolkata (Esplanade),1,,04:40,04:40,14,Lakshanpur > Gangajalghati > Durlavpur > Maliara > Barjora > Durgapur (Station) > Durgapur (Muchipara) > Panagarh > Bardhaman > Saktigarh > Dankuni > Santragachi
Taki,Digha,1,WBTC,,,28,Taki Chowrangee > Basirhat Station > Basirhat Chowmatha > Kholapota > Berachampa > Deganga > Beleghata > Kadambagachi > Barasat Chapadali > Airport Gate 3 > Dunlop > Salap > Dhulagarh > Uluberia Checkpost > Bagnan > Kolaghat > Mecheda > Nandakumar > Chandipur > Bajkul > Henria > Kanthi > Chaulkhola > Ramnagar > Old Digha > New Digha
Taldangra,Bardhaman,1,,04:35,04:35,2,
Taldangra,Dharmatala,1,,,,11,Sabrakone > Bishnupur > Kotulpur > Bengai > Arambagh > Mayapur > Champadanga > Dankuni > Salap
Taldangra,Kolkata (Esplanade),1,,04:25,04:25,19,Panchmura > Sabrakon > Bishnupur > Joypur > Kotulpur > Khatul > Bengai > Arambagh > Mayapur > Champadanga > Siakhala > Mosat > Chanditala > Dankuni > Salap > Kona Express More > Santragachi
Tamluk,Alisha Bus Stand,1,,,,18,Mechogram > Khukurdah > Gaura > Sultannagar > Daspur > Ghatal > Khirpai > Srinagar > Ramjibanpur > Hajipur > Kamarpukur > Goghat > Arambagh > Bulchandrapur > Uchalan > Sehara Bazar
Tamluk,Bardhaman,1,ASHIRVAD TRAVEL'S,02:00,02:00,22,Mecheda > Mechogram > Keshapat > Khukur Daha > Goura > Sultannagar > Daspur > Ghatal > Baroda Chowkan > Radhanagar > Khirpai > Srinagar > Ramjibanpur > Kamarpukur > Goghat > Arambagh > Uchalan > Mogalmari > Sehara Bazar > Telipukur
Tangra,Howrah Station,1,Mini Bus,,,11,RN Chowdhury Road > Palmer Bazar > Sealdah > Moulali > Wellington > Chandni Chowk > Esplanade > BBD Bag > Barabazar
Tangrakhali,Baharagora,1,,05:00,05:00,2,
Tapan,Esplanade,1,WBTC,,,27,Gangarampur > Buniadpur > Gazole > Malda > Sujapur > Kaliachak > Farakka > Dhuliyan > Omarpur > Morgram > Palsanda > Berhampore > Beldanga > Rejinagar > Palashi > Debagram > Bethuadahari > Dhubulia > Krishnanagar > Shantipur > Phulia > Ranaghat > Chakdah > Barasat > Airport
Tarakeshwar,Haldia,1,,,,32,Sodepur > Mayapur > Arambagh > Kalipur > Goghat > Kamarpukur > Hajipur > Ramjibanpur > Srinagar > Jara > Khirpai > Radhanagar > Barada Chaukan > Ghatal > Daspur > Sultan Nagar > Gaura > Sonamui > Khukurdaha > Keshapat > Mechogram > Siddha Bazar > Deulia Bazar > Mecheda Station > Maniktala > Tamluk > Nandakumar Bazar > Mahishadal > Chaitanyapur > Manjushree More
Tarakeswar,Bankura,1,,,,11,Mayapur > Arambagh > Bengai > Khatul > Kotulpur > Joypur > Bishnupur > Ramsagar > Onda
Tarakeswar,Digha,1,,,,15,Mayapur > Arambagh > Kamarpukur > Ramjibanpur > Khirpai > Ghatal > Mechogram > Mecheda > Nandakumar > Chandipur > Bajkul > Henria > Contai
Tarakeswar,Krishnabati,1,Private,,,11,Choulpatty > Teghari > Manik Khola > Mohanbati > Keshabchak Gram Panchayat > Kanraria > Deulpara > Dehibatpur > Joykrishna Bazar
Tarakeswar,Mecheda Station,1,,,,24,Ramnarayanpur > Muktarpur > Chapadanga > Kable > Mayapur > Arambagh > Kalipur > Goghat > Kamarpukur > Hajipur > Tatarpur > Mangrul > Khara > Borda Chaukan > Ghatal > Daspur > Gaura > Khukurdah > Mechogram > Siddha Bazar > Deulia Bazar > Haldia More
Taranipur,Basirhat,1,WBTC,,,14,Gobindapur > Raghabkati > Sarapul > Swarupnagar > Hathatgange > Tentulia > Gokulpur > Goaldaha > Aturia > Katiahat Bazar > Biramnagar > Sangrampur
Tarapith,Esplanade,1,WBTC,,,26,Karkaria > Birchandrapur > Shibogram Dhalaichandi > Kaleshwar > Kustikuri > Belgaon > Biprasekhar > Jalibagan > Barddhaman > Koralitala > Bahadurpur > Sundarpur > Futisanko > Pirtala > Nutangram > Natunhat > Muratipur > Norja > Dewandighi > Barddhaman Station > Shaktigarh > Dankuni > Salap > Santragachi
Tarapith,Nabadwip,1,Private,,,23,Rampurhat > Mohammad Bazar > Suri > Purandapur > Ahmadpur > Chouhatta > Labhpur > Kirnahar > Futisanko > Kandra > Komarpur > Nirol > Pachundi > Ketugram > Katwa > Dainhat > Chhatni > Purbasthali > Parulia Bazar > Shrirampur > Hematpur
Tarapith,Nainan,1,WBTC,,,51,Budhigram > Parulia > Eroali > Khargram > Kuli > Bahadurpur > Sundarpur > Futisanko > Pirtala > Nutangram > Natunhat > Muratipur > Norja > Dewandighi > Barddhaman Station > Shaktigarh > Dankuni > Salap > Santragachi > Esplanade > Taratala > Behala > Behala Chowrasta > Sakher Bazar > Shilpara > Thakurpukur > Joka > Pailan > Bhasa Mandir > Khariberia > Bagirhat > Bishnupur PS > Amtala > Kriparampur 
Tarapith,Tollygunge,1,WBTC,,,20,Rampurhat > Mallarpur > Mohammad Bazar > Suri > Dubrajpur > Joydev > Ilambazar > Darjeeling > Panagarh > Barddhaman Bypass > Shaktigarh > Dankuni Housing > Salap > Santragachi > Esplanade > Exide > Hazra > Rashbehari
Taratala,Madhyamgram,1,Private,,,33,New Alipore > Chetla Park > Rashbehari > Deshapriya Park > Gariahat > Ballygunge Station > Kasba PS > Bosepukur > Acropolis Mall > Ruby > VIP Bazar > Uttar Panchannagram > Science City > Mathpukur > Chingrighata > Beleghata Building > Apollo Hospital > Bengal Chemical > Ultadanga > Sreebhumi > Laketown > Dumdum Park > Kestopur > Baguiati > Teghoria > Haldirams > Kaikhali > Airport Gate 1 > Airport
Tarkeshwar,Benachity,1,,05:45,05:45,2,
Tarkeshwar,Chandrakona Road,1,,08:05,08:05,11,Champadanga > Mayapur > Arambagh > Goghat > Kamarpukur > Ramjibanpur > Khirpai > Kalikapur > Chandrakona Town
Tarkeshwar,Durgachak,1,,06:30,06:30,20,Champadanga > Mayapur > Arambagh > Goghat > Kamarpukur > Ramjibanpur > Khirpai > Baroda Chowkan > Ghatal > Daspur > Sultannagar > Goura > Khukur Daha > Mechogram > Mecheda > Tamluk > Nandakumar > Mahishadal
Tarkeshwar,Manbazar,1,,05:40,05:40,13,Champadanga > Mayapur > Arambagh > Kotulpur > Joypur > Bishnupur > Nakaijuri > Taldangra > Bibarda > Hatirampur > Pairachali
Tarkeshwar,Mangrul,1,,08:45,08:45,9,Champadanga > Mayapur > Arambagh > Goghat > Kamarpukur > Hazipur > Tatarpur
Tarkeshwar,Mecheda,1,MANOKA TRAVELS,07:50,07:50,18,Champadanga > Mayapur > Arambagh > Goghat > Kamarpukur > Hazipur > Tatarpur > Mangrul > Kharar > Baroda Chowkan > Ghatal > Daspur > Sultannagar > Goura > Khukur Daha > Mechogram
Tarkeshwar,Ramgarh,1,,08:50,08:50,12,Champadanga > Mayapur > Arambagh > Goghat > Kamarpukur > Ramjibanpur > Khirpai > Chandrakona Town > Chandrakona Road > Goaltore
Tarkeshwar,Silda,1,,03:40,03:40,19,Champadanga > Mayapur > Arambagh > Bengai > Khatul > Kotulpur > Joypur > Bishnupur > Sabrakon > Panchmura > Taldangra > Simlapal > Bikrampur > P More > Raipur > Motgoda > Fulkusma
Tarkeshwar,Tamluk,1,,05:25,05:25,2,
Tatanagar,Baharampur,1,CARWAN BUS SERVICE,18:05,18:05,17,Ghatsila > Bandwan > Khatra > Bankura > Beliatore > Durgapur (Station) > Durgapur (City Center) > Durgapur (Muchipara) > Panagarh > Illambazar > Bolpur > Kirnahar > Futishanko > Kuli > Kandi
Tatanagar,Barabazar,1,,09:50,09:50,5,Dimna > Patamda > Katin
Tatanagar,Barddhaman Alisha Bus Stand,1,Private,,,24,Patamda > Katin > Dhabani > Banduan > Poradih > Ranibandh > Akhuta > Khatra > Hatirampur > Bangla > Poabagan > Bankura Bus Stand > Satighat > Bankura Bypass > Beliatore > Sonamukhi > Kankordanga > Rasulpur > Khandaghosh > Bankura > Telipukur > Birhata
Tatanagar,Bardhaman,1,,06:30,06:30,25,Dimna > Patamda > Katin > Bandwan > Poradih > Ranibandh > Khatra > Hatirampur > Bangla > Indpur > Sunukpahari > Puabagan > Dhaldanga > Bankura > Makurgram > Beliatore > Chhandar > Rampur > Sonamukhi > Rasulpur > Khandaghosh > Telipukur > Birhata
Tatanagar,Bishnupur,1,,05:55,05:55,16,Galudi > Ghatsila > Dhalbhumgarh > Chakulia > Silda > Fulkusma > Motgoda > Raipur > P More > Bikrampur > Simlapal > Taldangra > Chagulia > Nakaijuri
Tatanagar,Dharmatala,1,,,,21,Katin > Barabazar > Sindri > Manbazar > Puncha > Dhadki > Belut > Saldiha > Jorda > Bangla > Dhaldanga > Bankura > Beliatore > Barjora > Durgapur (Station) > Durgapur (Muchipara) > Panagarh > Bardhaman > Saktigarh
Tatanagar,Kharagpur,1,SINGH TRAVEL'S,05:05,05:05,10,Galudi > Ghatsila > Dhalbhumgarh > Baharagora > Chichra > Lodhasuli > Guptamoni > Kalaikunda
Tatanagar,Kolkata (Esplanade),1,,19:15,19:15,2,
Tatarpur,Bardhaman,1,,05:50,05:50,11,Hazipur > Kamarpukur > Jayrambati > Kotulpur > Indus > Sahaspur > Akui > Mogalmari > Sehara Bazar
Technopolis,Tollygunge Metro,1,WBTC,,,18,College More > SDF > Nicco Park > Chingrighata > Mathpukur > Science City > Uttar Panchannagram > VIP Bazar > Ruby > Kalikapur > Sapuipara > Saheed Nagar > Jadavpur PS > South City > Lake Gardens > Anwar Shah Road
Teghoria,Howrah Maidan,1,Mini Bus,,,14,Baguiati > Kestopur > Dumdum Park > Laketown > Sreebhumi > Ultadanga > Khanna Cinema > Maniktala > Vivekananda Road > Girish Park > MG Road > Barabazar
Telami,Howrah Station,1,,,,41,Kasbagola > Panchrol > Alangiri > Jerthan > Kudi > Dobadhi More > Egra Digha More > Dobadhi > Balighai > Tajpur > Bhavanichak > Satmile > Rautara > Keshurkunda > Contai (Kanthi) > Marishda > Nachinda > Kalinagar > Heria > Bajkul > Chandipur > Norghat > Nandakumar > Nimtouri > Radhamoni > Mecheda > Kolaghat > Bagnan > Uluberia (Nimdighi) > Ranihati > Dhulagarh > Alampur > Kona Expressway > Santraga
Tentulia,Bardhaman,1,,05:15,05:15,15,Harmasra > Bibarda > Taldangra > Chagulia > Nakaijuri > Bishnupur > Joyrampur > Sonamukhi > Dhansimla > Kankardanga > Rasulpur > Khandaghosh > Telipukur
Thakurpukur,Amity University,1,WBTC,,,38,Shilpara > Sakher Bazar > Behala Chowrasta > Manton > Behala 14 No > Taratala > New Alipore > Durgapur Bridge > Chetla Park > Rashbehari > Deshapriya Park > Gariahat > Ballygunge Station > Kasba PS > Bosepukur > Acropolis Mall > GST Bhawan > Ruby > VIP Bazar > Uttar Panchannagram > Science City > Mathpukur > Chingrighata > Nicco Park > Wipro > SDF > College More > Technopolis > DLF 1 > Newtown > A
Thakurpukur,Babughat,1,Private,,,17,Cancer Hospital > Kalitala Housing > Kabardanga > Keorapukur > Haridevpur > Tollygunge Metro > Rabindra Sarovar > Rashbehari > Kalighat > Hazra > Bhowanipore > Rabindra Sadan > Maidan > Park Street > Esplanade
Thakurpukur,Hatishala,1,Private,,,36,Shilpara > Sakher Bazar > Behala Chowrasta > Behala 14 No > Taratala > New Alipore > Mahabirtala > Tollygunge Phari > Anwar Shah Road > Lake Gardens > South City > Jadavpur PS > Saheed Nagar > Sapuipara > Kalikapur > EM Bypass > Ruby > VIP Bazar > Uttar Panchannagram > Science City > Mathpukur > Chingrighata > Nicco Park > Wipro > SDF > College More > DLF 1 > Newtown > Axis Mall > Narkelbagan > Un
Thakurpukur,Howrah,1,WBTC,,,11,Thakurpukur Bazar > Silpara > Chowrasta > Menton > Khiddirpor > Casurina Ave > Espl > BBd Bag > Howrah Bridge East
Thakurpukur,Karunamoyee,1,WBTC,,,25,Barisha > Shilpara > Sakher Bazar > Behala Chowrasta > Behala 14 No > Majherhat > Mominpore > Ekbalpur > Kidderpore > Hastings > Princep Ghat > Babughat > Esplanade > Chandni Chowk > Wellington > Moulali > Sealdah > Rajabazar > Maniktala > Kankurgachi > Saltlake PNB > City Center 1 > Bikash Bhawan
Thakurpukur,Nabanna,1,WBTC,,,8,D.H Road > Taratala Xing > Moninpor > Khidderpore > Hestings > Vidhya Sagar Satu
Thakurpukur,Newtown,1,WBTC,,,27,Cancer Hospital > Kalitala Housing > Kabardanga > Keorapukur > Haridevpur > Tollygunge Metro > Rabindra Sarovar > Rashbehari > Deshapriya Park > Gariahat > Ballygunge Station > Kasba PS > Bosepukur > Acropolis Mall > Ruby > VIP Bazar > Uttar Panchannagram > Science City > Mathpukur > Chingrighata > Nicco Park > Wipro > SDF > College More > DLF 1
Thakurpukur,Salt Lake,1,WBTC,,,25,Thakurpukur Bazar > Silpara > Chowrasta > Menton > Behala Tram Depot > Taratala More > Mominpore > Khiddirpor > Water Gate > Espl > Subodh Mullick Square > Moulali > Sealdha > Rajabazar > Manicktala > Kankurgachi > Hudco > PNB > C.A.Island > Labony > Seva Hospital > Baisaki > Bhavan
Thakurpukur,Sapuipara,1,WBTC,,,19,Shilpara > Sakher Bazar > Behala Chowrasta > Behala 14 No > Taratala > New Alipore > Mahabirtala > Tollygunge Phari > Rabindra Sarovar > Rashbehari > Deshapriya Park > Southern Avenue > Golpark > Dhakuria > Jadavpur 8B > Palbazar > Garfa Road
Tikiapara,BBD Bag,1,Private,,,13,Shanpur > Ichapur > Natun Rasta > Belepole > Carry Road > Vidyasagar Setu > PTS > Rabindra Sadan > Maidan > Park Street > Esplanade
Tikiapara,Sector V,1,Mini Bus,,,22,Belilious Road > Howrah Maidan > Howrah Station > Posta Bazar > Malapara > Jorabagan > Ahiritola > BK Paul > Sovabazar > Hatibagan > Khanna Cinema > Ultadanga > Saltlake PNB > Saltlake 4no Tank > Baisakhi > Purta Bhawan > Karunamoyee > Wipro > SDF > College More
Tollygunge,Eco space,1,WBTC,,,17,Deshapriya Park > Gariahat > Ruby Hospital > Science City > Mathpukur > Chingrighata > Nicco Park > Wipro More > SDF More > College More > DLF 1 > Newtown > Axis Mall > Narkelbagan > Unitech Gate 2
Tollygunge,Ghatatkpukur,1,WBTC,,,20,Rabindra Sarovar > Rashbehari > Deshapriya Park > Gariahat > Ballygunge Station > Kasba PS > Bosepukur > Ruby Hospital > VIP Bazar > Uttar Panchannagram > Science City > Chowbaga > Bantala Bazar > Leather Complex > Kantatala > Bhojerhat > Paglarhat > Borali Ghat
Tollygunge,Tarapith,1,WBTC,,,20,Rashbehari > Hazra > Exide > Esplanade > Santragachi > Salap > Dankuni Housing > Shaktigarh > Barddhaman Bypass > Panagarh > Darjeeling > Ilambazar > Joydev > Dubrajpur > Suri > Mohammad Bazar > Mallarpur > Rampurhat
Tollygunge Metro,Airport Terminal,1,Private,,,28,Rabindra Sarovar > Rashbehari > Deshapriya Park > Gariahat > Ballygunge Station > Kasba PS > Bosepukur > Acropolis Mall > Ruby > VIP Bazar > Uttar Panchannagram > Science City > Mathpukur > Chingrighata > Beleghata Building > Apollo Hospital > Bengal Chemical > Ultadanga > Sreebhumi > Laketown > Dumdum Park > Kestopur > Baguiati > Teghoria > Haldirams > Kaikhali
Tollygunge Metro,Barasat Chapadali,1,WBTC,,,33,Rabindra Sarovar > Rashbehari > Deshapriya Park > Gariahat > Ballygunge Station > Kasba PS > Bosepukur > Acropolis Mall > Ruby > VIP Bazar > Uttar Panchannagram > Science City > Mathpukur > Chingrighata > Beleghata Building > Apollo Hospital > Bengal Chemical > Ultadanga > Sreebhumi > Laketown > Dumdum Park > Kestopur > Baguiati > Teghoria > Haldirams > Kaikhali > Airport Gate 1 > Airport Gate 3 >
Tollygunge Metro,Ecospace,1,Private,,,26,Rabindra Sarovar > Rashbehari > Deshapriya Park > Gariahat > Ballygunge Station > Kasba PS > Bosepukur > Acropolis Mall > Ruby > VIP Bazar > Uttar Panchannagram > Science City > Mathpukur > Chingrighata > Nicco Park > Wipro > SDF > College More > DLF 1 > Newtown > Axis Mall > Narkelbagan > Unitech Gate 2 > DLF 2
Tollygunge Metro,Ghatakpukur,1,WBTC,,,23,Tollygunge Phari > Rabindra Sarovar > Rashbehari > Deshapriya Park > Gariahat > Ballygunge Station > Kasba PS > Bosepukur > Acropolis Mall > Ruby > VIP Bazar > Uttar Panchannagram > Science City > Chowbaga > Bantala Bazar > Leather Complex > Kantatala > Bhojerhat > Paglarhat > Boralighat > Nalmuri
Tollygunge Metro,Madhyamgram,1,WBTC,,,33,Rabindra Sarovar > Rashbehari > Deshapriya Park > Gariahat > Ballygunge Station > Kasba PS > Bosepukur > Acropolis Mall > Ruby > VIP Bazar > Uttar Panchannagram > Science City > Mathpukur > Chingrighata > Beleghata Building > Apollo Hospital > Bengal Chemical > Ultadanga > Sreebhumi > Laketown > Dumdum Park > Kestopur > Baguiati > Teghoria > Haldirams > Kaikhali > Airport Gate 1 > Airport Gate 3 >
Tollygunge Metro,Rajabazar,1,Private,,,17,Rabindra Sarovar > Rashbehari > Kalighat > Hazra > Bhowanipore > Rabindra Sadan > Maidan > Park Street > Esplanade > BBD Bag > Central > Bowbazar > Medical College > College Street > Sealdah
Tollygunge Metro,Technopolis,1,WBTC,,,18,Anwar Shah Road > Lake Gardens > South City > Jadavpur PS > Saheed Nagar > Sapuipara > Kalikapur > Ruby > VIP Bazar > Uttar Panchannagram > Science City > Mathpukur > Chingrighata > Nicco Park > SDF > College More
Trilochanpur,Bandwan,1,,05:10,05:10,19,Lowada > Debra > Madpur > Kharagpur > Guptamoni > Lodhasuli > Jhargram > Dahijuri > Binpur > Silda > Belpahari > Tamajuri > Banspahari > Poradih > Jhilimili > Kuilapal > Chhirudi
Trilochanpur,Medinipur,1,,15:10,15:10,4,Lowada > Debra
Trilochanpur,Silda,1,,06:30,06:30,19,Lowada > Debra > Madpur > Mohanpur > Kharagpur > Medinipur > Bhadutala > Patharkumkumi > Moupal > Pirakata > Goaltore > Pingboni > Sarenga > P More > Raipur > Motgoda > Fulkusma
Tufanganj,Balurghat,1,NBSTC,06:15,06:15,3,Cooch Behar
Tufanganj,Kaliyaganj,1,NBSTC,06:30,06:30,3,Alipurduar
Tufanganj,Raiganj,1,NBSTC,08:30,08:30,3,Cooch Behar
Tulshiberia,Kulgachia,1,Private,,,4,Kamina > Mahishrekha
Turka,Howrah,1,,04:45,04:45,2,
Udaynarayanpur,Haripal Station,1,Private,,,8,Sukanta Park > Rahimpur > Jangipara > Tarar > Ramhatitala > Gajar
Udaynarayanpur,Karunamoyee,1,Private,,,35,Sehagori > Garh Bhowanipore > Rajapur > Amta > Panpur > Ranihati > Dhulagarh > Alampur > Jalan Gate > Ankurhati > Nibra > Khejurtala > Garpa > Santragachi > Baksara > Belepole > Carry Road > Vidyasagar Setu > PTS > Rabindra Sadan > Minto Park > Beck Bagan > Park Circus > Topsia > Science City > EM Bypass > Mathpukur > Metropolitan > Chingrighata > Beleghata Building > Stadium Island > Sushrut Hosp
Ukhra,Esplanade,1,WBTC,,,16,Kazi Nazrul Islam Airport > Khandra > Dakshin Khanda > Andal > Bhiringi > Durgapur City Center > Dvc > Muchipara > Panagarh Bypass > Barddhaman Bypass > Shaktigarh > Dankuni > Salap > Santragachi
Ukhradihi,Durgapur (Station),1,SUJATA TRAVEL'S,06:00,06:00,18,Mukundapur > Mankanali > Mogra > Sonadaha > Bankati > Tantkanali > Junbedia > Bankura > Kanchanpur > Gobindadham > Amarkanan > Desuria > Gangajalghati > Durlavpur > Maliara > Barjora
Ultadanga,Alampur,1,Mini Bus,,,25,Khanna Cinema > Hatibagan > Sovabazar > BK Paul > Ahiritola > Jorabagan > Malapara > Posta Bazar > Barabazar > Howrah Station > Foreshore Road > Avani Mall > Kazipara > Bataitala Phari > Narayana Hospital > Amtala Phari > Danesh Shaikh Lane > Bakultala > Hanskhali Pole > Chunavati > Mourigram > Andul Bazar > Argori
Ultadanga,Balurghat,1,NBSTC,07:00,07:00,2,
Ultadanga,Eco Space,1,WBTC,,,10,Kadapara > Chingrighata > Nicco Park > SDFCollege More > Techonopolis > New Town bus Stand > Hidco Bhavan /Narkel Bagan > Tata Medical Centre
Ultadanga,Garia Bus Stand,1,Private,,,19,Bengal Chemical > Apollo Hospital > Beleghata Building > Chingrighata > Mathpukur > Science City > Uttar Panchannagram > VIP Bazar > Ruby > Kalikapur > EM Bypass > Mukundapur > Ajaynagar > Hiland Park > Peerless Hospital > Patuli > 45 Bus Stand
Ultadanga,Howrah,1,WBTC,,,8,Khanna > Hatibagan > Grey St > Nimtala Ghat St > B.K.Paul Ave > Howrah Bridge East
Ultadanga,Kandi,1,NBSTC,02:15,02:15,2,
Ultadanga,Kanmari Bazar,1,WBTC,,,26,Khanna Cinema > Maniktala > Rajabazar > Sealdah > Beleghata > Beleghata Building > Chingrighata > Mathpukur > Science City > Chowbaga > Bantala Bazar > Leather Complex > Kantatala > Bhojerhat > Paglarhat > Boralighat > Nalmuri > Ghatakpukur > Ghushighata > Bamanpukur > Kushangra > Minakhan > Malancha > Boyermari
Ultadanga,Nagar,1,NBSTC,05:00,05:00,2,
Ultadanga,Sapoorji,1,WBTC,,,7,Chingrihata > SDF > College More > New Town Bus Terminus > Narkel Bagan
Ultadanga,Shibaldaha,1,NBSTC,16:15,16:15,2,
Ultadanga,Tapan,1,NBSTC,07:45,07:45,2,
Ultadanga,Ultadanga,1,WBTC,,,15,Saltlake PNB > City Center 1 > Bikash Bhawan > Karunamoyee > Wipro > College More > Webel > SDF > Nicco Park > Chingrighata > Beleghata Building > Apollo Hospital > Bengal Chemical
Ultadanga - Salt Lake-Ultadanga,Circuitous Service,1,WBTC,,,23,HUDCO > PNB > C.A. Island > City Centre I > 4 No. Tank /Ramkrishna Mission > C.G.O. Complex > Purta Bhawan /Unnayan Bhawan > Kanunamoyee > WIPRO > Lock Gate > Technopolis > Philips/R.S. Software > College More > SDG > NICCO Park > Police Camp/G.D. Island > Falguni > Vidyasagar Island > C.A. Island > PNB > HUDCO
Uluberia,Amta,1,Private,,,8,Nimdighi > Karatberia > Bargram > Shiberhana > Panpur > Bhandergacha
Uluberia,Barasat Chapadali,1,Private,,,21,Panchla > Ranihati > Dhulagarh > Alampur > Jalan Gate > Ankurhati > Nibra > Salap > Kona > Rajchandrapur > Ballyhalt > Dakshineswar > Dunlop Bridge > Mathkal > Durganagar > Airport Gate 3 > Birati > BT College > Madhyamgram
Unitech Gate 1,Alipore Zoo,1,Private,,,26,Narkelbagan > Axis Mall > Newtown > DLF 1 > College More > Wipro > Karunamoyee > Bikash Bhawan > City Center 1 > Saltlake CA Block > Saltlake PNB > Ultadanga > Khanna Cinema > Maniktala > Rajabazar > Sealdah > Moulali > Wellington > Chandni Chowk > Esplanade > Park Street > Maidan > Rabindra Sadan > PTS
Unitech Gate 1,Amta,1,Private,,,37,Narkelbagan > Axis Mall > Newtown > DLF 1 > College More > SDF > Wipro > Sushrut Hospital > Stadium Island > Beleghata Building > Chingrighata > Metropolitan > Mathpukur > EM Bypass > Science City > Topsia > Park Circus > Beck Bagan > Minto Park > Rabindra Sadan > PTS > Vidyasagar Setu > Carry Road > Belepole > Baksara > Santragachi > Garpa > Khejurtala > Nibra > Ankurhati > Jalan Gate > Alampur >
Unitech Gate 1,Dhulagarh,1,Private,,,35,Narkelbagan > Axis Mall > Newtown > DLF 1 > College More > SDF > Wipro > Sushrut Hospital > Stadium Island > Beleghata Building > Chingrighata > Metropolitan > Mathpukur > EM Bypass > Science City > Topsia > 4 No Bridge > Park Circus > Beck Bagan > Minto Park > Rabindra Sadan > PTS > Vidyasagar Setu > Carry Road > Belepole > Baksara > Santragachi > Garpa > Khejurtala > Nibra > Ankurhati > Jalan Ga
Unitech Gate 1,Gadiara,1,Private,,,46,Narkelbagan > Axis Mall > Newtown > DLF 1 > College More > SDF > Wipro > Sushrut Hospital > Stadium Island > Beleghata Building > Chingrighata > Metropolitan > Mathpukur > EM Bypass > Science City > Topsia > 4 No Bridge > Park Circus > Beck Bagan > Minto Park > Rabindra Sadan > PTS > Vidyasagar Setu > Carry Road > Belepole > Baksara > Santragachi > Garpa > Khejurtala > Nibra > Ankurhati > Jalan Ga
Unitech Gate 1,Kadamtala,1,Private,,,28,Narkelbagan > Axis Mall > Newtown > DLF 1 > College More > SDF > Wipro > Sushrut Hospital > Stadium Island > Beleghata Building > Chingrighata > Metropolitan > Mathpukur > EM Bypass > Science City > Topsia > Park Circus > Beck Bagan > Minto Park > Rabindra Sadan > PTS > Vidyasagar Setu > Carry Road > Belepole > Natun Rasta > Ichapur
Unitech Gate 1,Parnasree,1,WBTC,,,27,Narkelbagan > Axis Mall > Newtown > DLF 1 > College More > SDF > Wipro > Nicco Park > Sukantanagar > Chingrighata > Beleghata Building > Beleghata > Sealdah > Moulali > Mallick Bazar > Beck Bagan > Minto Park > Rabindra Sadan > PTS > Hastings > Kidderpore > Ekbalpur > Mominpore > Majherhat > Taratala
Unitech Gate 1,Sonarpur Station,1,WBTC,,,41,Tata Medical > Narkelbagan > Axis Mall > Newtown > DLF 1 > College More > Wipro > Karunamoyee > Bikash Bhawan > Sech Bhawan > Saltlake 4no Tank > Saltlake PNB > Ultadanga > Kankurgachi > Maniktala > Rajabazar > Sealdah > Moulali > CIT Road > Chittaranjan Hospital > Park Circus > Quest Mall > Ballygunge Phari > Gariahat > Golpark > Dhakuria > Jadavpur PS > Jadavpur 8B > Sulekha > Baghajatin > Ramga
Unitech Gate 2,Matapara,1,Private,,,45,Narkelbagan > Axis Mall > Newtown > DLF 1 > College More > SDF > Wipro > Nicco Park > Chingrighata > Metropolitan > Mathpukur > EM Bypass > Science City > Topsia > 4 No Bridge > Park Circus > Beck Bagan > Minto Park > Rabindra Sadan > PTS > Hastings > Vidyasagar Setu > Carry Road > Belepole > Baksara > Santragachi > Garpa > Khejurtala > Nibra > Ankurhati > Jalan Gate > Alampur > Dhulagarh > Raniha
Usthi,Esplanade,1,WBTC,,,20,Adharmanik > Srichanda > Bagaria > Shirakole > Amtala > Bishnupur > Bhasha 14no > Pailan > Joka Bridge > Thakurpukur > Shilpara > Sakher Bazar > Behala Chowrasta > Behala 14 No > Majherhat > Mominpore > Alipore Zoo > PTS
Uttar Panchannagram,Howrah Station,1,Mini Bus,,,12,Science City > Topsia > 4 No Bridge > Chittaranjan Hospital > CIT Road > Moulali > Sealdah > College Street > MG Road > Barabazar
Uttar Ramnagar,Nabadwip Railgate,1,Private,,,29,Dinanathpur > Panduk > Shrikrishnapur > Kalidaha > Joykrishnapur > Bhedia > Jora Amtala > Hamirpur > Gupinpur > Guskara College > Guskara Bus Stand > Jalpara > Kolaipara > Amdobe > Kashemnagar > Atghora > Natuhat > Palishgram > Jajigram > Dakbangla > Katwa Station > Katwa Bus Stand > Dainhat > Chhatni > Parulia Bazar > Shrirampur > Hematpur
VIP Bazar,Howrah Station,1,Private,,,12,Colony Bazar > Kustia > Bondel Gate > Park Circus > Mallick Bazar > Moulali > Sealdah > College Street > MG Road > Barabazar
